ISO-10303-21;
HEADER;
FILE_DESCRIPTION(('Open CASCADE Model'),'2;1');
FILE_NAME('Open CASCADE Shape Model','2026-09-27T09:39:28',('Author'),(
    'Open CASCADE'),'Open CASCADE STEP processor 7.9','Open CASCADE 7.9'
  ,'Unknown');
FILE_SCHEMA(('AUTOMOTIVE_DESIGN { 1 0 10303 214 1 1 1 1 }'));
ENDSEC;
DATA;
#1 = APPLICATION_PROTOCOL_DEFINITION('international standard',
  'automotive_design',2000,#2);
#2 = APPLICATION_CONTEXT(
  'core data for automotive mechanical design processes');
#3 = SHAPE_DEFINITION_REPRESENTATION(#4,#10);
#4 = PRODUCT_DEFINITION_SHAPE('','',#5);
#5 = PRODUCT_DEFINITION('design','',#6,#9);
#6 = PRODUCT_DEFINITION_FORMATION('','',#7);
#7 = PRODUCT('Open CASCADE STEP translator 7.9 17',
  'Open CASCADE STEP translator 7.9 17','',(#8));
#8 = PRODUCT_CONTEXT('',#2,'mechanical');
#9 = PRODUCT_DEFINITION_CONTEXT('part definition',#2,'design');
#10 = ADVANCED_BREP_SHAPE_REPRESENTATION('',(#11,#15),#2795);
#11 = AXIS2_PLACEMENT_3D('',#12,#13,#14);
#12 = CARTESIAN_POINT('',(0.,0.,0.));
#13 = DIRECTION('',(0.,0.,1.));
#14 = DIRECTION('',(1.,0.,-0.));
#15 = MANIFOLD_SOLID_BREP('',#16);
#16 = CLOSED_SHELL('',(#17,#227,#348,#469,#590,#711,#832,#953,#1074,
    #1190,#1237,#1250,#1796,#1884,#1933,#2015,#2069,#2119,#2195,#2244,
    #2293,#2370,#2442,#2496,#2545,#2594,#2644,#2671,#2744,#2761,#2788));
#17 = ADVANCED_FACE('',(#18),#33,.F.);
#18 = FACE_BOUND('',#19,.F.);
#19 = EDGE_LOOP('',(#20,#100,#128,#201));
#20 = ORIENTED_EDGE('',*,*,#21,.T.);
#21 = EDGE_CURVE('',#22,#24,#26,.T.);
#22 = VERTEX_POINT('',#23);
#23 = CARTESIAN_POINT('',(-15.70469970542,65.318197372996,1.537463737855
    ));
#24 = VERTEX_POINT('',#25);
#25 = CARTESIAN_POINT('',(-15.60469970542,65.418197372996,1.637463737855
    ));
#26 = SURFACE_CURVE('',#27,(#32,#66),.PCURVE_S1.);
#27 = ELLIPSE('',#28,0.141421356237,0.1);
#28 = AXIS2_PLACEMENT_3D('',#29,#30,#31);
#29 = CARTESIAN_POINT('',(-15.70469970542,65.418197372996,1.537463737855
    ));
#30 = DIRECTION('',(-0.707106781187,0.,0.707106781187));
#31 = DIRECTION('',(0.707106781187,0.,0.707106781187));
#32 = PCURVE('',#33,#38);
#33 = CYLINDRICAL_SURFACE('',#34,0.1);
#34 = AXIS2_PLACEMENT_3D('',#35,#36,#37);
#35 = CARTESIAN_POINT('',(-15.70469970542,65.418197372996,1.839123913663
    ));
#36 = DIRECTION('',(2.999519565324E-32,0.,1.));
#37 = DIRECTION('',(0.707106781187,-0.707106781187,-2.120980624942E-32)
  );
#38 = DEFINITIONAL_REPRESENTATION('',(#39),#65);
#39 = B_SPLINE_CURVE_WITH_KNOTS('',3,(#40,#41,#42,#43,#44,#45,#46,#47,
    #48,#49,#50,#51,#52,#53,#54,#55,#56,#57,#58,#59,#60,#61,#62,#63,#64)
  ,.UNSPECIFIED.,.F.,.F.,(4,1,1,1,1,1,1,1,1,1,1,1,1,1,1,1,1,1,1,1,1,1,4)
  ,(4.712388980385,4.783788813421,4.855188646457,4.926588479493,
    4.997988312529,5.069388145565,5.140787978601,5.212187811638,
    5.283587644674,5.35498747771,5.426387310746,5.497787143782,
    5.569186976818,5.640586809854,5.711986642891,5.783386475927,
    5.854786308963,5.926186141999,5.997585975035,6.068985808071,
    6.140385641107,6.211785474143,6.28318530718),.QUASI_UNIFORM_KNOTS.);
#40 = CARTESIAN_POINT('',(5.497787143782,-0.301660175808));
#41 = CARTESIAN_POINT('',(5.521587088128,-0.299280162851));
#42 = CARTESIAN_POINT('',(5.569186976818,-0.294520202291));
#43 = CARTESIAN_POINT('',(5.640586809854,-0.28741659263));
#44 = CARTESIAN_POINT('',(5.71198664289,-0.280385579069));
#45 = CARTESIAN_POINT('',(5.783386475927,-0.273462972208));
#46 = CARTESIAN_POINT('',(5.854786308963,-0.266684052842));
#47 = CARTESIAN_POINT('',(5.926186141999,-0.260083363511));
#48 = CARTESIAN_POINT('',(5.997585975035,-0.253694540158));
#49 = CARTESIAN_POINT('',(6.068985808071,-0.24755013867));
#50 = CARTESIAN_POINT('',(6.140385641107,-0.241681469534));
#51 = CARTESIAN_POINT('',(6.211785474144,-0.236118438135));
#52 = CARTESIAN_POINT('',(6.283185307179,-0.230889392408));
#53 = CARTESIAN_POINT('',(6.354585140216,-0.22602097837));
#54 = CARTESIAN_POINT('',(6.425984973252,-0.221538004348));
#55 = CARTESIAN_POINT('',(6.497384806288,-0.21746331453));
#56 = CARTESIAN_POINT('',(6.568784639324,-0.213817672678));
#57 = CARTESIAN_POINT('',(6.64018447236,-0.210619655864));
#58 = CARTESIAN_POINT('',(6.711584305396,-0.2078855615));
#59 = CARTESIAN_POINT('',(6.782984138432,-0.205629317983));
#60 = CARTESIAN_POINT('',(6.854383971469,-0.203862437247));
#61 = CARTESIAN_POINT('',(6.925783804505,-0.202593868292));
#62 = CARTESIAN_POINT('',(6.997183637541,-0.201830279303));
#63 = CARTESIAN_POINT('',(7.044783526232,-0.201659960152));
#64 = CARTESIAN_POINT('',(7.068583470577,-0.201660175808));
#65 = ( GEOMETRIC_REPRESENTATION_CONTEXT(2) 
PARAMETRIC_REPRESENTATION_CONTEXT() REPRESENTATION_CONTEXT('2D SPACE',''
  ) );
#66 = PCURVE('',#67,#72);
#67 = CYLINDRICAL_SURFACE('',#68,0.1);
#68 = AXIS2_PLACEMENT_3D('',#69,#70,#71);
#69 = CARTESIAN_POINT('',(-15.40059805351,65.418197372996,1.537463737855
    ));
#70 = DIRECTION('',(-1.,0.,-4.095346639914E-16));
#71 = DIRECTION('',(-2.895847380393E-16,-0.707106781187,0.707106781187)
  );
#72 = DEFINITIONAL_REPRESENTATION('',(#73),#99);
#73 = B_SPLINE_CURVE_WITH_KNOTS('',3,(#74,#75,#76,#77,#78,#79,#80,#81,
    #82,#83,#84,#85,#86,#87,#88,#89,#90,#91,#92,#93,#94,#95,#96,#97,#98)
  ,.UNSPECIFIED.,.F.,.F.,(4,1,1,1,1,1,1,1,1,1,1,1,1,1,1,1,1,1,1,1,1,1,4)
  ,(4.712388980385,4.783788813421,4.855188646457,4.926588479493,
    4.997988312529,5.069388145565,5.140787978601,5.212187811638,
    5.283587644674,5.35498747771,5.426387310746,5.497787143782,
    5.569186976818,5.640586809854,5.711986642891,5.783386475927,
    5.854786308963,5.926186141999,5.997585975035,6.068985808071,
    6.140385641107,6.211785474143,6.28318530718),.QUASI_UNIFORM_KNOTS.);
#74 = CARTESIAN_POINT('',(5.497787143782,0.304101651907));
#75 = CARTESIAN_POINT('',(5.521587088128,0.30172163895));
#76 = CARTESIAN_POINT('',(5.569186976818,0.296961678391));
#77 = CARTESIAN_POINT('',(5.640586809854,0.28985806873));
#78 = CARTESIAN_POINT('',(5.71198664289,0.282827055168));
#79 = CARTESIAN_POINT('',(5.783386475927,0.275904448307));
#80 = CARTESIAN_POINT('',(5.854786308963,0.269125528941));
#81 = CARTESIAN_POINT('',(5.926186141999,0.26252483961));
#82 = CARTESIAN_POINT('',(5.997585975035,0.256136016257));
#83 = CARTESIAN_POINT('',(6.068985808071,0.249991614769));
#84 = CARTESIAN_POINT('',(6.140385641107,0.244122945633));
#85 = CARTESIAN_POINT('',(6.211785474144,0.238559914234));
#86 = CARTESIAN_POINT('',(6.283185307179,0.233330868507));
#87 = CARTESIAN_POINT('',(6.354585140216,0.228462454469));
#88 = CARTESIAN_POINT('',(6.425984973252,0.223979480447));
#89 = CARTESIAN_POINT('',(6.497384806288,0.21990479063));
#90 = CARTESIAN_POINT('',(6.568784639324,0.216259148777));
#91 = CARTESIAN_POINT('',(6.64018447236,0.213061131963));
#92 = CARTESIAN_POINT('',(6.711584305396,0.210327037599));
#93 = CARTESIAN_POINT('',(6.782984138433,0.208070794082));
#94 = CARTESIAN_POINT('',(6.854383971469,0.206303913346));
#95 = CARTESIAN_POINT('',(6.925783804505,0.205035344391));
#96 = CARTESIAN_POINT('',(6.997183637541,0.204271755402));
#97 = CARTESIAN_POINT('',(7.044783526232,0.204101436251));
#98 = CARTESIAN_POINT('',(7.068583470577,0.204101651907));
#99 = ( GEOMETRIC_REPRESENTATION_CONTEXT(2) 
PARAMETRIC_REPRESENTATION_CONTEXT() REPRESENTATION_CONTEXT('2D SPACE',''
  ) );
#100 = ORIENTED_EDGE('',*,*,#101,.T.);
#101 = EDGE_CURVE('',#24,#102,#104,.T.);
#102 = VERTEX_POINT('',#103);
#103 = CARTESIAN_POINT('',(-15.60469970542,65.418197372996,
    2.832776252756));
#104 = SURFACE_CURVE('',#105,(#109,#116),.PCURVE_S1.);
#105 = LINE('',#106,#107);
#106 = CARTESIAN_POINT('',(-15.60469970542,65.418197372996,
    0.213664381505));
#107 = VECTOR('',#108,1.);
#108 = DIRECTION('',(2.999519565324E-32,2.449293598295E-16,1.));
#109 = PCURVE('',#33,#110);
#110 = DEFINITIONAL_REPRESENTATION('',(#111),#115);
#111 = LINE('',#112,#113);
#112 = CARTESIAN_POINT('',(7.068583470577,-1.625459532158));
#113 = VECTOR('',#114,1.);
#114 = DIRECTION('',(0.,1.));
#115 = ( GEOMETRIC_REPRESENTATION_CONTEXT(2) 
PARAMETRIC_REPRESENTATION_CONTEXT() REPRESENTATION_CONTEXT('2D SPACE',''
  ) );
#116 = PCURVE('',#117,#122);
#117 = PLANE('',#118);
#118 = AXIS2_PLACEMENT_3D('',#119,#120,#121);
#119 = CARTESIAN_POINT('',(-15.9765252431,65.418197372996,
    -1.210134974844));
#120 = DIRECTION('',(1.224646799147E-16,1.,-2.449293598295E-16));
#121 = DIRECTION('',(-1.,1.224646799147E-16,-1.499759782662E-32));
#122 = DEFINITIONAL_REPRESENTATION('',(#123),#127);
#123 = LINE('',#124,#125);
#124 = CARTESIAN_POINT('',(-0.371825537675,1.42379935635));
#125 = VECTOR('',#126,1.);
#126 = DIRECTION('',(-1.499759782662E-32,1.));
#127 = ( GEOMETRIC_REPRESENTATION_CONTEXT(2) 
PARAMETRIC_REPRESENTATION_CONTEXT() REPRESENTATION_CONTEXT('2D SPACE',''
  ) );
#128 = ORIENTED_EDGE('',*,*,#129,.F.);
#129 = EDGE_CURVE('',#130,#102,#132,.T.);
#130 = VERTEX_POINT('',#131);
#131 = CARTESIAN_POINT('',(-15.70469970542,65.318197372996,
    2.732776252756));
#132 = SURFACE_CURVE('',#133,(#138,#167),.PCURVE_S1.);
#133 = ELLIPSE('',#134,0.141421356237,0.1);
#134 = AXIS2_PLACEMENT_3D('',#135,#136,#137);
#135 = CARTESIAN_POINT('',(-15.70469970542,65.418197372996,
    2.732776252756));
#136 = DIRECTION('',(-0.707106781187,0.,0.707106781187));
#137 = DIRECTION('',(-0.707106781187,0.,-0.707106781187));
#138 = PCURVE('',#33,#139);
#139 = DEFINITIONAL_REPRESENTATION('',(#140),#166);
#140 = B_SPLINE_CURVE_WITH_KNOTS('',3,(#141,#142,#143,#144,#145,#146,
    #147,#148,#149,#150,#151,#152,#153,#154,#155,#156,#157,#158,#159,
    #160,#161,#162,#163,#164,#165),.UNSPECIFIED.,.F.,.F.,(4,1,1,1,1,1,1,
    1,1,1,1,1,1,1,1,1,1,1,1,1,1,1,4),(1.570796326795,1.642196159831,
    1.713595992867,1.784995825903,1.856395658939,1.927795491976,
    1.999195325012,2.070595158048,2.141994991084,2.21339482412,
    2.284794657156,2.356194490192,2.427594323228,2.498994156265,
    2.570393989301,2.641793822337,2.713193655373,2.784593488409,
    2.855993321445,2.927393154481,2.998792987518,3.070192820554,
    3.14159265359),.QUASI_UNIFORM_KNOTS.);
#141 = CARTESIAN_POINT('',(5.497787143782,0.893652339093));
#142 = CARTESIAN_POINT('',(5.521587088128,0.89603235205));
#143 = CARTESIAN_POINT('',(5.569186976818,0.90079231261));
#144 = CARTESIAN_POINT('',(5.640586809854,0.907895922271));
#145 = CARTESIAN_POINT('',(5.711986642891,0.914926935832));
#146 = CARTESIAN_POINT('',(5.783386475927,0.921849542694));
#147 = CARTESIAN_POINT('',(5.854786308963,0.928628462059));
#148 = CARTESIAN_POINT('',(5.926186141999,0.93522915139));
#149 = CARTESIAN_POINT('',(5.997585975035,0.941617974743));
#150 = CARTESIAN_POINT('',(6.068985808071,0.947762376231));
#151 = CARTESIAN_POINT('',(6.140385641107,0.953631045367));
#152 = CARTESIAN_POINT('',(6.211785474143,0.959194076767));
#153 = CARTESIAN_POINT('',(6.283185307179,0.964423122494));
#154 = CARTESIAN_POINT('',(6.354585140216,0.969291536532));
#155 = CARTESIAN_POINT('',(6.425984973252,0.973774510553));
#156 = CARTESIAN_POINT('',(6.497384806288,0.977849200371));
#157 = CARTESIAN_POINT('',(6.568784639324,0.981494842223));
#158 = CARTESIAN_POINT('',(6.64018447236,0.984692859037));
#159 = CARTESIAN_POINT('',(6.711584305396,0.987426953401));
#160 = CARTESIAN_POINT('',(6.782984138433,0.989683196919));
#161 = CARTESIAN_POINT('',(6.854383971469,0.991450077654));
#162 = CARTESIAN_POINT('',(6.925783804505,0.992718646609));
#163 = CARTESIAN_POINT('',(6.997183637541,0.993482235598));
#164 = CARTESIAN_POINT('',(7.044783526232,0.993652554749));
#165 = CARTESIAN_POINT('',(7.068583470577,0.993652339093));
#166 = ( GEOMETRIC_REPRESENTATION_CONTEXT(2) 
PARAMETRIC_REPRESENTATION_CONTEXT() REPRESENTATION_CONTEXT('2D SPACE',''
  ) );
#167 = PCURVE('',#168,#173);
#168 = CYLINDRICAL_SURFACE('',#169,0.1);
#169 = AXIS2_PLACEMENT_3D('',#170,#171,#172);
#170 = CARTESIAN_POINT('',(-15.73946528572,65.418197372996,
    2.732776252756));
#171 = DIRECTION('',(-1.,0.,0.));
#172 = DIRECTION('',(0.,-0.707106781187,0.707106781187));
#173 = DEFINITIONAL_REPRESENTATION('',(#174),#200);
#174 = B_SPLINE_CURVE_WITH_KNOTS('',3,(#175,#176,#177,#178,#179,#180,
    #181,#182,#183,#184,#185,#186,#187,#188,#189,#190,#191,#192,#193,
    #194,#195,#196,#197,#198,#199),.UNSPECIFIED.,.F.,.F.,(4,1,1,1,1,1,1,
    1,1,1,1,1,1,1,1,1,1,1,1,1,1,1,4),(1.570796326795,1.642196159831,
    1.713595992867,1.784995825903,1.856395658939,1.927795491976,
    1.999195325012,2.070595158048,2.141994991084,2.21339482412,
    2.284794657156,2.356194490192,2.427594323228,2.498994156265,
    2.570393989301,2.641793822337,2.713193655373,2.784593488409,
    2.855993321445,2.927393154481,2.998792987518,3.070192820554,
    3.14159265359),.QUASI_UNIFORM_KNOTS.);
#175 = CARTESIAN_POINT('',(5.497787143782,-3.47655802966E-02));
#176 = CARTESIAN_POINT('',(5.521587088128,-3.714559325345E-02));
#177 = CARTESIAN_POINT('',(5.569186976818,-4.190555381288E-02));
#178 = CARTESIAN_POINT('',(5.640586809854,-4.900916347387E-02));
#179 = CARTESIAN_POINT('',(5.71198664289,-5.604017703519E-02));
#180 = CARTESIAN_POINT('',(5.783386475927,-6.296278389674E-02));
#181 = CARTESIAN_POINT('',(5.854786308963,-6.974170326231E-02));
#182 = CARTESIAN_POINT('',(5.926186141999,-7.634239259307E-02));
#183 = CARTESIAN_POINT('',(5.997585975035,-8.273121594613E-02));
#184 = CARTESIAN_POINT('',(6.068985808071,-8.887561743405E-02));
#185 = CARTESIAN_POINT('',(6.140385641107,-9.474428657063E-02));
#186 = CARTESIAN_POINT('',(6.211785474144,-0.10030731797));
#187 = CARTESIAN_POINT('',(6.283185307179,-0.105536363697));
#188 = CARTESIAN_POINT('',(6.354585140216,-0.110404777735));
#189 = CARTESIAN_POINT('',(6.425984973252,-0.114887751756));
#190 = CARTESIAN_POINT('',(6.497384806288,-0.118962441574));
#191 = CARTESIAN_POINT('',(6.568784639324,-0.122608083426));
#192 = CARTESIAN_POINT('',(6.64018447236,-0.12580610024));
#193 = CARTESIAN_POINT('',(6.711584305396,-0.128540194604));
#194 = CARTESIAN_POINT('',(6.782984138433,-0.130796438122));
#195 = CARTESIAN_POINT('',(6.854383971469,-0.132563318857));
#196 = CARTESIAN_POINT('',(6.925783804505,-0.133831887812));
#197 = CARTESIAN_POINT('',(6.997183637541,-0.134595476801));
#198 = CARTESIAN_POINT('',(7.044783526232,-0.134765795952));
#199 = CARTESIAN_POINT('',(7.068583470577,-0.134765580297));
#200 = ( GEOMETRIC_REPRESENTATION_CONTEXT(2) 
PARAMETRIC_REPRESENTATION_CONTEXT() REPRESENTATION_CONTEXT('2D SPACE',''
  ) );
#201 = ORIENTED_EDGE('',*,*,#202,.F.);
#202 = EDGE_CURVE('',#22,#130,#203,.T.);
#203 = SURFACE_CURVE('',#204,(#208,#215),.PCURVE_S1.);
#204 = LINE('',#205,#206);
#205 = CARTESIAN_POINT('',(-15.70469970542,65.318197372996,
    1.839123913663));
#206 = VECTOR('',#207,1.);
#207 = DIRECTION('',(2.999519565324E-32,0.,1.));
#208 = PCURVE('',#33,#209);
#209 = DEFINITIONAL_REPRESENTATION('',(#210),#214);
#210 = LINE('',#211,#212);
#211 = CARTESIAN_POINT('',(5.497787143782,0.));
#212 = VECTOR('',#213,1.);
#213 = DIRECTION('',(0.,1.));
#214 = ( GEOMETRIC_REPRESENTATION_CONTEXT(2) 
PARAMETRIC_REPRESENTATION_CONTEXT() REPRESENTATION_CONTEXT('2D SPACE',''
  ) );
#215 = PCURVE('',#216,#221);
#216 = PLANE('',#217);
#217 = AXIS2_PLACEMENT_3D('',#218,#219,#220);
#218 = CARTESIAN_POINT('',(-15.87423086601,65.318197372996,
    2.040784089471));
#219 = DIRECTION('',(0.,-1.,0.));
#220 = DIRECTION('',(0.,0.,-1.));
#221 = DEFINITIONAL_REPRESENTATION('',(#222),#226);
#222 = LINE('',#223,#224);
#223 = CARTESIAN_POINT('',(0.201660175808,0.169531160593));
#224 = VECTOR('',#225,1.);
#225 = DIRECTION('',(-1.,2.999519565324E-32));
#226 = ( GEOMETRIC_REPRESENTATION_CONTEXT(2) 
PARAMETRIC_REPRESENTATION_CONTEXT() REPRESENTATION_CONTEXT('2D SPACE',''
  ) );
#227 = ADVANCED_FACE('',(#228),#168,.F.);
#228 = FACE_BOUND('',#229,.F.);
#229 = EDGE_LOOP('',(#230,#231,#254,#327));
#230 = ORIENTED_EDGE('',*,*,#129,.T.);
#231 = ORIENTED_EDGE('',*,*,#232,.T.);
#232 = EDGE_CURVE('',#102,#233,#235,.T.);
#233 = VERTEX_POINT('',#234);
#234 = CARTESIAN_POINT('',(-16.08907461601,65.418197372996,
    2.832776252756));
#235 = SURFACE_CURVE('',#236,(#240,#247),.PCURVE_S1.);
#236 = LINE('',#237,#238);
#237 = CARTESIAN_POINT('',(-15.79061247426,65.418197372996,
    2.832776252756));
#238 = VECTOR('',#239,1.);
#239 = DIRECTION('',(-1.,1.224646799147E-16,0.));
#240 = PCURVE('',#168,#241);
#241 = DEFINITIONAL_REPRESENTATION('',(#242),#246);
#242 = LINE('',#243,#244);
#243 = CARTESIAN_POINT('',(7.068583470577,5.1147188541E-02));
#244 = VECTOR('',#245,1.);
#245 = DIRECTION('',(0.,1.));
#246 = ( GEOMETRIC_REPRESENTATION_CONTEXT(2) 
PARAMETRIC_REPRESENTATION_CONTEXT() REPRESENTATION_CONTEXT('2D SPACE',''
  ) );
#247 = PCURVE('',#117,#248);
#248 = DEFINITIONAL_REPRESENTATION('',(#249),#253);
#249 = LINE('',#250,#251);
#250 = CARTESIAN_POINT('',(-0.185912768838,4.042911227601));
#251 = VECTOR('',#252,1.);
#252 = DIRECTION('',(1.,1.499759782662E-32));
#253 = ( GEOMETRIC_REPRESENTATION_CONTEXT(2) 
PARAMETRIC_REPRESENTATION_CONTEXT() REPRESENTATION_CONTEXT('2D SPACE',''
  ) );
#254 = ORIENTED_EDGE('',*,*,#255,.F.);
#255 = EDGE_CURVE('',#256,#233,#258,.T.);
#256 = VERTEX_POINT('',#257);
#257 = CARTESIAN_POINT('',(-15.98907461601,65.318197372996,
    2.732776252756));
#258 = SURFACE_CURVE('',#259,(#264,#293),.PCURVE_S1.);
#259 = ELLIPSE('',#260,0.141421356237,0.1);
#260 = AXIS2_PLACEMENT_3D('',#261,#262,#263);
#261 = CARTESIAN_POINT('',(-15.98907461601,65.418197372996,
    2.732776252756));
#262 = DIRECTION('',(-0.707106781187,-0.,-0.707106781187));
#263 = DIRECTION('',(0.707106781187,0.,-0.707106781187));
#264 = PCURVE('',#168,#265);
#265 = DEFINITIONAL_REPRESENTATION('',(#266),#292);
#266 = B_SPLINE_CURVE_WITH_KNOTS('',3,(#267,#268,#269,#270,#271,#272,
    #273,#274,#275,#276,#277,#278,#279,#280,#281,#282,#283,#284,#285,
    #286,#287,#288,#289,#290,#291),.UNSPECIFIED.,.F.,.F.,(4,1,1,1,1,1,1,
    1,1,1,1,1,1,1,1,1,1,1,1,1,1,1,4),(1.570796326795,1.642196159831,
    1.713595992867,1.784995825903,1.856395658939,1.927795491976,
    1.999195325012,2.070595158048,2.141994991084,2.21339482412,
    2.284794657156,2.356194490192,2.427594323228,2.498994156265,
    2.570393989301,2.641793822337,2.713193655373,2.784593488409,
    2.855993321445,2.927393154481,2.998792987518,3.070192820554,
    3.14159265359),.QUASI_UNIFORM_KNOTS.);
#267 = CARTESIAN_POINT('',(5.497787143782,0.249609330297));
#268 = CARTESIAN_POINT('',(5.521587088128,0.251989343253));
#269 = CARTESIAN_POINT('',(5.569186976818,0.256749303813));
#270 = CARTESIAN_POINT('',(5.640586809854,0.263852913474));
#271 = CARTESIAN_POINT('',(5.71198664289,0.270883927035));
#272 = CARTESIAN_POINT('',(5.783386475927,0.277806533897));
#273 = CARTESIAN_POINT('',(5.854786308963,0.284585453262));
#274 = CARTESIAN_POINT('',(5.926186141999,0.291186142593));
#275 = CARTESIAN_POINT('',(5.997585975035,0.297574965946));
#276 = CARTESIAN_POINT('',(6.068985808071,0.303719367434));
#277 = CARTESIAN_POINT('',(6.140385641107,0.309588036571));
#278 = CARTESIAN_POINT('',(6.211785474144,0.31515106797));
#279 = CARTESIAN_POINT('',(6.283185307179,0.320380113697));
#280 = CARTESIAN_POINT('',(6.354585140216,0.325248527735));
#281 = CARTESIAN_POINT('',(6.425984973252,0.329731501756));
#282 = CARTESIAN_POINT('',(6.497384806288,0.333806191574));
#283 = CARTESIAN_POINT('',(6.568784639324,0.337451833426));
#284 = CARTESIAN_POINT('',(6.64018447236,0.34064985024));
#285 = CARTESIAN_POINT('',(6.711584305396,0.343383944604));
#286 = CARTESIAN_POINT('',(6.782984138433,0.345640188122));
#287 = CARTESIAN_POINT('',(6.854383971469,0.347407068857));
#288 = CARTESIAN_POINT('',(6.925783804505,0.348675637812));
#289 = CARTESIAN_POINT('',(6.997183637541,0.349439226801));
#290 = CARTESIAN_POINT('',(7.044783526232,0.349609545952));
#291 = CARTESIAN_POINT('',(7.068583470577,0.349609330297));
#292 = ( GEOMETRIC_REPRESENTATION_CONTEXT(2) 
PARAMETRIC_REPRESENTATION_CONTEXT() REPRESENTATION_CONTEXT('2D SPACE',''
  ) );
#293 = PCURVE('',#294,#299);
#294 = CYLINDRICAL_SURFACE('',#295,0.1);
#295 = AXIS2_PLACEMENT_3D('',#296,#297,#298);
#296 = CARTESIAN_POINT('',(-15.98907461601,65.418197372996,
    2.436780171114));
#297 = DIRECTION('',(-2.999519565324E-32,0.,-1.));
#298 = DIRECTION('',(-0.707106781187,-0.707106781187,2.120980624942E-32)
  );
#299 = DEFINITIONAL_REPRESENTATION('',(#300),#326);
#300 = B_SPLINE_CURVE_WITH_KNOTS('',3,(#301,#302,#303,#304,#305,#306,
    #307,#308,#309,#310,#311,#312,#313,#314,#315,#316,#317,#318,#319,
    #320,#321,#322,#323,#324,#325),.UNSPECIFIED.,.F.,.F.,(4,1,1,1,1,1,1,
    1,1,1,1,1,1,1,1,1,1,1,1,1,1,1,4),(1.570796326795,1.642196159831,
    1.713595992867,1.784995825903,1.856395658939,1.927795491976,
    1.999195325012,2.070595158048,2.141994991084,2.21339482412,
    2.284794657156,2.356194490192,2.427594323228,2.498994156265,
    2.570393989301,2.641793822337,2.713193655373,2.784593488409,
    2.855993321445,2.927393154481,2.998792987518,3.070192820554,
    3.14159265359),.QUASI_UNIFORM_KNOTS.);
#301 = CARTESIAN_POINT('',(5.497787143782,-0.295996081643));
#302 = CARTESIAN_POINT('',(5.521587088128,-0.2983760946));
#303 = CARTESIAN_POINT('',(5.569186976818,-0.303136055159));
#304 = CARTESIAN_POINT('',(5.640586809854,-0.31023966482));
#305 = CARTESIAN_POINT('',(5.711986642891,-0.317270678381));
#306 = CARTESIAN_POINT('',(5.783386475927,-0.324193285243));
#307 = CARTESIAN_POINT('',(5.854786308963,-0.330972204609));
#308 = CARTESIAN_POINT('',(5.926186141999,-0.337572893939));
#309 = CARTESIAN_POINT('',(5.997585975035,-0.343961717292));
#310 = CARTESIAN_POINT('',(6.068985808071,-0.35010611878));
#311 = CARTESIAN_POINT('',(6.140385641107,-0.355974787917));
#312 = CARTESIAN_POINT('',(6.211785474144,-0.361537819316));
#313 = CARTESIAN_POINT('',(6.283185307179,-0.366766865043));
#314 = CARTESIAN_POINT('',(6.354585140216,-0.371635279081));
#315 = CARTESIAN_POINT('',(6.425984973252,-0.376118253103));
#316 = CARTESIAN_POINT('',(6.497384806288,-0.38019294292));
#317 = CARTESIAN_POINT('',(6.568784639324,-0.383838584773));
#318 = CARTESIAN_POINT('',(6.64018447236,-0.387036601587));
#319 = CARTESIAN_POINT('',(6.711584305396,-0.389770695951));
#320 = CARTESIAN_POINT('',(6.782984138433,-0.392026939468));
#321 = CARTESIAN_POINT('',(6.854383971469,-0.393793820203));
#322 = CARTESIAN_POINT('',(6.925783804505,-0.395062389159));
#323 = CARTESIAN_POINT('',(6.997183637541,-0.395825978148));
#324 = CARTESIAN_POINT('',(7.044783526232,-0.395996297298));
#325 = CARTESIAN_POINT('',(7.068583470577,-0.395996081643));
#326 = ( GEOMETRIC_REPRESENTATION_CONTEXT(2) 
PARAMETRIC_REPRESENTATION_CONTEXT() REPRESENTATION_CONTEXT('2D SPACE',''
  ) );
#327 = ORIENTED_EDGE('',*,*,#328,.F.);
#328 = EDGE_CURVE('',#130,#256,#329,.T.);
#329 = SURFACE_CURVE('',#330,(#334,#341),.PCURVE_S1.);
#330 = LINE('',#331,#332);
#331 = CARTESIAN_POINT('',(-15.73946528572,65.318197372996,
    2.732776252756));
#332 = VECTOR('',#333,1.);
#333 = DIRECTION('',(-1.,0.,0.));
#334 = PCURVE('',#168,#335);
#335 = DEFINITIONAL_REPRESENTATION('',(#336),#340);
#336 = LINE('',#337,#338);
#337 = CARTESIAN_POINT('',(5.497787143782,0.));
#338 = VECTOR('',#339,1.);
#339 = DIRECTION('',(0.,1.));
#340 = ( GEOMETRIC_REPRESENTATION_CONTEXT(2) 
PARAMETRIC_REPRESENTATION_CONTEXT() REPRESENTATION_CONTEXT('2D SPACE',''
  ) );
#341 = PCURVE('',#216,#342);
#342 = DEFINITIONAL_REPRESENTATION('',(#343),#347);
#343 = LINE('',#344,#345);
#344 = CARTESIAN_POINT('',(-0.691992163286,0.134765580297));
#345 = VECTOR('',#346,1.);
#346 = DIRECTION('',(0.,-1.));
#347 = ( GEOMETRIC_REPRESENTATION_CONTEXT(2) 
PARAMETRIC_REPRESENTATION_CONTEXT() REPRESENTATION_CONTEXT('2D SPACE',''
  ) );
#348 = ADVANCED_FACE('',(#349),#294,.F.);
#349 = FACE_BOUND('',#350,.F.);
#350 = EDGE_LOOP('',(#351,#352,#375,#448));
#351 = ORIENTED_EDGE('',*,*,#255,.T.);
#352 = ORIENTED_EDGE('',*,*,#353,.T.);
#353 = EDGE_CURVE('',#233,#354,#356,.T.);
#354 = VERTEX_POINT('',#355);
#355 = CARTESIAN_POINT('',(-16.08907461601,65.418197372996,
    1.637463737855));
#356 = SURFACE_CURVE('',#357,(#361,#368),.PCURVE_S1.);
#357 = LINE('',#358,#359);
#358 = CARTESIAN_POINT('',(-16.08907461601,65.418197372996,
    0.811320638956));
#359 = VECTOR('',#360,1.);
#360 = DIRECTION('',(-2.999519565324E-32,-2.449293598295E-16,-1.));
#361 = PCURVE('',#294,#362);
#362 = DEFINITIONAL_REPRESENTATION('',(#363),#367);
#363 = LINE('',#364,#365);
#364 = CARTESIAN_POINT('',(7.068583470577,1.625459532158));
#365 = VECTOR('',#366,1.);
#366 = DIRECTION('',(0.,1.));
#367 = ( GEOMETRIC_REPRESENTATION_CONTEXT(2) 
PARAMETRIC_REPRESENTATION_CONTEXT() REPRESENTATION_CONTEXT('2D SPACE',''
  ) );
#368 = PCURVE('',#117,#369);
#369 = DEFINITIONAL_REPRESENTATION('',(#370),#374);
#370 = LINE('',#371,#372);
#371 = CARTESIAN_POINT('',(0.112549372918,2.0214556138));
#372 = VECTOR('',#373,1.);
#373 = DIRECTION('',(1.499759782662E-32,-1.));
#374 = ( GEOMETRIC_REPRESENTATION_CONTEXT(2) 
PARAMETRIC_REPRESENTATION_CONTEXT() REPRESENTATION_CONTEXT('2D SPACE',''
  ) );
#375 = ORIENTED_EDGE('',*,*,#376,.F.);
#376 = EDGE_CURVE('',#377,#354,#379,.T.);
#377 = VERTEX_POINT('',#378);
#378 = CARTESIAN_POINT('',(-15.98907461601,65.318197372996,
    1.537463737855));
#379 = SURFACE_CURVE('',#380,(#385,#414),.PCURVE_S1.);
#380 = ELLIPSE('',#381,0.141421356237,0.1);
#381 = AXIS2_PLACEMENT_3D('',#382,#383,#384);
#382 = CARTESIAN_POINT('',(-15.98907461601,65.418197372996,
    1.537463737855));
#383 = DIRECTION('',(-0.707106781187,0.,-0.707106781187));
#384 = DIRECTION('',(-0.707106781187,0.,0.707106781187));
#385 = PCURVE('',#294,#386);
#386 = DEFINITIONAL_REPRESENTATION('',(#387),#413);
#387 = B_SPLINE_CURVE_WITH_KNOTS('',3,(#388,#389,#390,#391,#392,#393,
    #394,#395,#396,#397,#398,#399,#400,#401,#402,#403,#404,#405,#406,
    #407,#408,#409,#410,#411,#412),.UNSPECIFIED.,.F.,.F.,(4,1,1,1,1,1,1,
    1,1,1,1,1,1,1,1,1,1,1,1,1,1,1,4),(4.712388980385,4.783788813421,
    4.855188646457,4.926588479493,4.997988312529,5.069388145565,
    5.140787978601,5.212187811638,5.283587644674,5.35498747771,
    5.426387310746,5.497787143782,5.569186976818,5.640586809854,
    5.711986642891,5.783386475927,5.854786308963,5.926186141999,
    5.997585975035,6.068985808071,6.140385641107,6.211785474143,
    6.28318530718),.QUASI_UNIFORM_KNOTS.);
#388 = CARTESIAN_POINT('',(5.497787143782,0.899316433258));
#389 = CARTESIAN_POINT('',(5.521587088128,0.896936420302));
#390 = CARTESIAN_POINT('',(5.569186976818,0.892176459742));
#391 = CARTESIAN_POINT('',(5.640586809854,0.885072850081));
#392 = CARTESIAN_POINT('',(5.711986642891,0.87804183652));
#393 = CARTESIAN_POINT('',(5.783386475927,0.871119229658));
#394 = CARTESIAN_POINT('',(5.854786308963,0.864340310293));
#395 = CARTESIAN_POINT('',(5.926186141999,0.857739620962));
#396 = CARTESIAN_POINT('',(5.997585975035,0.851350797609));
#397 = CARTESIAN_POINT('',(6.068985808071,0.845206396121));
#398 = CARTESIAN_POINT('',(6.140385641107,0.839337726984));
#399 = CARTESIAN_POINT('',(6.211785474143,0.833774695585));
#400 = CARTESIAN_POINT('',(6.28318530718,0.828545649858));
#401 = CARTESIAN_POINT('',(6.354585140216,0.82367723582));
#402 = CARTESIAN_POINT('',(6.425984973252,0.819194261799));
#403 = CARTESIAN_POINT('',(6.497384806288,0.815119571981));
#404 = CARTESIAN_POINT('',(6.568784639324,0.811473930129));
#405 = CARTESIAN_POINT('',(6.64018447236,0.808275913315));
#406 = CARTESIAN_POINT('',(6.711584305396,0.805541818951));
#407 = CARTESIAN_POINT('',(6.782984138433,0.803285575433));
#408 = CARTESIAN_POINT('',(6.854383971469,0.801518694698));
#409 = CARTESIAN_POINT('',(6.925783804505,0.800250125743));
#410 = CARTESIAN_POINT('',(6.997183637541,0.799486536753));
#411 = CARTESIAN_POINT('',(7.044783526232,0.799316217603));
#412 = CARTESIAN_POINT('',(7.068583470577,0.799316433258));
#413 = ( GEOMETRIC_REPRESENTATION_CONTEXT(2) 
PARAMETRIC_REPRESENTATION_CONTEXT() REPRESENTATION_CONTEXT('2D SPACE',''
  ) );
#414 = PCURVE('',#415,#420);
#415 = CYLINDRICAL_SURFACE('',#416,0.1);
#416 = AXIS2_PLACEMENT_3D('',#417,#418,#419);
#417 = CARTESIAN_POINT('',(-15.98165274101,65.418197372996,
    1.537463737855));
#418 = DIRECTION('',(-1.,0.,-2.28103595812E-16));
#419 = DIRECTION('',(-1.612935994117E-16,-0.707106781187,0.707106781187)
  );
#420 = DEFINITIONAL_REPRESENTATION('',(#421),#447);
#421 = B_SPLINE_CURVE_WITH_KNOTS('',3,(#422,#423,#424,#425,#426,#427,
    #428,#429,#430,#431,#432,#433,#434,#435,#436,#437,#438,#439,#440,
    #441,#442,#443,#444,#445,#446),.UNSPECIFIED.,.F.,.F.,(4,1,1,1,1,1,1,
    1,1,1,1,1,1,1,1,1,1,1,1,1,1,1,4),(4.712388980385,4.783788813421,
    4.855188646457,4.926588479493,4.997988312529,5.069388145565,
    5.140787978601,5.212187811638,5.283587644674,5.35498747771,
    5.426387310746,5.497787143782,5.569186976818,5.640586809854,
    5.711986642891,5.783386475927,5.854786308963,5.926186141999,
    5.997585975035,6.068985808071,6.140385641107,6.211785474143,
    6.28318530718),.QUASI_UNIFORM_KNOTS.);
#422 = CARTESIAN_POINT('',(5.497787143782,7.421875E-03));
#423 = CARTESIAN_POINT('',(5.521587088128,9.801887956847E-03));
#424 = CARTESIAN_POINT('',(5.569186976818,1.456184851628E-02));
#425 = CARTESIAN_POINT('',(5.640586809854,2.166545817728E-02));
#426 = CARTESIAN_POINT('',(5.71198664289,2.869647173859E-02));
#427 = CARTESIAN_POINT('',(5.783386475927,3.561907860014E-02));
#428 = CARTESIAN_POINT('',(5.854786308963,4.239799796571E-02));
#429 = CARTESIAN_POINT('',(5.926186141999,4.899868729647E-02));
#430 = CARTESIAN_POINT('',(5.997585975035,5.538751064953E-02));
#431 = CARTESIAN_POINT('',(6.068985808071,6.153191213745E-02));
#432 = CARTESIAN_POINT('',(6.140385641107,6.740058127402E-02));
#433 = CARTESIAN_POINT('',(6.211785474144,7.296361267326E-02));
#434 = CARTESIAN_POINT('',(6.283185307179,7.819265840013E-02));
#435 = CARTESIAN_POINT('',(6.354585140216,8.306107243816E-02));
#436 = CARTESIAN_POINT('',(6.425984973252,8.75440464598E-02));
#437 = CARTESIAN_POINT('',(6.497384806288,9.161873627727E-02));
#438 = CARTESIAN_POINT('',(6.568784639324,9.526437812982E-02));
#439 = CARTESIAN_POINT('',(6.64018447236,9.846239494379E-02));
#440 = CARTESIAN_POINT('',(6.711584305396,0.101196489308));
#441 = CARTESIAN_POINT('',(6.782984138433,0.103452732825));
#442 = CARTESIAN_POINT('',(6.854383971469,0.10521961356));
#443 = CARTESIAN_POINT('',(6.925783804505,0.106488182516));
#444 = CARTESIAN_POINT('',(6.997183637541,0.107251771505));
#445 = CARTESIAN_POINT('',(7.044783526232,0.107422090656));
#446 = CARTESIAN_POINT('',(7.068583470577,0.107421875));
#447 = ( GEOMETRIC_REPRESENTATION_CONTEXT(2) 
PARAMETRIC_REPRESENTATION_CONTEXT() REPRESENTATION_CONTEXT('2D SPACE',''
  ) );
#448 = ORIENTED_EDGE('',*,*,#449,.F.);
#449 = EDGE_CURVE('',#256,#377,#450,.T.);
#450 = SURFACE_CURVE('',#451,(#455,#462),.PCURVE_S1.);
#451 = LINE('',#452,#453);
#452 = CARTESIAN_POINT('',(-15.98907461601,65.318197372996,
    2.436780171114));
#453 = VECTOR('',#454,1.);
#454 = DIRECTION('',(-2.999519565324E-32,0.,-1.));
#455 = PCURVE('',#294,#456);
#456 = DEFINITIONAL_REPRESENTATION('',(#457),#461);
#457 = LINE('',#458,#459);
#458 = CARTESIAN_POINT('',(5.497787143782,0.));
#459 = VECTOR('',#460,1.);
#460 = DIRECTION('',(0.,1.));
#461 = ( GEOMETRIC_REPRESENTATION_CONTEXT(2) 
PARAMETRIC_REPRESENTATION_CONTEXT() REPRESENTATION_CONTEXT('2D SPACE',''
  ) );
#462 = PCURVE('',#216,#463);
#463 = DEFINITIONAL_REPRESENTATION('',(#464),#468);
#464 = LINE('',#465,#466);
#465 = CARTESIAN_POINT('',(-0.395996081643,-0.11484375));
#466 = VECTOR('',#467,1.);
#467 = DIRECTION('',(1.,-2.999519565324E-32));
#468 = ( GEOMETRIC_REPRESENTATION_CONTEXT(2) 
PARAMETRIC_REPRESENTATION_CONTEXT() REPRESENTATION_CONTEXT('2D SPACE',''
  ) );
#469 = ADVANCED_FACE('',(#470),#415,.F.);
#470 = FACE_BOUND('',#471,.F.);
#471 = EDGE_LOOP('',(#472,#473,#496,#569));
#472 = ORIENTED_EDGE('',*,*,#376,.T.);
#473 = ORIENTED_EDGE('',*,*,#474,.T.);
#474 = EDGE_CURVE('',#354,#475,#477,.T.);
#475 = VERTEX_POINT('',#476);
#476 = CARTESIAN_POINT('',(-17.30587155062,65.418197372996,
    1.637463737855));
#477 = SURFACE_CURVE('',#478,(#482,#489),.PCURVE_S1.);
#478 = LINE('',#479,#480);
#479 = CARTESIAN_POINT('',(-16.03279992956,65.418197372996,
    1.637463737855));
#480 = VECTOR('',#481,1.);
#481 = DIRECTION('',(-1.,1.224646799147E-16,-2.28103595812E-16));
#482 = PCURVE('',#415,#483);
#483 = DEFINITIONAL_REPRESENTATION('',(#484),#488);
#484 = LINE('',#485,#486);
#485 = CARTESIAN_POINT('',(7.068583470577,5.1147188541E-02));
#486 = VECTOR('',#487,1.);
#487 = DIRECTION('',(0.,1.));
#488 = ( GEOMETRIC_REPRESENTATION_CONTEXT(2) 
PARAMETRIC_REPRESENTATION_CONTEXT() REPRESENTATION_CONTEXT('2D SPACE',''
  ) );
#489 = PCURVE('',#117,#490);
#490 = DEFINITIONAL_REPRESENTATION('',(#491),#495);
#491 = LINE('',#492,#493);
#492 = CARTESIAN_POINT('',(5.6274686459E-02,2.8475987127));
#493 = VECTOR('',#494,1.);
#494 = DIRECTION('',(1.,-2.28103595812E-16));
#495 = ( GEOMETRIC_REPRESENTATION_CONTEXT(2) 
PARAMETRIC_REPRESENTATION_CONTEXT() REPRESENTATION_CONTEXT('2D SPACE',''
  ) );
#496 = ORIENTED_EDGE('',*,*,#497,.F.);
#497 = EDGE_CURVE('',#498,#475,#500,.T.);
#498 = VERTEX_POINT('',#499);
#499 = CARTESIAN_POINT('',(-17.20587155062,65.318197372996,
    1.537463737855));
#500 = SURFACE_CURVE('',#501,(#506,#535),.PCURVE_S1.);
#501 = ELLIPSE('',#502,0.141421356237,0.1);
#502 = AXIS2_PLACEMENT_3D('',#503,#504,#505);
#503 = CARTESIAN_POINT('',(-17.20587155062,65.418197372996,
    1.537463737855));
#504 = DIRECTION('',(-0.707106781187,-0.,-0.707106781187));
#505 = DIRECTION('',(0.707106781187,0.,-0.707106781187));
#506 = PCURVE('',#415,#507);
#507 = DEFINITIONAL_REPRESENTATION('',(#508),#534);
#508 = B_SPLINE_CURVE_WITH_KNOTS('',3,(#509,#510,#511,#512,#513,#514,
    #515,#516,#517,#518,#519,#520,#521,#522,#523,#524,#525,#526,#527,
    #528,#529,#530,#531,#532,#533),.UNSPECIFIED.,.F.,.F.,(4,1,1,1,1,1,1,
    1,1,1,1,1,1,1,1,1,1,1,1,1,1,1,4),(1.570796326795,1.642196159831,
    1.713595992867,1.784995825903,1.856395658939,1.927795491976,
    1.999195325012,2.070595158048,2.141994991084,2.21339482412,
    2.284794657156,2.356194490192,2.427594323228,2.498994156265,
    2.570393989301,2.641793822337,2.713193655373,2.784593488409,
    2.855993321445,2.927393154481,2.998792987518,3.070192820554,
    3.14159265359),.QUASI_UNIFORM_KNOTS.);
#509 = CARTESIAN_POINT('',(5.497787143782,1.224218809605));
#510 = CARTESIAN_POINT('',(5.521587088128,1.226598822561));
#511 = CARTESIAN_POINT('',(5.569186976818,1.231358783121));
#512 = CARTESIAN_POINT('',(5.640586809854,1.238462392782));
#513 = CARTESIAN_POINT('',(5.711986642891,1.245493406343));
#514 = CARTESIAN_POINT('',(5.783386475927,1.252416013205));
#515 = CARTESIAN_POINT('',(5.854786308963,1.25919493257));
#516 = CARTESIAN_POINT('',(5.926186141999,1.265795621901));
#517 = CARTESIAN_POINT('',(5.997585975035,1.272184445254));
#518 = CARTESIAN_POINT('',(6.068985808071,1.278328846742));
#519 = CARTESIAN_POINT('',(6.140385641107,1.284197515879));
#520 = CARTESIAN_POINT('',(6.211785474144,1.289760547278));
#521 = CARTESIAN_POINT('',(6.283185307179,1.294989593005));
#522 = CARTESIAN_POINT('',(6.354585140216,1.299858007043));
#523 = CARTESIAN_POINT('',(6.425984973252,1.304340981064));
#524 = CARTESIAN_POINT('',(6.497384806288,1.308415670882));
#525 = CARTESIAN_POINT('',(6.568784639324,1.312061312734));
#526 = CARTESIAN_POINT('',(6.64018447236,1.315259329548));
#527 = CARTESIAN_POINT('',(6.711584305396,1.317993423912));
#528 = CARTESIAN_POINT('',(6.782984138433,1.32024966743));
#529 = CARTESIAN_POINT('',(6.854383971469,1.322016548165));
#530 = CARTESIAN_POINT('',(6.925783804505,1.32328511712));
#531 = CARTESIAN_POINT('',(6.997183637541,1.324048706109));
#532 = CARTESIAN_POINT('',(7.044783526232,1.32421902526));
#533 = CARTESIAN_POINT('',(7.068583470577,1.324218809605));
#534 = ( GEOMETRIC_REPRESENTATION_CONTEXT(2) 
PARAMETRIC_REPRESENTATION_CONTEXT() REPRESENTATION_CONTEXT('2D SPACE',''
  ) );
#535 = PCURVE('',#536,#541);
#536 = CYLINDRICAL_SURFACE('',#537,0.1);
#537 = AXIS2_PLACEMENT_3D('',#538,#539,#540);
#538 = CARTESIAN_POINT('',(-17.20587155062,65.418197372996,
    1.839123913663));
#539 = DIRECTION('',(-2.999519565324E-32,0.,-1.));
#540 = DIRECTION('',(-0.707106781187,-0.707106781187,2.120980624942E-32)
  );
#541 = DEFINITIONAL_REPRESENTATION('',(#542),#568);
#542 = B_SPLINE_CURVE_WITH_KNOTS('',3,(#543,#544,#545,#546,#547,#548,
    #549,#550,#551,#552,#553,#554,#555,#556,#557,#558,#559,#560,#561,
    #562,#563,#564,#565,#566,#567),.UNSPECIFIED.,.F.,.F.,(4,1,1,1,1,1,1,
    1,1,1,1,1,1,1,1,1,1,1,1,1,1,1,4),(1.570796326795,1.642196159831,
    1.713595992867,1.784995825903,1.856395658939,1.927795491976,
    1.999195325012,2.070595158048,2.141994991084,2.21339482412,
    2.284794657156,2.356194490192,2.427594323228,2.498994156265,
    2.570393989301,2.641793822337,2.713193655373,2.784593488409,
    2.855993321445,2.927393154481,2.998792987518,3.070192820554,
    3.14159265359),.QUASI_UNIFORM_KNOTS.);
#543 = CARTESIAN_POINT('',(5.497787143782,0.301660175808));
#544 = CARTESIAN_POINT('',(5.521587088127,0.299280162851));
#545 = CARTESIAN_POINT('',(5.569186976818,0.294520202291));
#546 = CARTESIAN_POINT('',(5.640586809854,0.28741659263));
#547 = CARTESIAN_POINT('',(5.71198664289,0.280385579069));
#548 = CARTESIAN_POINT('',(5.783386475927,0.273462972208));
#549 = CARTESIAN_POINT('',(5.854786308963,0.266684052842));
#550 = CARTESIAN_POINT('',(5.926186141999,0.260083363511));
#551 = CARTESIAN_POINT('',(5.997585975035,0.253694540158));
#552 = CARTESIAN_POINT('',(6.068985808071,0.24755013867));
#553 = CARTESIAN_POINT('',(6.140385641107,0.241681469534));
#554 = CARTESIAN_POINT('',(6.211785474143,0.236118438135));
#555 = CARTESIAN_POINT('',(6.28318530718,0.230889392408));
#556 = CARTESIAN_POINT('',(6.354585140216,0.22602097837));
#557 = CARTESIAN_POINT('',(6.425984973252,0.221538004348));
#558 = CARTESIAN_POINT('',(6.497384806288,0.21746331453));
#559 = CARTESIAN_POINT('',(6.568784639324,0.213817672678));
#560 = CARTESIAN_POINT('',(6.64018447236,0.210619655864));
#561 = CARTESIAN_POINT('',(6.711584305396,0.2078855615));
#562 = CARTESIAN_POINT('',(6.782984138433,0.205629317983));
#563 = CARTESIAN_POINT('',(6.854383971469,0.203862437247));
#564 = CARTESIAN_POINT('',(6.925783804505,0.202593868292));
#565 = CARTESIAN_POINT('',(6.997183637541,0.201830279303));
#566 = CARTESIAN_POINT('',(7.044783526232,0.201659960152));
#567 = CARTESIAN_POINT('',(7.068583470577,0.201660175808));
#568 = ( GEOMETRIC_REPRESENTATION_CONTEXT(2) 
PARAMETRIC_REPRESENTATION_CONTEXT() REPRESENTATION_CONTEXT('2D SPACE',''
  ) );
#569 = ORIENTED_EDGE('',*,*,#570,.F.);
#570 = EDGE_CURVE('',#377,#498,#571,.T.);
#571 = SURFACE_CURVE('',#572,(#576,#583),.PCURVE_S1.);
#572 = LINE('',#573,#574);
#573 = CARTESIAN_POINT('',(-15.98165274101,65.318197372996,
    1.537463737855));
#574 = VECTOR('',#575,1.);
#575 = DIRECTION('',(-1.,0.,-2.28103595812E-16));
#576 = PCURVE('',#415,#577);
#577 = DEFINITIONAL_REPRESENTATION('',(#578),#582);
#578 = LINE('',#579,#580);
#579 = CARTESIAN_POINT('',(5.497787143782,0.));
#580 = VECTOR('',#581,1.);
#581 = DIRECTION('',(0.,1.));
#582 = ( GEOMETRIC_REPRESENTATION_CONTEXT(2) 
PARAMETRIC_REPRESENTATION_CONTEXT() REPRESENTATION_CONTEXT('2D SPACE',''
  ) );
#583 = PCURVE('',#216,#584);
#584 = DEFINITIONAL_REPRESENTATION('',(#585),#589);
#585 = LINE('',#586,#587);
#586 = CARTESIAN_POINT('',(0.503320351616,-0.107421875));
#587 = VECTOR('',#588,1.);
#588 = DIRECTION('',(2.28103595812E-16,-1.));
#589 = ( GEOMETRIC_REPRESENTATION_CONTEXT(2) 
PARAMETRIC_REPRESENTATION_CONTEXT() REPRESENTATION_CONTEXT('2D SPACE',''
  ) );
#590 = ADVANCED_FACE('',(#591),#536,.F.);
#591 = FACE_BOUND('',#592,.F.);
#592 = EDGE_LOOP('',(#593,#668,#689,#690));
#593 = ORIENTED_EDGE('',*,*,#594,.F.);
#594 = EDGE_CURVE('',#595,#597,#599,.T.);
#595 = VERTEX_POINT('',#596);
#596 = CARTESIAN_POINT('',(-17.20587155062,65.318197372996,
    1.159338711778));
#597 = VERTEX_POINT('',#598);
#598 = CARTESIAN_POINT('',(-17.30587155062,65.418197372996,
    1.059338711778));
#599 = SURFACE_CURVE('',#600,(#605,#634),.PCURVE_S1.);
#600 = ELLIPSE('',#601,0.141421356237,0.1);
#601 = AXIS2_PLACEMENT_3D('',#602,#603,#604);
#602 = CARTESIAN_POINT('',(-17.20587155062,65.418197372996,
    1.159338711778));
#603 = DIRECTION('',(0.707106781187,0.,-0.707106781187));
#604 = DIRECTION('',(0.707106781187,0.,0.707106781187));
#605 = PCURVE('',#536,#606);
#606 = DEFINITIONAL_REPRESENTATION('',(#607),#633);
#607 = B_SPLINE_CURVE_WITH_KNOTS('',3,(#608,#609,#610,#611,#612,#613,
    #614,#615,#616,#617,#618,#619,#620,#621,#622,#623,#624,#625,#626,
    #627,#628,#629,#630,#631,#632),.UNSPECIFIED.,.F.,.F.,(4,1,1,1,1,1,1,
    1,1,1,1,1,1,1,1,1,1,1,1,1,1,1,4),(1.570796326795,1.642196159831,
    1.713595992867,1.784995825903,1.856395658939,1.927795491976,
    1.999195325012,2.070595158048,2.141994991084,2.21339482412,
    2.284794657156,2.356194490192,2.427594323228,2.498994156265,
    2.570393989301,2.641793822337,2.713193655373,2.784593488409,
    2.855993321445,2.927393154481,2.998792987518,3.070192820554,
    3.14159265359),.QUASI_UNIFORM_KNOTS.);
#608 = CARTESIAN_POINT('',(5.497787143782,0.679785201885));
#609 = CARTESIAN_POINT('',(5.521587088127,0.682165214842));
#610 = CARTESIAN_POINT('',(5.569186976818,0.686925175401));
#611 = CARTESIAN_POINT('',(5.640586809854,0.694028785062));
#612 = CARTESIAN_POINT('',(5.71198664289,0.701059798623));
#613 = CARTESIAN_POINT('',(5.783386475927,0.707982405485));
#614 = CARTESIAN_POINT('',(5.854786308963,0.714761324851));
#615 = CARTESIAN_POINT('',(5.926186141999,0.721362014181));
#616 = CARTESIAN_POINT('',(5.997585975035,0.727750837534));
#617 = CARTESIAN_POINT('',(6.068985808071,0.733895239022));
#618 = CARTESIAN_POINT('',(6.140385641107,0.739763908159));
#619 = CARTESIAN_POINT('',(6.211785474143,0.745326939558));
#620 = CARTESIAN_POINT('',(6.28318530718,0.750555985285));
#621 = CARTESIAN_POINT('',(6.354585140216,0.755424399323));
#622 = CARTESIAN_POINT('',(6.425984973252,0.759907373345));
#623 = CARTESIAN_POINT('',(6.497384806288,0.763982063162));
#624 = CARTESIAN_POINT('',(6.568784639324,0.767627705015));
#625 = CARTESIAN_POINT('',(6.64018447236,0.770825721829));
#626 = CARTESIAN_POINT('',(6.711584305396,0.773559816193));
#627 = CARTESIAN_POINT('',(6.782984138432,0.77581605971));
#628 = CARTESIAN_POINT('',(6.854383971469,0.777582940445));
#629 = CARTESIAN_POINT('',(6.925783804505,0.778851509401));
#630 = CARTESIAN_POINT('',(6.997183637541,0.77961509839));
#631 = CARTESIAN_POINT('',(7.044783526232,0.77978541754));
#632 = CARTESIAN_POINT('',(7.068583470577,0.779785201885));
#633 = ( GEOMETRIC_REPRESENTATION_CONTEXT(2) 
PARAMETRIC_REPRESENTATION_CONTEXT() REPRESENTATION_CONTEXT('2D SPACE',''
  ) );
#634 = PCURVE('',#635,#640);
#635 = CYLINDRICAL_SURFACE('',#636,0.1);
#636 = AXIS2_PLACEMENT_3D('',#637,#638,#639);
#637 = CARTESIAN_POINT('',(-16.59005120832,65.418197372996,
    1.159338711778));
#638 = DIRECTION('',(1.,0.,2.423406228436E-16));
#639 = DIRECTION('',(1.713606977697E-16,-0.707106781187,-0.707106781187)
  );
#640 = DEFINITIONAL_REPRESENTATION('',(#641),#667);
#641 = B_SPLINE_CURVE_WITH_KNOTS('',3,(#642,#643,#644,#645,#646,#647,
    #648,#649,#650,#651,#652,#653,#654,#655,#656,#657,#658,#659,#660,
    #661,#662,#663,#664,#665,#666),.UNSPECIFIED.,.F.,.F.,(4,1,1,1,1,1,1,
    1,1,1,1,1,1,1,1,1,1,1,1,1,1,1,4),(1.570796326795,1.642196159831,
    1.713595992867,1.784995825903,1.856395658939,1.927795491976,
    1.999195325012,2.070595158048,2.141994991084,2.21339482412,
    2.284794657156,2.356194490192,2.427594323228,2.498994156265,
    2.570393989301,2.641793822337,2.713193655373,2.784593488409,
    2.855993321445,2.927393154481,2.998792987518,3.070192820554,
    3.14159265359),.QUASI_UNIFORM_KNOTS.);
#642 = CARTESIAN_POINT('',(5.497787143782,-0.615820342302));
#643 = CARTESIAN_POINT('',(5.521587088127,-0.618200355259));
#644 = CARTESIAN_POINT('',(5.569186976818,-0.622960315819));
#645 = CARTESIAN_POINT('',(5.640586809854,-0.63006392548));
#646 = CARTESIAN_POINT('',(5.711986642891,-0.637094939041));
#647 = CARTESIAN_POINT('',(5.783386475927,-0.644017545902));
#648 = CARTESIAN_POINT('',(5.854786308963,-0.650796465268));
#649 = CARTESIAN_POINT('',(5.926186141999,-0.657397154599));
#650 = CARTESIAN_POINT('',(5.997585975035,-0.663785977952));
#651 = CARTESIAN_POINT('',(6.068985808071,-0.66993037944));
#652 = CARTESIAN_POINT('',(6.140385641107,-0.675799048576));
#653 = CARTESIAN_POINT('',(6.211785474144,-0.681362079976));
#654 = CARTESIAN_POINT('',(6.283185307179,-0.686591125702));
#655 = CARTESIAN_POINT('',(6.354585140216,-0.69145953974));
#656 = CARTESIAN_POINT('',(6.425984973252,-0.695942513762));
#657 = CARTESIAN_POINT('',(6.497384806288,-0.70001720358));
#658 = CARTESIAN_POINT('',(6.568784639324,-0.703662845432));
#659 = CARTESIAN_POINT('',(6.64018447236,-0.706860862246));
#660 = CARTESIAN_POINT('',(6.711584305396,-0.70959495661));
#661 = CARTESIAN_POINT('',(6.782984138433,-0.711851200127));
#662 = CARTESIAN_POINT('',(6.854383971469,-0.713618080863));
#663 = CARTESIAN_POINT('',(6.925783804505,-0.714886649818));
#664 = CARTESIAN_POINT('',(6.997183637541,-0.715650238807));
#665 = CARTESIAN_POINT('',(7.044783526232,-0.715820557958));
#666 = CARTESIAN_POINT('',(7.068583470577,-0.715820342302));
#667 = ( GEOMETRIC_REPRESENTATION_CONTEXT(2) 
PARAMETRIC_REPRESENTATION_CONTEXT() REPRESENTATION_CONTEXT('2D SPACE',''
  ) );
#668 = ORIENTED_EDGE('',*,*,#669,.F.);
#669 = EDGE_CURVE('',#498,#595,#670,.T.);
#670 = SURFACE_CURVE('',#671,(#675,#682),.PCURVE_S1.);
#671 = LINE('',#672,#673);
#672 = CARTESIAN_POINT('',(-17.20587155062,65.318197372996,
    1.839123913663));
#673 = VECTOR('',#674,1.);
#674 = DIRECTION('',(-2.999519565324E-32,0.,-1.));
#675 = PCURVE('',#536,#676);
#676 = DEFINITIONAL_REPRESENTATION('',(#677),#681);
#677 = LINE('',#678,#679);
#678 = CARTESIAN_POINT('',(5.497787143782,0.));
#679 = VECTOR('',#680,1.);
#680 = DIRECTION('',(0.,1.));
#681 = ( GEOMETRIC_REPRESENTATION_CONTEXT(2) 
PARAMETRIC_REPRESENTATION_CONTEXT() REPRESENTATION_CONTEXT('2D SPACE',''
  ) );
#682 = PCURVE('',#216,#683);
#683 = DEFINITIONAL_REPRESENTATION('',(#684),#688);
#684 = LINE('',#685,#686);
#685 = CARTESIAN_POINT('',(0.201660175808,-1.331640684605));
#686 = VECTOR('',#687,1.);
#687 = DIRECTION('',(1.,-2.999519565324E-32));
#688 = ( GEOMETRIC_REPRESENTATION_CONTEXT(2) 
PARAMETRIC_REPRESENTATION_CONTEXT() REPRESENTATION_CONTEXT('2D SPACE',''
  ) );
#689 = ORIENTED_EDGE('',*,*,#497,.T.);
#690 = ORIENTED_EDGE('',*,*,#691,.T.);
#691 = EDGE_CURVE('',#475,#597,#692,.T.);
#692 = SURFACE_CURVE('',#693,(#697,#704),.PCURVE_S1.);
#693 = LINE('',#694,#695);
#694 = CARTESIAN_POINT('',(-17.30587155062,65.418197372996,
    0.213664381505));
#695 = VECTOR('',#696,1.);
#696 = DIRECTION('',(-2.999519565324E-32,-2.449293598295E-16,-1.));
#697 = PCURVE('',#536,#698);
#698 = DEFINITIONAL_REPRESENTATION('',(#699),#703);
#699 = LINE('',#700,#701);
#700 = CARTESIAN_POINT('',(7.068583470577,1.625459532158));
#701 = VECTOR('',#702,1.);
#702 = DIRECTION('',(0.,1.));
#703 = ( GEOMETRIC_REPRESENTATION_CONTEXT(2) 
PARAMETRIC_REPRESENTATION_CONTEXT() REPRESENTATION_CONTEXT('2D SPACE',''
  ) );
#704 = PCURVE('',#117,#705);
#705 = DEFINITIONAL_REPRESENTATION('',(#706),#710);
#706 = LINE('',#707,#708);
#707 = CARTESIAN_POINT('',(1.329346307523,1.42379935635));
#708 = VECTOR('',#709,1.);
#709 = DIRECTION('',(1.499759782662E-32,-1.));
#710 = ( GEOMETRIC_REPRESENTATION_CONTEXT(2) 
PARAMETRIC_REPRESENTATION_CONTEXT() REPRESENTATION_CONTEXT('2D SPACE',''
  ) );
#711 = ADVANCED_FACE('',(#712),#635,.F.);
#712 = FACE_BOUND('',#713,.F.);
#713 = EDGE_LOOP('',(#714,#789,#810,#811));
#714 = ORIENTED_EDGE('',*,*,#715,.F.);
#715 = EDGE_CURVE('',#716,#718,#720,.T.);
#716 = VERTEX_POINT('',#717);
#717 = CARTESIAN_POINT('',(-14.54259018141,65.318197372996,
    1.159338711778));
#718 = VERTEX_POINT('',#719);
#719 = CARTESIAN_POINT('',(-14.44259018141,65.418197372996,
    1.059338711778));
#720 = SURFACE_CURVE('',#721,(#726,#755),.PCURVE_S1.);
#721 = ELLIPSE('',#722,0.141421356237,0.1);
#722 = AXIS2_PLACEMENT_3D('',#723,#724,#725);
#723 = CARTESIAN_POINT('',(-14.54259018141,65.418197372996,
    1.159338711778));
#724 = DIRECTION('',(0.707106781187,0.,0.707106781187));
#725 = DIRECTION('',(-0.707106781187,0.,0.707106781187));
#726 = PCURVE('',#635,#727);
#727 = DEFINITIONAL_REPRESENTATION('',(#728),#754);
#728 = B_SPLINE_CURVE_WITH_KNOTS('',3,(#729,#730,#731,#732,#733,#734,
    #735,#736,#737,#738,#739,#740,#741,#742,#743,#744,#745,#746,#747,
    #748,#749,#750,#751,#752,#753),.UNSPECIFIED.,.F.,.F.,(4,1,1,1,1,1,1,
    1,1,1,1,1,1,1,1,1,1,1,1,1,1,1,4),(1.570796326795,1.642196159831,
    1.713595992867,1.784995825903,1.856395658939,1.927795491976,
    1.999195325012,2.070595158048,2.141994991084,2.21339482412,
    2.284794657156,2.356194490192,2.427594323228,2.498994156265,
    2.570393989301,2.641793822337,2.713193655373,2.784593488409,
    2.855993321445,2.927393154481,2.998792987518,3.070192820554,
    3.14159265359),.QUASI_UNIFORM_KNOTS.);
#729 = CARTESIAN_POINT('',(5.497787143782,2.047461026907));
#730 = CARTESIAN_POINT('',(5.521587088127,2.049841039864));
#731 = CARTESIAN_POINT('',(5.569186976818,2.054601000423));
#732 = CARTESIAN_POINT('',(5.640586809854,2.061704610084));
#733 = CARTESIAN_POINT('',(5.711986642891,2.068735623646));
#734 = CARTESIAN_POINT('',(5.783386475927,2.075658230507));
#735 = CARTESIAN_POINT('',(5.854786308963,2.082437149873));
#736 = CARTESIAN_POINT('',(5.926186141999,2.089037839203));
#737 = CARTESIAN_POINT('',(5.997585975035,2.095426662557));
#738 = CARTESIAN_POINT('',(6.068985808071,2.101571064044));
#739 = CARTESIAN_POINT('',(6.140385641107,2.107439733181));
#740 = CARTESIAN_POINT('',(6.211785474144,2.11300276458));
#741 = CARTESIAN_POINT('',(6.283185307179,2.118231810307));
#742 = CARTESIAN_POINT('',(6.354585140216,2.123100224345));
#743 = CARTESIAN_POINT('',(6.425984973252,2.127583198367));
#744 = CARTESIAN_POINT('',(6.497384806288,2.131657888184));
#745 = CARTESIAN_POINT('',(6.568784639324,2.135303530037));
#746 = CARTESIAN_POINT('',(6.64018447236,2.138501546851));
#747 = CARTESIAN_POINT('',(6.711584305396,2.141235641215));
#748 = CARTESIAN_POINT('',(6.782984138433,2.143491884732));
#749 = CARTESIAN_POINT('',(6.854383971469,2.145258765467));
#750 = CARTESIAN_POINT('',(6.925783804505,2.146527334423));
#751 = CARTESIAN_POINT('',(6.997183637541,2.147290923412));
#752 = CARTESIAN_POINT('',(7.044783526232,2.147461242563));
#753 = CARTESIAN_POINT('',(7.068583470577,2.147461026907));
#754 = ( GEOMETRIC_REPRESENTATION_CONTEXT(2) 
PARAMETRIC_REPRESENTATION_CONTEXT() REPRESENTATION_CONTEXT('2D SPACE',''
  ) );
#755 = PCURVE('',#756,#761);
#756 = CYLINDRICAL_SURFACE('',#757,0.1);
#757 = AXIS2_PLACEMENT_3D('',#758,#759,#760);
#758 = CARTESIAN_POINT('',(-14.54259018141,65.418197372996,
    1.550061400624));
#759 = DIRECTION('',(2.999519565324E-32,0.,1.));
#760 = DIRECTION('',(0.707106781187,-0.707106781187,-2.120980624942E-32)
  );
#761 = DEFINITIONAL_REPRESENTATION('',(#762),#788);
#762 = B_SPLINE_CURVE_WITH_KNOTS('',3,(#763,#764,#765,#766,#767,#768,
    #769,#770,#771,#772,#773,#774,#775,#776,#777,#778,#779,#780,#781,
    #782,#783,#784,#785,#786,#787),.UNSPECIFIED.,.F.,.F.,(4,1,1,1,1,1,1,
    1,1,1,1,1,1,1,1,1,1,1,1,1,1,1,4),(1.570796326795,1.642196159831,
    1.713595992867,1.784995825903,1.856395658939,1.927795491976,
    1.999195325012,2.070595158048,2.141994991084,2.21339482412,
    2.284794657156,2.356194490192,2.427594323228,2.498994156265,
    2.570393989301,2.641793822337,2.713193655373,2.784593488409,
    2.855993321445,2.927393154481,2.998792987518,3.070192820554,
    3.14159265359),.QUASI_UNIFORM_KNOTS.);
#763 = CARTESIAN_POINT('',(5.497787143782,-0.390722688846));
#764 = CARTESIAN_POINT('',(5.521587088128,-0.393102701803));
#765 = CARTESIAN_POINT('',(5.569186976818,-0.397862662363));
#766 = CARTESIAN_POINT('',(5.640586809854,-0.404966272024));
#767 = CARTESIAN_POINT('',(5.71198664289,-0.411997285585));
#768 = CARTESIAN_POINT('',(5.783386475927,-0.418919892446));
#769 = CARTESIAN_POINT('',(5.854786308963,-0.425698811812));
#770 = CARTESIAN_POINT('',(5.926186141999,-0.432299501143));
#771 = CARTESIAN_POINT('',(5.997585975035,-0.438688324496));
#772 = CARTESIAN_POINT('',(6.068985808071,-0.444832725984));
#773 = CARTESIAN_POINT('',(6.140385641107,-0.45070139512));
#774 = CARTESIAN_POINT('',(6.211785474143,-0.45626442652));
#775 = CARTESIAN_POINT('',(6.283185307179,-0.461493472246));
#776 = CARTESIAN_POINT('',(6.354585140216,-0.466361886284));
#777 = CARTESIAN_POINT('',(6.425984973252,-0.470844860306));
#778 = CARTESIAN_POINT('',(6.497384806288,-0.474919550124));
#779 = CARTESIAN_POINT('',(6.568784639324,-0.478565191976));
#780 = CARTESIAN_POINT('',(6.64018447236,-0.48176320879));
#781 = CARTESIAN_POINT('',(6.711584305396,-0.484497303154));
#782 = CARTESIAN_POINT('',(6.782984138432,-0.486753546671));
#783 = CARTESIAN_POINT('',(6.854383971469,-0.488520427407));
#784 = CARTESIAN_POINT('',(6.925783804505,-0.489788996362));
#785 = CARTESIAN_POINT('',(6.997183637541,-0.490552585351));
#786 = CARTESIAN_POINT('',(7.044783526232,-0.490722904502));
#787 = CARTESIAN_POINT('',(7.068583470577,-0.490722688846));
#788 = ( GEOMETRIC_REPRESENTATION_CONTEXT(2) 
PARAMETRIC_REPRESENTATION_CONTEXT() REPRESENTATION_CONTEXT('2D SPACE',''
  ) );
#789 = ORIENTED_EDGE('',*,*,#790,.F.);
#790 = EDGE_CURVE('',#595,#716,#791,.T.);
#791 = SURFACE_CURVE('',#792,(#796,#803),.PCURVE_S1.);
#792 = LINE('',#793,#794);
#793 = CARTESIAN_POINT('',(-16.59005120832,65.318197372996,
    1.159338711778));
#794 = VECTOR('',#795,1.);
#795 = DIRECTION('',(1.,0.,2.423406228436E-16));
#796 = PCURVE('',#635,#797);
#797 = DEFINITIONAL_REPRESENTATION('',(#798),#802);
#798 = LINE('',#799,#800);
#799 = CARTESIAN_POINT('',(5.497787143782,0.));
#800 = VECTOR('',#801,1.);
#801 = DIRECTION('',(0.,1.));
#802 = ( GEOMETRIC_REPRESENTATION_CONTEXT(2) 
PARAMETRIC_REPRESENTATION_CONTEXT() REPRESENTATION_CONTEXT('2D SPACE',''
  ) );
#803 = PCURVE('',#216,#804);
#804 = DEFINITIONAL_REPRESENTATION('',(#805),#809);
#805 = LINE('',#806,#807);
#806 = CARTESIAN_POINT('',(0.881445377693,-0.715820342302));
#807 = VECTOR('',#808,1.);
#808 = DIRECTION('',(-2.423406228436E-16,1.));
#809 = ( GEOMETRIC_REPRESENTATION_CONTEXT(2) 
PARAMETRIC_REPRESENTATION_CONTEXT() REPRESENTATION_CONTEXT('2D SPACE',''
  ) );
#810 = ORIENTED_EDGE('',*,*,#594,.T.);
#811 = ORIENTED_EDGE('',*,*,#812,.T.);
#812 = EDGE_CURVE('',#597,#718,#813,.T.);
#813 = SURFACE_CURVE('',#814,(#818,#825),.PCURVE_S1.);
#814 = LINE('',#815,#816);
#815 = CARTESIAN_POINT('',(-16.64119839686,65.418197372996,
    1.059338711778));
#816 = VECTOR('',#817,1.);
#817 = DIRECTION('',(1.,-1.224646799147E-16,2.423406228436E-16));
#818 = PCURVE('',#635,#819);
#819 = DEFINITIONAL_REPRESENTATION('',(#820),#824);
#820 = LINE('',#821,#822);
#821 = CARTESIAN_POINT('',(7.068583470577,-5.1147188541E-02));
#822 = VECTOR('',#823,1.);
#823 = DIRECTION('',(0.,1.));
#824 = ( GEOMETRIC_REPRESENTATION_CONTEXT(2) 
PARAMETRIC_REPRESENTATION_CONTEXT() REPRESENTATION_CONTEXT('2D SPACE',''
  ) );
#825 = PCURVE('',#117,#826);
#826 = DEFINITIONAL_REPRESENTATION('',(#827),#831);
#827 = LINE('',#828,#829);
#828 = CARTESIAN_POINT('',(0.664673153761,2.269473686623));
#829 = VECTOR('',#830,1.);
#830 = DIRECTION('',(-1.,2.423406228436E-16));
#831 = ( GEOMETRIC_REPRESENTATION_CONTEXT(2) 
PARAMETRIC_REPRESENTATION_CONTEXT() REPRESENTATION_CONTEXT('2D SPACE',''
  ) );
#832 = ADVANCED_FACE('',(#833),#756,.F.);
#833 = FACE_BOUND('',#834,.F.);
#834 = EDGE_LOOP('',(#835,#910,#931,#932));
#835 = ORIENTED_EDGE('',*,*,#836,.F.);
#836 = EDGE_CURVE('',#837,#839,#841,.T.);
#837 = VERTEX_POINT('',#838);
#838 = CARTESIAN_POINT('',(-14.54259018141,65.318197372996,
    2.922229467163));
#839 = VERTEX_POINT('',#840);
#840 = CARTESIAN_POINT('',(-14.44259018141,65.418197372996,
    3.022229467163));
#841 = SURFACE_CURVE('',#842,(#847,#876),.PCURVE_S1.);
#842 = ELLIPSE('',#843,0.141421356237,0.1);
#843 = AXIS2_PLACEMENT_3D('',#844,#845,#846);
#844 = CARTESIAN_POINT('',(-14.54259018141,65.418197372996,
    2.922229467163));
#845 = DIRECTION('',(-0.707106781187,0.,0.707106781187));
#846 = DIRECTION('',(-0.707106781187,0.,-0.707106781187));
#847 = PCURVE('',#756,#848);
#848 = DEFINITIONAL_REPRESENTATION('',(#849),#875);
#849 = B_SPLINE_CURVE_WITH_KNOTS('',3,(#850,#851,#852,#853,#854,#855,
    #856,#857,#858,#859,#860,#861,#862,#863,#864,#865,#866,#867,#868,
    #869,#870,#871,#872,#873,#874),.UNSPECIFIED.,.F.,.F.,(4,1,1,1,1,1,1,
    1,1,1,1,1,1,1,1,1,1,1,1,1,1,1,4),(1.570796326795,1.642196159831,
    1.713595992867,1.784995825903,1.856395658939,1.927795491976,
    1.999195325012,2.070595158048,2.141994991084,2.21339482412,
    2.284794657156,2.356194490192,2.427594323228,2.498994156265,
    2.570393989301,2.641793822337,2.713193655373,2.784593488409,
    2.855993321445,2.927393154481,2.998792987518,3.070192820554,
    3.14159265359),.QUASI_UNIFORM_KNOTS.);
#850 = CARTESIAN_POINT('',(5.497787143782,1.372168066539));
#851 = CARTESIAN_POINT('',(5.521587088128,1.374548079496));
#852 = CARTESIAN_POINT('',(5.569186976818,1.379308040055));
#853 = CARTESIAN_POINT('',(5.640586809854,1.386411649716));
#854 = CARTESIAN_POINT('',(5.711986642891,1.393442663277));
#855 = CARTESIAN_POINT('',(5.783386475927,1.400365270139));
#856 = CARTESIAN_POINT('',(5.854786308963,1.407144189505));
#857 = CARTESIAN_POINT('',(5.926186141999,1.413744878835));
#858 = CARTESIAN_POINT('',(5.997585975035,1.420133702188));
#859 = CARTESIAN_POINT('',(6.068985808071,1.426278103676));
#860 = CARTESIAN_POINT('',(6.140385641107,1.432146772813));
#861 = CARTESIAN_POINT('',(6.211785474143,1.437709804212));
#862 = CARTESIAN_POINT('',(6.28318530718,1.442938849939));
#863 = CARTESIAN_POINT('',(6.354585140216,1.447807263977));
#864 = CARTESIAN_POINT('',(6.425984973252,1.452290237999));
#865 = CARTESIAN_POINT('',(6.497384806288,1.456364927816));
#866 = CARTESIAN_POINT('',(6.568784639324,1.460010569669));
#867 = CARTESIAN_POINT('',(6.64018447236,1.463208586483));
#868 = CARTESIAN_POINT('',(6.711584305396,1.465942680847));
#869 = CARTESIAN_POINT('',(6.782984138432,1.468198924364));
#870 = CARTESIAN_POINT('',(6.854383971469,1.469965805099));
#871 = CARTESIAN_POINT('',(6.925783804505,1.471234374055));
#872 = CARTESIAN_POINT('',(6.997183637541,1.471997963044));
#873 = CARTESIAN_POINT('',(7.044783526232,1.472168282194));
#874 = CARTESIAN_POINT('',(7.068583470577,1.472168066539));
#875 = ( GEOMETRIC_REPRESENTATION_CONTEXT(2) 
PARAMETRIC_REPRESENTATION_CONTEXT() REPRESENTATION_CONTEXT('2D SPACE',''
  ) );
#876 = PCURVE('',#877,#882);
#877 = CYLINDRICAL_SURFACE('',#878,0.1);
#878 = AXIS2_PLACEMENT_3D('',#879,#880,#881);
#879 = CARTESIAN_POINT('',(-15.15841052371,65.418197372996,
    2.922229467163));
#880 = DIRECTION('',(-1.,0.,0.));
#881 = DIRECTION('',(0.,-0.707106781187,0.707106781187));
#882 = DEFINITIONAL_REPRESENTATION('',(#883),#909);
#883 = B_SPLINE_CURVE_WITH_KNOTS('',3,(#884,#885,#886,#887,#888,#889,
    #890,#891,#892,#893,#894,#895,#896,#897,#898,#899,#900,#901,#902,
    #903,#904,#905,#906,#907,#908),.UNSPECIFIED.,.F.,.F.,(4,1,1,1,1,1,1,
    1,1,1,1,1,1,1,1,1,1,1,1,1,1,1,4),(1.570796326795,1.642196159831,
    1.713595992867,1.784995825903,1.856395658939,1.927795491976,
    1.999195325012,2.070595158048,2.141994991084,2.21339482412,
    2.284794657156,2.356194490192,2.427594323228,2.498994156265,
    2.570393989301,2.641793822337,2.713193655373,2.784593488409,
    2.855993321445,2.927393154481,2.998792987518,3.070192820554,
    3.14159265359),.QUASI_UNIFORM_KNOTS.);
#884 = CARTESIAN_POINT('',(-0.785398163397,-0.615820342302));
#885 = CARTESIAN_POINT('',(-0.761598219052,-0.618200355259));
#886 = CARTESIAN_POINT('',(-0.713998330361,-0.622960315819));
#887 = CARTESIAN_POINT('',(-0.642598497325,-0.63006392548));
#888 = CARTESIAN_POINT('',(-0.571198664289,-0.637094939041));
#889 = CARTESIAN_POINT('',(-0.499798831253,-0.644017545903));
#890 = CARTESIAN_POINT('',(-0.428398998217,-0.650796465268));
#891 = CARTESIAN_POINT('',(-0.356999165181,-0.657397154599));
#892 = CARTESIAN_POINT('',(-0.285599332144,-0.663785977952));
#893 = CARTESIAN_POINT('',(-0.214199499108,-0.66993037944));
#894 = CARTESIAN_POINT('',(-0.142799666072,-0.675799048576));
#895 = CARTESIAN_POINT('',(-7.139983303599E-02,-0.681362079976));
#896 = CARTESIAN_POINT('',(-5.56934013286E-14,-0.686591125703));
#897 = CARTESIAN_POINT('',(7.139983303622E-02,-0.691459539741));
#898 = CARTESIAN_POINT('',(0.142799666072,-0.695942513762));
#899 = CARTESIAN_POINT('',(0.214199499108,-0.70001720358));
#900 = CARTESIAN_POINT('',(0.285599332145,-0.703662845432));
#901 = CARTESIAN_POINT('',(0.356999165181,-0.706860862246));
#902 = CARTESIAN_POINT('',(0.428398998217,-0.70959495661));
#903 = CARTESIAN_POINT('',(0.499798831253,-0.711851200128));
#904 = CARTESIAN_POINT('',(0.571198664289,-0.713618080863));
#905 = CARTESIAN_POINT('',(0.642598497325,-0.714886649818));
#906 = CARTESIAN_POINT('',(0.713998330361,-0.715650238807));
#907 = CARTESIAN_POINT('',(0.761598219052,-0.715820557958));
#908 = CARTESIAN_POINT('',(0.785398163397,-0.715820342302));
#909 = ( GEOMETRIC_REPRESENTATION_CONTEXT(2) 
PARAMETRIC_REPRESENTATION_CONTEXT() REPRESENTATION_CONTEXT('2D SPACE',''
  ) );
#910 = ORIENTED_EDGE('',*,*,#911,.F.);
#911 = EDGE_CURVE('',#716,#837,#912,.T.);
#912 = SURFACE_CURVE('',#913,(#917,#924),.PCURVE_S1.);
#913 = LINE('',#914,#915);
#914 = CARTESIAN_POINT('',(-14.54259018141,65.318197372996,
    1.550061400624));
#915 = VECTOR('',#916,1.);
#916 = DIRECTION('',(2.999519565324E-32,0.,1.));
#917 = PCURVE('',#756,#918);
#918 = DEFINITIONAL_REPRESENTATION('',(#919),#923);
#919 = LINE('',#920,#921);
#920 = CARTESIAN_POINT('',(5.497787143782,0.));
#921 = VECTOR('',#922,1.);
#922 = DIRECTION('',(0.,1.));
#923 = ( GEOMETRIC_REPRESENTATION_CONTEXT(2) 
PARAMETRIC_REPRESENTATION_CONTEXT() REPRESENTATION_CONTEXT('2D SPACE',''
  ) );
#924 = PCURVE('',#216,#925);
#925 = DEFINITIONAL_REPRESENTATION('',(#926),#930);
#926 = LINE('',#927,#928);
#927 = CARTESIAN_POINT('',(0.490722688846,1.331640684605));
#928 = VECTOR('',#929,1.);
#929 = DIRECTION('',(-1.,2.999519565324E-32));
#930 = ( GEOMETRIC_REPRESENTATION_CONTEXT(2) 
PARAMETRIC_REPRESENTATION_CONTEXT() REPRESENTATION_CONTEXT('2D SPACE',''
  ) );
#931 = ORIENTED_EDGE('',*,*,#715,.T.);
#932 = ORIENTED_EDGE('',*,*,#933,.T.);
#933 = EDGE_CURVE('',#718,#839,#934,.T.);
#934 = SURFACE_CURVE('',#935,(#939,#946),.PCURVE_S1.);
#935 = LINE('',#936,#937);
#936 = CARTESIAN_POINT('',(-14.44259018141,65.418197372996,
    -7.539813153317E-02));
#937 = VECTOR('',#938,1.);
#938 = DIRECTION('',(2.999519565324E-32,2.449293598295E-16,1.));
#939 = PCURVE('',#756,#940);
#940 = DEFINITIONAL_REPRESENTATION('',(#941),#945);
#941 = LINE('',#942,#943);
#942 = CARTESIAN_POINT('',(7.068583470577,-1.625459532158));
#943 = VECTOR('',#944,1.);
#944 = DIRECTION('',(0.,1.));
#945 = ( GEOMETRIC_REPRESENTATION_CONTEXT(2) 
PARAMETRIC_REPRESENTATION_CONTEXT() REPRESENTATION_CONTEXT('2D SPACE',''
  ) );
#946 = PCURVE('',#117,#947);
#947 = DEFINITIONAL_REPRESENTATION('',(#948),#952);
#948 = LINE('',#949,#950);
#949 = CARTESIAN_POINT('',(-1.533935061687,1.134736843311));
#950 = VECTOR('',#951,1.);
#951 = DIRECTION('',(-1.499759782662E-32,1.));
#952 = ( GEOMETRIC_REPRESENTATION_CONTEXT(2) 
PARAMETRIC_REPRESENTATION_CONTEXT() REPRESENTATION_CONTEXT('2D SPACE',''
  ) );
#953 = ADVANCED_FACE('',(#954),#877,.F.);
#954 = FACE_BOUND('',#955,.F.);
#955 = EDGE_LOOP('',(#956,#1031,#1052,#1053));
#956 = ORIENTED_EDGE('',*,*,#957,.F.);
#957 = EDGE_CURVE('',#958,#960,#962,.T.);
#958 = VERTEX_POINT('',#959);
#959 = CARTESIAN_POINT('',(-14.82696524101,65.318197372996,
    2.922229467163));
#960 = VERTEX_POINT('',#961);
#961 = CARTESIAN_POINT('',(-14.92696524101,65.418197372996,
    3.022229467163));
#962 = SURFACE_CURVE('',#963,(#968,#997),.PCURVE_S1.);
#963 = ELLIPSE('',#964,0.141421356237,0.1);
#964 = AXIS2_PLACEMENT_3D('',#965,#966,#967);
#965 = CARTESIAN_POINT('',(-14.82696524101,65.418197372996,
    2.922229467163));
#966 = DIRECTION('',(-0.707106781187,-0.,-0.707106781187));
#967 = DIRECTION('',(0.707106781187,0.,-0.707106781187));
#968 = PCURVE('',#877,#969);
#969 = DEFINITIONAL_REPRESENTATION('',(#970),#996);
#970 = B_SPLINE_CURVE_WITH_KNOTS('',3,(#971,#972,#973,#974,#975,#976,
    #977,#978,#979,#980,#981,#982,#983,#984,#985,#986,#987,#988,#989,
    #990,#991,#992,#993,#994,#995),.UNSPECIFIED.,.F.,.F.,(4,1,1,1,1,1,1,
    1,1,1,1,1,1,1,1,1,1,1,1,1,1,1,4),(1.570796326795,1.642196159831,
    1.713595992867,1.784995825903,1.856395658939,1.927795491976,
    1.999195325012,2.070595158048,2.141994991084,2.21339482412,
    2.284794657156,2.356194490192,2.427594323228,2.498994156265,
    2.570393989301,2.641793822337,2.713193655373,2.784593488409,
    2.855993321445,2.927393154481,2.998792987518,3.070192820554,
    3.14159265359),.QUASI_UNIFORM_KNOTS.);
#971 = CARTESIAN_POINT('',(-0.785398163397,-0.331445282698));
#972 = CARTESIAN_POINT('',(-0.761598219052,-0.329065269741));
#973 = CARTESIAN_POINT('',(-0.713998330361,-0.324305309181));
#974 = CARTESIAN_POINT('',(-0.642598497325,-0.31720169952));
#975 = CARTESIAN_POINT('',(-0.571198664289,-0.310170685959));
#976 = CARTESIAN_POINT('',(-0.499798831253,-0.303248079098));
#977 = CARTESIAN_POINT('',(-0.428398998217,-0.296469159732));
#978 = CARTESIAN_POINT('',(-0.356999165181,-0.289868470401));
#979 = CARTESIAN_POINT('',(-0.285599332144,-0.283479647048));
#980 = CARTESIAN_POINT('',(-0.214199499108,-0.27733524556));
#981 = CARTESIAN_POINT('',(-0.142799666072,-0.271466576424));
#982 = CARTESIAN_POINT('',(-7.139983303599E-02,-0.265903545024));
#983 = CARTESIAN_POINT('',(-5.677456742552E-14,-0.260674499298));
#984 = CARTESIAN_POINT('',(7.139983303622E-02,-0.25580608526));
#985 = CARTESIAN_POINT('',(0.142799666072,-0.251323111238));
#986 = CARTESIAN_POINT('',(0.214199499108,-0.24724842142));
#987 = CARTESIAN_POINT('',(0.285599332145,-0.243602779568));
#988 = CARTESIAN_POINT('',(0.356999165181,-0.240404762754));
#989 = CARTESIAN_POINT('',(0.428398998217,-0.23767066839));
#990 = CARTESIAN_POINT('',(0.499798831253,-0.235414424873));
#991 = CARTESIAN_POINT('',(0.571198664289,-0.233647544137));
#992 = CARTESIAN_POINT('',(0.642598497325,-0.232378975182));
#993 = CARTESIAN_POINT('',(0.713998330361,-0.231615386193));
#994 = CARTESIAN_POINT('',(0.761598219052,-0.231445067042));
#995 = CARTESIAN_POINT('',(0.785398163397,-0.231445282698));
#996 = ( GEOMETRIC_REPRESENTATION_CONTEXT(2) 
PARAMETRIC_REPRESENTATION_CONTEXT() REPRESENTATION_CONTEXT('2D SPACE',''
  ) );
#997 = PCURVE('',#998,#1003);
#998 = CYLINDRICAL_SURFACE('',#999,0.1);
#999 = AXIS2_PLACEMENT_3D('',#1000,#1001,#1002);
#1000 = CARTESIAN_POINT('',(-14.82696524101,65.418197372996,
    2.531506778317));
#1001 = DIRECTION('',(-2.999519565324E-32,0.,-1.));
#1002 = DIRECTION('',(-0.707106781187,-0.707106781187,2.120980624942E-32
    ));
#1003 = DEFINITIONAL_REPRESENTATION('',(#1004),#1030);
#1004 = B_SPLINE_CURVE_WITH_KNOTS('',3,(#1005,#1006,#1007,#1008,#1009,
    #1010,#1011,#1012,#1013,#1014,#1015,#1016,#1017,#1018,#1019,#1020,
    #1021,#1022,#1023,#1024,#1025,#1026,#1027,#1028,#1029),
  .UNSPECIFIED.,.F.,.F.,(4,1,1,1,1,1,1,1,1,1,1,1,1,1,1,1,1,1,1,1,1,1,4),
  (1.570796326795,1.642196159831,1.713595992867,1.784995825903,
    1.856395658939,1.927795491976,1.999195325012,2.070595158048,
    2.141994991084,2.21339482412,2.284794657156,2.356194490192,
    2.427594323228,2.498994156265,2.570393989301,2.641793822337,
    2.713193655373,2.784593488409,2.855993321445,2.927393154481,
    2.998792987518,3.070192820554,3.14159265359),.QUASI_UNIFORM_KNOTS.);
#1005 = CARTESIAN_POINT('',(5.497787143782,-0.390722688846));
#1006 = CARTESIAN_POINT('',(5.521587088128,-0.393102701803));
#1007 = CARTESIAN_POINT('',(5.569186976818,-0.397862662363));
#1008 = CARTESIAN_POINT('',(5.640586809854,-0.404966272024));
#1009 = CARTESIAN_POINT('',(5.711986642891,-0.411997285585));
#1010 = CARTESIAN_POINT('',(5.783386475927,-0.418919892446));
#1011 = CARTESIAN_POINT('',(5.854786308963,-0.425698811812));
#1012 = CARTESIAN_POINT('',(5.926186141999,-0.432299501143));
#1013 = CARTESIAN_POINT('',(5.997585975035,-0.438688324496));
#1014 = CARTESIAN_POINT('',(6.068985808071,-0.444832725984));
#1015 = CARTESIAN_POINT('',(6.140385641107,-0.45070139512));
#1016 = CARTESIAN_POINT('',(6.211785474144,-0.45626442652));
#1017 = CARTESIAN_POINT('',(6.283185307179,-0.461493472246));
#1018 = CARTESIAN_POINT('',(6.354585140216,-0.466361886284));
#1019 = CARTESIAN_POINT('',(6.425984973252,-0.470844860306));
#1020 = CARTESIAN_POINT('',(6.497384806288,-0.474919550124));
#1021 = CARTESIAN_POINT('',(6.568784639324,-0.478565191976));
#1022 = CARTESIAN_POINT('',(6.64018447236,-0.48176320879));
#1023 = CARTESIAN_POINT('',(6.711584305396,-0.484497303154));
#1024 = CARTESIAN_POINT('',(6.782984138433,-0.486753546671));
#1025 = CARTESIAN_POINT('',(6.854383971469,-0.488520427407));
#1026 = CARTESIAN_POINT('',(6.925783804505,-0.489788996362));
#1027 = CARTESIAN_POINT('',(6.997183637541,-0.490552585351));
#1028 = CARTESIAN_POINT('',(7.044783526232,-0.490722904502));
#1029 = CARTESIAN_POINT('',(7.068583470577,-0.490722688846));
#1030 = ( GEOMETRIC_REPRESENTATION_CONTEXT(2) 
PARAMETRIC_REPRESENTATION_CONTEXT() REPRESENTATION_CONTEXT('2D SPACE',''
  ) );
#1031 = ORIENTED_EDGE('',*,*,#1032,.F.);
#1032 = EDGE_CURVE('',#837,#958,#1033,.T.);
#1033 = SURFACE_CURVE('',#1034,(#1038,#1045),.PCURVE_S1.);
#1034 = LINE('',#1035,#1036);
#1035 = CARTESIAN_POINT('',(-15.15841052371,65.318197372996,
    2.922229467163));
#1036 = VECTOR('',#1037,1.);
#1037 = DIRECTION('',(-1.,0.,0.));
#1038 = PCURVE('',#877,#1039);
#1039 = DEFINITIONAL_REPRESENTATION('',(#1040),#1044);
#1040 = LINE('',#1041,#1042);
#1041 = CARTESIAN_POINT('',(-0.785398163397,0.));
#1042 = VECTOR('',#1043,1.);
#1043 = DIRECTION('',(0.,1.));
#1044 = ( GEOMETRIC_REPRESENTATION_CONTEXT(2) 
PARAMETRIC_REPRESENTATION_CONTEXT() REPRESENTATION_CONTEXT('2D SPACE',''
  ) );
#1045 = PCURVE('',#216,#1046);
#1046 = DEFINITIONAL_REPRESENTATION('',(#1047),#1051);
#1047 = LINE('',#1048,#1049);
#1048 = CARTESIAN_POINT('',(-0.881445377693,0.715820342302));
#1049 = VECTOR('',#1050,1.);
#1050 = DIRECTION('',(0.,-1.));
#1051 = ( GEOMETRIC_REPRESENTATION_CONTEXT(2) 
PARAMETRIC_REPRESENTATION_CONTEXT() REPRESENTATION_CONTEXT('2D SPACE',''
  ) );
#1052 = ORIENTED_EDGE('',*,*,#836,.T.);
#1053 = ORIENTED_EDGE('',*,*,#1054,.T.);
#1054 = EDGE_CURVE('',#839,#960,#1055,.T.);
#1055 = SURFACE_CURVE('',#1056,(#1060,#1067),.PCURVE_S1.);
#1056 = LINE('',#1057,#1058);
#1057 = CARTESIAN_POINT('',(-15.20955771225,65.418197372996,
    3.022229467163));
#1058 = VECTOR('',#1059,1.);
#1059 = DIRECTION('',(-1.,1.224646799147E-16,0.));
#1060 = PCURVE('',#877,#1061);
#1061 = DEFINITIONAL_REPRESENTATION('',(#1062),#1066);
#1062 = LINE('',#1063,#1064);
#1063 = CARTESIAN_POINT('',(0.785398163397,5.1147188541E-02));
#1064 = VECTOR('',#1065,1.);
#1065 = DIRECTION('',(0.,1.));
#1066 = ( GEOMETRIC_REPRESENTATION_CONTEXT(2) 
PARAMETRIC_REPRESENTATION_CONTEXT() REPRESENTATION_CONTEXT('2D SPACE',''
  ) );
#1067 = PCURVE('',#117,#1068);
#1068 = DEFINITIONAL_REPRESENTATION('',(#1069),#1073);
#1069 = LINE('',#1070,#1071);
#1070 = CARTESIAN_POINT('',(-0.766967530843,4.232364442008));
#1071 = VECTOR('',#1072,1.);
#1072 = DIRECTION('',(1.,1.499759782662E-32));
#1073 = ( GEOMETRIC_REPRESENTATION_CONTEXT(2) 
PARAMETRIC_REPRESENTATION_CONTEXT() REPRESENTATION_CONTEXT('2D SPACE',''
  ) );
#1074 = ADVANCED_FACE('',(#1075),#998,.F.);
#1075 = FACE_BOUND('',#1076,.F.);
#1076 = EDGE_LOOP('',(#1077,#1147,#1168,#1169));
#1077 = ORIENTED_EDGE('',*,*,#1078,.F.);
#1078 = EDGE_CURVE('',#1079,#1081,#1083,.T.);
#1079 = VERTEX_POINT('',#1080);
#1080 = CARTESIAN_POINT('',(-14.82696524101,65.318197372996,
    1.537463737855));
#1081 = VERTEX_POINT('',#1082);
#1082 = CARTESIAN_POINT('',(-14.92696524101,65.418197372996,
    1.637463737855));
#1083 = SURFACE_CURVE('',#1084,(#1089,#1118),.PCURVE_S1.);
#1084 = ELLIPSE('',#1085,0.141421356237,0.1);
#1085 = AXIS2_PLACEMENT_3D('',#1086,#1087,#1088);
#1086 = CARTESIAN_POINT('',(-14.82696524101,65.418197372996,
    1.537463737855));
#1087 = DIRECTION('',(-0.707106781187,0.,-0.707106781187));
#1088 = DIRECTION('',(-0.707106781187,0.,0.707106781187));
#1089 = PCURVE('',#998,#1090);
#1090 = DEFINITIONAL_REPRESENTATION('',(#1091),#1117);
#1091 = B_SPLINE_CURVE_WITH_KNOTS('',3,(#1092,#1093,#1094,#1095,#1096,
    #1097,#1098,#1099,#1100,#1101,#1102,#1103,#1104,#1105,#1106,#1107,
    #1108,#1109,#1110,#1111,#1112,#1113,#1114,#1115,#1116),
  .UNSPECIFIED.,.F.,.F.,(4,1,1,1,1,1,1,1,1,1,1,1,1,1,1,1,1,1,1,1,1,1,4),
  (4.712388980385,4.783788813421,4.855188646457,4.926588479493,
    4.997988312529,5.069388145565,5.140787978601,5.212187811638,
    5.283587644674,5.35498747771,5.426387310746,5.497787143782,
    5.569186976818,5.640586809854,5.711986642891,5.783386475927,
    5.854786308963,5.926186141999,5.997585975035,6.068985808071,
    6.140385641107,6.211785474143,6.28318530718),.QUASI_UNIFORM_KNOTS.);
#1092 = CARTESIAN_POINT('',(5.497787143782,0.994043040462));
#1093 = CARTESIAN_POINT('',(5.521587088128,0.991663027505));
#1094 = CARTESIAN_POINT('',(5.569186976818,0.986903066946));
#1095 = CARTESIAN_POINT('',(5.640586809854,0.979799457285));
#1096 = CARTESIAN_POINT('',(5.711986642891,0.972768443723));
#1097 = CARTESIAN_POINT('',(5.783386475927,0.965845836862));
#1098 = CARTESIAN_POINT('',(5.854786308963,0.959066917496));
#1099 = CARTESIAN_POINT('',(5.926186141999,0.952466228165));
#1100 = CARTESIAN_POINT('',(5.997585975035,0.946077404812));
#1101 = CARTESIAN_POINT('',(6.068985808071,0.939933003324));
#1102 = CARTESIAN_POINT('',(6.140385641107,0.934064334188));
#1103 = CARTESIAN_POINT('',(6.211785474143,0.928501302789));
#1104 = CARTESIAN_POINT('',(6.28318530718,0.923272257062));
#1105 = CARTESIAN_POINT('',(6.354585140216,0.918403843024));
#1106 = CARTESIAN_POINT('',(6.425984973252,0.913920869002));
#1107 = CARTESIAN_POINT('',(6.497384806288,0.909846179185));
#1108 = CARTESIAN_POINT('',(6.568784639324,0.906200537332));
#1109 = CARTESIAN_POINT('',(6.64018447236,0.903002520518));
#1110 = CARTESIAN_POINT('',(6.711584305396,0.900268426154));
#1111 = CARTESIAN_POINT('',(6.782984138433,0.898012182637));
#1112 = CARTESIAN_POINT('',(6.854383971469,0.896245301901));
#1113 = CARTESIAN_POINT('',(6.925783804505,0.894976732946));
#1114 = CARTESIAN_POINT('',(6.997183637541,0.894213143957));
#1115 = CARTESIAN_POINT('',(7.044783526232,0.894042824806));
#1116 = CARTESIAN_POINT('',(7.068583470577,0.894043040462));
#1117 = ( GEOMETRIC_REPRESENTATION_CONTEXT(2) 
PARAMETRIC_REPRESENTATION_CONTEXT() REPRESENTATION_CONTEXT('2D SPACE',''
  ) );
#1118 = PCURVE('',#67,#1119);
#1119 = DEFINITIONAL_REPRESENTATION('',(#1120),#1146);
#1120 = B_SPLINE_CURVE_WITH_KNOTS('',3,(#1121,#1122,#1123,#1124,#1125,
    #1126,#1127,#1128,#1129,#1130,#1131,#1132,#1133,#1134,#1135,#1136,
    #1137,#1138,#1139,#1140,#1141,#1142,#1143,#1144,#1145),
  .UNSPECIFIED.,.F.,.F.,(4,1,1,1,1,1,1,1,1,1,1,1,1,1,1,1,1,1,1,1,1,1,4),
  (4.712388980385,4.783788813421,4.855188646457,4.926588479493,
    4.997988312529,5.069388145565,5.140787978601,5.212187811638,
    5.283587644674,5.35498747771,5.426387310746,5.497787143782,
    5.569186976818,5.640586809854,5.711986642891,5.783386475927,
    5.854786308963,5.926186141999,5.997585975035,6.068985808071,
    6.140385641107,6.211785474143,6.28318530718),.QUASI_UNIFORM_KNOTS.);
#1121 = CARTESIAN_POINT('',(5.497787143782,-0.5736328125));
#1122 = CARTESIAN_POINT('',(5.521587088128,-0.571252799543));
#1123 = CARTESIAN_POINT('',(5.569186976818,-0.566492838984));
#1124 = CARTESIAN_POINT('',(5.640586809854,-0.559389229323));
#1125 = CARTESIAN_POINT('',(5.71198664289,-0.552358215761));
#1126 = CARTESIAN_POINT('',(5.783386475927,-0.5454356089));
#1127 = CARTESIAN_POINT('',(5.854786308963,-0.538656689534));
#1128 = CARTESIAN_POINT('',(5.926186141999,-0.532056000204));
#1129 = CARTESIAN_POINT('',(5.997585975035,-0.52566717685));
#1130 = CARTESIAN_POINT('',(6.068985808071,-0.519522775363));
#1131 = CARTESIAN_POINT('',(6.140385641107,-0.513654106226));
#1132 = CARTESIAN_POINT('',(6.211785474144,-0.508091074827));
#1133 = CARTESIAN_POINT('',(6.283185307179,-0.5028620291));
#1134 = CARTESIAN_POINT('',(6.354585140216,-0.497993615062));
#1135 = CARTESIAN_POINT('',(6.425984973252,-0.49351064104));
#1136 = CARTESIAN_POINT('',(6.497384806288,-0.489435951223));
#1137 = CARTESIAN_POINT('',(6.568784639324,-0.48579030937));
#1138 = CARTESIAN_POINT('',(6.64018447236,-0.482592292556));
#1139 = CARTESIAN_POINT('',(6.711584305396,-0.479858198192));
#1140 = CARTESIAN_POINT('',(6.782984138433,-0.477601954675));
#1141 = CARTESIAN_POINT('',(6.854383971469,-0.47583507394));
#1142 = CARTESIAN_POINT('',(6.925783804505,-0.474566504984));
#1143 = CARTESIAN_POINT('',(6.997183637541,-0.473802915995));
#1144 = CARTESIAN_POINT('',(7.044783526232,-0.473632596844));
#1145 = CARTESIAN_POINT('',(7.068583470577,-0.4736328125));
#1146 = ( GEOMETRIC_REPRESENTATION_CONTEXT(2) 
PARAMETRIC_REPRESENTATION_CONTEXT() REPRESENTATION_CONTEXT('2D SPACE',''
  ) );
#1147 = ORIENTED_EDGE('',*,*,#1148,.F.);
#1148 = EDGE_CURVE('',#958,#1079,#1149,.T.);
#1149 = SURFACE_CURVE('',#1150,(#1154,#1161),.PCURVE_S1.);
#1150 = LINE('',#1151,#1152);
#1151 = CARTESIAN_POINT('',(-14.82696524101,65.318197372996,
    2.531506778317));
#1152 = VECTOR('',#1153,1.);
#1153 = DIRECTION('',(-2.999519565324E-32,0.,-1.));
#1154 = PCURVE('',#998,#1155);
#1155 = DEFINITIONAL_REPRESENTATION('',(#1156),#1160);
#1156 = LINE('',#1157,#1158);
#1157 = CARTESIAN_POINT('',(5.497787143782,0.));
#1158 = VECTOR('',#1159,1.);
#1159 = DIRECTION('',(0.,1.));
#1160 = ( GEOMETRIC_REPRESENTATION_CONTEXT(2) 
PARAMETRIC_REPRESENTATION_CONTEXT() REPRESENTATION_CONTEXT('2D SPACE',''
  ) );
#1161 = PCURVE('',#216,#1162);
#1162 = DEFINITIONAL_REPRESENTATION('',(#1163),#1167);
#1163 = LINE('',#1164,#1165);
#1164 = CARTESIAN_POINT('',(-0.490722688846,1.047265625));
#1165 = VECTOR('',#1166,1.);
#1166 = DIRECTION('',(1.,-2.999519565324E-32));
#1167 = ( GEOMETRIC_REPRESENTATION_CONTEXT(2) 
PARAMETRIC_REPRESENTATION_CONTEXT() REPRESENTATION_CONTEXT('2D SPACE',''
  ) );
#1168 = ORIENTED_EDGE('',*,*,#957,.T.);
#1169 = ORIENTED_EDGE('',*,*,#1170,.T.);
#1170 = EDGE_CURVE('',#960,#1081,#1171,.T.);
#1171 = SURFACE_CURVE('',#1172,(#1176,#1183),.PCURVE_S1.);
#1172 = LINE('',#1173,#1174);
#1173 = CARTESIAN_POINT('',(-14.92696524101,65.418197372996,
    0.906047246159));
#1174 = VECTOR('',#1175,1.);
#1175 = DIRECTION('',(-2.999519565324E-32,-2.449293598295E-16,-1.));
#1176 = PCURVE('',#998,#1177);
#1177 = DEFINITIONAL_REPRESENTATION('',(#1178),#1182);
#1178 = LINE('',#1179,#1180);
#1179 = CARTESIAN_POINT('',(7.068583470577,1.625459532158));
#1180 = VECTOR('',#1181,1.);
#1181 = DIRECTION('',(0.,1.));
#1182 = ( GEOMETRIC_REPRESENTATION_CONTEXT(2) 
PARAMETRIC_REPRESENTATION_CONTEXT() REPRESENTATION_CONTEXT('2D SPACE',''
  ) );
#1183 = PCURVE('',#117,#1184);
#1184 = DEFINITIONAL_REPRESENTATION('',(#1185),#1189);
#1185 = LINE('',#1186,#1187);
#1186 = CARTESIAN_POINT('',(-1.049560002082,2.116182221004));
#1187 = VECTOR('',#1188,1.);
#1188 = DIRECTION('',(1.499759782662E-32,-1.));
#1189 = ( GEOMETRIC_REPRESENTATION_CONTEXT(2) 
PARAMETRIC_REPRESENTATION_CONTEXT() REPRESENTATION_CONTEXT('2D SPACE',''
  ) );
#1190 = ADVANCED_FACE('',(#1191),#67,.F.);
#1191 = FACE_BOUND('',#1192,.F.);
#1192 = EDGE_LOOP('',(#1193,#1194,#1215,#1216));
#1193 = ORIENTED_EDGE('',*,*,#21,.F.);
#1194 = ORIENTED_EDGE('',*,*,#1195,.F.);
#1195 = EDGE_CURVE('',#1079,#22,#1196,.T.);
#1196 = SURFACE_CURVE('',#1197,(#1201,#1208),.PCURVE_S1.);
#1197 = LINE('',#1198,#1199);
#1198 = CARTESIAN_POINT('',(-15.40059805351,65.318197372996,
    1.537463737855));
#1199 = VECTOR('',#1200,1.);
#1200 = DIRECTION('',(-1.,0.,-4.095346639914E-16));
#1201 = PCURVE('',#67,#1202);
#1202 = DEFINITIONAL_REPRESENTATION('',(#1203),#1207);
#1203 = LINE('',#1204,#1205);
#1204 = CARTESIAN_POINT('',(5.497787143782,0.));
#1205 = VECTOR('',#1206,1.);
#1206 = DIRECTION('',(0.,1.));
#1207 = ( GEOMETRIC_REPRESENTATION_CONTEXT(2) 
PARAMETRIC_REPRESENTATION_CONTEXT() REPRESENTATION_CONTEXT('2D SPACE',''
  ) );
#1208 = PCURVE('',#216,#1209);
#1209 = DEFINITIONAL_REPRESENTATION('',(#1210),#1214);
#1210 = LINE('',#1211,#1212);
#1211 = CARTESIAN_POINT('',(0.503320351616,0.4736328125));
#1212 = VECTOR('',#1213,1.);
#1213 = DIRECTION('',(4.095346639914E-16,-1.));
#1214 = ( GEOMETRIC_REPRESENTATION_CONTEXT(2) 
PARAMETRIC_REPRESENTATION_CONTEXT() REPRESENTATION_CONTEXT('2D SPACE',''
  ) );
#1215 = ORIENTED_EDGE('',*,*,#1078,.T.);
#1216 = ORIENTED_EDGE('',*,*,#1217,.T.);
#1217 = EDGE_CURVE('',#1081,#24,#1218,.T.);
#1218 = SURFACE_CURVE('',#1219,(#1223,#1230),.PCURVE_S1.);
#1219 = LINE('',#1220,#1221);
#1220 = CARTESIAN_POINT('',(-15.45174524206,65.418197372996,
    1.637463737855));
#1221 = VECTOR('',#1222,1.);
#1222 = DIRECTION('',(-1.,1.224646799147E-16,-4.095346639914E-16));
#1223 = PCURVE('',#67,#1224);
#1224 = DEFINITIONAL_REPRESENTATION('',(#1225),#1229);
#1225 = LINE('',#1226,#1227);
#1226 = CARTESIAN_POINT('',(7.068583470577,5.1147188541E-02));
#1227 = VECTOR('',#1228,1.);
#1228 = DIRECTION('',(0.,1.));
#1229 = ( GEOMETRIC_REPRESENTATION_CONTEXT(2) 
PARAMETRIC_REPRESENTATION_CONTEXT() REPRESENTATION_CONTEXT('2D SPACE',''
  ) );
#1230 = PCURVE('',#117,#1231);
#1231 = DEFINITIONAL_REPRESENTATION('',(#1232),#1236);
#1232 = LINE('',#1233,#1234);
#1233 = CARTESIAN_POINT('',(-0.524780001041,2.8475987127));
#1234 = VECTOR('',#1235,1.);
#1235 = DIRECTION('',(1.,-4.095346639914E-16));
#1236 = ( GEOMETRIC_REPRESENTATION_CONTEXT(2) 
PARAMETRIC_REPRESENTATION_CONTEXT() REPRESENTATION_CONTEXT('2D SPACE',''
  ) );
#1237 = ADVANCED_FACE('',(#1238),#216,.F.);
#1238 = FACE_BOUND('',#1239,.T.);
#1239 = EDGE_LOOP('',(#1240,#1241,#1242,#1243,#1244,#1245,#1246,#1247,
    #1248,#1249));
#1240 = ORIENTED_EDGE('',*,*,#202,.F.);
#1241 = ORIENTED_EDGE('',*,*,#1195,.F.);
#1242 = ORIENTED_EDGE('',*,*,#1148,.F.);
#1243 = ORIENTED_EDGE('',*,*,#1032,.F.);
#1244 = ORIENTED_EDGE('',*,*,#911,.F.);
#1245 = ORIENTED_EDGE('',*,*,#790,.F.);
#1246 = ORIENTED_EDGE('',*,*,#669,.F.);
#1247 = ORIENTED_EDGE('',*,*,#570,.F.);
#1248 = ORIENTED_EDGE('',*,*,#449,.F.);
#1249 = ORIENTED_EDGE('',*,*,#328,.F.);
#1250 = ADVANCED_FACE('',(#1251),#1265,.T.);
#1251 = FACE_BOUND('',#1252,.T.);
#1252 = EDGE_LOOP('',(#1253,#1288,#1316,#1344,#1394,#1422,#1450,#1478,
    #1506,#1534,#1557,#1585,#1608,#1636,#1664,#1692,#1742,#1770));
#1253 = ORIENTED_EDGE('',*,*,#1254,.F.);
#1254 = EDGE_CURVE('',#1255,#1257,#1259,.T.);
#1255 = VERTEX_POINT('',#1256);
#1256 = CARTESIAN_POINT('',(-16.7265252431,58.668197372996,
    -0.170330904824));
#1257 = VERTEX_POINT('',#1258);
#1258 = CARTESIAN_POINT('',(-15.2265252431,58.668197372996,
    -0.170330904824));
#1259 = SURFACE_CURVE('',#1260,(#1264,#1276),.PCURVE_S1.);
#1260 = LINE('',#1261,#1262);
#1261 = CARTESIAN_POINT('',(-14.21374220486,58.668197372996,
    -0.170330904824));
#1262 = VECTOR('',#1263,1.);
#1263 = DIRECTION('',(1.,-1.224646799147E-16,1.499759782662E-32));
#1264 = PCURVE('',#1265,#1270);
#1265 = PLANE('',#1266);
#1266 = AXIS2_PLACEMENT_3D('',#1267,#1268,#1269);
#1267 = CARTESIAN_POINT('',(-12.45095916662,58.316934703237,
    -0.170330904824));
#1268 = DIRECTION('',(0.,-1.224646799147E-16,-1.));
#1269 = DIRECTION('',(1.224646799147E-16,1.,-1.224646799147E-16));
#1270 = DEFINITIONAL_REPRESENTATION('',(#1271),#1275);
#1271 = LINE('',#1272,#1273);
#1272 = CARTESIAN_POINT('',(0.351262669758,-1.76278303824));
#1273 = VECTOR('',#1274,1.);
#1274 = DIRECTION('',(-1.836676017327E-48,1.));
#1275 = ( GEOMETRIC_REPRESENTATION_CONTEXT(2) 
PARAMETRIC_REPRESENTATION_CONTEXT() REPRESENTATION_CONTEXT('2D SPACE',''
  ) );
#1276 = PCURVE('',#1277,#1282);
#1277 = PLANE('',#1278);
#1278 = AXIS2_PLACEMENT_3D('',#1279,#1280,#1281);
#1279 = CARTESIAN_POINT('',(-15.9765252431,58.668197372996,
    -1.210134974844));
#1280 = DIRECTION('',(-1.224646799147E-16,-1.,2.449293598295E-16));
#1281 = DIRECTION('',(1.,-1.224646799147E-16,1.499759782662E-32));
#1282 = DEFINITIONAL_REPRESENTATION('',(#1283),#1287);
#1283 = LINE('',#1284,#1285);
#1284 = CARTESIAN_POINT('',(1.76278303824,1.03980407002));
#1285 = VECTOR('',#1286,1.);
#1286 = DIRECTION('',(1.,0.));
#1287 = ( GEOMETRIC_REPRESENTATION_CONTEXT(2) 
PARAMETRIC_REPRESENTATION_CONTEXT() REPRESENTATION_CONTEXT('2D SPACE',''
  ) );
#1288 = ORIENTED_EDGE('',*,*,#1289,.F.);
#1289 = EDGE_CURVE('',#1290,#1255,#1292,.T.);
#1290 = VERTEX_POINT('',#1291);
#1291 = CARTESIAN_POINT('',(-16.7265252431,51.668197372996,
    -0.170330904824));
#1292 = SURFACE_CURVE('',#1293,(#1297,#1304),.PCURVE_S1.);
#1293 = LINE('',#1294,#1295);
#1294 = CARTESIAN_POINT('',(-16.7265252431,54.462566038116,
    -0.170330904824));
#1295 = VECTOR('',#1296,1.);
#1296 = DIRECTION('',(1.224646799147E-16,1.,-1.224646799147E-16));
#1297 = PCURVE('',#1265,#1298);
#1298 = DEFINITIONAL_REPRESENTATION('',(#1299),#1303);
#1299 = LINE('',#1300,#1301);
#1300 = CARTESIAN_POINT('',(-3.854368665121,-4.275566076479));
#1301 = VECTOR('',#1302,1.);
#1302 = DIRECTION('',(1.,-1.836676017327E-48));
#1303 = ( GEOMETRIC_REPRESENTATION_CONTEXT(2) 
PARAMETRIC_REPRESENTATION_CONTEXT() REPRESENTATION_CONTEXT('2D SPACE',''
  ) );
#1304 = PCURVE('',#1305,#1310);
#1305 = PLANE('',#1306);
#1306 = AXIS2_PLACEMENT_3D('',#1307,#1308,#1309);
#1307 = CARTESIAN_POINT('',(-16.7265252431,50.608197372996,
    1.729865025156));
#1308 = DIRECTION('',(1.,-1.224646799147E-16,1.499759782662E-32));
#1309 = DIRECTION('',(1.224646799147E-16,1.,-2.449293598295E-16));
#1310 = DEFINITIONAL_REPRESENTATION('',(#1311),#1315);
#1311 = LINE('',#1312,#1313);
#1312 = CARTESIAN_POINT('',(3.854368665121,-1.90019592998));
#1313 = VECTOR('',#1314,1.);
#1314 = DIRECTION('',(1.,1.224646799147E-16));
#1315 = ( GEOMETRIC_REPRESENTATION_CONTEXT(2) 
PARAMETRIC_REPRESENTATION_CONTEXT() REPRESENTATION_CONTEXT('2D SPACE',''
  ) );
#1316 = ORIENTED_EDGE('',*,*,#1317,.F.);
#1317 = EDGE_CURVE('',#1318,#1290,#1320,.T.);
#1318 = VERTEX_POINT('',#1319);
#1319 = CARTESIAN_POINT('',(-17.60110378158,51.668197372996,
    -0.170330904824));
#1320 = SURFACE_CURVE('',#1321,(#1325,#1332),.PCURVE_S1.);
#1321 = LINE('',#1322,#1323);
#1322 = CARTESIAN_POINT('',(-15.02624220486,51.668197372996,
    -0.170330904824));
#1323 = VECTOR('',#1324,1.);
#1324 = DIRECTION('',(1.,-1.224646799147E-16,1.499759782662E-32));
#1325 = PCURVE('',#1265,#1326);
#1326 = DEFINITIONAL_REPRESENTATION('',(#1327),#1331);
#1327 = LINE('',#1328,#1329);
#1328 = CARTESIAN_POINT('',(-6.648737330242,-2.57528303824));
#1329 = VECTOR('',#1330,1.);
#1330 = DIRECTION('',(-1.836676017327E-48,1.));
#1331 = ( GEOMETRIC_REPRESENTATION_CONTEXT(2) 
PARAMETRIC_REPRESENTATION_CONTEXT() REPRESENTATION_CONTEXT('2D SPACE',''
  ) );
#1332 = PCURVE('',#1333,#1338);
#1333 = PLANE('',#1334);
#1334 = AXIS2_PLACEMENT_3D('',#1335,#1336,#1337);
#1335 = CARTESIAN_POINT('',(-17.6015252431,51.668197372996,
    -1.210134974844));
#1336 = DIRECTION('',(-1.224646799147E-16,-1.,2.449293598295E-16));
#1337 = DIRECTION('',(1.,-1.224646799147E-16,1.499759782662E-32));
#1338 = DEFINITIONAL_REPRESENTATION('',(#1339),#1343);
#1339 = LINE('',#1340,#1341);
#1340 = CARTESIAN_POINT('',(2.57528303824,1.03980407002));
#1341 = VECTOR('',#1342,1.);
#1342 = DIRECTION('',(1.,0.));
#1343 = ( GEOMETRIC_REPRESENTATION_CONTEXT(2) 
PARAMETRIC_REPRESENTATION_CONTEXT() REPRESENTATION_CONTEXT('2D SPACE',''
  ) );
#1344 = ORIENTED_EDGE('',*,*,#1345,.F.);
#1345 = EDGE_CURVE('',#1346,#1318,#1348,.T.);
#1346 = VERTEX_POINT('',#1347);
#1347 = CARTESIAN_POINT('',(-18.29800223581,52.168197372996,
    -0.170330904824));
#1348 = SURFACE_CURVE('',#1349,(#1353,#1360),.PCURVE_S1.);
#1349 = ( BOUNDED_CURVE() B_SPLINE_CURVE(2,(#1350,#1351,#1352),
.UNSPECIFIED.,.F.,.F.) B_SPLINE_CURVE_WITH_KNOTS((3,3),(0.,
8.57889296772E-02),.PIECEWISE_BEZIER_KNOTS.) CURVE() 
GEOMETRIC_REPRESENTATION_ITEM() RATIONAL_B_SPLINE_CURVE((1.,
1.00812553557,1.)) REPRESENTATION_ITEM('') );
#1350 = CARTESIAN_POINT('',(-18.29800223581,52.168197372996,
    -0.170330904824));
#1351 = CARTESIAN_POINT('',(-17.91787580623,51.874045786132,
    -0.170330904824));
#1352 = CARTESIAN_POINT('',(-17.60110378158,51.668197372996,
    -0.170330904824));
#1353 = PCURVE('',#1265,#1354);
#1354 = DEFINITIONAL_REPRESENTATION('',(#1355),#1359);
#1355 = ( BOUNDED_CURVE() B_SPLINE_CURVE(2,(#1356,#1357,#1358),
.UNSPECIFIED.,.F.,.F.) B_SPLINE_CURVE_WITH_KNOTS((3,3),(0.,
8.57889296772E-02),.PIECEWISE_BEZIER_KNOTS.) CURVE() 
GEOMETRIC_REPRESENTATION_ITEM() RATIONAL_B_SPLINE_CURVE((1.,
1.00812553557,1.)) REPRESENTATION_ITEM('') );
#1356 = CARTESIAN_POINT('',(-6.148737330242,-5.847043069191));
#1357 = CARTESIAN_POINT('',(-6.442888917106,-5.466916639611));
#1358 = CARTESIAN_POINT('',(-6.648737330242,-5.150144614959));
#1359 = ( GEOMETRIC_REPRESENTATION_CONTEXT(2) 
PARAMETRIC_REPRESENTATION_CONTEXT() REPRESENTATION_CONTEXT('2D SPACE',''
  ) );
#1360 = PCURVE('',#1361,#1366);
#1361 = CONICAL_SURFACE('',#1362,0.33012,0.785398163397);
#1362 = AXIS2_PLACEMENT_3D('',#1363,#1364,#1365);
#1363 = CARTESIAN_POINT('',(-15.9765252431,49.498317372996,
    1.729865025155));
#1364 = DIRECTION('',(-1.009685715925E-13,1.,-1.237473440733E-15));
#1365 = DIRECTION('',(-0.581108581115,-5.968079148031E-14,
    -0.813826036051));
#1366 = DEFINITIONAL_REPRESENTATION('',(#1367),#1393);
#1367 = B_SPLINE_CURVE_WITH_KNOTS('',3,(#1368,#1369,#1370,#1371,#1372,
    #1373,#1374,#1375,#1376,#1377,#1378,#1379,#1380,#1381,#1382,#1383,
    #1384,#1385,#1386,#1387,#1388,#1389,#1390,#1391,#1392),
  .UNSPECIFIED.,.F.,.F.,(4,1,1,1,1,1,1,1,1,1,1,1,1,1,1,1,1,1,1,1,1,1,4),
  (0.,3.899496803509E-03,7.798993607018E-03,1.169849041053E-02,
    1.559798721404E-02,1.949748401754E-02,2.339698082105E-02,
    2.729647762456E-02,3.119597442807E-02,3.509547123158E-02,
    3.899496803509E-02,4.28944648386E-02,4.679396164211E-02,
    5.069345844562E-02,5.459295524912E-02,5.849245205263E-02,
    6.239194885614E-02,6.629144565965E-02,7.019094246316E-02,
    7.409043926667E-02,7.798993607018E-02,8.188943287369E-02,
    8.57889296772E-02),.QUASI_UNIFORM_KNOTS.);
#1368 = CARTESIAN_POINT('',(0.2647687526,2.66988));
#1369 = CARTESIAN_POINT('',(0.262316954798,2.660893902428));
#1370 = CARTESIAN_POINT('',(0.257393138929,2.643063138845));
#1371 = CARTESIAN_POINT('',(0.249946198953,2.61673521299));
#1372 = CARTESIAN_POINT('',(0.242437488338,2.590819360361));
#1373 = CARTESIAN_POINT('',(0.234866449444,2.565309683596));
#1374 = CARTESIAN_POINT('',(0.22723252272,2.540200442785));
#1375 = CARTESIAN_POINT('',(0.219535146548,2.515486074503));
#1376 = CARTESIAN_POINT('',(0.211773757472,2.491161181465));
#1377 = CARTESIAN_POINT('',(0.203947790331,2.467220530286));
#1378 = CARTESIAN_POINT('',(0.196056678433,2.443659047282));
#1379 = CARTESIAN_POINT('',(0.188099853724,2.420471815013));
#1380 = CARTESIAN_POINT('',(0.180076746971,2.397654068828));
#1381 = CARTESIAN_POINT('',(0.171986787951,2.375201193614));
#1382 = CARTESIAN_POINT('',(0.16382940565,2.353108720683));
#1383 = CARTESIAN_POINT('',(0.155604028469,2.331372324805));
#1384 = CARTESIAN_POINT('',(0.14731008444,2.309987821381));
#1385 = CARTESIAN_POINT('',(0.138947001453,2.288951163786));
#1386 = CARTESIAN_POINT('',(0.130514207493,2.268258440734));
#1387 = CARTESIAN_POINT('',(0.122011130883,2.247905874169));
#1388 = CARTESIAN_POINT('',(0.113437200532,2.227889815853));
#1389 = CARTESIAN_POINT('',(0.104791846252,2.208206749388));
#1390 = CARTESIAN_POINT('',(9.607449882499E-02,2.188853272569));
#1391 = CARTESIAN_POINT('',(9.021456032657E-02,2.176168526679));
#1392 = CARTESIAN_POINT('',(8.727240306425E-02,2.16988));
#1393 = ( GEOMETRIC_REPRESENTATION_CONTEXT(2) 
PARAMETRIC_REPRESENTATION_CONTEXT() REPRESENTATION_CONTEXT('2D SPACE',''
  ) );
#1394 = ORIENTED_EDGE('',*,*,#1395,.F.);
#1395 = EDGE_CURVE('',#1396,#1346,#1398,.T.);
#1396 = VERTEX_POINT('',#1397);
#1397 = CARTESIAN_POINT('',(-18.29800223581,52.918197372996,
    -0.170330904824));
#1398 = SURFACE_CURVE('',#1399,(#1403,#1410),.PCURVE_S1.);
#1399 = LINE('',#1400,#1401);
#1400 = CARTESIAN_POINT('',(-18.29800223581,52.091997372996,
    -0.170330904824));
#1401 = VECTOR('',#1402,1.);
#1402 = DIRECTION('',(-1.224646799147E-16,-1.,2.449293598295E-16));
#1403 = PCURVE('',#1265,#1404);
#1404 = DEFINITIONAL_REPRESENTATION('',(#1405),#1409);
#1405 = LINE('',#1406,#1407);
#1406 = CARTESIAN_POINT('',(-6.224937330242,-5.847043069191));
#1407 = VECTOR('',#1408,1.);
#1408 = DIRECTION('',(-1.,1.836676017327E-48));
#1409 = ( GEOMETRIC_REPRESENTATION_CONTEXT(2) 
PARAMETRIC_REPRESENTATION_CONTEXT() REPRESENTATION_CONTEXT('2D SPACE',''
  ) );
#1410 = PCURVE('',#1411,#1416);
#1411 = CYLINDRICAL_SURFACE('',#1412,3.);
#1412 = AXIS2_PLACEMENT_3D('',#1413,#1414,#1415);
#1413 = CARTESIAN_POINT('',(-15.9765252431,52.091997372996,
    1.729865025155));
#1414 = DIRECTION('',(-1.224646799147E-16,-1.,2.449293598295E-16));
#1415 = DIRECTION('',(5.921189464667E-15,2.449293598295E-16,1.));
#1416 = DEFINITIONAL_REPRESENTATION('',(#1417),#1421);
#1417 = LINE('',#1418,#1419);
#1418 = CARTESIAN_POINT('',(2.256733687345,0.));
#1419 = VECTOR('',#1420,1.);
#1420 = DIRECTION('',(0.,1.));
#1421 = ( GEOMETRIC_REPRESENTATION_CONTEXT(2) 
PARAMETRIC_REPRESENTATION_CONTEXT() REPRESENTATION_CONTEXT('2D SPACE',''
  ) );
#1422 = ORIENTED_EDGE('',*,*,#1423,.F.);
#1423 = EDGE_CURVE('',#1424,#1396,#1426,.T.);
#1424 = VERTEX_POINT('',#1425);
#1425 = CARTESIAN_POINT('',(-17.60110378158,52.918197372996,
    -0.170330904824));
#1426 = SURFACE_CURVE('',#1427,(#1431,#1438),.PCURVE_S1.);
#1427 = LINE('',#1428,#1429);
#1428 = CARTESIAN_POINT('',(-15.28267597541,52.918197372996,
    -0.170330904824));
#1429 = VECTOR('',#1430,1.);
#1430 = DIRECTION('',(-1.,1.224646799147E-16,-1.499759782662E-32));
#1431 = PCURVE('',#1265,#1432);
#1432 = DEFINITIONAL_REPRESENTATION('',(#1433),#1437);
#1433 = LINE('',#1434,#1435);
#1434 = CARTESIAN_POINT('',(-5.398737330242,-2.831716808794));
#1435 = VECTOR('',#1436,1.);
#1436 = DIRECTION('',(1.836676017327E-48,-1.));
#1437 = ( GEOMETRIC_REPRESENTATION_CONTEXT(2) 
PARAMETRIC_REPRESENTATION_CONTEXT() REPRESENTATION_CONTEXT('2D SPACE',''
  ) );
#1438 = PCURVE('',#1439,#1444);
#1439 = PLANE('',#1440);
#1440 = AXIS2_PLACEMENT_3D('',#1441,#1442,#1443);
#1441 = CARTESIAN_POINT('',(-18.11439278421,52.918197372996,
    -1.210134974844));
#1442 = DIRECTION('',(1.224646799147E-16,1.,-2.449293598295E-16));
#1443 = DIRECTION('',(-1.,1.224646799147E-16,-1.499759782662E-32));
#1444 = DEFINITIONAL_REPRESENTATION('',(#1445),#1449);
#1445 = LINE('',#1446,#1447);
#1446 = CARTESIAN_POINT('',(-2.831716808794,1.03980407002));
#1447 = VECTOR('',#1448,1.);
#1448 = DIRECTION('',(1.,0.));
#1449 = ( GEOMETRIC_REPRESENTATION_CONTEXT(2) 
PARAMETRIC_REPRESENTATION_CONTEXT() REPRESENTATION_CONTEXT('2D SPACE',''
  ) );
#1450 = ORIENTED_EDGE('',*,*,#1451,.F.);
#1451 = EDGE_CURVE('',#1452,#1424,#1454,.T.);
#1452 = VERTEX_POINT('',#1453);
#1453 = CARTESIAN_POINT('',(-17.60110378158,63.418197372996,
    -0.170330904824));
#1454 = SURFACE_CURVE('',#1455,(#1459,#1466),.PCURVE_S1.);
#1455 = LINE('',#1456,#1457);
#1456 = CARTESIAN_POINT('',(-17.60110378158,51.866997372996,
    -0.170330904824));
#1457 = VECTOR('',#1458,1.);
#1458 = DIRECTION('',(-1.224646799147E-16,-1.,2.449293598295E-16));
#1459 = PCURVE('',#1265,#1460);
#1460 = DEFINITIONAL_REPRESENTATION('',(#1461),#1465);
#1461 = LINE('',#1462,#1463);
#1462 = CARTESIAN_POINT('',(-6.449937330242,-5.15014461496));
#1463 = VECTOR('',#1464,1.);
#1464 = DIRECTION('',(-1.,1.836676017327E-48));
#1465 = ( GEOMETRIC_REPRESENTATION_CONTEXT(2) 
PARAMETRIC_REPRESENTATION_CONTEXT() REPRESENTATION_CONTEXT('2D SPACE',''
  ) );
#1466 = PCURVE('',#1467,#1472);
#1467 = CYLINDRICAL_SURFACE('',#1468,2.5);
#1468 = AXIS2_PLACEMENT_3D('',#1469,#1470,#1471);
#1469 = CARTESIAN_POINT('',(-15.9765252431,51.866997372996,
    1.729865025155));
#1470 = DIRECTION('',(-1.224646799147E-16,-1.,2.449293598295E-16));
#1471 = DIRECTION('',(7.1054273576E-15,2.449293598295E-16,1.));
#1472 = DEFINITIONAL_REPRESENTATION('',(#1473),#1477);
#1473 = LINE('',#1474,#1475);
#1474 = CARTESIAN_POINT('',(2.43423003688,0.));
#1475 = VECTOR('',#1476,1.);
#1476 = DIRECTION('',(0.,1.));
#1477 = ( GEOMETRIC_REPRESENTATION_CONTEXT(2) 
PARAMETRIC_REPRESENTATION_CONTEXT() REPRESENTATION_CONTEXT('2D SPACE',''
  ) );
#1478 = ORIENTED_EDGE('',*,*,#1479,.F.);
#1479 = EDGE_CURVE('',#1480,#1452,#1482,.T.);
#1480 = VERTEX_POINT('',#1481);
#1481 = CARTESIAN_POINT('',(-19.3515252431,63.418197372996,
    -0.170330904824));
#1482 = SURFACE_CURVE('',#1483,(#1487,#1494),.PCURVE_S1.);
#1483 = LINE('',#1484,#1485);
#1484 = CARTESIAN_POINT('',(-15.30142597541,63.418197372996,
    -0.170330904824));
#1485 = VECTOR('',#1486,1.);
#1486 = DIRECTION('',(1.,-1.224646799147E-16,1.499759782662E-32));
#1487 = PCURVE('',#1265,#1488);
#1488 = DEFINITIONAL_REPRESENTATION('',(#1489),#1493);
#1489 = LINE('',#1490,#1491);
#1490 = CARTESIAN_POINT('',(5.101262669758,-2.850466808794));
#1491 = VECTOR('',#1492,1.);
#1492 = DIRECTION('',(-1.836676017327E-48,1.));
#1493 = ( GEOMETRIC_REPRESENTATION_CONTEXT(2) 
PARAMETRIC_REPRESENTATION_CONTEXT() REPRESENTATION_CONTEXT('2D SPACE',''
  ) );
#1494 = PCURVE('',#1495,#1500);
#1495 = PLANE('',#1496);
#1496 = AXIS2_PLACEMENT_3D('',#1497,#1498,#1499);
#1497 = CARTESIAN_POINT('',(-18.15189278421,63.418197372996,
    -1.210134974844));
#1498 = DIRECTION('',(-1.224646799147E-16,-1.,2.449293598295E-16));
#1499 = DIRECTION('',(1.,-1.224646799147E-16,1.499759782662E-32));
#1500 = DEFINITIONAL_REPRESENTATION('',(#1501),#1505);
#1501 = LINE('',#1502,#1503);
#1502 = CARTESIAN_POINT('',(2.850466808794,1.03980407002));
#1503 = VECTOR('',#1504,1.);
#1504 = DIRECTION('',(1.,0.));
#1505 = ( GEOMETRIC_REPRESENTATION_CONTEXT(2) 
PARAMETRIC_REPRESENTATION_CONTEXT() REPRESENTATION_CONTEXT('2D SPACE',''
  ) );
#1506 = ORIENTED_EDGE('',*,*,#1507,.F.);
#1507 = EDGE_CURVE('',#1508,#1480,#1510,.T.);
#1508 = VERTEX_POINT('',#1509);
#1509 = CARTESIAN_POINT('',(-19.3515252431,65.418197372996,
    -0.170330904824));
#1510 = SURFACE_CURVE('',#1511,(#1515,#1522),.PCURVE_S1.);
#1511 = LINE('',#1512,#1513);
#1512 = CARTESIAN_POINT('',(-19.3515252431,60.587566038116,
    -0.170330904824));
#1513 = VECTOR('',#1514,1.);
#1514 = DIRECTION('',(-1.224646799147E-16,-1.,1.224646799147E-16));
#1515 = PCURVE('',#1265,#1516);
#1516 = DEFINITIONAL_REPRESENTATION('',(#1517),#1521);
#1517 = LINE('',#1518,#1519);
#1518 = CARTESIAN_POINT('',(2.270631334879,-6.90056607648));
#1519 = VECTOR('',#1520,1.);
#1520 = DIRECTION('',(-1.,1.836676017327E-48));
#1521 = ( GEOMETRIC_REPRESENTATION_CONTEXT(2) 
PARAMETRIC_REPRESENTATION_CONTEXT() REPRESENTATION_CONTEXT('2D SPACE',''
  ) );
#1522 = PCURVE('',#1523,#1528);
#1523 = PLANE('',#1524);
#1524 = AXIS2_PLACEMENT_3D('',#1525,#1526,#1527);
#1525 = CARTESIAN_POINT('',(-19.3515252431,62.858197372996,
    1.729865025156));
#1526 = DIRECTION('',(-1.,1.224646799147E-16,-1.499759782662E-32));
#1527 = DIRECTION('',(-1.224646799147E-16,-1.,2.449293598295E-16));
#1528 = DEFINITIONAL_REPRESENTATION('',(#1529),#1533);
#1529 = LINE('',#1530,#1531);
#1530 = CARTESIAN_POINT('',(2.270631334879,-1.90019592998));
#1531 = VECTOR('',#1532,1.);
#1532 = DIRECTION('',(1.,-1.224646799147E-16));
#1533 = ( GEOMETRIC_REPRESENTATION_CONTEXT(2) 
PARAMETRIC_REPRESENTATION_CONTEXT() REPRESENTATION_CONTEXT('2D SPACE',''
  ) );
#1534 = ORIENTED_EDGE('',*,*,#1535,.F.);
#1535 = EDGE_CURVE('',#1536,#1508,#1538,.T.);
#1536 = VERTEX_POINT('',#1537);
#1537 = CARTESIAN_POINT('',(-12.6015252431,65.418197372996,
    -0.170330904824));
#1538 = SURFACE_CURVE('',#1539,(#1543,#1550),.PCURVE_S1.);
#1539 = LINE('',#1540,#1541);
#1540 = CARTESIAN_POINT('',(-14.21374220486,65.418197372996,
    -0.170330904824));
#1541 = VECTOR('',#1542,1.);
#1542 = DIRECTION('',(-1.,1.224646799147E-16,-1.499759782662E-32));
#1543 = PCURVE('',#1265,#1544);
#1544 = DEFINITIONAL_REPRESENTATION('',(#1545),#1549);
#1545 = LINE('',#1546,#1547);
#1546 = CARTESIAN_POINT('',(7.101262669758,-1.76278303824));
#1547 = VECTOR('',#1548,1.);
#1548 = DIRECTION('',(1.836676017327E-48,-1.));
#1549 = ( GEOMETRIC_REPRESENTATION_CONTEXT(2) 
PARAMETRIC_REPRESENTATION_CONTEXT() REPRESENTATION_CONTEXT('2D SPACE',''
  ) );
#1550 = PCURVE('',#117,#1551);
#1551 = DEFINITIONAL_REPRESENTATION('',(#1552),#1556);
#1552 = LINE('',#1553,#1554);
#1553 = CARTESIAN_POINT('',(-1.76278303824,1.03980407002));
#1554 = VECTOR('',#1555,1.);
#1555 = DIRECTION('',(1.,0.));
#1556 = ( GEOMETRIC_REPRESENTATION_CONTEXT(2) 
PARAMETRIC_REPRESENTATION_CONTEXT() REPRESENTATION_CONTEXT('2D SPACE',''
  ) );
#1557 = ORIENTED_EDGE('',*,*,#1558,.F.);
#1558 = EDGE_CURVE('',#1559,#1536,#1561,.T.);
#1559 = VERTEX_POINT('',#1560);
#1560 = CARTESIAN_POINT('',(-12.6015252431,63.418197372996,
    -0.170330904824));
#1561 = SURFACE_CURVE('',#1562,(#1566,#1573),.PCURVE_S1.);
#1562 = LINE('',#1563,#1564);
#1563 = CARTESIAN_POINT('',(-12.6015252431,60.587566038116,
    -0.170330904824));
#1564 = VECTOR('',#1565,1.);
#1565 = DIRECTION('',(1.224646799147E-16,1.,-1.224646799147E-16));
#1566 = PCURVE('',#1265,#1567);
#1567 = DEFINITIONAL_REPRESENTATION('',(#1568),#1572);
#1568 = LINE('',#1569,#1570);
#1569 = CARTESIAN_POINT('',(2.270631334879,-0.150566076479));
#1570 = VECTOR('',#1571,1.);
#1571 = DIRECTION('',(1.,-1.836676017327E-48));
#1572 = ( GEOMETRIC_REPRESENTATION_CONTEXT(2) 
PARAMETRIC_REPRESENTATION_CONTEXT() REPRESENTATION_CONTEXT('2D SPACE',''
  ) );
#1573 = PCURVE('',#1574,#1579);
#1574 = PLANE('',#1575);
#1575 = AXIS2_PLACEMENT_3D('',#1576,#1577,#1578);
#1576 = CARTESIAN_POINT('',(-12.6015252431,62.858197372996,
    1.729865025156));
#1577 = DIRECTION('',(1.,-1.224646799147E-16,1.499759782662E-32));
#1578 = DIRECTION('',(1.224646799147E-16,1.,-2.449293598295E-16));
#1579 = DEFINITIONAL_REPRESENTATION('',(#1580),#1584);
#1580 = LINE('',#1581,#1582);
#1581 = CARTESIAN_POINT('',(-2.270631334879,-1.90019592998));
#1582 = VECTOR('',#1583,1.);
#1583 = DIRECTION('',(1.,1.224646799147E-16));
#1584 = ( GEOMETRIC_REPRESENTATION_CONTEXT(2) 
PARAMETRIC_REPRESENTATION_CONTEXT() REPRESENTATION_CONTEXT('2D SPACE',''
  ) );
#1585 = ORIENTED_EDGE('',*,*,#1586,.F.);
#1586 = EDGE_CURVE('',#1587,#1559,#1589,.T.);
#1587 = VERTEX_POINT('',#1588);
#1588 = CARTESIAN_POINT('',(-14.35194670462,63.418197372996,
    -0.170330904824));
#1589 = SURFACE_CURVE('',#1590,(#1594,#1601),.PCURVE_S1.);
#1590 = LINE('',#1591,#1592);
#1591 = CARTESIAN_POINT('',(-15.30142597541,63.418197372996,
    -0.170330904824));
#1592 = VECTOR('',#1593,1.);
#1593 = DIRECTION('',(1.,-1.224646799147E-16,1.499759782662E-32));
#1594 = PCURVE('',#1265,#1595);
#1595 = DEFINITIONAL_REPRESENTATION('',(#1596),#1600);
#1596 = LINE('',#1597,#1598);
#1597 = CARTESIAN_POINT('',(5.101262669758,-2.850466808794));
#1598 = VECTOR('',#1599,1.);
#1599 = DIRECTION('',(-1.836676017327E-48,1.));
#1600 = ( GEOMETRIC_REPRESENTATION_CONTEXT(2) 
PARAMETRIC_REPRESENTATION_CONTEXT() REPRESENTATION_CONTEXT('2D SPACE',''
  ) );
#1601 = PCURVE('',#1495,#1602);
#1602 = DEFINITIONAL_REPRESENTATION('',(#1603),#1607);
#1603 = LINE('',#1604,#1605);
#1604 = CARTESIAN_POINT('',(2.850466808794,1.03980407002));
#1605 = VECTOR('',#1606,1.);
#1606 = DIRECTION('',(1.,0.));
#1607 = ( GEOMETRIC_REPRESENTATION_CONTEXT(2) 
PARAMETRIC_REPRESENTATION_CONTEXT() REPRESENTATION_CONTEXT('2D SPACE',''
  ) );
#1608 = ORIENTED_EDGE('',*,*,#1609,.F.);
#1609 = EDGE_CURVE('',#1610,#1587,#1612,.T.);
#1610 = VERTEX_POINT('',#1611);
#1611 = CARTESIAN_POINT('',(-14.35194670462,52.918197372996,
    -0.170330904824));
#1612 = SURFACE_CURVE('',#1613,(#1617,#1624),.PCURVE_S1.);
#1613 = LINE('',#1614,#1615);
#1614 = CARTESIAN_POINT('',(-14.35194670462,51.866997372996,
    -0.170330904824));
#1615 = VECTOR('',#1616,1.);
#1616 = DIRECTION('',(1.224646799147E-16,1.,-2.449293598295E-16));
#1617 = PCURVE('',#1265,#1618);
#1618 = DEFINITIONAL_REPRESENTATION('',(#1619),#1623);
#1619 = LINE('',#1620,#1621);
#1620 = CARTESIAN_POINT('',(-6.449937330242,-1.900987537999));
#1621 = VECTOR('',#1622,1.);
#1622 = DIRECTION('',(1.,-1.836676017327E-48));
#1623 = ( GEOMETRIC_REPRESENTATION_CONTEXT(2) 
PARAMETRIC_REPRESENTATION_CONTEXT() REPRESENTATION_CONTEXT('2D SPACE',''
  ) );
#1624 = PCURVE('',#1625,#1630);
#1625 = CYLINDRICAL_SURFACE('',#1626,2.5);
#1626 = AXIS2_PLACEMENT_3D('',#1627,#1628,#1629);
#1627 = CARTESIAN_POINT('',(-15.9765252431,51.866997372996,
    1.729865025155));
#1628 = DIRECTION('',(-1.224646799147E-16,-1.,2.449293598295E-16));
#1629 = DIRECTION('',(7.1054273576E-15,2.449293598295E-16,1.));
#1630 = DEFINITIONAL_REPRESENTATION('',(#1631),#1635);
#1631 = LINE('',#1632,#1633);
#1632 = CARTESIAN_POINT('',(3.848955270299,0.));
#1633 = VECTOR('',#1634,1.);
#1634 = DIRECTION('',(4.229421046191E-17,-1.));
#1635 = ( GEOMETRIC_REPRESENTATION_CONTEXT(2) 
PARAMETRIC_REPRESENTATION_CONTEXT() REPRESENTATION_CONTEXT('2D SPACE',''
  ) );
#1636 = ORIENTED_EDGE('',*,*,#1637,.F.);
#1637 = EDGE_CURVE('',#1638,#1610,#1640,.T.);
#1638 = VERTEX_POINT('',#1639);
#1639 = CARTESIAN_POINT('',(-13.65504825039,52.918197372996,
    -0.170330904824));
#1640 = SURFACE_CURVE('',#1641,(#1645,#1652),.PCURVE_S1.);
#1641 = LINE('',#1642,#1643);
#1642 = CARTESIAN_POINT('',(-13.1448084343,52.918197372996,
    -0.170330904824));
#1643 = VECTOR('',#1644,1.);
#1644 = DIRECTION('',(-1.,1.224646799147E-16,-1.499759782662E-32));
#1645 = PCURVE('',#1265,#1646);
#1646 = DEFINITIONAL_REPRESENTATION('',(#1647),#1651);
#1647 = LINE('',#1648,#1649);
#1648 = CARTESIAN_POINT('',(-5.398737330242,-0.693849267685));
#1649 = VECTOR('',#1650,1.);
#1650 = DIRECTION('',(1.836676017327E-48,-1.));
#1651 = ( GEOMETRIC_REPRESENTATION_CONTEXT(2) 
PARAMETRIC_REPRESENTATION_CONTEXT() REPRESENTATION_CONTEXT('2D SPACE',''
  ) );
#1652 = PCURVE('',#1653,#1658);
#1653 = PLANE('',#1654);
#1654 = AXIS2_PLACEMENT_3D('',#1655,#1656,#1657);
#1655 = CARTESIAN_POINT('',(-13.83865770199,52.918197372996,
    -1.210134974845));
#1656 = DIRECTION('',(1.224646799147E-16,1.,-2.449293598295E-16));
#1657 = DIRECTION('',(-1.,1.224646799147E-16,-1.499759782662E-32));
#1658 = DEFINITIONAL_REPRESENTATION('',(#1659),#1663);
#1659 = LINE('',#1660,#1661);
#1660 = CARTESIAN_POINT('',(-0.693849267685,1.03980407002));
#1661 = VECTOR('',#1662,1.);
#1662 = DIRECTION('',(1.,0.));
#1663 = ( GEOMETRIC_REPRESENTATION_CONTEXT(2) 
PARAMETRIC_REPRESENTATION_CONTEXT() REPRESENTATION_CONTEXT('2D SPACE',''
  ) );
#1664 = ORIENTED_EDGE('',*,*,#1665,.F.);
#1665 = EDGE_CURVE('',#1666,#1638,#1668,.T.);
#1666 = VERTEX_POINT('',#1667);
#1667 = CARTESIAN_POINT('',(-13.65504825039,52.168197372996,
    -0.170330904824));
#1668 = SURFACE_CURVE('',#1669,(#1673,#1680),.PCURVE_S1.);
#1669 = LINE('',#1670,#1671);
#1670 = CARTESIAN_POINT('',(-13.65504825038,52.091997372996,
    -0.170330904824));
#1671 = VECTOR('',#1672,1.);
#1672 = DIRECTION('',(1.224646799147E-16,1.,-2.449293598295E-16));
#1673 = PCURVE('',#1265,#1674);
#1674 = DEFINITIONAL_REPRESENTATION('',(#1675),#1679);
#1675 = LINE('',#1676,#1677);
#1676 = CARTESIAN_POINT('',(-6.224937330242,-1.204089083767));
#1677 = VECTOR('',#1678,1.);
#1678 = DIRECTION('',(1.,-1.836676017327E-48));
#1679 = ( GEOMETRIC_REPRESENTATION_CONTEXT(2) 
PARAMETRIC_REPRESENTATION_CONTEXT() REPRESENTATION_CONTEXT('2D SPACE',''
  ) );
#1680 = PCURVE('',#1681,#1686);
#1681 = CYLINDRICAL_SURFACE('',#1682,3.);
#1682 = AXIS2_PLACEMENT_3D('',#1683,#1684,#1685);
#1683 = CARTESIAN_POINT('',(-15.9765252431,52.091997372996,
    1.729865025155));
#1684 = DIRECTION('',(-1.224646799147E-16,-1.,2.449293598295E-16));
#1685 = DIRECTION('',(5.921189464667E-15,2.449293598295E-16,1.));
#1686 = DEFINITIONAL_REPRESENTATION('',(#1687),#1691);
#1687 = LINE('',#1688,#1689);
#1688 = CARTESIAN_POINT('',(4.026451619835,0.));
#1689 = VECTOR('',#1690,1.);
#1690 = DIRECTION('',(1.184237892933E-15,-1.));
#1691 = ( GEOMETRIC_REPRESENTATION_CONTEXT(2) 
PARAMETRIC_REPRESENTATION_CONTEXT() REPRESENTATION_CONTEXT('2D SPACE',''
  ) );
#1692 = ORIENTED_EDGE('',*,*,#1693,.F.);
#1693 = EDGE_CURVE('',#1694,#1666,#1696,.T.);
#1694 = VERTEX_POINT('',#1695);
#1695 = CARTESIAN_POINT('',(-14.35194670462,51.668197372996,
    -0.170330904824));
#1696 = SURFACE_CURVE('',#1697,(#1701,#1708),.PCURVE_S1.);
#1697 = ( BOUNDED_CURVE() B_SPLINE_CURVE(2,(#1698,#1699,#1700),
.UNSPECIFIED.,.F.,.F.) B_SPLINE_CURVE_WITH_KNOTS((3,3),(0.,
8.578892967718E-02),.PIECEWISE_BEZIER_KNOTS.) CURVE() 
GEOMETRIC_REPRESENTATION_ITEM() RATIONAL_B_SPLINE_CURVE((1.,
1.008125535579,1.)) REPRESENTATION_ITEM('') );
#1698 = CARTESIAN_POINT('',(-14.35194670462,51.668197372996,
    -0.170330904824));
#1699 = CARTESIAN_POINT('',(-14.03517467997,51.874045786131,
    -0.170330904824));
#1700 = CARTESIAN_POINT('',(-13.65504825039,52.168197372996,
    -0.170330904824));
#1701 = PCURVE('',#1265,#1702);
#1702 = DEFINITIONAL_REPRESENTATION('',(#1703),#1707);
#1703 = ( BOUNDED_CURVE() B_SPLINE_CURVE(2,(#1704,#1705,#1706),
.UNSPECIFIED.,.F.,.F.) B_SPLINE_CURVE_WITH_KNOTS((3,3),(0.,
8.578892967718E-02),.PIECEWISE_BEZIER_KNOTS.) CURVE() 
GEOMETRIC_REPRESENTATION_ITEM() RATIONAL_B_SPLINE_CURVE((1.,
1.008125535579,1.)) REPRESENTATION_ITEM('') );
#1704 = CARTESIAN_POINT('',(-6.648737330242,-1.900987538001));
#1705 = CARTESIAN_POINT('',(-6.442888917106,-1.584215513349));
#1706 = CARTESIAN_POINT('',(-6.148737330242,-1.204089083769));
#1707 = ( GEOMETRIC_REPRESENTATION_CONTEXT(2) 
PARAMETRIC_REPRESENTATION_CONTEXT() REPRESENTATION_CONTEXT('2D SPACE',''
  ) );
#1708 = PCURVE('',#1709,#1714);
#1709 = CONICAL_SURFACE('',#1710,0.33012,0.785398163397);
#1710 = AXIS2_PLACEMENT_3D('',#1711,#1712,#1713);
#1711 = CARTESIAN_POINT('',(-15.9765252431,49.498317372996,
    1.729865025155));
#1712 = DIRECTION('',(-1.009685715925E-13,1.,-1.237473440733E-15));
#1713 = DIRECTION('',(0.996311320213,1.007023213227E-13,
    8.581231388914E-02));
#1714 = DEFINITIONAL_REPRESENTATION('',(#1715),#1741);
#1715 = B_SPLINE_CURVE_WITH_KNOTS('',3,(#1716,#1717,#1718,#1719,#1720,
    #1721,#1722,#1723,#1724,#1725,#1726,#1727,#1728,#1729,#1730,#1731,
    #1732,#1733,#1734,#1735,#1736,#1737,#1738,#1739,#1740),
  .UNSPECIFIED.,.F.,.F.,(4,1,1,1,1,1,1,1,1,1,1,1,1,1,1,1,1,1,1,1,1,1,4),
  (0.,3.899496803508E-03,7.798993607016E-03,1.169849041052E-02,
    1.559798721403E-02,1.949748401754E-02,2.339698082105E-02,
    2.729647762456E-02,3.119597442807E-02,3.509547123157E-02,
    3.899496803508E-02,4.289446483859E-02,4.67939616421E-02,
    5.069345844561E-02,5.459295524911E-02,5.849245205262E-02,
    6.239194885613E-02,6.629144565964E-02,7.019094246315E-02,
    7.409043926665E-02,7.798993607016E-02,8.188943287367E-02,
    8.578892967718E-02),.QUASI_UNIFORM_KNOTS.);
#1716 = CARTESIAN_POINT('',(7.232536998463,2.16988));
#1717 = CARTESIAN_POINT('',(7.2295948412,2.176168526679));
#1718 = CARTESIAN_POINT('',(7.223734902702,2.188853272569));
#1719 = CARTESIAN_POINT('',(7.215017555275,2.208206749388));
#1720 = CARTESIAN_POINT('',(7.206372200995,2.227889815853));
#1721 = CARTESIAN_POINT('',(7.197798270644,2.247905874169));
#1722 = CARTESIAN_POINT('',(7.189295194034,2.268258440734));
#1723 = CARTESIAN_POINT('',(7.180862400074,2.288951163785));
#1724 = CARTESIAN_POINT('',(7.172499317087,2.309987821381));
#1725 = CARTESIAN_POINT('',(7.164205373058,2.331372324804));
#1726 = CARTESIAN_POINT('',(7.155979995877,2.353108720683));
#1727 = CARTESIAN_POINT('',(7.147822613576,2.375201193614));
#1728 = CARTESIAN_POINT('',(7.139732654556,2.397654068827));
#1729 = CARTESIAN_POINT('',(7.131709547803,2.420471815012));
#1730 = CARTESIAN_POINT('',(7.123752723094,2.443659047281));
#1731 = CARTESIAN_POINT('',(7.115861611196,2.467220530285));
#1732 = CARTESIAN_POINT('',(7.108035644055,2.491161181464));
#1733 = CARTESIAN_POINT('',(7.100274254979,2.515486074501));
#1734 = CARTESIAN_POINT('',(7.092576878808,2.540200442784));
#1735 = CARTESIAN_POINT('',(7.084942952084,2.565309683595));
#1736 = CARTESIAN_POINT('',(7.077371913189,2.59081936036));
#1737 = CARTESIAN_POINT('',(7.069863202574,2.616735212989));
#1738 = CARTESIAN_POINT('',(7.062416262598,2.643063138844));
#1739 = CARTESIAN_POINT('',(7.057492446729,2.660893902427));
#1740 = CARTESIAN_POINT('',(7.055040648927,2.66988));
#1741 = ( GEOMETRIC_REPRESENTATION_CONTEXT(2) 
PARAMETRIC_REPRESENTATION_CONTEXT() REPRESENTATION_CONTEXT('2D SPACE',''
  ) );
#1742 = ORIENTED_EDGE('',*,*,#1743,.F.);
#1743 = EDGE_CURVE('',#1744,#1694,#1746,.T.);
#1744 = VERTEX_POINT('',#1745);
#1745 = CARTESIAN_POINT('',(-15.2265252431,51.668197372996,
    -0.170330904824));
#1746 = SURFACE_CURVE('',#1747,(#1751,#1758),.PCURVE_S1.);
#1747 = LINE('',#1748,#1749);
#1748 = CARTESIAN_POINT('',(-13.40124220486,51.668197372996,
    -0.170330904824));
#1749 = VECTOR('',#1750,1.);
#1750 = DIRECTION('',(1.,-1.224646799147E-16,1.499759782662E-32));
#1751 = PCURVE('',#1265,#1752);
#1752 = DEFINITIONAL_REPRESENTATION('',(#1753),#1757);
#1753 = LINE('',#1754,#1755);
#1754 = CARTESIAN_POINT('',(-6.648737330242,-0.95028303824));
#1755 = VECTOR('',#1756,1.);
#1756 = DIRECTION('',(-1.836676017327E-48,1.));
#1757 = ( GEOMETRIC_REPRESENTATION_CONTEXT(2) 
PARAMETRIC_REPRESENTATION_CONTEXT() REPRESENTATION_CONTEXT('2D SPACE',''
  ) );
#1758 = PCURVE('',#1759,#1764);
#1759 = PLANE('',#1760);
#1760 = AXIS2_PLACEMENT_3D('',#1761,#1762,#1763);
#1761 = CARTESIAN_POINT('',(-14.3515252431,51.668197372996,
    -1.210134974845));
#1762 = DIRECTION('',(-1.224646799147E-16,-1.,2.449293598295E-16));
#1763 = DIRECTION('',(1.,-1.224646799147E-16,1.499759782662E-32));
#1764 = DEFINITIONAL_REPRESENTATION('',(#1765),#1769);
#1765 = LINE('',#1766,#1767);
#1766 = CARTESIAN_POINT('',(0.95028303824,1.03980407002));
#1767 = VECTOR('',#1768,1.);
#1768 = DIRECTION('',(1.,0.));
#1769 = ( GEOMETRIC_REPRESENTATION_CONTEXT(2) 
PARAMETRIC_REPRESENTATION_CONTEXT() REPRESENTATION_CONTEXT('2D SPACE',''
  ) );
#1770 = ORIENTED_EDGE('',*,*,#1771,.F.);
#1771 = EDGE_CURVE('',#1257,#1744,#1772,.T.);
#1772 = SURFACE_CURVE('',#1773,(#1777,#1784),.PCURVE_S1.);
#1773 = LINE('',#1774,#1775);
#1774 = CARTESIAN_POINT('',(-15.2265252431,54.462566038116,
    -0.170330904824));
#1775 = VECTOR('',#1776,1.);
#1776 = DIRECTION('',(-1.224646799147E-16,-1.,1.224646799147E-16));
#1777 = PCURVE('',#1265,#1778);
#1778 = DEFINITIONAL_REPRESENTATION('',(#1779),#1783);
#1779 = LINE('',#1780,#1781);
#1780 = CARTESIAN_POINT('',(-3.854368665121,-2.775566076479));
#1781 = VECTOR('',#1782,1.);
#1782 = DIRECTION('',(-1.,1.836676017327E-48));
#1783 = ( GEOMETRIC_REPRESENTATION_CONTEXT(2) 
PARAMETRIC_REPRESENTATION_CONTEXT() REPRESENTATION_CONTEXT('2D SPACE',''
  ) );
#1784 = PCURVE('',#1785,#1790);
#1785 = PLANE('',#1786);
#1786 = AXIS2_PLACEMENT_3D('',#1787,#1788,#1789);
#1787 = CARTESIAN_POINT('',(-15.2265252431,50.608197372996,
    1.729865025156));
#1788 = DIRECTION('',(-1.,1.224646799147E-16,-1.499759782662E-32));
#1789 = DIRECTION('',(-1.224646799147E-16,-1.,2.449293598295E-16));
#1790 = DEFINITIONAL_REPRESENTATION('',(#1791),#1795);
#1791 = LINE('',#1792,#1793);
#1792 = CARTESIAN_POINT('',(-3.854368665121,-1.90019592998));
#1793 = VECTOR('',#1794,1.);
#1794 = DIRECTION('',(1.,-1.224646799147E-16));
#1795 = ( GEOMETRIC_REPRESENTATION_CONTEXT(2) 
PARAMETRIC_REPRESENTATION_CONTEXT() REPRESENTATION_CONTEXT('2D SPACE',''
  ) );
#1796 = ADVANCED_FACE('',(#1797,#1872),#117,.T.);
#1797 = FACE_BOUND('',#1798,.T.);
#1798 = EDGE_LOOP('',(#1799,#1800,#1823,#1851));
#1799 = ORIENTED_EDGE('',*,*,#1535,.T.);
#1800 = ORIENTED_EDGE('',*,*,#1801,.F.);
#1801 = EDGE_CURVE('',#1802,#1508,#1804,.T.);
#1802 = VERTEX_POINT('',#1803);
#1803 = CARTESIAN_POINT('',(-19.3515252431,65.418197372996,
    4.229865025156));
#1804 = SURFACE_CURVE('',#1805,(#1809,#1816),.PCURVE_S1.);
#1805 = LINE('',#1806,#1807);
#1806 = CARTESIAN_POINT('',(-19.3515252431,65.418197372996,
    4.229865025156));
#1807 = VECTOR('',#1808,1.);
#1808 = DIRECTION('',(-1.499759782662E-32,-2.449293598295E-16,-1.));
#1809 = PCURVE('',#117,#1810);
#1810 = DEFINITIONAL_REPRESENTATION('',(#1811),#1815);
#1811 = LINE('',#1812,#1813);
#1812 = CARTESIAN_POINT('',(3.375,5.44));
#1813 = VECTOR('',#1814,1.);
#1814 = DIRECTION('',(8.210733189403E-47,-1.));
#1815 = ( GEOMETRIC_REPRESENTATION_CONTEXT(2) 
PARAMETRIC_REPRESENTATION_CONTEXT() REPRESENTATION_CONTEXT('2D SPACE',''
  ) );
#1816 = PCURVE('',#1523,#1817);
#1817 = DEFINITIONAL_REPRESENTATION('',(#1818),#1822);
#1818 = LINE('',#1819,#1820);
#1819 = CARTESIAN_POINT('',(-2.56,2.5));
#1820 = VECTOR('',#1821,1.);
#1821 = DIRECTION('',(0.,-1.));
#1822 = ( GEOMETRIC_REPRESENTATION_CONTEXT(2) 
PARAMETRIC_REPRESENTATION_CONTEXT() REPRESENTATION_CONTEXT('2D SPACE',''
  ) );
#1823 = ORIENTED_EDGE('',*,*,#1824,.F.);
#1824 = EDGE_CURVE('',#1825,#1802,#1827,.T.);
#1825 = VERTEX_POINT('',#1826);
#1826 = CARTESIAN_POINT('',(-12.6015252431,65.418197372996,
    4.229865025156));
#1827 = SURFACE_CURVE('',#1828,(#1832,#1839),.PCURVE_S1.);
#1828 = LINE('',#1829,#1830);
#1829 = CARTESIAN_POINT('',(-12.6015252431,65.418197372996,
    4.229865025156));
#1830 = VECTOR('',#1831,1.);
#1831 = DIRECTION('',(-1.,1.224646799147E-16,-1.499759782662E-32));
#1832 = PCURVE('',#117,#1833);
#1833 = DEFINITIONAL_REPRESENTATION('',(#1834),#1838);
#1834 = LINE('',#1835,#1836);
#1835 = CARTESIAN_POINT('',(-3.375,5.44));
#1836 = VECTOR('',#1837,1.);
#1837 = DIRECTION('',(1.,0.));
#1838 = ( GEOMETRIC_REPRESENTATION_CONTEXT(2) 
PARAMETRIC_REPRESENTATION_CONTEXT() REPRESENTATION_CONTEXT('2D SPACE',''
  ) );
#1839 = PCURVE('',#1840,#1845);
#1840 = PLANE('',#1841);
#1841 = AXIS2_PLACEMENT_3D('',#1842,#1843,#1844);
#1842 = CARTESIAN_POINT('',(-11.5665252431,64.418197372996,
    4.229865025156));
#1843 = DIRECTION('',(1.499759782662E-32,2.449293598295E-16,1.));
#1844 = DIRECTION('',(1.224646799147E-16,1.,-2.449293598295E-16));
#1845 = DEFINITIONAL_REPRESENTATION('',(#1846),#1850);
#1846 = LINE('',#1847,#1848);
#1847 = CARTESIAN_POINT('',(1.,1.035));
#1848 = VECTOR('',#1849,1.);
#1849 = DIRECTION('',(3.673352034654E-48,1.));
#1850 = ( GEOMETRIC_REPRESENTATION_CONTEXT(2) 
PARAMETRIC_REPRESENTATION_CONTEXT() REPRESENTATION_CONTEXT('2D SPACE',''
  ) );
#1851 = ORIENTED_EDGE('',*,*,#1852,.F.);
#1852 = EDGE_CURVE('',#1536,#1825,#1853,.T.);
#1853 = SURFACE_CURVE('',#1854,(#1858,#1865),.PCURVE_S1.);
#1854 = LINE('',#1855,#1856);
#1855 = CARTESIAN_POINT('',(-12.6015252431,65.418197372996,
    -0.770134974844));
#1856 = VECTOR('',#1857,1.);
#1857 = DIRECTION('',(1.499759782662E-32,2.449293598295E-16,1.));
#1858 = PCURVE('',#117,#1859);
#1859 = DEFINITIONAL_REPRESENTATION('',(#1860),#1864);
#1860 = LINE('',#1861,#1862);
#1861 = CARTESIAN_POINT('',(-3.375,0.44));
#1862 = VECTOR('',#1863,1.);
#1863 = DIRECTION('',(-8.210733189403E-47,1.));
#1864 = ( GEOMETRIC_REPRESENTATION_CONTEXT(2) 
PARAMETRIC_REPRESENTATION_CONTEXT() REPRESENTATION_CONTEXT('2D SPACE',''
  ) );
#1865 = PCURVE('',#1574,#1866);
#1866 = DEFINITIONAL_REPRESENTATION('',(#1867),#1871);
#1867 = LINE('',#1868,#1869);
#1868 = CARTESIAN_POINT('',(2.56,-2.5));
#1869 = VECTOR('',#1870,1.);
#1870 = DIRECTION('',(0.,1.));
#1871 = ( GEOMETRIC_REPRESENTATION_CONTEXT(2) 
PARAMETRIC_REPRESENTATION_CONTEXT() REPRESENTATION_CONTEXT('2D SPACE',''
  ) );
#1872 = FACE_BOUND('',#1873,.T.);
#1873 = EDGE_LOOP('',(#1874,#1875,#1876,#1877,#1878,#1879,#1880,#1881,
    #1882,#1883));
#1874 = ORIENTED_EDGE('',*,*,#474,.T.);
#1875 = ORIENTED_EDGE('',*,*,#691,.T.);
#1876 = ORIENTED_EDGE('',*,*,#812,.T.);
#1877 = ORIENTED_EDGE('',*,*,#933,.T.);
#1878 = ORIENTED_EDGE('',*,*,#1054,.T.);
#1879 = ORIENTED_EDGE('',*,*,#1170,.T.);
#1880 = ORIENTED_EDGE('',*,*,#1217,.T.);
#1881 = ORIENTED_EDGE('',*,*,#101,.T.);
#1882 = ORIENTED_EDGE('',*,*,#232,.T.);
#1883 = ORIENTED_EDGE('',*,*,#353,.T.);
#1884 = ADVANCED_FACE('',(#1885),#1523,.T.);
#1885 = FACE_BOUND('',#1886,.T.);
#1886 = EDGE_LOOP('',(#1887,#1888,#1911,#1932));
#1887 = ORIENTED_EDGE('',*,*,#1507,.T.);
#1888 = ORIENTED_EDGE('',*,*,#1889,.F.);
#1889 = EDGE_CURVE('',#1890,#1480,#1892,.T.);
#1890 = VERTEX_POINT('',#1891);
#1891 = CARTESIAN_POINT('',(-19.3515252431,63.418197372996,
    4.229865025156));
#1892 = SURFACE_CURVE('',#1893,(#1897,#1904),.PCURVE_S1.);
#1893 = LINE('',#1894,#1895);
#1894 = CARTESIAN_POINT('',(-19.3515252431,63.418197372996,
    4.229865025156));
#1895 = VECTOR('',#1896,1.);
#1896 = DIRECTION('',(-1.499759782662E-32,-2.449293598295E-16,-1.));
#1897 = PCURVE('',#1523,#1898);
#1898 = DEFINITIONAL_REPRESENTATION('',(#1899),#1903);
#1899 = LINE('',#1900,#1901);
#1900 = CARTESIAN_POINT('',(-0.56,2.5));
#1901 = VECTOR('',#1902,1.);
#1902 = DIRECTION('',(0.,-1.));
#1903 = ( GEOMETRIC_REPRESENTATION_CONTEXT(2) 
PARAMETRIC_REPRESENTATION_CONTEXT() REPRESENTATION_CONTEXT('2D SPACE',''
  ) );
#1904 = PCURVE('',#1495,#1905);
#1905 = DEFINITIONAL_REPRESENTATION('',(#1906),#1910);
#1906 = LINE('',#1907,#1908);
#1907 = CARTESIAN_POINT('',(-1.199632458891,5.44));
#1908 = VECTOR('',#1909,1.);
#1909 = DIRECTION('',(-8.210733189403E-47,-1.));
#1910 = ( GEOMETRIC_REPRESENTATION_CONTEXT(2) 
PARAMETRIC_REPRESENTATION_CONTEXT() REPRESENTATION_CONTEXT('2D SPACE',''
  ) );
#1911 = ORIENTED_EDGE('',*,*,#1912,.T.);
#1912 = EDGE_CURVE('',#1890,#1802,#1913,.T.);
#1913 = SURFACE_CURVE('',#1914,(#1918,#1925),.PCURVE_S1.);
#1914 = LINE('',#1915,#1916);
#1915 = CARTESIAN_POINT('',(-19.3515252431,63.418197372996,
    4.229865025156));
#1916 = VECTOR('',#1917,1.);
#1917 = DIRECTION('',(1.224646799147E-16,1.,-2.449293598295E-16));
#1918 = PCURVE('',#1523,#1919);
#1919 = DEFINITIONAL_REPRESENTATION('',(#1920),#1924);
#1920 = LINE('',#1921,#1922);
#1921 = CARTESIAN_POINT('',(-0.56,2.5));
#1922 = VECTOR('',#1923,1.);
#1923 = DIRECTION('',(-1.,0.));
#1924 = ( GEOMETRIC_REPRESENTATION_CONTEXT(2) 
PARAMETRIC_REPRESENTATION_CONTEXT() REPRESENTATION_CONTEXT('2D SPACE',''
  ) );
#1925 = PCURVE('',#1840,#1926);
#1926 = DEFINITIONAL_REPRESENTATION('',(#1927),#1931);
#1927 = LINE('',#1928,#1929);
#1928 = CARTESIAN_POINT('',(-1.,7.785));
#1929 = VECTOR('',#1930,1.);
#1930 = DIRECTION('',(1.,3.673352034654E-48));
#1931 = ( GEOMETRIC_REPRESENTATION_CONTEXT(2) 
PARAMETRIC_REPRESENTATION_CONTEXT() REPRESENTATION_CONTEXT('2D SPACE',''
  ) );
#1932 = ORIENTED_EDGE('',*,*,#1801,.T.);
#1933 = ADVANCED_FACE('',(#1934),#1467,.T.);
#1934 = FACE_BOUND('',#1935,.T.);
#1935 = EDGE_LOOP('',(#1936,#1937,#1965,#1993));
#1936 = ORIENTED_EDGE('',*,*,#1451,.T.);
#1937 = ORIENTED_EDGE('',*,*,#1938,.F.);
#1938 = EDGE_CURVE('',#1939,#1424,#1941,.T.);
#1939 = VERTEX_POINT('',#1940);
#1940 = CARTESIAN_POINT('',(-17.25226032531,52.918197372996,
    3.879865025155));
#1941 = SURFACE_CURVE('',#1942,(#1947,#1954),.PCURVE_S1.);
#1942 = CIRCLE('',#1943,2.5);
#1943 = AXIS2_PLACEMENT_3D('',#1944,#1945,#1946);
#1944 = CARTESIAN_POINT('',(-15.9765252431,52.918197372996,
    1.729865025156));
#1945 = DIRECTION('',(-1.224646799147E-16,-1.,2.449293598295E-16));
#1946 = DIRECTION('',(-0.510294032887,-1.481462540535E-16,-0.86));
#1947 = PCURVE('',#1467,#1948);
#1948 = DEFINITIONAL_REPRESENTATION('',(#1949),#1953);
#1949 = LINE('',#1950,#1951);
#1950 = CARTESIAN_POINT('',(-3.677119307904,-1.0512));
#1951 = VECTOR('',#1952,1.);
#1952 = DIRECTION('',(1.,0.));
#1953 = ( GEOMETRIC_REPRESENTATION_CONTEXT(2) 
PARAMETRIC_REPRESENTATION_CONTEXT() REPRESENTATION_CONTEXT('2D SPACE',''
  ) );
#1954 = PCURVE('',#1439,#1955);
#1955 = DEFINITIONAL_REPRESENTATION('',(#1956),#1964);
#1956 = ( BOUNDED_CURVE() B_SPLINE_CURVE(2,(#1957,#1958,#1959,#1960,
#1961,#1962,#1963),.UNSPECIFIED.,.T.,.F.) B_SPLINE_CURVE_WITH_KNOTS((1,2
    ,2,2,2,1),(-2.094395102393,0.,2.094395102393,4.188790204786,
6.28318530718,8.377580409573),.UNSPECIFIED.) CURVE() 
GEOMETRIC_REPRESENTATION_ITEM() RATIONAL_B_SPLINE_CURVE((1.,0.5,1.,0.5,
1.,0.5,1.)) REPRESENTATION_ITEM('') );
#1957 = CARTESIAN_POINT('',(-0.862132458891,0.79));
#1958 = CARTESIAN_POINT('',(-4.586041695164,-1.419637979398));
#1959 = CARTESIAN_POINT('',(-4.637689700354,2.910181010301));
#1960 = CARTESIAN_POINT('',(-4.689337705543,7.24));
#1961 = CARTESIAN_POINT('',(-0.913780464081,5.119818989699));
#1962 = CARTESIAN_POINT('',(2.861776777382,2.999637979398));
#1963 = CARTESIAN_POINT('',(-0.862132458891,0.79));
#1964 = ( GEOMETRIC_REPRESENTATION_CONTEXT(2) 
PARAMETRIC_REPRESENTATION_CONTEXT() REPRESENTATION_CONTEXT('2D SPACE',''
  ) );
#1965 = ORIENTED_EDGE('',*,*,#1966,.T.);
#1966 = EDGE_CURVE('',#1939,#1967,#1969,.T.);
#1967 = VERTEX_POINT('',#1968);
#1968 = CARTESIAN_POINT('',(-17.25226032531,63.418197372996,
    3.879865025155));
#1969 = SURFACE_CURVE('',#1970,(#1974,#1981),.PCURVE_S1.);
#1970 = LINE('',#1971,#1972);
#1971 = CARTESIAN_POINT('',(-17.25226032531,52.918197372996,
    3.879865025155));
#1972 = VECTOR('',#1973,1.);
#1973 = DIRECTION('',(1.224646799147E-16,1.,-2.449293598295E-16));
#1974 = PCURVE('',#1467,#1975);
#1975 = DEFINITIONAL_REPRESENTATION('',(#1976),#1980);
#1976 = LINE('',#1977,#1978);
#1977 = CARTESIAN_POINT('',(0.535526654314,-1.0512));
#1978 = VECTOR('',#1979,1.);
#1979 = DIRECTION('',(0.,-1.));
#1980 = ( GEOMETRIC_REPRESENTATION_CONTEXT(2) 
PARAMETRIC_REPRESENTATION_CONTEXT() REPRESENTATION_CONTEXT('2D SPACE',''
  ) );
#1981 = PCURVE('',#1982,#1987);
#1982 = PLANE('',#1983);
#1983 = AXIS2_PLACEMENT_3D('',#1984,#1985,#1986);
#1984 = CARTESIAN_POINT('',(-13.10582812875,57.543197372996,
    3.879865025156));
#1985 = DIRECTION('',(1.499759782662E-32,2.449293598295E-16,1.));
#1986 = DIRECTION('',(1.224646799147E-16,1.,-2.449293598295E-16));
#1987 = DEFINITIONAL_REPRESENTATION('',(#1988),#1992);
#1988 = LINE('',#1989,#1990);
#1989 = CARTESIAN_POINT('',(-4.625,4.146432196566));
#1990 = VECTOR('',#1991,1.);
#1991 = DIRECTION('',(1.,3.673352034654E-48));
#1992 = ( GEOMETRIC_REPRESENTATION_CONTEXT(2) 
PARAMETRIC_REPRESENTATION_CONTEXT() REPRESENTATION_CONTEXT('2D SPACE',''
  ) );
#1993 = ORIENTED_EDGE('',*,*,#1994,.T.);
#1994 = EDGE_CURVE('',#1967,#1452,#1995,.T.);
#1995 = SURFACE_CURVE('',#1996,(#2001,#2008),.PCURVE_S1.);
#1996 = CIRCLE('',#1997,2.5);
#1997 = AXIS2_PLACEMENT_3D('',#1998,#1999,#2000);
#1998 = CARTESIAN_POINT('',(-15.9765252431,63.418197372996,
    1.729865025156));
#1999 = DIRECTION('',(2.598081359996E-15,-1.,7.613121619807E-16));
#2000 = DIRECTION('',(-0.510294032887,-1.980513874264E-15,-0.86));
#2001 = PCURVE('',#1467,#2002);
#2002 = DEFINITIONAL_REPRESENTATION('',(#2003),#2007);
#2003 = LINE('',#2004,#2005);
#2004 = CARTESIAN_POINT('',(-3.677119307904,-11.5512));
#2005 = VECTOR('',#2006,1.);
#2006 = DIRECTION('',(1.,3.742252435448E-15));
#2007 = ( GEOMETRIC_REPRESENTATION_CONTEXT(2) 
PARAMETRIC_REPRESENTATION_CONTEXT() REPRESENTATION_CONTEXT('2D SPACE',''
  ) );
#2008 = PCURVE('',#1495,#2009);
#2009 = DEFINITIONAL_REPRESENTATION('',(#2010),#2014);
#2010 = CIRCLE('',#2011,2.5);
#2011 = AXIS2_PLACEMENT_2D('',#2012,#2013);
#2012 = CARTESIAN_POINT('',(2.175367541108,2.94));
#2013 = DIRECTION('',(-0.510294032887,-0.86));
#2014 = ( GEOMETRIC_REPRESENTATION_CONTEXT(2) 
PARAMETRIC_REPRESENTATION_CONTEXT() REPRESENTATION_CONTEXT('2D SPACE',''
  ) );
#2015 = ADVANCED_FACE('',(#2016),#1439,.T.);
#2016 = FACE_BOUND('',#2017,.T.);
#2017 = EDGE_LOOP('',(#2018,#2019,#2047,#2068));
#2018 = ORIENTED_EDGE('',*,*,#1423,.T.);
#2019 = ORIENTED_EDGE('',*,*,#2020,.F.);
#2020 = EDGE_CURVE('',#2021,#1396,#2023,.T.);
#2021 = VERTEX_POINT('',#2022);
#2022 = CARTESIAN_POINT('',(-18.06877283839,52.918197372996,
    3.879865025155));
#2023 = SURFACE_CURVE('',#2024,(#2029,#2040),.PCURVE_S1.);
#2024 = CIRCLE('',#2025,3.);
#2025 = AXIS2_PLACEMENT_3D('',#2026,#2027,#2028);
#2026 = CARTESIAN_POINT('',(-15.9765252431,52.918197372996,
    1.729865025156));
#2027 = DIRECTION('',(-2.568556849686E-15,-1.,1.277694964132E-15));
#2028 = DIRECTION('',(-0.697415865097,8.756709064128E-16,-0.716666666667
    ));
#2029 = PCURVE('',#1439,#2030);
#2030 = DEFINITIONAL_REPRESENTATION('',(#2031),#2039);
#2031 = ( BOUNDED_CURVE() B_SPLINE_CURVE(2,(#2032,#2033,#2034,#2035,
#2036,#2037,#2038),.UNSPECIFIED.,.T.,.F.) B_SPLINE_CURVE_WITH_KNOTS((1,2
    ,2,2,2,1),(-2.094395102393,0.,2.094395102393,4.188790204786,
6.28318530718,8.377580409573),.UNSPECIFIED.) CURVE() 
GEOMETRIC_REPRESENTATION_ITEM() RATIONAL_B_SPLINE_CURVE((1.,0.5,1.,0.5,
1.,0.5,1.)) REPRESENTATION_ITEM('') );
#2032 = CARTESIAN_POINT('',(-4.561994581787E-02,0.79));
#2033 = CARTESIAN_POINT('',(-3.769529182091,-2.833879137057));
#2034 = CARTESIAN_POINT('',(-5.04594595689,2.203060431472));
#2035 = CARTESIAN_POINT('',(-6.322362731689,7.24));
#2036 = CARTESIAN_POINT('',(-1.322036720617,5.826939568528));
#2037 = CARTESIAN_POINT('',(3.678289290455,4.413879137057));
#2038 = CARTESIAN_POINT('',(-4.561994581787E-02,0.79));
#2039 = ( GEOMETRIC_REPRESENTATION_CONTEXT(2) 
PARAMETRIC_REPRESENTATION_CONTEXT() REPRESENTATION_CONTEXT('2D SPACE',''
  ) );
#2040 = PCURVE('',#1411,#2041);
#2041 = DEFINITIONAL_REPRESENTATION('',(#2042),#2046);
#2042 = LINE('',#2043,#2044);
#2043 = CARTESIAN_POINT('',(-3.913378024231,-0.8262));
#2044 = VECTOR('',#2045,1.);
#2045 = DIRECTION('',(1.,4.784966101295E-15));
#2046 = ( GEOMETRIC_REPRESENTATION_CONTEXT(2) 
PARAMETRIC_REPRESENTATION_CONTEXT() REPRESENTATION_CONTEXT('2D SPACE',''
  ) );
#2047 = ORIENTED_EDGE('',*,*,#2048,.T.);
#2048 = EDGE_CURVE('',#2021,#1939,#2049,.T.);
#2049 = SURFACE_CURVE('',#2050,(#2054,#2061),.PCURVE_S1.);
#2050 = LINE('',#2051,#2052);
#2051 = CARTESIAN_POINT('',(-18.06877283839,52.918197372996,
    3.879865025155));
#2052 = VECTOR('',#2053,1.);
#2053 = DIRECTION('',(1.,-1.224646799147E-16,1.499759782662E-32));
#2054 = PCURVE('',#1439,#2055);
#2055 = DEFINITIONAL_REPRESENTATION('',(#2056),#2060);
#2056 = LINE('',#2057,#2058);
#2057 = CARTESIAN_POINT('',(-4.56199458179E-02,5.09));
#2058 = VECTOR('',#2059,1.);
#2059 = DIRECTION('',(-1.,0.));
#2060 = ( GEOMETRIC_REPRESENTATION_CONTEXT(2) 
PARAMETRIC_REPRESENTATION_CONTEXT() REPRESENTATION_CONTEXT('2D SPACE',''
  ) );
#2061 = PCURVE('',#1982,#2062);
#2062 = DEFINITIONAL_REPRESENTATION('',(#2063),#2067);
#2063 = LINE('',#2064,#2065);
#2064 = CARTESIAN_POINT('',(-4.625,4.962944709639));
#2065 = VECTOR('',#2066,1.);
#2066 = DIRECTION('',(-3.673352034654E-48,-1.));
#2067 = ( GEOMETRIC_REPRESENTATION_CONTEXT(2) 
PARAMETRIC_REPRESENTATION_CONTEXT() REPRESENTATION_CONTEXT('2D SPACE',''
  ) );
#2068 = ORIENTED_EDGE('',*,*,#1938,.T.);
#2069 = ADVANCED_FACE('',(#2070),#1411,.T.);
#2070 = FACE_BOUND('',#2071,.T.);
#2071 = EDGE_LOOP('',(#2072,#2073,#2097,#2118));
#2072 = ORIENTED_EDGE('',*,*,#1395,.T.);
#2073 = ORIENTED_EDGE('',*,*,#2074,.F.);
#2074 = EDGE_CURVE('',#2075,#1346,#2077,.T.);
#2075 = VERTEX_POINT('',#2076);
#2076 = CARTESIAN_POINT('',(-18.06877283839,52.168197372996,
    3.879865025156));
#2077 = SURFACE_CURVE('',#2078,(#2083,#2090),.PCURVE_S1.);
#2078 = CIRCLE('',#2079,3.);
#2079 = AXIS2_PLACEMENT_3D('',#2080,#2081,#2082);
#2080 = CARTESIAN_POINT('',(-15.9765252431,52.168197372996,
    1.729865025156));
#2081 = DIRECTION('',(-5.014649019457E-15,-1.,2.449293598295E-16));
#2082 = DIRECTION('',(-0.697415865097,3.321763076184E-15,-0.716666666667
    ));
#2083 = PCURVE('',#1411,#2084);
#2084 = DEFINITIONAL_REPRESENTATION('',(#2085),#2089);
#2085 = LINE('',#2086,#2087);
#2086 = CARTESIAN_POINT('',(-3.913378024231,-7.620000000001E-02));
#2087 = VECTOR('',#2088,1.);
#2088 = DIRECTION('',(1.,0.));
#2089 = ( GEOMETRIC_REPRESENTATION_CONTEXT(2) 
PARAMETRIC_REPRESENTATION_CONTEXT() REPRESENTATION_CONTEXT('2D SPACE',''
  ) );
#2090 = PCURVE('',#1361,#2091);
#2091 = DEFINITIONAL_REPRESENTATION('',(#2092),#2096);
#2092 = LINE('',#2093,#2094);
#2093 = CARTESIAN_POINT('',(6.434880464176,2.66988));
#2094 = VECTOR('',#2095,1.);
#2095 = DIRECTION('',(-1.,1.437979840638E-14));
#2096 = ( GEOMETRIC_REPRESENTATION_CONTEXT(2) 
PARAMETRIC_REPRESENTATION_CONTEXT() REPRESENTATION_CONTEXT('2D SPACE',''
  ) );
#2097 = ORIENTED_EDGE('',*,*,#2098,.T.);
#2098 = EDGE_CURVE('',#2075,#2021,#2099,.T.);
#2099 = SURFACE_CURVE('',#2100,(#2104,#2111),.PCURVE_S1.);
#2100 = LINE('',#2101,#2102);
#2101 = CARTESIAN_POINT('',(-18.06877283839,52.168197372996,
    3.879865025155));
#2102 = VECTOR('',#2103,1.);
#2103 = DIRECTION('',(1.224646799147E-16,1.,-2.449293598295E-16));
#2104 = PCURVE('',#1411,#2105);
#2105 = DEFINITIONAL_REPRESENTATION('',(#2106),#2110);
#2106 = LINE('',#2107,#2108);
#2107 = CARTESIAN_POINT('',(0.771785370641,-7.62E-02));
#2108 = VECTOR('',#2109,1.);
#2109 = DIRECTION('',(0.,-1.));
#2110 = ( GEOMETRIC_REPRESENTATION_CONTEXT(2) 
PARAMETRIC_REPRESENTATION_CONTEXT() REPRESENTATION_CONTEXT('2D SPACE',''
  ) );
#2111 = PCURVE('',#1982,#2112);
#2112 = DEFINITIONAL_REPRESENTATION('',(#2113),#2117);
#2113 = LINE('',#2114,#2115);
#2114 = CARTESIAN_POINT('',(-5.375,4.962944709639));
#2115 = VECTOR('',#2116,1.);
#2116 = DIRECTION('',(1.,3.673352034654E-48));
#2117 = ( GEOMETRIC_REPRESENTATION_CONTEXT(2) 
PARAMETRIC_REPRESENTATION_CONTEXT() REPRESENTATION_CONTEXT('2D SPACE',''
  ) );
#2118 = ORIENTED_EDGE('',*,*,#2020,.T.);
#2119 = ADVANCED_FACE('',(#2120),#1361,.T.);
#2120 = FACE_BOUND('',#2121,.T.);
#2121 = EDGE_LOOP('',(#2122,#2123,#2151,#2194));
#2122 = ORIENTED_EDGE('',*,*,#1345,.T.);
#2123 = ORIENTED_EDGE('',*,*,#2124,.T.);
#2124 = EDGE_CURVE('',#1318,#2125,#2127,.T.);
#2125 = VERTEX_POINT('',#2126);
#2126 = CARTESIAN_POINT('',(-17.25226032531,51.668197372996,
    3.879865025155));
#2127 = SURFACE_CURVE('',#2128,(#2133,#2140),.PCURVE_S1.);
#2128 = CIRCLE('',#2129,2.5);
#2129 = AXIS2_PLACEMENT_3D('',#2130,#2131,#2132);
#2130 = CARTESIAN_POINT('',(-15.9765252431,51.668197372996,
    1.729865025156));
#2131 = DIRECTION('',(-7.132324759848E-15,1.,-2.449293598295E-16));
#2132 = DIRECTION('',(-0.510294032887,-3.428943516108E-15,0.86));
#2133 = PCURVE('',#1361,#2134);
#2134 = DEFINITIONAL_REPRESENTATION('',(#2135),#2139);
#2135 = LINE('',#2136,#2137);
#2136 = CARTESIAN_POINT('',(-4.297209521549,2.16988));
#2137 = VECTOR('',#2138,1.);
#2138 = DIRECTION('',(1.,-1.058468829607E-14));
#2139 = ( GEOMETRIC_REPRESENTATION_CONTEXT(2) 
PARAMETRIC_REPRESENTATION_CONTEXT() REPRESENTATION_CONTEXT('2D SPACE',''
  ) );
#2140 = PCURVE('',#1333,#2141);
#2141 = DEFINITIONAL_REPRESENTATION('',(#2142),#2150);
#2142 = ( BOUNDED_CURVE() B_SPLINE_CURVE(2,(#2143,#2144,#2145,#2146,
#2147,#2148,#2149),.UNSPECIFIED.,.T.,.F.) B_SPLINE_CURVE_WITH_KNOTS((1,2
    ,2,2,2,1),(-2.094395102393,0.,2.094395102393,4.188790204786,
6.28318530718,8.377580409573),.UNSPECIFIED.) CURVE() 
GEOMETRIC_REPRESENTATION_ITEM() RATIONAL_B_SPLINE_CURVE((1.,0.5,1.,0.5,
1.,0.5,1.)) REPRESENTATION_ITEM('') );
#2143 = CARTESIAN_POINT('',(0.349264917782,5.09));
#2144 = CARTESIAN_POINT('',(4.073174154055,7.299637979398));
#2145 = CARTESIAN_POINT('',(4.124822159245,2.969818989699));
#2146 = CARTESIAN_POINT('',(4.176470164434,-1.36));
#2147 = CARTESIAN_POINT('',(0.400912922972,0.760181010301));
#2148 = CARTESIAN_POINT('',(-3.374644318491,2.880362020602));
#2149 = CARTESIAN_POINT('',(0.349264917782,5.09));
#2150 = ( GEOMETRIC_REPRESENTATION_CONTEXT(2) 
PARAMETRIC_REPRESENTATION_CONTEXT() REPRESENTATION_CONTEXT('2D SPACE',''
  ) );
#2151 = ORIENTED_EDGE('',*,*,#2152,.T.);
#2152 = EDGE_CURVE('',#2125,#2075,#2153,.T.);
#2153 = SURFACE_CURVE('',#2154,(#2158,#2187),.PCURVE_S1.);
#2154 = ( BOUNDED_CURVE() B_SPLINE_CURVE(2,(#2155,#2156,#2157),
.UNSPECIFIED.,.F.,.F.) B_SPLINE_CURVE_WITH_KNOTS((3,3),(2.63089652869,
2.934776719608),.PIECEWISE_BEZIER_KNOTS.) CURVE() 
GEOMETRIC_REPRESENTATION_ITEM() RATIONAL_B_SPLINE_CURVE((3.741935483871,
3.59549330392,3.378640776708)) REPRESENTATION_ITEM('') );
#2155 = CARTESIAN_POINT('',(-17.25226032531,51.668197372996,
    3.879865025156));
#2156 = CARTESIAN_POINT('',(-17.6234023767,51.857588947173,
    3.879865025156));
#2157 = CARTESIAN_POINT('',(-18.06877283837,52.168197372983,
    3.879865025156));
#2158 = PCURVE('',#1361,#2159);
#2159 = DEFINITIONAL_REPRESENTATION('',(#2160),#2186);
#2160 = B_SPLINE_CURVE_WITH_KNOTS('',3,(#2161,#2162,#2163,#2164,#2165,
    #2166,#2167,#2168,#2169,#2170,#2171,#2172,#2173,#2174,#2175,#2176,
    #2177,#2178,#2179,#2180,#2181,#2182,#2183,#2184,#2185),
  .UNSPECIFIED.,.F.,.F.,(4,1,1,1,1,1,1,1,1,1,1,1,1,1,1,1,1,1,1,1,1,1,4),
  (2.63089652869,2.64470926464,2.658522000591,2.672334736542,
    2.686147472493,2.699960208444,2.713772944394,2.727585680345,
    2.741398416296,2.755211152247,2.769023888198,2.782836624149,
    2.796649360099,2.81046209605,2.824274832001,2.838087567952,
    2.851900303903,2.865713039854,2.879525775804,2.893338511755,
    2.907151247706,2.920963983657,2.934776719608),
  .QUASI_UNIFORM_KNOTS.);
#2161 = CARTESIAN_POINT('',(1.98597578563,2.16988));
#2162 = CARTESIAN_POINT('',(1.982258319924,2.175394565716));
#2163 = CARTESIAN_POINT('',(1.974834766504,2.186583339251));
#2164 = CARTESIAN_POINT('',(1.963734088378,2.203854981235));
#2165 = CARTESIAN_POINT('',(1.95266858495,2.221624512703));
#2166 = CARTESIAN_POINT('',(1.941638762589,2.239901857968));
#2167 = CARTESIAN_POINT('',(1.930645116904,2.258697298846));
#2168 = CARTESIAN_POINT('',(1.919688131198,2.278021537209));
#2169 = CARTESIAN_POINT('',(1.908768276835,2.297885699269));
#2170 = CARTESIAN_POINT('',(1.897886013116,2.318301356631));
#2171 = CARTESIAN_POINT('',(1.887041787287,2.339280544078));
#2172 = CARTESIAN_POINT('',(1.876236034524,2.360835779542));
#2173 = CARTESIAN_POINT('',(1.865469177937,2.382980084865));
#2174 = CARTESIAN_POINT('',(1.854741628579,2.405727007832));
#2175 = CARTESIAN_POINT('',(1.84405378546,2.429090645418));
#2176 = CARTESIAN_POINT('',(1.833406035569,2.453085668396));
#2177 = CARTESIAN_POINT('',(1.822798753907,2.47772734731));
#2178 = CARTESIAN_POINT('',(1.812232303524,2.503031580147));
#2179 = CARTESIAN_POINT('',(1.801707035566,2.529014920916));
#2180 = CARTESIAN_POINT('',(1.791223289304,2.555694612618));
#2181 = CARTESIAN_POINT('',(1.78078139229,2.583088612095));
#2182 = CARTESIAN_POINT('',(1.770381660034,2.611215654002));
#2183 = CARTESIAN_POINT('',(1.760024397532,2.640095178234));
#2184 = CARTESIAN_POINT('',(1.753148061771,2.659863577447));
#2185 = CARTESIAN_POINT('',(1.749717069308,2.669879999987));
#2186 = ( GEOMETRIC_REPRESENTATION_CONTEXT(2) 
PARAMETRIC_REPRESENTATION_CONTEXT() REPRESENTATION_CONTEXT('2D SPACE',''
  ) );
#2187 = PCURVE('',#1982,#2188);
#2188 = DEFINITIONAL_REPRESENTATION('',(#2189),#2193);
#2189 = ( BOUNDED_CURVE() B_SPLINE_CURVE(2,(#2190,#2191,#2192),
.UNSPECIFIED.,.F.,.F.) B_SPLINE_CURVE_WITH_KNOTS((3,3),(2.63089652869,
2.934776719608),.PIECEWISE_BEZIER_KNOTS.) CURVE() 
GEOMETRIC_REPRESENTATION_ITEM() RATIONAL_B_SPLINE_CURVE((3.741935483871,
3.59549330392,3.378640776708)) REPRESENTATION_ITEM('') );
#2190 = CARTESIAN_POINT('',(-5.875,4.146432196566));
#2191 = CARTESIAN_POINT('',(-5.685608425823,4.517574247955));
#2192 = CARTESIAN_POINT('',(-5.375000000013,4.962944709621));
#2193 = ( GEOMETRIC_REPRESENTATION_CONTEXT(2) 
PARAMETRIC_REPRESENTATION_CONTEXT() REPRESENTATION_CONTEXT('2D SPACE',''
  ) );
#2194 = ORIENTED_EDGE('',*,*,#2074,.T.);
#2195 = ADVANCED_FACE('',(#2196),#1333,.T.);
#2196 = FACE_BOUND('',#2197,.T.);
#2197 = EDGE_LOOP('',(#2198,#2199,#2222,#2243));
#2198 = ORIENTED_EDGE('',*,*,#1317,.T.);
#2199 = ORIENTED_EDGE('',*,*,#2200,.T.);
#2200 = EDGE_CURVE('',#1290,#2201,#2203,.T.);
#2201 = VERTEX_POINT('',#2202);
#2202 = CARTESIAN_POINT('',(-16.7265252431,51.668197372996,
    3.879865025155));
#2203 = SURFACE_CURVE('',#2204,(#2208,#2215),.PCURVE_S1.);
#2204 = LINE('',#2205,#2206);
#2205 = CARTESIAN_POINT('',(-16.7265252431,51.668197372996,
    -0.420134974844));
#2206 = VECTOR('',#2207,1.);
#2207 = DIRECTION('',(1.499759782662E-32,2.449293598295E-16,1.));
#2208 = PCURVE('',#1333,#2209);
#2209 = DEFINITIONAL_REPRESENTATION('',(#2210),#2214);
#2210 = LINE('',#2211,#2212);
#2211 = CARTESIAN_POINT('',(0.875,0.79));
#2212 = VECTOR('',#2213,1.);
#2213 = DIRECTION('',(8.210733189403E-47,1.));
#2214 = ( GEOMETRIC_REPRESENTATION_CONTEXT(2) 
PARAMETRIC_REPRESENTATION_CONTEXT() REPRESENTATION_CONTEXT('2D SPACE',''
  ) );
#2215 = PCURVE('',#1305,#2216);
#2216 = DEFINITIONAL_REPRESENTATION('',(#2217),#2221);
#2217 = LINE('',#2218,#2219);
#2218 = CARTESIAN_POINT('',(1.06,-2.15));
#2219 = VECTOR('',#2220,1.);
#2220 = DIRECTION('',(0.,1.));
#2221 = ( GEOMETRIC_REPRESENTATION_CONTEXT(2) 
PARAMETRIC_REPRESENTATION_CONTEXT() REPRESENTATION_CONTEXT('2D SPACE',''
  ) );
#2222 = ORIENTED_EDGE('',*,*,#2223,.T.);
#2223 = EDGE_CURVE('',#2201,#2125,#2224,.T.);
#2224 = SURFACE_CURVE('',#2225,(#2229,#2236),.PCURVE_S1.);
#2225 = LINE('',#2226,#2227);
#2226 = CARTESIAN_POINT('',(-16.7265252431,51.668197372996,
    3.879865025155));
#2227 = VECTOR('',#2228,1.);
#2228 = DIRECTION('',(-1.,1.224646799147E-16,-1.499759782662E-32));
#2229 = PCURVE('',#1333,#2230);
#2230 = DEFINITIONAL_REPRESENTATION('',(#2231),#2235);
#2231 = LINE('',#2232,#2233);
#2232 = CARTESIAN_POINT('',(0.875,5.09));
#2233 = VECTOR('',#2234,1.);
#2234 = DIRECTION('',(-1.,0.));
#2235 = ( GEOMETRIC_REPRESENTATION_CONTEXT(2) 
PARAMETRIC_REPRESENTATION_CONTEXT() REPRESENTATION_CONTEXT('2D SPACE',''
  ) );
#2236 = PCURVE('',#1982,#2237);
#2237 = DEFINITIONAL_REPRESENTATION('',(#2238),#2242);
#2238 = LINE('',#2239,#2240);
#2239 = CARTESIAN_POINT('',(-5.875,3.620697114348));
#2240 = VECTOR('',#2241,1.);
#2241 = DIRECTION('',(3.673352034654E-48,1.));
#2242 = ( GEOMETRIC_REPRESENTATION_CONTEXT(2) 
PARAMETRIC_REPRESENTATION_CONTEXT() REPRESENTATION_CONTEXT('2D SPACE',''
  ) );
#2243 = ORIENTED_EDGE('',*,*,#2124,.F.);
#2244 = ADVANCED_FACE('',(#2245),#1305,.T.);
#2245 = FACE_BOUND('',#2246,.T.);
#2246 = EDGE_LOOP('',(#2247,#2248,#2271,#2292));
#2247 = ORIENTED_EDGE('',*,*,#1289,.T.);
#2248 = ORIENTED_EDGE('',*,*,#2249,.F.);
#2249 = EDGE_CURVE('',#2250,#1255,#2252,.T.);
#2250 = VERTEX_POINT('',#2251);
#2251 = CARTESIAN_POINT('',(-16.7265252431,58.668197372996,
    3.879865025155));
#2252 = SURFACE_CURVE('',#2253,(#2257,#2264),.PCURVE_S1.);
#2253 = LINE('',#2254,#2255);
#2254 = CARTESIAN_POINT('',(-16.7265252431,58.668197372996,
    3.879865025155));
#2255 = VECTOR('',#2256,1.);
#2256 = DIRECTION('',(-1.499759782662E-32,-2.449293598295E-16,-1.));
#2257 = PCURVE('',#1305,#2258);
#2258 = DEFINITIONAL_REPRESENTATION('',(#2259),#2263);
#2259 = LINE('',#2260,#2261);
#2260 = CARTESIAN_POINT('',(8.06,2.15));
#2261 = VECTOR('',#2262,1.);
#2262 = DIRECTION('',(0.,-1.));
#2263 = ( GEOMETRIC_REPRESENTATION_CONTEXT(2) 
PARAMETRIC_REPRESENTATION_CONTEXT() REPRESENTATION_CONTEXT('2D SPACE',''
  ) );
#2264 = PCURVE('',#1277,#2265);
#2265 = DEFINITIONAL_REPRESENTATION('',(#2266),#2270);
#2266 = LINE('',#2267,#2268);
#2267 = CARTESIAN_POINT('',(-0.75,5.09));
#2268 = VECTOR('',#2269,1.);
#2269 = DIRECTION('',(-8.210733189403E-47,-1.));
#2270 = ( GEOMETRIC_REPRESENTATION_CONTEXT(2) 
PARAMETRIC_REPRESENTATION_CONTEXT() REPRESENTATION_CONTEXT('2D SPACE',''
  ) );
#2271 = ORIENTED_EDGE('',*,*,#2272,.T.);
#2272 = EDGE_CURVE('',#2250,#2201,#2273,.T.);
#2273 = SURFACE_CURVE('',#2274,(#2278,#2285),.PCURVE_S1.);
#2274 = LINE('',#2275,#2276);
#2275 = CARTESIAN_POINT('',(-16.7265252431,58.668197372996,
    3.879865025155));
#2276 = VECTOR('',#2277,1.);
#2277 = DIRECTION('',(-1.224646799147E-16,-1.,2.449293598295E-16));
#2278 = PCURVE('',#1305,#2279);
#2279 = DEFINITIONAL_REPRESENTATION('',(#2280),#2284);
#2280 = LINE('',#2281,#2282);
#2281 = CARTESIAN_POINT('',(8.06,2.15));
#2282 = VECTOR('',#2283,1.);
#2283 = DIRECTION('',(-1.,0.));
#2284 = ( GEOMETRIC_REPRESENTATION_CONTEXT(2) 
PARAMETRIC_REPRESENTATION_CONTEXT() REPRESENTATION_CONTEXT('2D SPACE',''
  ) );
#2285 = PCURVE('',#1982,#2286);
#2286 = DEFINITIONAL_REPRESENTATION('',(#2287),#2291);
#2287 = LINE('',#2288,#2289);
#2288 = CARTESIAN_POINT('',(1.125,3.620697114348));
#2289 = VECTOR('',#2290,1.);
#2290 = DIRECTION('',(-1.,-3.673352034654E-48));
#2291 = ( GEOMETRIC_REPRESENTATION_CONTEXT(2) 
PARAMETRIC_REPRESENTATION_CONTEXT() REPRESENTATION_CONTEXT('2D SPACE',''
  ) );
#2292 = ORIENTED_EDGE('',*,*,#2200,.F.);
#2293 = ADVANCED_FACE('',(#2294),#1681,.T.);
#2294 = FACE_BOUND('',#2295,.T.);
#2295 = EDGE_LOOP('',(#2296,#2297,#2325,#2348));
#2296 = ORIENTED_EDGE('',*,*,#1665,.T.);
#2297 = ORIENTED_EDGE('',*,*,#2298,.T.);
#2298 = EDGE_CURVE('',#1638,#2299,#2301,.T.);
#2299 = VERTEX_POINT('',#2300);
#2300 = CARTESIAN_POINT('',(-13.88427764781,52.918197372996,
    3.879865025156));
#2301 = SURFACE_CURVE('',#2302,(#2307,#2314),.PCURVE_S1.);
#2302 = CIRCLE('',#2303,3.);
#2303 = AXIS2_PLACEMENT_3D('',#2304,#2305,#2306);
#2304 = CARTESIAN_POINT('',(-15.9765252431,52.918197372996,
    1.729865025156));
#2305 = DIRECTION('',(-2.568556849685E-15,-1.,1.277694964132E-15));
#2306 = DIRECTION('',(0.697415865097,-8.756709064118E-16,0.716666666667)
  );
#2307 = PCURVE('',#1681,#2308);
#2308 = DEFINITIONAL_REPRESENTATION('',(#2309),#2313);
#2309 = LINE('',#2310,#2311);
#2310 = CARTESIAN_POINT('',(-0.771785370641,-0.8262));
#2311 = VECTOR('',#2312,1.);
#2312 = DIRECTION('',(1.,-4.784966101293E-15));
#2313 = ( GEOMETRIC_REPRESENTATION_CONTEXT(2) 
PARAMETRIC_REPRESENTATION_CONTEXT() REPRESENTATION_CONTEXT('2D SPACE',''
  ) );
#2314 = PCURVE('',#1653,#2315);
#2315 = DEFINITIONAL_REPRESENTATION('',(#2316),#2324);
#2316 = ( BOUNDED_CURVE() B_SPLINE_CURVE(2,(#2317,#2318,#2319,#2320,
#2321,#2322,#2323),.UNSPECIFIED.,.T.,.F.) B_SPLINE_CURVE_WITH_KNOTS((1,2
    ,2,2,2,1),(-2.094395102393,0.,2.094395102393,4.188790204786,
6.28318530718,8.377580409573),.UNSPECIFIED.) CURVE() 
GEOMETRIC_REPRESENTATION_ITEM() RATIONAL_B_SPLINE_CURVE((1.,0.5,1.,0.5,
1.,0.5,1.)) REPRESENTATION_ITEM('') );
#2317 = CARTESIAN_POINT('',(4.561994581825E-02,5.090000000001));
#2318 = CARTESIAN_POINT('',(3.769529182092,8.713879137057));
#2319 = CARTESIAN_POINT('',(5.045945956891,3.676939568528));
#2320 = CARTESIAN_POINT('',(6.322362731689,-1.360000000001));
#2321 = CARTESIAN_POINT('',(1.322036720617,5.306043147171E-02));
#2322 = CARTESIAN_POINT('',(-3.678289290456,1.466120862944));
#2323 = CARTESIAN_POINT('',(4.561994581825E-02,5.090000000001));
#2324 = ( GEOMETRIC_REPRESENTATION_CONTEXT(2) 
PARAMETRIC_REPRESENTATION_CONTEXT() REPRESENTATION_CONTEXT('2D SPACE',''
  ) );
#2325 = ORIENTED_EDGE('',*,*,#2326,.T.);
#2326 = EDGE_CURVE('',#2299,#2327,#2329,.T.);
#2327 = VERTEX_POINT('',#2328);
#2328 = CARTESIAN_POINT('',(-13.88427764781,52.168197372996,
    3.879865025156));
#2329 = SURFACE_CURVE('',#2330,(#2334,#2341),.PCURVE_S1.);
#2330 = LINE('',#2331,#2332);
#2331 = CARTESIAN_POINT('',(-13.88427764781,52.918197372996,
    3.879865025156));
#2332 = VECTOR('',#2333,1.);
#2333 = DIRECTION('',(-1.224646799147E-16,-1.,2.449293598295E-16));
#2334 = PCURVE('',#1681,#2335);
#2335 = DEFINITIONAL_REPRESENTATION('',(#2336),#2340);
#2336 = LINE('',#2337,#2338);
#2337 = CARTESIAN_POINT('',(5.511399936539,-0.8262));
#2338 = VECTOR('',#2339,1.);
#2339 = DIRECTION('',(0.,1.));
#2340 = ( GEOMETRIC_REPRESENTATION_CONTEXT(2) 
PARAMETRIC_REPRESENTATION_CONTEXT() REPRESENTATION_CONTEXT('2D SPACE',''
  ) );
#2341 = PCURVE('',#1982,#2342);
#2342 = DEFINITIONAL_REPRESENTATION('',(#2343),#2347);
#2343 = LINE('',#2344,#2345);
#2344 = CARTESIAN_POINT('',(-4.625,0.778449519058));
#2345 = VECTOR('',#2346,1.);
#2346 = DIRECTION('',(-1.,-3.673352034654E-48));
#2347 = ( GEOMETRIC_REPRESENTATION_CONTEXT(2) 
PARAMETRIC_REPRESENTATION_CONTEXT() REPRESENTATION_CONTEXT('2D SPACE',''
  ) );
#2348 = ORIENTED_EDGE('',*,*,#2349,.T.);
#2349 = EDGE_CURVE('',#2327,#1666,#2350,.T.);
#2350 = SURFACE_CURVE('',#2351,(#2356,#2363),.PCURVE_S1.);
#2351 = CIRCLE('',#2352,3.);
#2352 = AXIS2_PLACEMENT_3D('',#2353,#2354,#2355);
#2353 = CARTESIAN_POINT('',(-15.9765252431,52.168197372996,
    1.729865025155));
#2354 = DIRECTION('',(5.014649019455E-15,1.,-2.449293598294E-16));
#2355 = DIRECTION('',(0.697415865097,-3.672828491937E-15,-0.716666666667
    ));
#2356 = PCURVE('',#1681,#2357);
#2357 = DEFINITIONAL_REPRESENTATION('',(#2358),#2362);
#2358 = LINE('',#2359,#2360);
#2359 = CARTESIAN_POINT('',(10.19656333141,-7.619999999982E-02));
#2360 = VECTOR('',#2361,1.);
#2361 = DIRECTION('',(-1.,4.784966101293E-15));
#2362 = ( GEOMETRIC_REPRESENTATION_CONTEXT(2) 
PARAMETRIC_REPRESENTATION_CONTEXT() REPRESENTATION_CONTEXT('2D SPACE',''
  ) );
#2363 = PCURVE('',#1709,#2364);
#2364 = DEFINITIONAL_REPRESENTATION('',(#2365),#2369);
#2365 = LINE('',#2366,#2367);
#2366 = CARTESIAN_POINT('',(0.884928937351,2.66988));
#2367 = VECTOR('',#2368,1.);
#2368 = DIRECTION('',(1.,3.383481977973E-15));
#2369 = ( GEOMETRIC_REPRESENTATION_CONTEXT(2) 
PARAMETRIC_REPRESENTATION_CONTEXT() REPRESENTATION_CONTEXT('2D SPACE',''
  ) );
#2370 = ADVANCED_FACE('',(#2371),#1759,.T.);
#2371 = FACE_BOUND('',#2372,.T.);
#2372 = EDGE_LOOP('',(#2373,#2374,#2398,#2421));
#2373 = ORIENTED_EDGE('',*,*,#1743,.T.);
#2374 = ORIENTED_EDGE('',*,*,#2375,.T.);
#2375 = EDGE_CURVE('',#1694,#2376,#2378,.T.);
#2376 = VERTEX_POINT('',#2377);
#2377 = CARTESIAN_POINT('',(-14.70079016088,51.668197372996,
    3.879865025156));
#2378 = SURFACE_CURVE('',#2379,(#2384,#2391),.PCURVE_S1.);
#2379 = CIRCLE('',#2380,2.5);
#2380 = AXIS2_PLACEMENT_3D('',#2381,#2382,#2383);
#2381 = CARTESIAN_POINT('',(-15.9765252431,51.668197372996,
    1.729865025156));
#2382 = DIRECTION('',(-1.224646799147E-16,-1.,2.449293598295E-16));
#2383 = DIRECTION('',(0.510294032887,1.481462540535E-16,0.86));
#2384 = PCURVE('',#1759,#2385);
#2385 = DEFINITIONAL_REPRESENTATION('',(#2386),#2390);
#2386 = CIRCLE('',#2387,2.5);
#2387 = AXIS2_PLACEMENT_2D('',#2388,#2389);
#2388 = CARTESIAN_POINT('',(-1.625,2.94));
#2389 = DIRECTION('',(0.510294032887,0.86));
#2390 = ( GEOMETRIC_REPRESENTATION_CONTEXT(2) 
PARAMETRIC_REPRESENTATION_CONTEXT() REPRESENTATION_CONTEXT('2D SPACE',''
  ) );
#2391 = PCURVE('',#1709,#2392);
#2392 = DEFINITIONAL_REPRESENTATION('',(#2393),#2397);
#2393 = LINE('',#2394,#2395);
#2394 = CARTESIAN_POINT('',(11.617018923076,2.16988));
#2395 = VECTOR('',#2396,1.);
#2396 = DIRECTION('',(-1.,-2.150014810139E-15));
#2397 = ( GEOMETRIC_REPRESENTATION_CONTEXT(2) 
PARAMETRIC_REPRESENTATION_CONTEXT() REPRESENTATION_CONTEXT('2D SPACE',''
  ) );
#2398 = ORIENTED_EDGE('',*,*,#2399,.T.);
#2399 = EDGE_CURVE('',#2376,#2400,#2402,.T.);
#2400 = VERTEX_POINT('',#2401);
#2401 = CARTESIAN_POINT('',(-15.2265252431,51.668197372996,
    3.879865025156));
#2402 = SURFACE_CURVE('',#2403,(#2407,#2414),.PCURVE_S1.);
#2403 = LINE('',#2404,#2405);
#2404 = CARTESIAN_POINT('',(-14.70079016088,51.668197372996,
    3.879865025156));
#2405 = VECTOR('',#2406,1.);
#2406 = DIRECTION('',(-1.,1.224646799147E-16,-1.499759782662E-32));
#2407 = PCURVE('',#1759,#2408);
#2408 = DEFINITIONAL_REPRESENTATION('',(#2409),#2413);
#2409 = LINE('',#2410,#2411);
#2410 = CARTESIAN_POINT('',(-0.349264917783,5.09));
#2411 = VECTOR('',#2412,1.);
#2412 = DIRECTION('',(-1.,0.));
#2413 = ( GEOMETRIC_REPRESENTATION_CONTEXT(2) 
PARAMETRIC_REPRESENTATION_CONTEXT() REPRESENTATION_CONTEXT('2D SPACE',''
  ) );
#2414 = PCURVE('',#1982,#2415);
#2415 = DEFINITIONAL_REPRESENTATION('',(#2416),#2420);
#2416 = LINE('',#2417,#2418);
#2417 = CARTESIAN_POINT('',(-5.875,1.594962032131));
#2418 = VECTOR('',#2419,1.);
#2419 = DIRECTION('',(3.673352034654E-48,1.));
#2420 = ( GEOMETRIC_REPRESENTATION_CONTEXT(2) 
PARAMETRIC_REPRESENTATION_CONTEXT() REPRESENTATION_CONTEXT('2D SPACE',''
  ) );
#2421 = ORIENTED_EDGE('',*,*,#2422,.T.);
#2422 = EDGE_CURVE('',#2400,#1744,#2423,.T.);
#2423 = SURFACE_CURVE('',#2424,(#2428,#2435),.PCURVE_S1.);
#2424 = LINE('',#2425,#2426);
#2425 = CARTESIAN_POINT('',(-15.2265252431,51.668197372996,
    3.879865025155));
#2426 = VECTOR('',#2427,1.);
#2427 = DIRECTION('',(-1.499759782662E-32,-2.449293598295E-16,-1.));
#2428 = PCURVE('',#1759,#2429);
#2429 = DEFINITIONAL_REPRESENTATION('',(#2430),#2434);
#2430 = LINE('',#2431,#2432);
#2431 = CARTESIAN_POINT('',(-0.875,5.09));
#2432 = VECTOR('',#2433,1.);
#2433 = DIRECTION('',(-8.210733189403E-47,-1.));
#2434 = ( GEOMETRIC_REPRESENTATION_CONTEXT(2) 
PARAMETRIC_REPRESENTATION_CONTEXT() REPRESENTATION_CONTEXT('2D SPACE',''
  ) );
#2435 = PCURVE('',#1785,#2436);
#2436 = DEFINITIONAL_REPRESENTATION('',(#2437),#2441);
#2437 = LINE('',#2438,#2439);
#2438 = CARTESIAN_POINT('',(-1.06,2.15));
#2439 = VECTOR('',#2440,1.);
#2440 = DIRECTION('',(0.,-1.));
#2441 = ( GEOMETRIC_REPRESENTATION_CONTEXT(2) 
PARAMETRIC_REPRESENTATION_CONTEXT() REPRESENTATION_CONTEXT('2D SPACE',''
  ) );
#2442 = ADVANCED_FACE('',(#2443),#1653,.T.);
#2443 = FACE_BOUND('',#2444,.T.);
#2444 = EDGE_LOOP('',(#2445,#2446,#2474,#2495));
#2445 = ORIENTED_EDGE('',*,*,#1637,.T.);
#2446 = ORIENTED_EDGE('',*,*,#2447,.T.);
#2447 = EDGE_CURVE('',#1610,#2448,#2450,.T.);
#2448 = VERTEX_POINT('',#2449);
#2449 = CARTESIAN_POINT('',(-14.70079016088,52.918197372996,
    3.879865025156));
#2450 = SURFACE_CURVE('',#2451,(#2456,#2467),.PCURVE_S1.);
#2451 = CIRCLE('',#2452,2.5);
#2452 = AXIS2_PLACEMENT_3D('',#2453,#2454,#2455);
#2453 = CARTESIAN_POINT('',(-15.9765252431,52.918197372996,
    1.729865025156));
#2454 = DIRECTION('',(-1.224646799147E-16,-1.,2.449293598295E-16));
#2455 = DIRECTION('',(0.510294032887,1.481462540535E-16,0.86));
#2456 = PCURVE('',#1653,#2457);
#2457 = DEFINITIONAL_REPRESENTATION('',(#2458),#2466);
#2458 = ( BOUNDED_CURVE() B_SPLINE_CURVE(2,(#2459,#2460,#2461,#2462,
#2463,#2464,#2465),.UNSPECIFIED.,.T.,.F.) B_SPLINE_CURVE_WITH_KNOTS((1,2
    ,2,2,2,1),(-2.094395102393,0.,2.094395102393,4.188790204786,
6.28318530718,8.377580409573),.UNSPECIFIED.) CURVE() 
GEOMETRIC_REPRESENTATION_ITEM() RATIONAL_B_SPLINE_CURVE((1.,0.5,1.,0.5,
1.,0.5,1.)) REPRESENTATION_ITEM('') );
#2459 = CARTESIAN_POINT('',(0.862132458892,5.09));
#2460 = CARTESIAN_POINT('',(4.586041695165,7.299637979398));
#2461 = CARTESIAN_POINT('',(4.637689700353,2.969818989699));
#2462 = CARTESIAN_POINT('',(4.689337705542,-1.36));
#2463 = CARTESIAN_POINT('',(0.91378046408,0.760181010301));
#2464 = CARTESIAN_POINT('',(-2.861776777382,2.880362020603));
#2465 = CARTESIAN_POINT('',(0.862132458892,5.09));
#2466 = ( GEOMETRIC_REPRESENTATION_CONTEXT(2) 
PARAMETRIC_REPRESENTATION_CONTEXT() REPRESENTATION_CONTEXT('2D SPACE',''
  ) );
#2467 = PCURVE('',#1625,#2468);
#2468 = DEFINITIONAL_REPRESENTATION('',(#2469),#2473);
#2469 = LINE('',#2470,#2471);
#2470 = CARTESIAN_POINT('',(-0.535526654314,-1.0512));
#2471 = VECTOR('',#2472,1.);
#2472 = DIRECTION('',(1.,0.));
#2473 = ( GEOMETRIC_REPRESENTATION_CONTEXT(2) 
PARAMETRIC_REPRESENTATION_CONTEXT() REPRESENTATION_CONTEXT('2D SPACE',''
  ) );
#2474 = ORIENTED_EDGE('',*,*,#2475,.T.);
#2475 = EDGE_CURVE('',#2448,#2299,#2476,.T.);
#2476 = SURFACE_CURVE('',#2477,(#2481,#2488),.PCURVE_S1.);
#2477 = LINE('',#2478,#2479);
#2478 = CARTESIAN_POINT('',(-14.70079016088,52.918197372996,
    3.879865025156));
#2479 = VECTOR('',#2480,1.);
#2480 = DIRECTION('',(1.,-1.224646799147E-16,1.499759782662E-32));
#2481 = PCURVE('',#1653,#2482);
#2482 = DEFINITIONAL_REPRESENTATION('',(#2483),#2487);
#2483 = LINE('',#2484,#2485);
#2484 = CARTESIAN_POINT('',(0.862132458891,5.09));
#2485 = VECTOR('',#2486,1.);
#2486 = DIRECTION('',(-1.,0.));
#2487 = ( GEOMETRIC_REPRESENTATION_CONTEXT(2) 
PARAMETRIC_REPRESENTATION_CONTEXT() REPRESENTATION_CONTEXT('2D SPACE',''
  ) );
#2488 = PCURVE('',#1982,#2489);
#2489 = DEFINITIONAL_REPRESENTATION('',(#2490),#2494);
#2490 = LINE('',#2491,#2492);
#2491 = CARTESIAN_POINT('',(-4.625,1.594962032131));
#2492 = VECTOR('',#2493,1.);
#2493 = DIRECTION('',(-3.673352034654E-48,-1.));
#2494 = ( GEOMETRIC_REPRESENTATION_CONTEXT(2) 
PARAMETRIC_REPRESENTATION_CONTEXT() REPRESENTATION_CONTEXT('2D SPACE',''
  ) );
#2495 = ORIENTED_EDGE('',*,*,#2298,.F.);
#2496 = ADVANCED_FACE('',(#2497),#1277,.T.);
#2497 = FACE_BOUND('',#2498,.T.);
#2498 = EDGE_LOOP('',(#2499,#2500,#2523,#2544));
#2499 = ORIENTED_EDGE('',*,*,#1254,.T.);
#2500 = ORIENTED_EDGE('',*,*,#2501,.T.);
#2501 = EDGE_CURVE('',#1257,#2502,#2504,.T.);
#2502 = VERTEX_POINT('',#2503);
#2503 = CARTESIAN_POINT('',(-15.2265252431,58.668197372996,
    3.879865025155));
#2504 = SURFACE_CURVE('',#2505,(#2509,#2516),.PCURVE_S1.);
#2505 = LINE('',#2506,#2507);
#2506 = CARTESIAN_POINT('',(-15.2265252431,58.668197372996,
    -0.420134974844));
#2507 = VECTOR('',#2508,1.);
#2508 = DIRECTION('',(1.499759782662E-32,2.449293598295E-16,1.));
#2509 = PCURVE('',#1277,#2510);
#2510 = DEFINITIONAL_REPRESENTATION('',(#2511),#2515);
#2511 = LINE('',#2512,#2513);
#2512 = CARTESIAN_POINT('',(0.75,0.79));
#2513 = VECTOR('',#2514,1.);
#2514 = DIRECTION('',(8.210733189403E-47,1.));
#2515 = ( GEOMETRIC_REPRESENTATION_CONTEXT(2) 
PARAMETRIC_REPRESENTATION_CONTEXT() REPRESENTATION_CONTEXT('2D SPACE',''
  ) );
#2516 = PCURVE('',#1785,#2517);
#2517 = DEFINITIONAL_REPRESENTATION('',(#2518),#2522);
#2518 = LINE('',#2519,#2520);
#2519 = CARTESIAN_POINT('',(-8.06,-2.15));
#2520 = VECTOR('',#2521,1.);
#2521 = DIRECTION('',(0.,1.));
#2522 = ( GEOMETRIC_REPRESENTATION_CONTEXT(2) 
PARAMETRIC_REPRESENTATION_CONTEXT() REPRESENTATION_CONTEXT('2D SPACE',''
  ) );
#2523 = ORIENTED_EDGE('',*,*,#2524,.T.);
#2524 = EDGE_CURVE('',#2502,#2250,#2525,.T.);
#2525 = SURFACE_CURVE('',#2526,(#2530,#2537),.PCURVE_S1.);
#2526 = LINE('',#2527,#2528);
#2527 = CARTESIAN_POINT('',(-15.2265252431,58.668197372996,
    3.879865025155));
#2528 = VECTOR('',#2529,1.);
#2529 = DIRECTION('',(-1.,1.224646799147E-16,-1.499759782662E-32));
#2530 = PCURVE('',#1277,#2531);
#2531 = DEFINITIONAL_REPRESENTATION('',(#2532),#2536);
#2532 = LINE('',#2533,#2534);
#2533 = CARTESIAN_POINT('',(0.75,5.09));
#2534 = VECTOR('',#2535,1.);
#2535 = DIRECTION('',(-1.,0.));
#2536 = ( GEOMETRIC_REPRESENTATION_CONTEXT(2) 
PARAMETRIC_REPRESENTATION_CONTEXT() REPRESENTATION_CONTEXT('2D SPACE',''
  ) );
#2537 = PCURVE('',#1982,#2538);
#2538 = DEFINITIONAL_REPRESENTATION('',(#2539),#2543);
#2539 = LINE('',#2540,#2541);
#2540 = CARTESIAN_POINT('',(1.125,2.120697114348));
#2541 = VECTOR('',#2542,1.);
#2542 = DIRECTION('',(3.673352034654E-48,1.));
#2543 = ( GEOMETRIC_REPRESENTATION_CONTEXT(2) 
PARAMETRIC_REPRESENTATION_CONTEXT() REPRESENTATION_CONTEXT('2D SPACE',''
  ) );
#2544 = ORIENTED_EDGE('',*,*,#2249,.T.);
#2545 = ADVANCED_FACE('',(#2546),#1709,.T.);
#2546 = FACE_BOUND('',#2547,.T.);
#2547 = EDGE_LOOP('',(#2548,#2549,#2550,#2593));
#2548 = ORIENTED_EDGE('',*,*,#1693,.T.);
#2549 = ORIENTED_EDGE('',*,*,#2349,.F.);
#2550 = ORIENTED_EDGE('',*,*,#2551,.T.);
#2551 = EDGE_CURVE('',#2327,#2376,#2552,.T.);
#2552 = SURFACE_CURVE('',#2553,(#2557,#2586),.PCURVE_S1.);
#2553 = ( BOUNDED_CURVE() B_SPLINE_CURVE(2,(#2554,#2555,#2556),
.UNSPECIFIED.,.F.,.F.) B_SPLINE_CURVE_WITH_KNOTS((3,3),(1.062972647224,
1.366852838142),.PIECEWISE_BEZIER_KNOTS.) CURVE() 
GEOMETRIC_REPRESENTATION_ITEM() RATIONAL_B_SPLINE_CURVE((3.378640776708,
3.59549330392,3.741935483871)) REPRESENTATION_ITEM('') );
#2554 = CARTESIAN_POINT('',(-13.88427764782,52.168197372983,
    3.879865025156));
#2555 = CARTESIAN_POINT('',(-14.32964810949,51.857588947173,
    3.879865025156));
#2556 = CARTESIAN_POINT('',(-14.70079016088,51.668197372996,
    3.879865025156));
#2557 = PCURVE('',#1709,#2558);
#2558 = DEFINITIONAL_REPRESENTATION('',(#2559),#2585);
#2559 = B_SPLINE_CURVE_WITH_KNOTS('',3,(#2560,#2561,#2562,#2563,#2564,
    #2565,#2566,#2567,#2568,#2569,#2570,#2571,#2572,#2573,#2574,#2575,
    #2576,#2577,#2578,#2579,#2580,#2581,#2582,#2583,#2584),
  .UNSPECIFIED.,.F.,.F.,(4,1,1,1,1,1,1,1,1,1,1,1,1,1,1,1,1,1,1,1,1,1,4),
  (1.062972647224,1.076785383175,1.090598119126,1.104410855076,
    1.118223591027,1.132036326978,1.145849062929,1.15966179888,
    1.173474534831,1.187287270781,1.201100006732,1.214912742683,
    1.228725478634,1.242538214585,1.256350950535,1.270163686486,
    1.283976422437,1.297789158388,1.311601894339,1.32541463029,
    1.33922736624,1.353040102191,1.366852838142),.QUASI_UNIFORM_KNOTS.);
#2560 = CARTESIAN_POINT('',(5.570092332219,2.669879999987));
#2561 = CARTESIAN_POINT('',(5.566661339756,2.659863577447));
#2562 = CARTESIAN_POINT('',(5.559785003995,2.640095178233));
#2563 = CARTESIAN_POINT('',(5.549427741493,2.611215654002));
#2564 = CARTESIAN_POINT('',(5.539028009237,2.583088612095));
#2565 = CARTESIAN_POINT('',(5.528586112223,2.555694612618));
#2566 = CARTESIAN_POINT('',(5.518102365961,2.529014920916));
#2567 = CARTESIAN_POINT('',(5.507577098003,2.503031580146));
#2568 = CARTESIAN_POINT('',(5.49701064762,2.47772734731));
#2569 = CARTESIAN_POINT('',(5.486403365958,2.453085668396));
#2570 = CARTESIAN_POINT('',(5.475755616067,2.429090645417));
#2571 = CARTESIAN_POINT('',(5.465067772947,2.405727007831));
#2572 = CARTESIAN_POINT('',(5.45434022359,2.382980084865));
#2573 = CARTESIAN_POINT('',(5.443573367003,2.360835779542));
#2574 = CARTESIAN_POINT('',(5.43276761424,2.339280544078));
#2575 = CARTESIAN_POINT('',(5.42192338841,2.318301356631));
#2576 = CARTESIAN_POINT('',(5.411041124692,2.297885699269));
#2577 = CARTESIAN_POINT('',(5.400121270329,2.278021537209));
#2578 = CARTESIAN_POINT('',(5.389164284622,2.258697298846));
#2579 = CARTESIAN_POINT('',(5.378170638938,2.239901857968));
#2580 = CARTESIAN_POINT('',(5.367140816577,2.221624512702));
#2581 = CARTESIAN_POINT('',(5.356075313148,2.203854981235));
#2582 = CARTESIAN_POINT('',(5.344974635023,2.18658333925));
#2583 = CARTESIAN_POINT('',(5.337551081603,2.175394565716));
#2584 = CARTESIAN_POINT('',(5.333833615896,2.16988));
#2585 = ( GEOMETRIC_REPRESENTATION_CONTEXT(2) 
PARAMETRIC_REPRESENTATION_CONTEXT() REPRESENTATION_CONTEXT('2D SPACE',''
  ) );
#2586 = PCURVE('',#1982,#2587);
#2587 = DEFINITIONAL_REPRESENTATION('',(#2588),#2592);
#2588 = ( BOUNDED_CURVE() B_SPLINE_CURVE(2,(#2589,#2590,#2591),
.UNSPECIFIED.,.F.,.F.) B_SPLINE_CURVE_WITH_KNOTS((3,3),(1.062972647224,
1.366852838142),.PIECEWISE_BEZIER_KNOTS.) CURVE() 
GEOMETRIC_REPRESENTATION_ITEM() RATIONAL_B_SPLINE_CURVE((3.378640776708,
3.59549330392,3.741935483871)) REPRESENTATION_ITEM('') );
#2589 = CARTESIAN_POINT('',(-5.375000000013,0.778449519076));
#2590 = CARTESIAN_POINT('',(-5.685608425823,1.223819980742));
#2591 = CARTESIAN_POINT('',(-5.875,1.594962032131));
#2592 = ( GEOMETRIC_REPRESENTATION_CONTEXT(2) 
PARAMETRIC_REPRESENTATION_CONTEXT() REPRESENTATION_CONTEXT('2D SPACE',''
  ) );
#2593 = ORIENTED_EDGE('',*,*,#2375,.F.);
#2594 = ADVANCED_FACE('',(#2595),#1625,.T.);
#2595 = FACE_BOUND('',#2596,.T.);
#2596 = EDGE_LOOP('',(#2597,#2598,#2622,#2643));
#2597 = ORIENTED_EDGE('',*,*,#1609,.T.);
#2598 = ORIENTED_EDGE('',*,*,#2599,.T.);
#2599 = EDGE_CURVE('',#1587,#2600,#2602,.T.);
#2600 = VERTEX_POINT('',#2601);
#2601 = CARTESIAN_POINT('',(-14.70079016088,63.418197372996,
    3.879865025156));
#2602 = SURFACE_CURVE('',#2603,(#2608,#2615),.PCURVE_S1.);
#2603 = CIRCLE('',#2604,2.5);
#2604 = AXIS2_PLACEMENT_3D('',#2605,#2606,#2607);
#2605 = CARTESIAN_POINT('',(-15.9765252431,63.418197372996,
    1.729865025156));
#2606 = DIRECTION('',(-1.936162039855E-15,-1.,2.449293598295E-16));
#2607 = DIRECTION('',(0.510294032887,-7.773726861866E-16,0.86));
#2608 = PCURVE('',#1625,#2609);
#2609 = DEFINITIONAL_REPRESENTATION('',(#2610),#2614);
#2610 = LINE('',#2611,#2612);
#2611 = CARTESIAN_POINT('',(-0.535526654314,-11.5512));
#2612 = VECTOR('',#2613,1.);
#2613 = DIRECTION('',(1.,-3.742252435447E-15));
#2614 = ( GEOMETRIC_REPRESENTATION_CONTEXT(2) 
PARAMETRIC_REPRESENTATION_CONTEXT() REPRESENTATION_CONTEXT('2D SPACE',''
  ) );
#2615 = PCURVE('',#1495,#2616);
#2616 = DEFINITIONAL_REPRESENTATION('',(#2617),#2621);
#2617 = CIRCLE('',#2618,2.5);
#2618 = AXIS2_PLACEMENT_2D('',#2619,#2620);
#2619 = CARTESIAN_POINT('',(2.175367541109,2.94));
#2620 = DIRECTION('',(0.510294032887,0.86));
#2621 = ( GEOMETRIC_REPRESENTATION_CONTEXT(2) 
PARAMETRIC_REPRESENTATION_CONTEXT() REPRESENTATION_CONTEXT('2D SPACE',''
  ) );
#2622 = ORIENTED_EDGE('',*,*,#2623,.T.);
#2623 = EDGE_CURVE('',#2600,#2448,#2624,.T.);
#2624 = SURFACE_CURVE('',#2625,(#2629,#2636),.PCURVE_S1.);
#2625 = LINE('',#2626,#2627);
#2626 = CARTESIAN_POINT('',(-14.70079016088,63.418197372996,
    3.879865025156));
#2627 = VECTOR('',#2628,1.);
#2628 = DIRECTION('',(-1.224646799147E-16,-1.,2.449293598295E-16));
#2629 = PCURVE('',#1625,#2630);
#2630 = DEFINITIONAL_REPRESENTATION('',(#2631),#2635);
#2631 = LINE('',#2632,#2633);
#2632 = CARTESIAN_POINT('',(5.747658652865,-11.5512));
#2633 = VECTOR('',#2634,1.);
#2634 = DIRECTION('',(8.458842092382E-17,1.));
#2635 = ( GEOMETRIC_REPRESENTATION_CONTEXT(2) 
PARAMETRIC_REPRESENTATION_CONTEXT() REPRESENTATION_CONTEXT('2D SPACE',''
  ) );
#2636 = PCURVE('',#1982,#2637);
#2637 = DEFINITIONAL_REPRESENTATION('',(#2638),#2642);
#2638 = LINE('',#2639,#2640);
#2639 = CARTESIAN_POINT('',(5.875,1.594962032131));
#2640 = VECTOR('',#2641,1.);
#2641 = DIRECTION('',(-1.,-3.673352034654E-48));
#2642 = ( GEOMETRIC_REPRESENTATION_CONTEXT(2) 
PARAMETRIC_REPRESENTATION_CONTEXT() REPRESENTATION_CONTEXT('2D SPACE',''
  ) );
#2643 = ORIENTED_EDGE('',*,*,#2447,.F.);
#2644 = ADVANCED_FACE('',(#2645),#1785,.T.);
#2645 = FACE_BOUND('',#2646,.T.);
#2646 = EDGE_LOOP('',(#2647,#2648,#2649,#2670));
#2647 = ORIENTED_EDGE('',*,*,#1771,.T.);
#2648 = ORIENTED_EDGE('',*,*,#2422,.F.);
#2649 = ORIENTED_EDGE('',*,*,#2650,.T.);
#2650 = EDGE_CURVE('',#2400,#2502,#2651,.T.);
#2651 = SURFACE_CURVE('',#2652,(#2656,#2663),.PCURVE_S1.);
#2652 = LINE('',#2653,#2654);
#2653 = CARTESIAN_POINT('',(-15.2265252431,51.668197372996,
    3.879865025155));
#2654 = VECTOR('',#2655,1.);
#2655 = DIRECTION('',(1.224646799147E-16,1.,-2.449293598295E-16));
#2656 = PCURVE('',#1785,#2657);
#2657 = DEFINITIONAL_REPRESENTATION('',(#2658),#2662);
#2658 = LINE('',#2659,#2660);
#2659 = CARTESIAN_POINT('',(-1.06,2.15));
#2660 = VECTOR('',#2661,1.);
#2661 = DIRECTION('',(-1.,0.));
#2662 = ( GEOMETRIC_REPRESENTATION_CONTEXT(2) 
PARAMETRIC_REPRESENTATION_CONTEXT() REPRESENTATION_CONTEXT('2D SPACE',''
  ) );
#2663 = PCURVE('',#1982,#2664);
#2664 = DEFINITIONAL_REPRESENTATION('',(#2665),#2669);
#2665 = LINE('',#2666,#2667);
#2666 = CARTESIAN_POINT('',(-5.875,2.120697114348));
#2667 = VECTOR('',#2668,1.);
#2668 = DIRECTION('',(1.,3.673352034654E-48));
#2669 = ( GEOMETRIC_REPRESENTATION_CONTEXT(2) 
PARAMETRIC_REPRESENTATION_CONTEXT() REPRESENTATION_CONTEXT('2D SPACE',''
  ) );
#2670 = ORIENTED_EDGE('',*,*,#2501,.F.);
#2671 = ADVANCED_FACE('',(#2672),#1495,.T.);
#2672 = FACE_BOUND('',#2673,.T.);
#2673 = EDGE_LOOP('',(#2674,#2675,#2698,#2719,#2720,#2721,#2722,#2743));
#2674 = ORIENTED_EDGE('',*,*,#1586,.T.);
#2675 = ORIENTED_EDGE('',*,*,#2676,.T.);
#2676 = EDGE_CURVE('',#1559,#2677,#2679,.T.);
#2677 = VERTEX_POINT('',#2678);
#2678 = CARTESIAN_POINT('',(-12.6015252431,63.418197372996,
    4.229865025156));
#2679 = SURFACE_CURVE('',#2680,(#2684,#2691),.PCURVE_S1.);
#2680 = LINE('',#2681,#2682);
#2681 = CARTESIAN_POINT('',(-12.6015252431,63.418197372996,
    -0.770134974844));
#2682 = VECTOR('',#2683,1.);
#2683 = DIRECTION('',(1.499759782662E-32,2.449293598295E-16,1.));
#2684 = PCURVE('',#1495,#2685);
#2685 = DEFINITIONAL_REPRESENTATION('',(#2686),#2690);
#2686 = LINE('',#2687,#2688);
#2687 = CARTESIAN_POINT('',(5.550367541109,0.44));
#2688 = VECTOR('',#2689,1.);
#2689 = DIRECTION('',(8.210733189403E-47,1.));
#2690 = ( GEOMETRIC_REPRESENTATION_CONTEXT(2) 
PARAMETRIC_REPRESENTATION_CONTEXT() REPRESENTATION_CONTEXT('2D SPACE',''
  ) );
#2691 = PCURVE('',#1574,#2692);
#2692 = DEFINITIONAL_REPRESENTATION('',(#2693),#2697);
#2693 = LINE('',#2694,#2695);
#2694 = CARTESIAN_POINT('',(0.56,-2.5));
#2695 = VECTOR('',#2696,1.);
#2696 = DIRECTION('',(0.,1.));
#2697 = ( GEOMETRIC_REPRESENTATION_CONTEXT(2) 
PARAMETRIC_REPRESENTATION_CONTEXT() REPRESENTATION_CONTEXT('2D SPACE',''
  ) );
#2698 = ORIENTED_EDGE('',*,*,#2699,.T.);
#2699 = EDGE_CURVE('',#2677,#1890,#2700,.T.);
#2700 = SURFACE_CURVE('',#2701,(#2705,#2712),.PCURVE_S1.);
#2701 = LINE('',#2702,#2703);
#2702 = CARTESIAN_POINT('',(-12.6015252431,63.418197372996,
    4.229865025156));
#2703 = VECTOR('',#2704,1.);
#2704 = DIRECTION('',(-1.,1.224646799147E-16,-3.289549702593E-16));
#2705 = PCURVE('',#1495,#2706);
#2706 = DEFINITIONAL_REPRESENTATION('',(#2707),#2711);
#2707 = LINE('',#2708,#2709);
#2708 = CARTESIAN_POINT('',(5.550367541109,5.44));
#2709 = VECTOR('',#2710,1.);
#2710 = DIRECTION('',(-1.,-3.289549702593E-16));
#2711 = ( GEOMETRIC_REPRESENTATION_CONTEXT(2) 
PARAMETRIC_REPRESENTATION_CONTEXT() REPRESENTATION_CONTEXT('2D SPACE',''
  ) );
#2712 = PCURVE('',#1840,#2713);
#2713 = DEFINITIONAL_REPRESENTATION('',(#2714),#2718);
#2714 = LINE('',#2715,#2716);
#2715 = CARTESIAN_POINT('',(-1.,1.035));
#2716 = VECTOR('',#2717,1.);
#2717 = DIRECTION('',(7.395570986447E-32,1.));
#2718 = ( GEOMETRIC_REPRESENTATION_CONTEXT(2) 
PARAMETRIC_REPRESENTATION_CONTEXT() REPRESENTATION_CONTEXT('2D SPACE',''
  ) );
#2719 = ORIENTED_EDGE('',*,*,#1889,.T.);
#2720 = ORIENTED_EDGE('',*,*,#1479,.T.);
#2721 = ORIENTED_EDGE('',*,*,#1994,.F.);
#2722 = ORIENTED_EDGE('',*,*,#2723,.F.);
#2723 = EDGE_CURVE('',#2600,#1967,#2724,.T.);
#2724 = SURFACE_CURVE('',#2725,(#2729,#2736),.PCURVE_S1.);
#2725 = LINE('',#2726,#2727);
#2726 = CARTESIAN_POINT('',(-14.70079016088,63.418197372996,
    3.879865025155));
#2727 = VECTOR('',#2728,1.);
#2728 = DIRECTION('',(-1.,1.224646799147E-16,-1.499759782662E-32));
#2729 = PCURVE('',#1495,#2730);
#2730 = DEFINITIONAL_REPRESENTATION('',(#2731),#2735);
#2731 = LINE('',#2732,#2733);
#2732 = CARTESIAN_POINT('',(3.451102623326,5.09));
#2733 = VECTOR('',#2734,1.);
#2734 = DIRECTION('',(-1.,0.));
#2735 = ( GEOMETRIC_REPRESENTATION_CONTEXT(2) 
PARAMETRIC_REPRESENTATION_CONTEXT() REPRESENTATION_CONTEXT('2D SPACE',''
  ) );
#2736 = PCURVE('',#1982,#2737);
#2737 = DEFINITIONAL_REPRESENTATION('',(#2738),#2742);
#2738 = LINE('',#2739,#2740);
#2739 = CARTESIAN_POINT('',(5.875,1.594962032131));
#2740 = VECTOR('',#2741,1.);
#2741 = DIRECTION('',(3.673352034654E-48,1.));
#2742 = ( GEOMETRIC_REPRESENTATION_CONTEXT(2) 
PARAMETRIC_REPRESENTATION_CONTEXT() REPRESENTATION_CONTEXT('2D SPACE',''
  ) );
#2743 = ORIENTED_EDGE('',*,*,#2599,.F.);
#2744 = ADVANCED_FACE('',(#2745),#1982,.T.);
#2745 = FACE_BOUND('',#2746,.T.);
#2746 = EDGE_LOOP('',(#2747,#2748,#2749,#2750,#2751,#2752,#2753,#2754,
    #2755,#2756,#2757,#2758,#2759,#2760));
#2747 = ORIENTED_EDGE('',*,*,#1966,.F.);
#2748 = ORIENTED_EDGE('',*,*,#2048,.F.);
#2749 = ORIENTED_EDGE('',*,*,#2098,.F.);
#2750 = ORIENTED_EDGE('',*,*,#2152,.F.);
#2751 = ORIENTED_EDGE('',*,*,#2223,.F.);
#2752 = ORIENTED_EDGE('',*,*,#2272,.F.);
#2753 = ORIENTED_EDGE('',*,*,#2524,.F.);
#2754 = ORIENTED_EDGE('',*,*,#2650,.F.);
#2755 = ORIENTED_EDGE('',*,*,#2399,.F.);
#2756 = ORIENTED_EDGE('',*,*,#2551,.F.);
#2757 = ORIENTED_EDGE('',*,*,#2326,.F.);
#2758 = ORIENTED_EDGE('',*,*,#2475,.F.);
#2759 = ORIENTED_EDGE('',*,*,#2623,.F.);
#2760 = ORIENTED_EDGE('',*,*,#2723,.T.);
#2761 = ADVANCED_FACE('',(#2762),#1840,.T.);
#2762 = FACE_BOUND('',#2763,.T.);
#2763 = EDGE_LOOP('',(#2764,#2765,#2766,#2767));
#2764 = ORIENTED_EDGE('',*,*,#1824,.T.);
#2765 = ORIENTED_EDGE('',*,*,#1912,.F.);
#2766 = ORIENTED_EDGE('',*,*,#2699,.F.);
#2767 = ORIENTED_EDGE('',*,*,#2768,.T.);
#2768 = EDGE_CURVE('',#2677,#1825,#2769,.T.);
#2769 = SURFACE_CURVE('',#2770,(#2774,#2781),.PCURVE_S1.);
#2770 = LINE('',#2771,#2772);
#2771 = CARTESIAN_POINT('',(-12.6015252431,63.418197372996,
    4.229865025156));
#2772 = VECTOR('',#2773,1.);
#2773 = DIRECTION('',(1.224646799147E-16,1.,-2.449293598295E-16));
#2774 = PCURVE('',#1840,#2775);
#2775 = DEFINITIONAL_REPRESENTATION('',(#2776),#2780);
#2776 = LINE('',#2777,#2778);
#2777 = CARTESIAN_POINT('',(-1.,1.035));
#2778 = VECTOR('',#2779,1.);
#2779 = DIRECTION('',(1.,3.673352034654E-48));
#2780 = ( GEOMETRIC_REPRESENTATION_CONTEXT(2) 
PARAMETRIC_REPRESENTATION_CONTEXT() REPRESENTATION_CONTEXT('2D SPACE',''
  ) );
#2781 = PCURVE('',#1574,#2782);
#2782 = DEFINITIONAL_REPRESENTATION('',(#2783),#2787);
#2783 = LINE('',#2784,#2785);
#2784 = CARTESIAN_POINT('',(0.56,2.5));
#2785 = VECTOR('',#2786,1.);
#2786 = DIRECTION('',(1.,0.));
#2787 = ( GEOMETRIC_REPRESENTATION_CONTEXT(2) 
PARAMETRIC_REPRESENTATION_CONTEXT() REPRESENTATION_CONTEXT('2D SPACE',''
  ) );
#2788 = ADVANCED_FACE('',(#2789),#1574,.T.);
#2789 = FACE_BOUND('',#2790,.T.);
#2790 = EDGE_LOOP('',(#2791,#2792,#2793,#2794));
#2791 = ORIENTED_EDGE('',*,*,#1558,.T.);
#2792 = ORIENTED_EDGE('',*,*,#1852,.T.);
#2793 = ORIENTED_EDGE('',*,*,#2768,.F.);
#2794 = ORIENTED_EDGE('',*,*,#2676,.F.);
#2795 = ( GEOMETRIC_REPRESENTATION_CONTEXT(3) 
GLOBAL_UNCERTAINTY_ASSIGNED_CONTEXT((#2799)) 
GLOBAL_UNIT_ASSIGNED_CONTEXT((#2796,#2797,#2798)) REPRESENTATION_CONTEXT
('Context #1','3D Context with UNIT and UNCERTAINTY') );
#2796 = ( LENGTH_UNIT() NAMED_UNIT(*) SI_UNIT(.MILLI.,.METRE.) );
#2797 = ( NAMED_UNIT(*) PLANE_ANGLE_UNIT() SI_UNIT($,.RADIAN.) );
#2798 = ( NAMED_UNIT(*) SI_UNIT($,.STERADIAN.) SOLID_ANGLE_UNIT() );
#2799 = UNCERTAINTY_MEASURE_WITH_UNIT(LENGTH_MEASURE(1.E-07),#2796,
  'distance_accuracy_value','confusion accuracy');
#2800 = PRODUCT_RELATED_PRODUCT_CATEGORY('part',$,(#7));
ENDSEC;
END-ISO-10303-21;
