ISO-10303-21;
HEADER;
FILE_DESCRIPTION(('Open CASCADE Model'),'2;1');
FILE_NAME('Open CASCADE Shape Model','2026-10-05T22:58:09',('Author'),(
    'Open CASCADE'),'Open CASCADE STEP processor 7.9','Open CASCADE 7.9'
  ,'Unknown');
FILE_SCHEMA(('AUTOMOTIVE_DESIGN { 1 0 10303 214 1 1 1 1 }'));
ENDSEC;
DATA;
#1 = APPLICATION_PROTOCOL_DEFINITION('international standard',
  'automotive_design',2000,#2);
#2 = APPLICATION_CONTEXT(
  'core data for automotive mechanical design processes');
#3 = SHAPE_DEFINITION_REPRESENTATION(#4,#10);
#4 = PRODUCT_DEFINITION_SHAPE('','',#5);
#5 = PRODUCT_DEFINITION('design','',#6,#9);
#6 = PRODUCT_DEFINITION_FORMATION('','',#7);
#7 = PRODUCT('Open CASCADE STEP translator 7.9 1',
  'Open CASCADE STEP translator 7.9 1','',(#8));
#8 = PRODUCT_CONTEXT('',#2,'mechanical');
#9 = PRODUCT_DEFINITION_CONTEXT('part definition',#2,'design');
#10 = ADVANCED_BREP_SHAPE_REPRESENTATION('',(#11,#15),#10164);
#11 = AXIS2_PLACEMENT_3D('',#12,#13,#14);
#12 = CARTESIAN_POINT('',(0.,0.,0.));
#13 = DIRECTION('',(0.,0.,1.));
#14 = DIRECTION('',(1.,0.,-0.));
#15 = MANIFOLD_SOLID_BREP('',#16);
#16 = CLOSED_SHELL('',(#17,#1125,#1279,#1372,#1629,#1768,#2025,#2143,
    #2226,#3092,#3141,#3336,#3363,#3412,#3607,#3634,#3822,#3871,#4022,
    #4049,#4212,#4261,#4412,#4439,#5540,#6105,#6132,#6159,#6186,#6213,
    #6220,#6267,#6294,#6321,#6328,#6355,#6382,#6409,#6436,#6443,#6490,
    #6517,#6544,#6551,#6555,#6563,#6570,#6577,#6604,#6631,#6638,#6665,
    #6692,#6699,#6746,#6773,#6800,#6807,#6854,#6881,#6908,#6915,#7425,
    #7474,#8491,#8540,#8953,#8960,#8967,#8994,#9021,#9028,#9035,#9042,
    #9049,#9096,#9103,#9130,#9157,#9184,#9284,#9291,#9338,#9365,#9438,
    #9489,#9536,#9609,#9680,#9687,#9714,#9741,#9768,#9795,#9822,#9849,
    #9856,#9883,#9910,#9937,#9984,#10011,#10038,#10045,#10092,#10119,
    #10146,#10153));
#17 = ADVANCED_FACE('',(#18,#699,#912),#33,.T.);
#18 = FACE_BOUND('',#19,.T.);
#19 = EDGE_LOOP('',(#20,#82,#135,#161,#214,#240,#293,#324,#385,#419,#453
    ,#487,#543,#577,#611,#645));
#20 = ORIENTED_EDGE('',*,*,#21,.F.);
#21 = EDGE_CURVE('',#22,#24,#26,.T.);
#22 = VERTEX_POINT('',#23);
#23 = CARTESIAN_POINT('',(38.,-165.,28.0000001));
#24 = VERTEX_POINT('',#25);
#25 = CARTESIAN_POINT('',(-37.75102107012,-165.,24.0000001));
#26 = SURFACE_CURVE('',#27,(#32,#70),.PCURVE_S1.);
#27 = ELLIPSE('',#28,38.,35.);
#28 = AXIS2_PLACEMENT_3D('',#29,#30,#31);
#29 = CARTESIAN_POINT('',(0.,-165.,28.0000001));
#30 = DIRECTION('',(0.,-1.,1.110223024625E-16));
#31 = DIRECTION('',(1.,0.,0.));
#32 = PCURVE('',#33,#64);
#33 = B_SPLINE_SURFACE_WITH_KNOTS('',14,1,(
    (#34,#35)
    ,(#36,#37)
    ,(#38,#39)
    ,(#40,#41)
    ,(#42,#43)
    ,(#44,#45)
    ,(#46,#47)
    ,(#48,#49)
    ,(#50,#51)
    ,(#52,#53)
    ,(#54,#55)
    ,(#56,#57)
    ,(#58,#59)
    ,(#60,#61)
    ,(#62,#63
    )),.UNSPECIFIED.,.T.,.F.,.F.,(1,14,14,1),(2,2),(-6.28318530718,0.,
    6.28318530718,12.56637061436),(0.,1.),.UNSPECIFIED.);
#34 = CARTESIAN_POINT('',(30.,-25.,28.0000001));
#35 = CARTESIAN_POINT('',(38.,-165.,28.0000001));
#36 = CARTESIAN_POINT('',(30.000000000004,-25.,40.566370714366));
#37 = CARTESIAN_POINT('',(38.000000000009,-165.,43.707963367958));
#38 = CARTESIAN_POINT('',(23.492569164001,-25.,53.132745967261));
#39 = CARTESIAN_POINT('',(29.757254274383,-164.9999999999,
    59.415932434073));
#40 = CARTESIAN_POINT('',(10.477699172943,-25.,62.518941804024));
#41 = CARTESIAN_POINT('',(13.27175228578,-165.,71.148677230038));
#42 = CARTESIAN_POINT('',(-7.098318442164,-25.,65.545132783179));
#43 = CARTESIAN_POINT('',(-8.99120336018,-164.9999999999,74.931415953962
    ));
#44 = CARTESIAN_POINT('',(-25.34326981209,-25.,60.171352208206));
#45 = CARTESIAN_POINT('',(-32.10147509515,-164.9999999999,
    68.214190235267));
#46 = CARTESIAN_POINT('',(-39.27125104975,-25.,46.644786967502));
#47 = CARTESIAN_POINT('',(-49.74358466324,-165.0000000002,
    51.305983684383));
#48 = CARTESIAN_POINT('',(-44.51485806145,-25.,28.000000100265));
#49 = CARTESIAN_POINT('',(-56.3854868776,-164.9999999996,28.000000100305
    ));
#50 = CARTESIAN_POINT('',(-39.27125104976,-25.,9.35521323202));
#51 = CARTESIAN_POINT('',(-49.74358466324,-165.0000000003,4.69401651506)
  );
#52 = CARTESIAN_POINT('',(-25.34326981208,-25.,-4.17135200783));
#53 = CARTESIAN_POINT('',(-32.10147509515,-164.9999999997,
    -12.21419003483));
#54 = CARTESIAN_POINT('',(-7.098318442175,-25.,-9.54513258341));
#55 = CARTESIAN_POINT('',(-8.991203360176,-165.0000000001,
    -18.93141575423));
#56 = CARTESIAN_POINT('',(10.47769917295,-25.,-6.5189416039));
#57 = CARTESIAN_POINT('',(13.271752285777,-164.9999999999,-15.1486770299
    ));
#58 = CARTESIAN_POINT('',(23.492569163999,-25.,2.8672542327));
#59 = CARTESIAN_POINT('',(29.757254274384,-165.,-3.41593223412));
#60 = CARTESIAN_POINT('',(30.000000000005,-25.,15.433629485644));
#61 = CARTESIAN_POINT('',(38.000000000009,-164.9999999999,12.29203683206
    ));
#62 = CARTESIAN_POINT('',(30.,-25.,28.0000001));
#63 = CARTESIAN_POINT('',(38.,-165.,28.0000001));
#64 = DEFINITIONAL_REPRESENTATION('',(#65),#69);
#65 = LINE('',#66,#67);
#66 = CARTESIAN_POINT('',(0.,1.));
#67 = VECTOR('',#68,1.);
#68 = DIRECTION('',(1.,0.));
#69 = ( GEOMETRIC_REPRESENTATION_CONTEXT(2) 
PARAMETRIC_REPRESENTATION_CONTEXT() REPRESENTATION_CONTEXT('2D SPACE',''
  ) );
#70 = PCURVE('',#71,#76);
#71 = PLANE('',#72);
#72 = AXIS2_PLACEMENT_3D('',#73,#74,#75);
#73 = CARTESIAN_POINT('',(0.,-165.,28.0000001));
#74 = DIRECTION('',(0.,-1.,1.110223024625E-16));
#75 = DIRECTION('',(1.,0.,0.));
#76 = DEFINITIONAL_REPRESENTATION('',(#77),#81);
#77 = ELLIPSE('',#78,38.,35.);
#78 = AXIS2_PLACEMENT_2D('',#79,#80);
#79 = CARTESIAN_POINT('',(0.,0.));
#80 = DIRECTION('',(1.,0.));
#81 = ( GEOMETRIC_REPRESENTATION_CONTEXT(2) 
PARAMETRIC_REPRESENTATION_CONTEXT() REPRESENTATION_CONTEXT('2D SPACE',''
  ) );
#82 = ORIENTED_EDGE('',*,*,#83,.F.);
#83 = EDGE_CURVE('',#84,#22,#86,.T.);
#84 = VERTEX_POINT('',#85);
#85 = CARTESIAN_POINT('',(37.371428571428,-153.9999999999,28.0000001));
#86 = SURFACE_CURVE('',#87,(#90,#97),.PCURVE_S1.);
#87 = B_SPLINE_CURVE_WITH_KNOTS('',1,(#88,#89),.UNSPECIFIED.,.F.,.F.,(2,
    2),(0.,1.),.PIECEWISE_BEZIER_KNOTS.);
#88 = CARTESIAN_POINT('',(30.,-25.,28.0000001));
#89 = CARTESIAN_POINT('',(38.,-165.,28.0000001));
#90 = PCURVE('',#33,#91);
#91 = DEFINITIONAL_REPRESENTATION('',(#92),#96);
#92 = LINE('',#93,#94);
#93 = CARTESIAN_POINT('',(0.,0.));
#94 = VECTOR('',#95,1.);
#95 = DIRECTION('',(0.,1.));
#96 = ( GEOMETRIC_REPRESENTATION_CONTEXT(2) 
PARAMETRIC_REPRESENTATION_CONTEXT() REPRESENTATION_CONTEXT('2D SPACE',''
  ) );
#97 = PCURVE('',#98,#129);
#98 = B_SPLINE_SURFACE_WITH_KNOTS('',14,1,(
    (#99,#100)
    ,(#101,#102)
    ,(#103,#104)
    ,(#105,#106)
    ,(#107,#108)
    ,(#109,#110)
    ,(#111,#112)
    ,(#113,#114)
    ,(#115,#116)
    ,(#117,#118)
    ,(#119,#120)
    ,(#121,#122)
    ,(#123,#124)
    ,(#125,#126)
    ,(#127,#128
    )),.UNSPECIFIED.,.T.,.F.,.F.,(1,14,14,1),(2,2),(-6.28318530718,0.,
    6.28318530718,12.56637061436),(0.,1.),.UNSPECIFIED.);
#99 = CARTESIAN_POINT('',(30.,-25.,28.0000001));
#100 = CARTESIAN_POINT('',(38.,-165.,28.0000001));
#101 = CARTESIAN_POINT('',(30.000000000004,-25.,40.566370714366));
#102 = CARTESIAN_POINT('',(38.000000000009,-165.,43.707963367958));
#103 = CARTESIAN_POINT('',(23.492569164001,-25.,53.132745967261));
#104 = CARTESIAN_POINT('',(29.757254274383,-164.9999999999,
    59.415932434073));
#105 = CARTESIAN_POINT('',(10.477699172943,-25.,62.518941804024));
#106 = CARTESIAN_POINT('',(13.27175228578,-165.,71.148677230038));
#107 = CARTESIAN_POINT('',(-7.098318442164,-25.,65.545132783179));
#108 = CARTESIAN_POINT('',(-8.99120336018,-164.9999999999,
    74.931415953962));
#109 = CARTESIAN_POINT('',(-25.34326981209,-25.,60.171352208206));
#110 = CARTESIAN_POINT('',(-32.10147509515,-164.9999999999,
    68.214190235267));
#111 = CARTESIAN_POINT('',(-39.27125104975,-25.,46.644786967502));
#112 = CARTESIAN_POINT('',(-49.74358466324,-165.0000000002,
    51.305983684383));
#113 = CARTESIAN_POINT('',(-44.51485806145,-25.,28.000000100265));
#114 = CARTESIAN_POINT('',(-56.3854868776,-164.9999999996,
    28.000000100305));
#115 = CARTESIAN_POINT('',(-39.27125104976,-25.,9.35521323202));
#116 = CARTESIAN_POINT('',(-49.74358466324,-165.0000000003,4.69401651506
    ));
#117 = CARTESIAN_POINT('',(-25.34326981208,-25.,-4.17135200783));
#118 = CARTESIAN_POINT('',(-32.10147509515,-164.9999999997,
    -12.21419003483));
#119 = CARTESIAN_POINT('',(-7.098318442175,-25.,-9.54513258341));
#120 = CARTESIAN_POINT('',(-8.991203360176,-165.0000000001,
    -18.93141575423));
#121 = CARTESIAN_POINT('',(10.47769917295,-25.,-6.5189416039));
#122 = CARTESIAN_POINT('',(13.271752285777,-164.9999999999,
    -15.1486770299));
#123 = CARTESIAN_POINT('',(23.492569163999,-25.,2.8672542327));
#124 = CARTESIAN_POINT('',(29.757254274384,-165.,-3.41593223412));
#125 = CARTESIAN_POINT('',(30.000000000005,-25.,15.433629485644));
#126 = CARTESIAN_POINT('',(38.000000000009,-164.9999999999,
    12.29203683206));
#127 = CARTESIAN_POINT('',(30.,-25.,28.0000001));
#128 = CARTESIAN_POINT('',(38.,-165.,28.0000001));
#129 = DEFINITIONAL_REPRESENTATION('',(#130),#134);
#130 = LINE('',#131,#132);
#131 = CARTESIAN_POINT('',(6.28318530718,0.));
#132 = VECTOR('',#133,1.);
#133 = DIRECTION('',(0.,1.));
#134 = ( GEOMETRIC_REPRESENTATION_CONTEXT(2) 
PARAMETRIC_REPRESENTATION_CONTEXT() REPRESENTATION_CONTEXT('2D SPACE',''
  ) );
#135 = ORIENTED_EDGE('',*,*,#136,.F.);
#136 = EDGE_CURVE('',#137,#84,#139,.T.);
#137 = VERTEX_POINT('',#138);
#138 = CARTESIAN_POINT('',(35.771428571428,-125.9999999999,28.0000001));
#139 = SURFACE_CURVE('',#140,(#143,#150),.PCURVE_S1.);
#140 = B_SPLINE_CURVE_WITH_KNOTS('',1,(#141,#142),.UNSPECIFIED.,.F.,.F.,
  (2,2),(0.,1.),.PIECEWISE_BEZIER_KNOTS.);
#141 = CARTESIAN_POINT('',(30.,-25.,28.0000001));
#142 = CARTESIAN_POINT('',(38.,-165.,28.0000001));
#143 = PCURVE('',#33,#144);
#144 = DEFINITIONAL_REPRESENTATION('',(#145),#149);
#145 = LINE('',#146,#147);
#146 = CARTESIAN_POINT('',(0.,0.));
#147 = VECTOR('',#148,1.);
#148 = DIRECTION('',(0.,1.));
#149 = ( GEOMETRIC_REPRESENTATION_CONTEXT(2) 
PARAMETRIC_REPRESENTATION_CONTEXT() REPRESENTATION_CONTEXT('2D SPACE',''
  ) );
#150 = PCURVE('',#151,#156);
#151 = PLANE('',#152);
#152 = AXIS2_PLACEMENT_3D('',#153,#154,#155);
#153 = CARTESIAN_POINT('',(23.,-154.,28.0000001));
#154 = DIRECTION('',(0.,0.,1.));
#155 = DIRECTION('',(1.,0.,-0.));
#156 = DEFINITIONAL_REPRESENTATION('',(#157),#160);
#157 = B_SPLINE_CURVE_WITH_KNOTS('',1,(#158,#159),.UNSPECIFIED.,.F.,.F.,
  (2,2),(0.,1.),.PIECEWISE_BEZIER_KNOTS.);
#158 = CARTESIAN_POINT('',(7.,129.));
#159 = CARTESIAN_POINT('',(15.,-11.));
#160 = ( GEOMETRIC_REPRESENTATION_CONTEXT(2) 
PARAMETRIC_REPRESENTATION_CONTEXT() REPRESENTATION_CONTEXT('2D SPACE',''
  ) );
#161 = ORIENTED_EDGE('',*,*,#162,.F.);
#162 = EDGE_CURVE('',#163,#137,#165,.T.);
#163 = VERTEX_POINT('',#164);
#164 = CARTESIAN_POINT('',(32.8,-74.,28.0000001));
#165 = SURFACE_CURVE('',#166,(#169,#176),.PCURVE_S1.);
#166 = B_SPLINE_CURVE_WITH_KNOTS('',1,(#167,#168),.UNSPECIFIED.,.F.,.F.,
  (2,2),(0.,1.),.PIECEWISE_BEZIER_KNOTS.);
#167 = CARTESIAN_POINT('',(30.,-25.,28.0000001));
#168 = CARTESIAN_POINT('',(38.,-165.,28.0000001));
#169 = PCURVE('',#33,#170);
#170 = DEFINITIONAL_REPRESENTATION('',(#171),#175);
#171 = LINE('',#172,#173);
#172 = CARTESIAN_POINT('',(0.,0.));
#173 = VECTOR('',#174,1.);
#174 = DIRECTION('',(0.,1.));
#175 = ( GEOMETRIC_REPRESENTATION_CONTEXT(2) 
PARAMETRIC_REPRESENTATION_CONTEXT() REPRESENTATION_CONTEXT('2D SPACE',''
  ) );
#176 = PCURVE('',#177,#208);
#177 = B_SPLINE_SURFACE_WITH_KNOTS('',14,1,(
    (#178,#179)
    ,(#180,#181)
    ,(#182,#183)
    ,(#184,#185)
    ,(#186,#187)
    ,(#188,#189)
    ,(#190,#191)
    ,(#192,#193)
    ,(#194,#195)
    ,(#196,#197)
    ,(#198,#199)
    ,(#200,#201)
    ,(#202,#203)
    ,(#204,#205)
    ,(#206,#207
    )),.UNSPECIFIED.,.T.,.F.,.F.,(1,14,14,1),(2,2),(-6.28318530718,0.,
    6.28318530718,12.56637061436),(0.,1.),.UNSPECIFIED.);
#178 = CARTESIAN_POINT('',(30.,-25.,28.0000001));
#179 = CARTESIAN_POINT('',(38.,-165.,28.0000001));
#180 = CARTESIAN_POINT('',(30.000000000004,-25.,40.566370714366));
#181 = CARTESIAN_POINT('',(38.000000000009,-165.,43.707963367958));
#182 = CARTESIAN_POINT('',(23.492569164001,-25.,53.132745967261));
#183 = CARTESIAN_POINT('',(29.757254274383,-164.9999999999,
    59.415932434073));
#184 = CARTESIAN_POINT('',(10.477699172943,-25.,62.518941804024));
#185 = CARTESIAN_POINT('',(13.27175228578,-165.,71.148677230038));
#186 = CARTESIAN_POINT('',(-7.098318442164,-25.,65.545132783179));
#187 = CARTESIAN_POINT('',(-8.99120336018,-164.9999999999,
    74.931415953962));
#188 = CARTESIAN_POINT('',(-25.34326981209,-25.,60.171352208206));
#189 = CARTESIAN_POINT('',(-32.10147509515,-164.9999999999,
    68.214190235267));
#190 = CARTESIAN_POINT('',(-39.27125104975,-25.,46.644786967502));
#191 = CARTESIAN_POINT('',(-49.74358466324,-165.0000000002,
    51.305983684383));
#192 = CARTESIAN_POINT('',(-44.51485806145,-25.,28.000000100265));
#193 = CARTESIAN_POINT('',(-56.3854868776,-164.9999999996,
    28.000000100305));
#194 = CARTESIAN_POINT('',(-39.27125104976,-25.,9.35521323202));
#195 = CARTESIAN_POINT('',(-49.74358466324,-165.0000000003,4.69401651506
    ));
#196 = CARTESIAN_POINT('',(-25.34326981208,-25.,-4.17135200783));
#197 = CARTESIAN_POINT('',(-32.10147509515,-164.9999999997,
    -12.21419003483));
#198 = CARTESIAN_POINT('',(-7.098318442175,-25.,-9.54513258341));
#199 = CARTESIAN_POINT('',(-8.991203360176,-165.0000000001,
    -18.93141575423));
#200 = CARTESIAN_POINT('',(10.47769917295,-25.,-6.5189416039));
#201 = CARTESIAN_POINT('',(13.271752285777,-164.9999999999,
    -15.1486770299));
#202 = CARTESIAN_POINT('',(23.492569163999,-25.,2.8672542327));
#203 = CARTESIAN_POINT('',(29.757254274384,-165.,-3.41593223412));
#204 = CARTESIAN_POINT('',(30.000000000005,-25.,15.433629485644));
#205 = CARTESIAN_POINT('',(38.000000000009,-164.9999999999,
    12.29203683206));
#206 = CARTESIAN_POINT('',(30.,-25.,28.0000001));
#207 = CARTESIAN_POINT('',(38.,-165.,28.0000001));
#208 = DEFINITIONAL_REPRESENTATION('',(#209),#213);
#209 = LINE('',#210,#211);
#210 = CARTESIAN_POINT('',(6.28318530718,0.));
#211 = VECTOR('',#212,1.);
#212 = DIRECTION('',(0.,1.));
#213 = ( GEOMETRIC_REPRESENTATION_CONTEXT(2) 
PARAMETRIC_REPRESENTATION_CONTEXT() REPRESENTATION_CONTEXT('2D SPACE',''
  ) );
#214 = ORIENTED_EDGE('',*,*,#215,.F.);
#215 = EDGE_CURVE('',#216,#163,#218,.T.);
#216 = VERTEX_POINT('',#217);
#217 = CARTESIAN_POINT('',(31.2,-46.,28.0000001));
#218 = SURFACE_CURVE('',#219,(#222,#229),.PCURVE_S1.);
#219 = B_SPLINE_CURVE_WITH_KNOTS('',1,(#220,#221),.UNSPECIFIED.,.F.,.F.,
  (2,2),(0.,1.),.PIECEWISE_BEZIER_KNOTS.);
#220 = CARTESIAN_POINT('',(30.,-25.,28.0000001));
#221 = CARTESIAN_POINT('',(38.,-165.,28.0000001));
#222 = PCURVE('',#33,#223);
#223 = DEFINITIONAL_REPRESENTATION('',(#224),#228);
#224 = LINE('',#225,#226);
#225 = CARTESIAN_POINT('',(0.,0.));
#226 = VECTOR('',#227,1.);
#227 = DIRECTION('',(0.,1.));
#228 = ( GEOMETRIC_REPRESENTATION_CONTEXT(2) 
PARAMETRIC_REPRESENTATION_CONTEXT() REPRESENTATION_CONTEXT('2D SPACE',''
  ) );
#229 = PCURVE('',#230,#235);
#230 = PLANE('',#231);
#231 = AXIS2_PLACEMENT_3D('',#232,#233,#234);
#232 = CARTESIAN_POINT('',(23.,-74.,28.0000001));
#233 = DIRECTION('',(0.,0.,1.));
#234 = DIRECTION('',(1.,0.,-0.));
#235 = DEFINITIONAL_REPRESENTATION('',(#236),#239);
#236 = B_SPLINE_CURVE_WITH_KNOTS('',1,(#237,#238),.UNSPECIFIED.,.F.,.F.,
  (2,2),(0.,1.),.PIECEWISE_BEZIER_KNOTS.);
#237 = CARTESIAN_POINT('',(7.,49.));
#238 = CARTESIAN_POINT('',(15.,-91.));
#239 = ( GEOMETRIC_REPRESENTATION_CONTEXT(2) 
PARAMETRIC_REPRESENTATION_CONTEXT() REPRESENTATION_CONTEXT('2D SPACE',''
  ) );
#240 = ORIENTED_EDGE('',*,*,#241,.F.);
#241 = EDGE_CURVE('',#242,#216,#244,.T.);
#242 = VERTEX_POINT('',#243);
#243 = CARTESIAN_POINT('',(30.,-25.,28.00000005));
#244 = SURFACE_CURVE('',#245,(#248,#255),.PCURVE_S1.);
#245 = B_SPLINE_CURVE_WITH_KNOTS('',1,(#246,#247),.UNSPECIFIED.,.F.,.F.,
  (2,2),(0.,1.),.PIECEWISE_BEZIER_KNOTS.);
#246 = CARTESIAN_POINT('',(30.,-25.,28.0000001));
#247 = CARTESIAN_POINT('',(38.,-165.,28.0000001));
#248 = PCURVE('',#33,#249);
#249 = DEFINITIONAL_REPRESENTATION('',(#250),#254);
#250 = LINE('',#251,#252);
#251 = CARTESIAN_POINT('',(0.,0.));
#252 = VECTOR('',#253,1.);
#253 = DIRECTION('',(0.,1.));
#254 = ( GEOMETRIC_REPRESENTATION_CONTEXT(2) 
PARAMETRIC_REPRESENTATION_CONTEXT() REPRESENTATION_CONTEXT('2D SPACE',''
  ) );
#255 = PCURVE('',#256,#287);
#256 = B_SPLINE_SURFACE_WITH_KNOTS('',14,1,(
    (#257,#258)
    ,(#259,#260)
    ,(#261,#262)
    ,(#263,#264)
    ,(#265,#266)
    ,(#267,#268)
    ,(#269,#270)
    ,(#271,#272)
    ,(#273,#274)
    ,(#275,#276)
    ,(#277,#278)
    ,(#279,#280)
    ,(#281,#282)
    ,(#283,#284)
    ,(#285,#286
    )),.UNSPECIFIED.,.T.,.F.,.F.,(1,14,14,1),(2,2),(-6.28318530718,0.,
    6.28318530718,12.56637061436),(0.,1.),.UNSPECIFIED.);
#257 = CARTESIAN_POINT('',(30.,-25.,28.0000001));
#258 = CARTESIAN_POINT('',(38.,-165.,28.0000001));
#259 = CARTESIAN_POINT('',(30.000000000004,-25.,40.566370714366));
#260 = CARTESIAN_POINT('',(38.000000000009,-165.,43.707963367958));
#261 = CARTESIAN_POINT('',(23.492569164001,-25.,53.132745967261));
#262 = CARTESIAN_POINT('',(29.757254274383,-164.9999999999,
    59.415932434073));
#263 = CARTESIAN_POINT('',(10.477699172943,-25.,62.518941804024));
#264 = CARTESIAN_POINT('',(13.27175228578,-165.,71.148677230038));
#265 = CARTESIAN_POINT('',(-7.098318442164,-25.,65.545132783179));
#266 = CARTESIAN_POINT('',(-8.99120336018,-164.9999999999,
    74.931415953962));
#267 = CARTESIAN_POINT('',(-25.34326981209,-25.,60.171352208206));
#268 = CARTESIAN_POINT('',(-32.10147509515,-164.9999999999,
    68.214190235267));
#269 = CARTESIAN_POINT('',(-39.27125104975,-25.,46.644786967502));
#270 = CARTESIAN_POINT('',(-49.74358466324,-165.0000000002,
    51.305983684383));
#271 = CARTESIAN_POINT('',(-44.51485806145,-25.,28.000000100265));
#272 = CARTESIAN_POINT('',(-56.3854868776,-164.9999999996,
    28.000000100305));
#273 = CARTESIAN_POINT('',(-39.27125104976,-25.,9.35521323202));
#274 = CARTESIAN_POINT('',(-49.74358466324,-165.0000000003,4.69401651506
    ));
#275 = CARTESIAN_POINT('',(-25.34326981208,-25.,-4.17135200783));
#276 = CARTESIAN_POINT('',(-32.10147509515,-164.9999999997,
    -12.21419003483));
#277 = CARTESIAN_POINT('',(-7.098318442175,-25.,-9.54513258341));
#278 = CARTESIAN_POINT('',(-8.991203360176,-165.0000000001,
    -18.93141575423));
#279 = CARTESIAN_POINT('',(10.47769917295,-25.,-6.5189416039));
#280 = CARTESIAN_POINT('',(13.271752285777,-164.9999999999,
    -15.1486770299));
#281 = CARTESIAN_POINT('',(23.492569163999,-25.,2.8672542327));
#282 = CARTESIAN_POINT('',(29.757254274384,-165.,-3.41593223412));
#283 = CARTESIAN_POINT('',(30.000000000005,-25.,15.433629485644));
#284 = CARTESIAN_POINT('',(38.000000000009,-164.9999999999,
    12.29203683206));
#285 = CARTESIAN_POINT('',(30.,-25.,28.0000001));
#286 = CARTESIAN_POINT('',(38.,-165.,28.0000001));
#287 = DEFINITIONAL_REPRESENTATION('',(#288),#292);
#288 = LINE('',#289,#290);
#289 = CARTESIAN_POINT('',(6.28318530718,0.));
#290 = VECTOR('',#291,1.);
#291 = DIRECTION('',(0.,1.));
#292 = ( GEOMETRIC_REPRESENTATION_CONTEXT(2) 
PARAMETRIC_REPRESENTATION_CONTEXT() REPRESENTATION_CONTEXT('2D SPACE',''
  ) );
#293 = ORIENTED_EDGE('',*,*,#294,.T.);
#294 = EDGE_CURVE('',#242,#295,#297,.T.);
#295 = VERTEX_POINT('',#296);
#296 = CARTESIAN_POINT('',(-29.69229955832,-25.,24.0000001));
#297 = SURFACE_CURVE('',#298,(#303,#310),.PCURVE_S1.);
#298 = ELLIPSE('',#299,30.,28.);
#299 = AXIS2_PLACEMENT_3D('',#300,#301,#302);
#300 = CARTESIAN_POINT('',(0.,-25.,28.0000001));
#301 = DIRECTION('',(0.,-1.,1.110223024625E-16));
#302 = DIRECTION('',(1.,0.,0.));
#303 = PCURVE('',#33,#304);
#304 = DEFINITIONAL_REPRESENTATION('',(#305),#309);
#305 = LINE('',#306,#307);
#306 = CARTESIAN_POINT('',(0.,0.));
#307 = VECTOR('',#308,1.);
#308 = DIRECTION('',(1.,0.));
#309 = ( GEOMETRIC_REPRESENTATION_CONTEXT(2) 
PARAMETRIC_REPRESENTATION_CONTEXT() REPRESENTATION_CONTEXT('2D SPACE',''
  ) );
#310 = PCURVE('',#311,#319);
#311 = SURFACE_OF_LINEAR_EXTRUSION('',#312,#317);
#312 = ELLIPSE('',#313,30.,28.);
#313 = AXIS2_PLACEMENT_3D('',#314,#315,#316);
#314 = CARTESIAN_POINT('',(0.,-22.,28.));
#315 = DIRECTION('',(0.,-1.,1.110223024625E-16));
#316 = DIRECTION('',(1.,0.,0.));
#317 = VECTOR('',#318,1.);
#318 = DIRECTION('',(-0.,1.,-1.110223024625E-16));
#319 = DEFINITIONAL_REPRESENTATION('',(#320),#323);
#320 = B_SPLINE_CURVE_WITH_KNOTS('',1,(#321,#322),.UNSPECIFIED.,.F.,.F.,
  (2,2),(0.,3.284940222495),.PIECEWISE_BEZIER_KNOTS.);
#321 = CARTESIAN_POINT('',(0.,-3.));
#322 = CARTESIAN_POINT('',(3.284940218971,-3.));
#323 = ( GEOMETRIC_REPRESENTATION_CONTEXT(2) 
PARAMETRIC_REPRESENTATION_CONTEXT() REPRESENTATION_CONTEXT('2D SPACE',''
  ) );
#324 = ORIENTED_EDGE('',*,*,#325,.T.);
#325 = EDGE_CURVE('',#295,#326,#328,.T.);
#326 = VERTEX_POINT('',#327);
#327 = CARTESIAN_POINT('',(-30.90281586829,-45.99999999999,24.0000001));
#328 = SURFACE_CURVE('',#329,(#344,#362),.PCURVE_S1.);
#329 = B_SPLINE_CURVE_WITH_KNOTS('',4,(#330,#331,#332,#333,#334,#335,
    #336,#337,#338,#339,#340,#341,#342,#343),.UNSPECIFIED.,.F.,.F.,(5,3,
    3,3,5),(0.,0.250001079221,0.500001396266,0.750001069305,1.),
  .UNSPECIFIED.);
#330 = CARTESIAN_POINT('',(-29.69229955157,-25.,24.0000001));
#331 = CARTESIAN_POINT('',(-30.19683597518,-33.74998789906,24.0000001));
#332 = CARTESIAN_POINT('',(-30.70119429857,-42.49998609153,24.0000001));
#333 = CARTESIAN_POINT('',(-31.2053902405,-51.24999366195,24.0000001));
#334 = CARTESIAN_POINT('',(-32.21348076562,-68.74999943323,24.0000001));
#335 = CARTESIAN_POINT('',(-32.71737537641,-77.49999763243,24.0000001));
#336 = CARTESIAN_POINT('',(-33.22113259442,-86.25000375731,24.0000001));
#337 = CARTESIAN_POINT('',(-34.22839102297,-103.7500081536,24.0000001));
#338 = CARTESIAN_POINT('',(-34.73189225336,-112.5000064238,24.0000001));
#339 = CARTESIAN_POINT('',(-35.23527620003,-121.2500114531,24.0000001));
#340 = CARTESIAN_POINT('',(-36.24182437329,-138.7500081013,24.0000001));
#341 = CARTESIAN_POINT('',(-36.74498861456,-147.4999997193,24.0000001));
#342 = CARTESIAN_POINT('',(-37.2480519381,-156.2499971484,24.0000001));
#343 = CARTESIAN_POINT('',(-37.75102106277,-165.,24.0000001));
#344 = PCURVE('',#33,#345);
#345 = DEFINITIONAL_REPRESENTATION('',(#346),#361);
#346 = B_SPLINE_CURVE_WITH_KNOTS('',4,(#347,#348,#349,#350,#351,#352,
    #353,#354,#355,#356,#357,#358,#359,#360),.UNSPECIFIED.,.F.,.F.,(5,3,
    3,3,5),(0.,0.250001079221,0.500001396266,0.750001069305,1.),
  .UNSPECIFIED.);
#347 = CARTESIAN_POINT('',(3.28494022338,0.));
#348 = CARTESIAN_POINT('',(3.282684951998,6.249991356472E-02));
#349 = CARTESIAN_POINT('',(3.280524615902,0.124999900654));
#350 = CARTESIAN_POINT('',(3.278450253778,0.187499954728));
#351 = CARTESIAN_POINT('',(3.274459492956,0.312499995952));
#352 = CARTESIAN_POINT('',(3.272543076678,0.374999983089));
#353 = CARTESIAN_POINT('',(3.270698612347,0.437500026838));
#354 = CARTESIAN_POINT('',(3.267142487049,0.56250005824));
#355 = CARTESIAN_POINT('',(3.265430813711,0.625000045885));
#356 = CARTESIAN_POINT('',(3.263779965657,0.687500081808));
#357 = CARTESIAN_POINT('',(3.260590997298,0.812500057867));
#358 = CARTESIAN_POINT('',(3.259052868026,0.874999997996));
#359 = CARTESIAN_POINT('',(3.257566621295,0.937499979632));
#360 = CARTESIAN_POINT('',(3.256128627547,1.));
#361 = ( GEOMETRIC_REPRESENTATION_CONTEXT(2) 
PARAMETRIC_REPRESENTATION_CONTEXT() REPRESENTATION_CONTEXT('2D SPACE',''
  ) );
#362 = PCURVE('',#363,#368);
#363 = PLANE('',#364);
#364 = AXIS2_PLACEMENT_3D('',#365,#366,#367);
#365 = CARTESIAN_POINT('',(-70.,-195.,24.0000001));
#366 = DIRECTION('',(0.,0.,1.));
#367 = DIRECTION('',(1.,0.,-0.));
#368 = DEFINITIONAL_REPRESENTATION('',(#369),#384);
#369 = B_SPLINE_CURVE_WITH_KNOTS('',4,(#370,#371,#372,#373,#374,#375,
    #376,#377,#378,#379,#380,#381,#382,#383),.UNSPECIFIED.,.F.,.F.,(5,3,
    3,3,5),(0.,0.250001079221,0.500001396266,0.750001069305,1.),
  .UNSPECIFIED.);
#370 = CARTESIAN_POINT('',(40.30770044843,170.));
#371 = CARTESIAN_POINT('',(39.80316402482,161.25001210094));
#372 = CARTESIAN_POINT('',(39.29880570143,152.50001390847));
#373 = CARTESIAN_POINT('',(38.7946097595,143.75000633805));
#374 = CARTESIAN_POINT('',(37.78651923438,126.25000056677));
#375 = CARTESIAN_POINT('',(37.28262462359,117.50000236757));
#376 = CARTESIAN_POINT('',(36.77886740558,108.74999624269));
#377 = CARTESIAN_POINT('',(35.77160897703,91.2499918464));
#378 = CARTESIAN_POINT('',(35.26810774664,82.4999935762));
#379 = CARTESIAN_POINT('',(34.76472379997,73.7499885469));
#380 = CARTESIAN_POINT('',(33.75817562671,56.2499918987));
#381 = CARTESIAN_POINT('',(33.25501138544,47.5000002807));
#382 = CARTESIAN_POINT('',(32.7519480619,38.7500028516));
#383 = CARTESIAN_POINT('',(32.24897893723,30.));
#384 = ( GEOMETRIC_REPRESENTATION_CONTEXT(2) 
PARAMETRIC_REPRESENTATION_CONTEXT() REPRESENTATION_CONTEXT('2D SPACE',''
  ) );
#385 = ORIENTED_EDGE('',*,*,#386,.T.);
#386 = EDGE_CURVE('',#326,#387,#389,.T.);
#387 = VERTEX_POINT('',#388);
#388 = CARTESIAN_POINT('',(-31.19999999586,-46.,28.0000001));
#389 = SURFACE_CURVE('',#390,(#396,#405),.PCURVE_S1.);
#390 = B_SPLINE_CURVE_WITH_KNOTS('',4,(#391,#392,#393,#394,#395),
  .UNSPECIFIED.,.F.,.F.,(5,5),(0.,1.),.PIECEWISE_BEZIER_KNOTS.);
#391 = CARTESIAN_POINT('',(-30.90281586938,-46.,24.0000001));
#392 = CARTESIAN_POINT('',(-31.05102821709,-46.,24.992671549933));
#393 = CARTESIAN_POINT('',(-31.15034179429,-46.,25.992648293512));
#394 = CARTESIAN_POINT('',(-31.19999999546,-46.,26.996326708312));
#395 = CARTESIAN_POINT('',(-31.19999999586,-46.,28.0000001));
#396 = PCURVE('',#33,#397);
#397 = DEFINITIONAL_REPRESENTATION('',(#398),#404);
#398 = B_SPLINE_CURVE_WITH_KNOTS('',4,(#399,#400,#401,#402,#403),
  .UNSPECIFIED.,.F.,.F.,(5,5),(0.,1.),.PIECEWISE_BEZIER_KNOTS.);
#399 = CARTESIAN_POINT('',(3.279725141983,0.15));
#400 = CARTESIAN_POINT('',(3.245225392879,0.15));
#401 = CARTESIAN_POINT('',(3.2106924566,0.15));
#402 = CARTESIAN_POINT('',(3.176142512773,0.15));
#403 = CARTESIAN_POINT('',(3.141592653966,0.15));
#404 = ( GEOMETRIC_REPRESENTATION_CONTEXT(2) 
PARAMETRIC_REPRESENTATION_CONTEXT() REPRESENTATION_CONTEXT('2D SPACE',''
  ) );
#405 = PCURVE('',#406,#411);
#406 = PLANE('',#407);
#407 = AXIS2_PLACEMENT_3D('',#408,#409,#410);
#408 = CARTESIAN_POINT('',(-47.,-46.,24.0000001));
#409 = DIRECTION('',(0.,1.,0.));
#410 = DIRECTION('',(0.,-0.,1.));
#411 = DEFINITIONAL_REPRESENTATION('',(#412),#418);
#412 = B_SPLINE_CURVE_WITH_KNOTS('',4,(#413,#414,#415,#416,#417),
  .UNSPECIFIED.,.F.,.F.,(5,5),(0.,1.),.PIECEWISE_BEZIER_KNOTS.);
#413 = CARTESIAN_POINT('',(0.,16.09718413062));
#414 = CARTESIAN_POINT('',(0.992671449933,15.94897178291));
#415 = CARTESIAN_POINT('',(1.992648193512,15.84965820571));
#416 = CARTESIAN_POINT('',(2.996326608312,15.80000000454));
#417 = CARTESIAN_POINT('',(4.,15.80000000414));
#418 = ( GEOMETRIC_REPRESENTATION_CONTEXT(2) 
PARAMETRIC_REPRESENTATION_CONTEXT() REPRESENTATION_CONTEXT('2D SPACE',''
  ) );
#419 = ORIENTED_EDGE('',*,*,#420,.T.);
#420 = EDGE_CURVE('',#387,#421,#423,.T.);
#421 = VERTEX_POINT('',#422);
#422 = CARTESIAN_POINT('',(-32.79999999565,-74.,28.0000001));
#423 = SURFACE_CURVE('',#424,(#430,#439),.PCURVE_S1.);
#424 = B_SPLINE_CURVE_WITH_KNOTS('',4,(#425,#426,#427,#428,#429),
  .UNSPECIFIED.,.F.,.F.,(5,5),(0.,1.),.PIECEWISE_BEZIER_KNOTS.);
#425 = CARTESIAN_POINT('',(-31.19999999586,-46.,28.0000001));
#426 = CARTESIAN_POINT('',(-31.59999999581,-53.,28.0000001));
#427 = CARTESIAN_POINT('',(-31.99999999576,-60.,28.0000001));
#428 = CARTESIAN_POINT('',(-32.3999999957,-67.,28.0000001));
#429 = CARTESIAN_POINT('',(-32.79999999565,-74.,28.0000001));
#430 = PCURVE('',#33,#431);
#431 = DEFINITIONAL_REPRESENTATION('',(#432),#438);
#432 = B_SPLINE_CURVE_WITH_KNOTS('',4,(#433,#434,#435,#436,#437),
  .UNSPECIFIED.,.F.,.F.,(5,5),(0.,1.),.PIECEWISE_BEZIER_KNOTS.);
#433 = CARTESIAN_POINT('',(3.14159265359,0.15));
#434 = CARTESIAN_POINT('',(3.14159265359,0.2));
#435 = CARTESIAN_POINT('',(3.14159265359,0.25));
#436 = CARTESIAN_POINT('',(3.14159265359,0.3));
#437 = CARTESIAN_POINT('',(3.14159265359,0.35));
#438 = ( GEOMETRIC_REPRESENTATION_CONTEXT(2) 
PARAMETRIC_REPRESENTATION_CONTEXT() REPRESENTATION_CONTEXT('2D SPACE',''
  ) );
#439 = PCURVE('',#440,#445);
#440 = PLANE('',#441);
#441 = AXIS2_PLACEMENT_3D('',#442,#443,#444);
#442 = CARTESIAN_POINT('',(-47.,-74.,28.0000001));
#443 = DIRECTION('',(0.,0.,1.));
#444 = DIRECTION('',(1.,0.,-0.));
#445 = DEFINITIONAL_REPRESENTATION('',(#446),#452);
#446 = B_SPLINE_CURVE_WITH_KNOTS('',4,(#447,#448,#449,#450,#451),
  .UNSPECIFIED.,.F.,.F.,(5,5),(0.,1.),.PIECEWISE_BEZIER_KNOTS.);
#447 = CARTESIAN_POINT('',(15.80000000414,28.));
#448 = CARTESIAN_POINT('',(15.40000000419,21.));
#449 = CARTESIAN_POINT('',(15.00000000424,14.));
#450 = CARTESIAN_POINT('',(14.6000000043,7.));
#451 = CARTESIAN_POINT('',(14.20000000435,0.));
#452 = ( GEOMETRIC_REPRESENTATION_CONTEXT(2) 
PARAMETRIC_REPRESENTATION_CONTEXT() REPRESENTATION_CONTEXT('2D SPACE',''
  ) );
#453 = ORIENTED_EDGE('',*,*,#454,.F.);
#454 = EDGE_CURVE('',#455,#421,#457,.T.);
#455 = VERTEX_POINT('',#456);
#456 = CARTESIAN_POINT('',(-32.51576663487,-73.99999999999,24.0000001));
#457 = SURFACE_CURVE('',#458,(#464,#473),.PCURVE_S1.);
#458 = B_SPLINE_CURVE_WITH_KNOTS('',4,(#459,#460,#461,#462,#463),
  .UNSPECIFIED.,.F.,.F.,(5,5),(0.,1.),.PIECEWISE_BEZIER_KNOTS.);
#459 = CARTESIAN_POINT('',(-32.5157666341,-74.,24.0000001));
#460 = CARTESIAN_POINT('',(-32.6575473107,-74.,24.993294424697));
#461 = CARTESIAN_POINT('',(-32.75251498323,-74.,25.993274489841));
#462 = CARTESIAN_POINT('',(-32.79999999524,-74.,26.996639460083));
#463 = CARTESIAN_POINT('',(-32.79999999565,-74.,28.0000001));
#464 = PCURVE('',#33,#465);
#465 = DEFINITIONAL_REPRESENTATION('',(#466),#472);
#466 = B_SPLINE_CURVE_WITH_KNOTS('',4,(#467,#468,#469,#470,#471),
  .UNSPECIFIED.,.F.,.F.,(5,5),(0.,1.),.PIECEWISE_BEZIER_KNOTS.);
#467 = CARTESIAN_POINT('',(3.273336312893,0.35));
#468 = CARTESIAN_POINT('',(3.240430660534,0.35));
#469 = CARTESIAN_POINT('',(3.207494901829,0.35));
#470 = CARTESIAN_POINT('',(3.174543742523,0.35));
#471 = CARTESIAN_POINT('',(3.141592653966,0.35));
#472 = ( GEOMETRIC_REPRESENTATION_CONTEXT(2) 
PARAMETRIC_REPRESENTATION_CONTEXT() REPRESENTATION_CONTEXT('2D SPACE',''
  ) );
#473 = PCURVE('',#474,#479);
#474 = PLANE('',#475);
#475 = AXIS2_PLACEMENT_3D('',#476,#477,#478);
#476 = CARTESIAN_POINT('',(-47.,-74.,24.0000001));
#477 = DIRECTION('',(0.,1.,0.));
#478 = DIRECTION('',(0.,-0.,1.));
#479 = DEFINITIONAL_REPRESENTATION('',(#480),#486);
#480 = B_SPLINE_CURVE_WITH_KNOTS('',4,(#481,#482,#483,#484,#485),
  .UNSPECIFIED.,.F.,.F.,(5,5),(0.,1.),.PIECEWISE_BEZIER_KNOTS.);
#481 = CARTESIAN_POINT('',(0.,14.4842333659));
#482 = CARTESIAN_POINT('',(0.993294324697,14.3424526893));
#483 = CARTESIAN_POINT('',(1.993274389841,14.24748501677));
#484 = CARTESIAN_POINT('',(2.996639360083,14.20000000476));
#485 = CARTESIAN_POINT('',(4.,14.20000000435));
#486 = ( GEOMETRIC_REPRESENTATION_CONTEXT(2) 
PARAMETRIC_REPRESENTATION_CONTEXT() REPRESENTATION_CONTEXT('2D SPACE',''
  ) );
#487 = ORIENTED_EDGE('',*,*,#488,.T.);
#488 = EDGE_CURVE('',#455,#489,#491,.T.);
#489 = VERTEX_POINT('',#490);
#490 = CARTESIAN_POINT('',(-35.50847289778,-125.9999999999,24.0000001));
#491 = SURFACE_CURVE('',#492,(#507,#525),.PCURVE_S1.);
#492 = B_SPLINE_CURVE_WITH_KNOTS('',4,(#493,#494,#495,#496,#497,#498,
    #499,#500,#501,#502,#503,#504,#505,#506),.UNSPECIFIED.,.F.,.F.,(5,3,
    3,3,5),(0.,0.250001079221,0.500001396266,0.750001069305,1.),
  .UNSPECIFIED.);
#493 = CARTESIAN_POINT('',(-29.69229955157,-25.,24.0000001));
#494 = CARTESIAN_POINT('',(-30.19683597518,-33.74998789906,24.0000001));
#495 = CARTESIAN_POINT('',(-30.70119429857,-42.49998609153,24.0000001));
#496 = CARTESIAN_POINT('',(-31.2053902405,-51.24999366195,24.0000001));
#497 = CARTESIAN_POINT('',(-32.21348076562,-68.74999943323,24.0000001));
#498 = CARTESIAN_POINT('',(-32.71737537641,-77.49999763243,24.0000001));
#499 = CARTESIAN_POINT('',(-33.22113259442,-86.25000375731,24.0000001));
#500 = CARTESIAN_POINT('',(-34.22839102297,-103.7500081536,24.0000001));
#501 = CARTESIAN_POINT('',(-34.73189225336,-112.5000064238,24.0000001));
#502 = CARTESIAN_POINT('',(-35.23527620003,-121.2500114531,24.0000001));
#503 = CARTESIAN_POINT('',(-36.24182437329,-138.7500081013,24.0000001));
#504 = CARTESIAN_POINT('',(-36.74498861456,-147.4999997193,24.0000001));
#505 = CARTESIAN_POINT('',(-37.2480519381,-156.2499971484,24.0000001));
#506 = CARTESIAN_POINT('',(-37.75102106277,-165.,24.0000001));
#507 = PCURVE('',#33,#508);
#508 = DEFINITIONAL_REPRESENTATION('',(#509),#524);
#509 = B_SPLINE_CURVE_WITH_KNOTS('',4,(#510,#511,#512,#513,#514,#515,
    #516,#517,#518,#519,#520,#521,#522,#523),.UNSPECIFIED.,.F.,.F.,(5,3,
    3,3,5),(0.,0.250001079221,0.500001396266,0.750001069305,1.),
  .UNSPECIFIED.);
#510 = CARTESIAN_POINT('',(3.28494022338,0.));
#511 = CARTESIAN_POINT('',(3.282684951998,6.249991356472E-02));
#512 = CARTESIAN_POINT('',(3.280524615902,0.124999900654));
#513 = CARTESIAN_POINT('',(3.278450253778,0.187499954728));
#514 = CARTESIAN_POINT('',(3.274459492956,0.312499995952));
#515 = CARTESIAN_POINT('',(3.272543076678,0.374999983089));
#516 = CARTESIAN_POINT('',(3.270698612347,0.437500026838));
#517 = CARTESIAN_POINT('',(3.267142487049,0.56250005824));
#518 = CARTESIAN_POINT('',(3.265430813711,0.625000045885));
#519 = CARTESIAN_POINT('',(3.263779965657,0.687500081808));
#520 = CARTESIAN_POINT('',(3.260590997298,0.812500057867));
#521 = CARTESIAN_POINT('',(3.259052868026,0.874999997996));
#522 = CARTESIAN_POINT('',(3.257566621295,0.937499979632));
#523 = CARTESIAN_POINT('',(3.256128627547,1.));
#524 = ( GEOMETRIC_REPRESENTATION_CONTEXT(2) 
PARAMETRIC_REPRESENTATION_CONTEXT() REPRESENTATION_CONTEXT('2D SPACE',''
  ) );
#525 = PCURVE('',#363,#526);
#526 = DEFINITIONAL_REPRESENTATION('',(#527),#542);
#527 = B_SPLINE_CURVE_WITH_KNOTS('',4,(#528,#529,#530,#531,#532,#533,
    #534,#535,#536,#537,#538,#539,#540,#541),.UNSPECIFIED.,.F.,.F.,(5,3,
    3,3,5),(0.,0.250001079221,0.500001396266,0.750001069305,1.),
  .UNSPECIFIED.);
#528 = CARTESIAN_POINT('',(40.30770044843,170.));
#529 = CARTESIAN_POINT('',(39.80316402482,161.25001210094));
#530 = CARTESIAN_POINT('',(39.29880570143,152.50001390847));
#531 = CARTESIAN_POINT('',(38.7946097595,143.75000633805));
#532 = CARTESIAN_POINT('',(37.78651923438,126.25000056677));
#533 = CARTESIAN_POINT('',(37.28262462359,117.50000236757));
#534 = CARTESIAN_POINT('',(36.77886740558,108.74999624269));
#535 = CARTESIAN_POINT('',(35.77160897703,91.2499918464));
#536 = CARTESIAN_POINT('',(35.26810774664,82.4999935762));
#537 = CARTESIAN_POINT('',(34.76472379997,73.7499885469));
#538 = CARTESIAN_POINT('',(33.75817562671,56.2499918987));
#539 = CARTESIAN_POINT('',(33.25501138544,47.5000002807));
#540 = CARTESIAN_POINT('',(32.7519480619,38.7500028516));
#541 = CARTESIAN_POINT('',(32.24897893723,30.));
#542 = ( GEOMETRIC_REPRESENTATION_CONTEXT(2) 
PARAMETRIC_REPRESENTATION_CONTEXT() REPRESENTATION_CONTEXT('2D SPACE',''
  ) );
#543 = ORIENTED_EDGE('',*,*,#544,.T.);
#544 = EDGE_CURVE('',#489,#545,#547,.T.);
#545 = VERTEX_POINT('',#546);
#546 = CARTESIAN_POINT('',(-35.77142856668,-126.,28.0000001));
#547 = SURFACE_CURVE('',#548,(#554,#563),.PCURVE_S1.);
#548 = B_SPLINE_CURVE_WITH_KNOTS('',4,(#549,#550,#551,#552,#553),
  .UNSPECIFIED.,.F.,.F.,(5,5),(0.,1.),.PIECEWISE_BEZIER_KNOTS.);
#549 = CARTESIAN_POINT('',(-35.50847289816,-126.,24.0000001));
#550 = CARTESIAN_POINT('',(-35.6396798209,-126.,24.99425813328));
#551 = CARTESIAN_POINT('',(-35.72751175195,-126.,25.994242946707));
#552 = CARTESIAN_POINT('',(-35.77142856628,-126.,26.997123198753));
#553 = CARTESIAN_POINT('',(-35.77142856668,-126.,28.0000001));
#554 = PCURVE('',#33,#555);
#555 = DEFINITIONAL_REPRESENTATION('',(#556),#562);
#556 = B_SPLINE_CURVE_WITH_KNOTS('',4,(#557,#558,#559,#560,#561),
  .UNSPECIFIED.,.F.,.F.,(5,5),(0.,1.),.PIECEWISE_BEZIER_KNOTS.);
#557 = CARTESIAN_POINT('',(3.262918834091,0.721428571429));
#558 = CARTESIAN_POINT('',(3.232612602575,0.721428571429));
#559 = CARTESIAN_POINT('',(3.202281172076,0.721428571429));
#560 = CARTESIAN_POINT('',(3.171936887184,0.721428571429));
#561 = CARTESIAN_POINT('',(3.141592653966,0.721428571429));
#562 = ( GEOMETRIC_REPRESENTATION_CONTEXT(2) 
PARAMETRIC_REPRESENTATION_CONTEXT() REPRESENTATION_CONTEXT('2D SPACE',''
  ) );
#563 = PCURVE('',#564,#569);
#564 = PLANE('',#565);
#565 = AXIS2_PLACEMENT_3D('',#566,#567,#568);
#566 = CARTESIAN_POINT('',(-47.,-126.,24.0000001));
#567 = DIRECTION('',(0.,1.,0.));
#568 = DIRECTION('',(0.,-0.,1.));
#569 = DEFINITIONAL_REPRESENTATION('',(#570),#576);
#570 = B_SPLINE_CURVE_WITH_KNOTS('',4,(#571,#572,#573,#574,#575),
  .UNSPECIFIED.,.F.,.F.,(5,5),(0.,1.),.PIECEWISE_BEZIER_KNOTS.);
#571 = CARTESIAN_POINT('',(0.,11.49152710184));
#572 = CARTESIAN_POINT('',(0.99425803328,11.3603201791));
#573 = CARTESIAN_POINT('',(1.994242846707,11.27248824805));
#574 = CARTESIAN_POINT('',(2.997123098753,11.22857143372));
#575 = CARTESIAN_POINT('',(4.,11.22857143332));
#576 = ( GEOMETRIC_REPRESENTATION_CONTEXT(2) 
PARAMETRIC_REPRESENTATION_CONTEXT() REPRESENTATION_CONTEXT('2D SPACE',''
  ) );
#577 = ORIENTED_EDGE('',*,*,#578,.T.);
#578 = EDGE_CURVE('',#545,#579,#581,.T.);
#579 = VERTEX_POINT('',#580);
#580 = CARTESIAN_POINT('',(-37.37142856647,-154.,28.0000001));
#581 = SURFACE_CURVE('',#582,(#588,#597),.PCURVE_S1.);
#582 = B_SPLINE_CURVE_WITH_KNOTS('',4,(#583,#584,#585,#586,#587),
  .UNSPECIFIED.,.F.,.F.,(5,5),(0.,1.),.PIECEWISE_BEZIER_KNOTS.);
#583 = CARTESIAN_POINT('',(-35.77142856668,-126.,28.0000001));
#584 = CARTESIAN_POINT('',(-36.17142856663,-133.,28.0000001));
#585 = CARTESIAN_POINT('',(-36.57142856658,-140.,28.0000001));
#586 = CARTESIAN_POINT('',(-36.97142856652,-147.,28.0000001));
#587 = CARTESIAN_POINT('',(-37.37142856647,-154.,28.0000001));
#588 = PCURVE('',#33,#589);
#589 = DEFINITIONAL_REPRESENTATION('',(#590),#596);
#590 = B_SPLINE_CURVE_WITH_KNOTS('',4,(#591,#592,#593,#594,#595),
  .UNSPECIFIED.,.F.,.F.,(5,5),(0.,1.),.PIECEWISE_BEZIER_KNOTS.);
#591 = CARTESIAN_POINT('',(3.14159265359,0.721428571429));
#592 = CARTESIAN_POINT('',(3.14159265359,0.771428571429));
#593 = CARTESIAN_POINT('',(3.14159265359,0.821428571429));
#594 = CARTESIAN_POINT('',(3.14159265359,0.871428571429));
#595 = CARTESIAN_POINT('',(3.14159265359,0.921428571429));
#596 = ( GEOMETRIC_REPRESENTATION_CONTEXT(2) 
PARAMETRIC_REPRESENTATION_CONTEXT() REPRESENTATION_CONTEXT('2D SPACE',''
  ) );
#597 = PCURVE('',#598,#603);
#598 = PLANE('',#599);
#599 = AXIS2_PLACEMENT_3D('',#600,#601,#602);
#600 = CARTESIAN_POINT('',(-47.,-154.,28.0000001));
#601 = DIRECTION('',(0.,0.,1.));
#602 = DIRECTION('',(1.,0.,-0.));
#603 = DEFINITIONAL_REPRESENTATION('',(#604),#610);
#604 = B_SPLINE_CURVE_WITH_KNOTS('',4,(#605,#606,#607,#608,#609),
  .UNSPECIFIED.,.F.,.F.,(5,5),(0.,1.),.PIECEWISE_BEZIER_KNOTS.);
#605 = CARTESIAN_POINT('',(11.22857143332,28.));
#606 = CARTESIAN_POINT('',(10.82857143337,21.));
#607 = CARTESIAN_POINT('',(10.42857143342,14.));
#608 = CARTESIAN_POINT('',(10.02857143348,7.));
#609 = CARTESIAN_POINT('',(9.62857143353,0.));
#610 = ( GEOMETRIC_REPRESENTATION_CONTEXT(2) 
PARAMETRIC_REPRESENTATION_CONTEXT() REPRESENTATION_CONTEXT('2D SPACE',''
  ) );
#611 = ORIENTED_EDGE('',*,*,#612,.F.);
#612 = EDGE_CURVE('',#613,#579,#615,.T.);
#613 = VERTEX_POINT('',#614);
#614 = CARTESIAN_POINT('',(-37.11866036302,-154.,24.0000001));
#615 = SURFACE_CURVE('',#616,(#622,#631),.PCURVE_S1.);
#616 = B_SPLINE_CURVE_WITH_KNOTS('',4,(#617,#618,#619,#620,#621),
  .UNSPECIFIED.,.F.,.F.,(5,5),(0.,1.),.PIECEWISE_BEZIER_KNOTS.);
#617 = CARTESIAN_POINT('',(-37.11866036364,-154.,24.0000001));
#618 = CARTESIAN_POINT('',(-37.2448018005,-154.,24.994693246606));
#619 = CARTESIAN_POINT('',(-37.32921916715,-154.,25.994680056194));
#620 = CARTESIAN_POINT('',(-37.37142856606,-154.,26.997341543801));
#621 = CARTESIAN_POINT('',(-37.37142856647,-154.,28.0000001));
#622 = PCURVE('',#33,#623);
#623 = DEFINITIONAL_REPRESENTATION('',(#624),#630);
#624 = B_SPLINE_CURVE_WITH_KNOTS('',4,(#625,#626,#627,#628,#629),
  .UNSPECIFIED.,.F.,.F.,(5,5),(0.,1.),.PIECEWISE_BEZIER_KNOTS.);
#625 = CARTESIAN_POINT('',(3.257965446864,0.921428571429));
#626 = CARTESIAN_POINT('',(3.228895294526,0.921428571429));
#627 = CARTESIAN_POINT('',(3.199802193389,0.921428571429));
#628 = CARTESIAN_POINT('',(3.170697401798,0.921428571429));
#629 = CARTESIAN_POINT('',(3.141592653966,0.921428571429));
#630 = ( GEOMETRIC_REPRESENTATION_CONTEXT(2) 
PARAMETRIC_REPRESENTATION_CONTEXT() REPRESENTATION_CONTEXT('2D SPACE',''
  ) );
#631 = PCURVE('',#632,#637);
#632 = PLANE('',#633);
#633 = AXIS2_PLACEMENT_3D('',#634,#635,#636);
#634 = CARTESIAN_POINT('',(-47.,-154.,24.0000001));
#635 = DIRECTION('',(0.,1.,0.));
#636 = DIRECTION('',(0.,-0.,1.));
#637 = DEFINITIONAL_REPRESENTATION('',(#638),#644);
#638 = B_SPLINE_CURVE_WITH_KNOTS('',4,(#639,#640,#641,#642,#643),
  .UNSPECIFIED.,.F.,.F.,(5,5),(0.,1.),.PIECEWISE_BEZIER_KNOTS.);
#639 = CARTESIAN_POINT('',(0.,9.88133963636));
#640 = CARTESIAN_POINT('',(0.994693146606,9.7551981995));
#641 = CARTESIAN_POINT('',(1.994679956194,9.67078083285));
#642 = CARTESIAN_POINT('',(2.997341443801,9.62857143394));
#643 = CARTESIAN_POINT('',(4.,9.62857143353));
#644 = ( GEOMETRIC_REPRESENTATION_CONTEXT(2) 
PARAMETRIC_REPRESENTATION_CONTEXT() REPRESENTATION_CONTEXT('2D SPACE',''
  ) );
#645 = ORIENTED_EDGE('',*,*,#646,.T.);
#646 = EDGE_CURVE('',#613,#24,#647,.T.);
#647 = SURFACE_CURVE('',#648,(#663,#681),.PCURVE_S1.);
#648 = B_SPLINE_CURVE_WITH_KNOTS('',4,(#649,#650,#651,#652,#653,#654,
    #655,#656,#657,#658,#659,#660,#661,#662),.UNSPECIFIED.,.F.,.F.,(5,3,
    3,3,5),(0.,0.250001079221,0.500001396266,0.750001069305,1.),
  .UNSPECIFIED.);
#649 = CARTESIAN_POINT('',(-29.69229955157,-25.,24.0000001));
#650 = CARTESIAN_POINT('',(-30.19683597518,-33.74998789906,24.0000001));
#651 = CARTESIAN_POINT('',(-30.70119429857,-42.49998609153,24.0000001));
#652 = CARTESIAN_POINT('',(-31.2053902405,-51.24999366195,24.0000001));
#653 = CARTESIAN_POINT('',(-32.21348076562,-68.74999943323,24.0000001));
#654 = CARTESIAN_POINT('',(-32.71737537641,-77.49999763243,24.0000001));
#655 = CARTESIAN_POINT('',(-33.22113259442,-86.25000375731,24.0000001));
#656 = CARTESIAN_POINT('',(-34.22839102297,-103.7500081536,24.0000001));
#657 = CARTESIAN_POINT('',(-34.73189225336,-112.5000064238,24.0000001));
#658 = CARTESIAN_POINT('',(-35.23527620003,-121.2500114531,24.0000001));
#659 = CARTESIAN_POINT('',(-36.24182437329,-138.7500081013,24.0000001));
#660 = CARTESIAN_POINT('',(-36.74498861456,-147.4999997193,24.0000001));
#661 = CARTESIAN_POINT('',(-37.2480519381,-156.2499971484,24.0000001));
#662 = CARTESIAN_POINT('',(-37.75102106277,-165.,24.0000001));
#663 = PCURVE('',#33,#664);
#664 = DEFINITIONAL_REPRESENTATION('',(#665),#680);
#665 = B_SPLINE_CURVE_WITH_KNOTS('',4,(#666,#667,#668,#669,#670,#671,
    #672,#673,#674,#675,#676,#677,#678,#679),.UNSPECIFIED.,.F.,.F.,(5,3,
    3,3,5),(0.,0.250001079221,0.500001396266,0.750001069305,1.),
  .UNSPECIFIED.);
#666 = CARTESIAN_POINT('',(3.28494022338,0.));
#667 = CARTESIAN_POINT('',(3.282684951998,6.249991356472E-02));
#668 = CARTESIAN_POINT('',(3.280524615902,0.124999900654));
#669 = CARTESIAN_POINT('',(3.278450253778,0.187499954728));
#670 = CARTESIAN_POINT('',(3.274459492956,0.312499995952));
#671 = CARTESIAN_POINT('',(3.272543076678,0.374999983089));
#672 = CARTESIAN_POINT('',(3.270698612347,0.437500026838));
#673 = CARTESIAN_POINT('',(3.267142487049,0.56250005824));
#674 = CARTESIAN_POINT('',(3.265430813711,0.625000045885));
#675 = CARTESIAN_POINT('',(3.263779965657,0.687500081808));
#676 = CARTESIAN_POINT('',(3.260590997298,0.812500057867));
#677 = CARTESIAN_POINT('',(3.259052868026,0.874999997996));
#678 = CARTESIAN_POINT('',(3.257566621295,0.937499979632));
#679 = CARTESIAN_POINT('',(3.256128627547,1.));
#680 = ( GEOMETRIC_REPRESENTATION_CONTEXT(2) 
PARAMETRIC_REPRESENTATION_CONTEXT() REPRESENTATION_CONTEXT('2D SPACE',''
  ) );
#681 = PCURVE('',#363,#682);
#682 = DEFINITIONAL_REPRESENTATION('',(#683),#698);
#683 = B_SPLINE_CURVE_WITH_KNOTS('',4,(#684,#685,#686,#687,#688,#689,
    #690,#691,#692,#693,#694,#695,#696,#697),.UNSPECIFIED.,.F.,.F.,(5,3,
    3,3,5),(0.,0.250001079221,0.500001396266,0.750001069305,1.),
  .UNSPECIFIED.);
#684 = CARTESIAN_POINT('',(40.30770044843,170.));
#685 = CARTESIAN_POINT('',(39.80316402482,161.25001210094));
#686 = CARTESIAN_POINT('',(39.29880570143,152.50001390847));
#687 = CARTESIAN_POINT('',(38.7946097595,143.75000633805));
#688 = CARTESIAN_POINT('',(37.78651923438,126.25000056677));
#689 = CARTESIAN_POINT('',(37.28262462359,117.50000236757));
#690 = CARTESIAN_POINT('',(36.77886740558,108.74999624269));
#691 = CARTESIAN_POINT('',(35.77160897703,91.2499918464));
#692 = CARTESIAN_POINT('',(35.26810774664,82.4999935762));
#693 = CARTESIAN_POINT('',(34.76472379997,73.7499885469));
#694 = CARTESIAN_POINT('',(33.75817562671,56.2499918987));
#695 = CARTESIAN_POINT('',(33.25501138544,47.5000002807));
#696 = CARTESIAN_POINT('',(32.7519480619,38.7500028516));
#697 = CARTESIAN_POINT('',(32.24897893723,30.));
#698 = ( GEOMETRIC_REPRESENTATION_CONTEXT(2) 
PARAMETRIC_REPRESENTATION_CONTEXT() REPRESENTATION_CONTEXT('2D SPACE',''
  ) );
#699 = FACE_BOUND('',#700,.T.);
#700 = EDGE_LOOP('',(#701,#782,#825,#874));
#701 = ORIENTED_EDGE('',*,*,#702,.F.);
#702 = EDGE_CURVE('',#703,#705,#707,.T.);
#703 = VERTEX_POINT('',#704);
#704 = CARTESIAN_POINT('',(-25.,-38.,44.673970199162));
#705 = VERTEX_POINT('',#706);
#706 = CARTESIAN_POINT('',(-25.,-152.,53.468678640397));
#707 = SURFACE_CURVE('',#708,(#729,#753),.PCURVE_S1.);
#708 = B_SPLINE_CURVE_WITH_KNOTS('',7,(#709,#710,#711,#712,#713,#714,
    #715,#716,#717,#718,#719,#720,#721,#722,#723,#724,#725,#726,#727,
    #728),.UNSPECIFIED.,.F.,.F.,(8,6,6,8),(0.,0.40319743307,
    0.80592406947,1.),.UNSPECIFIED.);
#709 = CARTESIAN_POINT('',(-25.,-38.,44.673970199162));
#710 = CARTESIAN_POINT('',(-25.,-44.55968448052,45.261772777494));
#711 = CARTESIAN_POINT('',(-25.,-51.12090824437,45.832354271866));
#712 = CARTESIAN_POINT('',(-25.,-57.68339965957,46.388281979114));
#713 = CARTESIAN_POINT('',(-25.,-64.24696301006,46.931386136315));
#714 = CARTESIAN_POINT('',(-25.,-70.81144757522,47.463127778848));
#715 = CARTESIAN_POINT('',(-25.,-77.37674048202,47.984684771294));
#716 = CARTESIAN_POINT('',(-25.,-90.50111082998,49.008800334753));
#717 = CARTESIAN_POINT('',(-25.,-97.06017867567,49.511379799067));
#718 = CARTESIAN_POINT('',(-25.,-103.6198730021,50.00575861866));
#719 = CARTESIAN_POINT('',(-25.,-110.1801221969,50.492721084344));
#720 = CARTESIAN_POINT('',(-25.,-116.7408679676,50.972919811059));
#721 = CARTESIAN_POINT('',(-25.,-123.3020624431,51.446914519679));
#722 = CARTESIAN_POINT('',(-25.,-133.0257363379,52.140849827168));
#723 = CARTESIAN_POINT('',(-25.,-136.1879005574,52.365183771142));
#724 = CARTESIAN_POINT('',(-25.,-139.3501552118,52.588242822869));
#725 = CARTESIAN_POINT('',(-25.,-142.5124961527,52.810076951308));
#726 = CARTESIAN_POINT('',(-25.,-145.6749195632,53.030732561729));
#727 = CARTESIAN_POINT('',(-25.,-148.8374219274,53.250252930589));
#728 = CARTESIAN_POINT('',(-25.,-152.,53.468678640397));
#729 = PCURVE('',#33,#730);
#730 = DEFINITIONAL_REPRESENTATION('',(#731),#752);
#731 = B_SPLINE_CURVE_WITH_KNOTS('',7,(#732,#733,#734,#735,#736,#737,
    #738,#739,#740,#741,#742,#743,#744,#745,#746,#747,#748,#749,#750,
    #751),.UNSPECIFIED.,.F.,.F.,(8,6,6,8),(0.,0.40319743307,
    0.80592406947,1.),.UNSPECIFIED.);
#732 = CARTESIAN_POINT('',(2.520420827551,9.285714285714E-02));
#733 = CARTESIAN_POINT('',(2.503384261389,0.139712032004));
#734 = CARTESIAN_POINT('',(2.487301517303,0.186577916031));
#735 = CARTESIAN_POINT('',(2.472045511133,0.233452854711));
#736 = CARTESIAN_POINT('',(2.457523529782,0.280335450072));
#737 = CARTESIAN_POINT('',(2.443660572654,0.327224625537));
#738 = CARTESIAN_POINT('',(2.43039528941,0.374119574872));
#739 = CARTESIAN_POINT('',(2.404971206974,0.467865077357));
#740 = CARTESIAN_POINT('',(2.392811147322,0.514715561969));
#741 = CARTESIAN_POINT('',(2.381144070019,0.561570521444));
#742 = CARTESIAN_POINT('',(2.369927908716,0.608429444264));
#743 = CARTESIAN_POINT('',(2.359127161798,0.655291914055));
#744 = CARTESIAN_POINT('',(2.348711048964,0.70215758888));
#745 = CARTESIAN_POINT('',(2.333805631174,0.771612402414));
#746 = CARTESIAN_POINT('',(2.329041598227,0.794199289696));
#747 = CARTESIAN_POINT('',(2.324357653869,0.816786822942));
#748 = CARTESIAN_POINT('',(2.319751006124,0.83937497252));
#749 = CARTESIAN_POINT('',(2.315219051142,0.861963711166));
#750 = CARTESIAN_POINT('',(2.310759339461,0.884553013768));
#751 = CARTESIAN_POINT('',(2.306369539284,0.907142857143));
#752 = ( GEOMETRIC_REPRESENTATION_CONTEXT(2) 
PARAMETRIC_REPRESENTATION_CONTEXT() REPRESENTATION_CONTEXT('2D SPACE',''
  ) );
#753 = PCURVE('',#754,#759);
#754 = PLANE('',#755);
#755 = AXIS2_PLACEMENT_3D('',#756,#757,#758);
#756 = CARTESIAN_POINT('',(-25.,-152.,38.0000001));
#757 = DIRECTION('',(1.,0.,0.));
#758 = DIRECTION('',(0.,0.,1.));
#759 = DEFINITIONAL_REPRESENTATION('',(#760),#781);
#760 = B_SPLINE_CURVE_WITH_KNOTS('',7,(#761,#762,#763,#764,#765,#766,
    #767,#768,#769,#770,#771,#772,#773,#774,#775,#776,#777,#778,#779,
    #780),.UNSPECIFIED.,.F.,.F.,(8,6,6,8),(0.,0.40319743307,
    0.80592406947,1.),.UNSPECIFIED.);
#761 = CARTESIAN_POINT('',(6.673970099162,-114.));
#762 = CARTESIAN_POINT('',(7.261772677494,-107.4403155194));
#763 = CARTESIAN_POINT('',(7.832354171866,-100.8790917556));
#764 = CARTESIAN_POINT('',(8.388281879114,-94.31660034043));
#765 = CARTESIAN_POINT('',(8.931386036315,-87.75303698994));
#766 = CARTESIAN_POINT('',(9.463127678848,-81.18855242478));
#767 = CARTESIAN_POINT('',(9.984684671294,-74.62325951798));
#768 = CARTESIAN_POINT('',(11.008800234753,-61.49888917002));
#769 = CARTESIAN_POINT('',(11.511379699067,-54.93982132433));
#770 = CARTESIAN_POINT('',(12.00575851866,-48.3801269979));
#771 = CARTESIAN_POINT('',(12.492720984344,-41.8198778031));
#772 = CARTESIAN_POINT('',(12.972919711059,-35.2591320324));
#773 = CARTESIAN_POINT('',(13.446914419679,-28.6979375569));
#774 = CARTESIAN_POINT('',(14.140849727168,-18.9742636621));
#775 = CARTESIAN_POINT('',(14.365183671142,-15.8120994426));
#776 = CARTESIAN_POINT('',(14.588242722869,-12.6498447882));
#777 = CARTESIAN_POINT('',(14.810076851308,-9.4875038473));
#778 = CARTESIAN_POINT('',(15.030732461729,-6.3250804368));
#779 = CARTESIAN_POINT('',(15.250252830589,-3.1625780726));
#780 = CARTESIAN_POINT('',(15.468678540397,0.));
#781 = ( GEOMETRIC_REPRESENTATION_CONTEXT(2) 
PARAMETRIC_REPRESENTATION_CONTEXT() REPRESENTATION_CONTEXT('2D SPACE',''
  ) );
#782 = ORIENTED_EDGE('',*,*,#783,.T.);
#783 = EDGE_CURVE('',#703,#784,#786,.T.);
#784 = VERTEX_POINT('',#785);
#785 = CARTESIAN_POINT('',(-15.,-38.,53.008279972197));
#786 = SURFACE_CURVE('',#787,(#796,#808),.PCURVE_S1.);
#787 = B_SPLINE_CURVE_WITH_KNOTS('',7,(#788,#789,#790,#791,#792,#793,
    #794,#795),.UNSPECIFIED.,.F.,.F.,(8,8),(0.,1.),
  .PIECEWISE_BEZIER_KNOTS.);
#788 = CARTESIAN_POINT('',(-25.,-38.,44.673970199162));
#789 = CARTESIAN_POINT('',(-23.85831269652,-38.,46.160620981193));
#790 = CARTESIAN_POINT('',(-22.60367613042,-38.,47.5605003161));
#791 = CARTESIAN_POINT('',(-21.24610075432,-38.,48.864859243585));
#792 = CARTESIAN_POINT('',(-19.7961770045,-38.,50.06677701451));
#793 = CARTESIAN_POINT('',(-18.26467176379,-38.,51.16070771498));
#794 = CARTESIAN_POINT('',(-16.66238811582,-38.,52.142314332811));
#795 = CARTESIAN_POINT('',(-15.,-38.,53.008279972197));
#796 = PCURVE('',#33,#797);
#797 = DEFINITIONAL_REPRESENTATION('',(#798),#807);
#798 = B_SPLINE_CURVE_WITH_KNOTS('',7,(#799,#800,#801,#802,#803,#804,
    #805,#806),.UNSPECIFIED.,.F.,.F.,(8,8),(0.,1.),
  .PIECEWISE_BEZIER_KNOTS.);
#799 = CARTESIAN_POINT('',(2.520420827551,9.285714285714E-02));
#800 = CARTESIAN_POINT('',(2.456610855832,9.285714285714E-02));
#801 = CARTESIAN_POINT('',(2.393125571764,9.285714285714E-02));
#802 = CARTESIAN_POINT('',(2.329978394892,9.285714285714E-02));
#803 = CARTESIAN_POINT('',(2.267161511369,9.285714285714E-02));
#804 = CARTESIAN_POINT('',(2.204658888102,9.285714285714E-02));
#805 = CARTESIAN_POINT('',(2.142447795302,9.285714285714E-02));
#806 = CARTESIAN_POINT('',(2.080499553424,9.285714285714E-02));
#807 = ( GEOMETRIC_REPRESENTATION_CONTEXT(2) 
PARAMETRIC_REPRESENTATION_CONTEXT() REPRESENTATION_CONTEXT('2D SPACE',''
  ) );
#808 = PCURVE('',#809,#814);
#809 = PLANE('',#810);
#810 = AXIS2_PLACEMENT_3D('',#811,#812,#813);
#811 = CARTESIAN_POINT('',(-25.,-38.,38.0000001));
#812 = DIRECTION('',(0.,1.,0.));
#813 = DIRECTION('',(0.,-0.,1.));
#814 = DEFINITIONAL_REPRESENTATION('',(#815),#824);
#815 = B_SPLINE_CURVE_WITH_KNOTS('',7,(#816,#817,#818,#819,#820,#821,
    #822,#823),.UNSPECIFIED.,.F.,.F.,(8,8),(0.,1.),
  .PIECEWISE_BEZIER_KNOTS.);
#816 = CARTESIAN_POINT('',(6.673970099162,0.));
#817 = CARTESIAN_POINT('',(8.160620881193,1.14168730348));
#818 = CARTESIAN_POINT('',(9.5605002161,2.39632386958));
#819 = CARTESIAN_POINT('',(10.864859143585,3.75389924568));
#820 = CARTESIAN_POINT('',(12.06677691451,5.2038229955));
#821 = CARTESIAN_POINT('',(13.16070761498,6.73532823621));
#822 = CARTESIAN_POINT('',(14.142314232811,8.33761188418));
#823 = CARTESIAN_POINT('',(15.008279872197,10.));
#824 = ( GEOMETRIC_REPRESENTATION_CONTEXT(2) 
PARAMETRIC_REPRESENTATION_CONTEXT() REPRESENTATION_CONTEXT('2D SPACE',''
  ) );
#825 = ORIENTED_EDGE('',*,*,#826,.T.);
#826 = EDGE_CURVE('',#784,#827,#829,.T.);
#827 = VERTEX_POINT('',#828);
#828 = CARTESIAN_POINT('',(-15.,-152.,59.443054852576));
#829 = SURFACE_CURVE('',#830,(#841,#855),.PCURVE_S1.);
#830 = B_SPLINE_CURVE_WITH_KNOTS('',5,(#831,#832,#833,#834,#835,#836,
    #837,#838,#839,#840),.UNSPECIFIED.,.F.,.F.,(6,4,6),(0.,
    0.498796358517,1.),.UNSPECIFIED.);
#831 = CARTESIAN_POINT('',(-15.,-38.,53.008279972197));
#832 = CARTESIAN_POINT('',(-15.,-49.37144028242,53.669735797674));
#833 = CARTESIAN_POINT('',(-15.,-60.7432440172,54.324953280015));
#834 = CARTESIAN_POINT('',(-15.,-72.11535573736,54.974813016653));
#835 = CARTESIAN_POINT('',(-15.,-83.48773605549,55.61994779204));
#836 = CARTESIAN_POINT('',(-15.,-106.2878587372,56.904889579787));
#837 = CARTESIAN_POINT('',(-15.,-117.7156032029,57.544655608047));
#838 = CARTESIAN_POINT('',(-15.,-129.1435564014,58.180688385206));
#839 = CARTESIAN_POINT('',(-15.,-140.5716949482,58.813379902328));
#840 = CARTESIAN_POINT('',(-15.,-152.,59.443054852576));
#841 = PCURVE('',#33,#842);
#842 = DEFINITIONAL_REPRESENTATION('',(#843),#854);
#843 = B_SPLINE_CURVE_WITH_KNOTS('',5,(#844,#845,#846,#847,#848,#849,
    #850,#851,#852,#853),.UNSPECIFIED.,.F.,.F.,(6,4,6),(0.,
    0.498796358517,1.),.UNSPECIFIED.);
#844 = CARTESIAN_POINT('',(2.080499553424,9.285714285714E-02));
#845 = CARTESIAN_POINT('',(2.068684901161,0.174081716303));
#846 = CARTESIAN_POINT('',(2.057591641707,0.255308885837));
#847 = CARTESIAN_POINT('',(2.047127000929,0.336538255267));
#848 = CARTESIAN_POINT('',(2.037222246418,0.417769543253));
#849 = CARTESIAN_POINT('',(2.018374251287,0.580627562409));
#850 = CARTESIAN_POINT('',(2.00943589773,0.662254308592));
#851 = CARTESIAN_POINT('',(2.000948884541,0.743882545725));
#852 = CARTESIAN_POINT('',(1.992869166329,0.825512106773));
#853 = CARTESIAN_POINT('',(1.985159812944,0.907142857143));
#854 = ( GEOMETRIC_REPRESENTATION_CONTEXT(2) 
PARAMETRIC_REPRESENTATION_CONTEXT() REPRESENTATION_CONTEXT('2D SPACE',''
  ) );
#855 = PCURVE('',#856,#861);
#856 = PLANE('',#857);
#857 = AXIS2_PLACEMENT_3D('',#858,#859,#860);
#858 = CARTESIAN_POINT('',(-15.,-152.,38.0000001));
#859 = DIRECTION('',(1.,0.,0.));
#860 = DIRECTION('',(0.,0.,1.));
#861 = DEFINITIONAL_REPRESENTATION('',(#862),#873);
#862 = B_SPLINE_CURVE_WITH_KNOTS('',5,(#863,#864,#865,#866,#867,#868,
    #869,#870,#871,#872),.UNSPECIFIED.,.F.,.F.,(6,4,6),(0.,
    0.498796358517,1.),.UNSPECIFIED.);
#863 = CARTESIAN_POINT('',(15.008279872197,-114.));
#864 = CARTESIAN_POINT('',(15.669735697674,-102.6285597175));
#865 = CARTESIAN_POINT('',(16.324953180015,-91.2567559828));
#866 = CARTESIAN_POINT('',(16.974812916653,-79.88464426264));
#867 = CARTESIAN_POINT('',(17.61994769204,-68.51226394451));
#868 = CARTESIAN_POINT('',(18.904889479787,-45.7121412628));
#869 = CARTESIAN_POINT('',(19.544655508047,-34.2843967971));
#870 = CARTESIAN_POINT('',(20.180688285206,-22.8564435986));
#871 = CARTESIAN_POINT('',(20.813379802328,-11.4283050518));
#872 = CARTESIAN_POINT('',(21.443054752576,0.));
#873 = ( GEOMETRIC_REPRESENTATION_CONTEXT(2) 
PARAMETRIC_REPRESENTATION_CONTEXT() REPRESENTATION_CONTEXT('2D SPACE',''
  ) );
#874 = ORIENTED_EDGE('',*,*,#875,.F.);
#875 = EDGE_CURVE('',#705,#827,#876,.T.);
#876 = SURFACE_CURVE('',#877,(#885,#896),.PCURVE_S1.);
#877 = B_SPLINE_CURVE_WITH_KNOTS('',6,(#878,#879,#880,#881,#882,#883,
    #884),.UNSPECIFIED.,.F.,.F.,(7,7),(0.,1.),.PIECEWISE_BEZIER_KNOTS.);
#878 = CARTESIAN_POINT('',(-25.,-152.,53.468678640397));
#879 = CARTESIAN_POINT('',(-23.50332231963,-152.,54.717488361493));
#880 = CARTESIAN_POINT('',(-21.92638870542,-152.,55.870067392947));
#881 = CARTESIAN_POINT('',(-20.27846441454,-152.,56.921880656498));
#882 = CARTESIAN_POINT('',(-18.568787287,-152.,57.869544896171));
#883 = CARTESIAN_POINT('',(-16.80639138468,-152.,58.710546192904));
#884 = CARTESIAN_POINT('',(-15.,-152.,59.443054852576));
#885 = PCURVE('',#33,#886);
#886 = DEFINITIONAL_REPRESENTATION('',(#887),#895);
#887 = B_SPLINE_CURVE_WITH_KNOTS('',6,(#888,#889,#890,#891,#892,#893,
    #894),.UNSPECIFIED.,.F.,.F.,(7,7),(0.,1.),.PIECEWISE_BEZIER_KNOTS.);
#888 = CARTESIAN_POINT('',(2.306369539284,0.907142857143));
#889 = CARTESIAN_POINT('',(2.252189528291,0.907142857143));
#890 = CARTESIAN_POINT('',(2.198292191676,0.907142857143));
#891 = CARTESIAN_POINT('',(2.14466420382,0.907142857143));
#892 = CARTESIAN_POINT('',(2.091284234112,0.907142857143));
#893 = CARTESIAN_POINT('',(2.038126681048,0.907142857143));
#894 = CARTESIAN_POINT('',(1.985159810279,0.907142857143));
#895 = ( GEOMETRIC_REPRESENTATION_CONTEXT(2) 
PARAMETRIC_REPRESENTATION_CONTEXT() REPRESENTATION_CONTEXT('2D SPACE',''
  ) );
#896 = PCURVE('',#897,#902);
#897 = PLANE('',#898);
#898 = AXIS2_PLACEMENT_3D('',#899,#900,#901);
#899 = CARTESIAN_POINT('',(-25.,-152.,38.0000001));
#900 = DIRECTION('',(0.,1.,0.));
#901 = DIRECTION('',(0.,-0.,1.));
#902 = DEFINITIONAL_REPRESENTATION('',(#903),#911);
#903 = B_SPLINE_CURVE_WITH_KNOTS('',6,(#904,#905,#906,#907,#908,#909,
    #910),.UNSPECIFIED.,.F.,.F.,(7,7),(0.,1.),.PIECEWISE_BEZIER_KNOTS.);
#904 = CARTESIAN_POINT('',(15.468678540397,0.));
#905 = CARTESIAN_POINT('',(16.717488261493,1.49667768037));
#906 = CARTESIAN_POINT('',(17.870067292947,3.07361129458));
#907 = CARTESIAN_POINT('',(18.921880556498,4.72153558546));
#908 = CARTESIAN_POINT('',(19.869544796171,6.431212713));
#909 = CARTESIAN_POINT('',(20.710546092904,8.19360861532));
#910 = CARTESIAN_POINT('',(21.443054752576,10.));
#911 = ( GEOMETRIC_REPRESENTATION_CONTEXT(2) 
PARAMETRIC_REPRESENTATION_CONTEXT() REPRESENTATION_CONTEXT('2D SPACE',''
  ) );
#912 = FACE_BOUND('',#913,.T.);
#913 = EDGE_LOOP('',(#914,#965,#1008,#1087));
#914 = ORIENTED_EDGE('',*,*,#915,.F.);
#915 = EDGE_CURVE('',#916,#918,#920,.T.);
#916 = VERTEX_POINT('',#917);
#917 = CARTESIAN_POINT('',(15.,-38.,53.008279983087));
#918 = VERTEX_POINT('',#919);
#919 = CARTESIAN_POINT('',(15.,-152.,59.443054862526));
#920 = SURFACE_CURVE('',#921,(#932,#946),.PCURVE_S1.);
#921 = B_SPLINE_CURVE_WITH_KNOTS('',5,(#922,#923,#924,#925,#926,#927,
    #928,#929,#930,#931),.UNSPECIFIED.,.F.,.F.,(6,4,6),(0.,
    0.498796358517,1.),.UNSPECIFIED.);
#922 = CARTESIAN_POINT('',(15.,-38.,53.008279983087));
#923 = CARTESIAN_POINT('',(15.,-49.37144028241,53.669735808801));
#924 = CARTESIAN_POINT('',(15.,-60.74324401719,54.324953291247));
#925 = CARTESIAN_POINT('',(15.,-72.11535573735,54.974813027891));
#926 = CARTESIAN_POINT('',(15.,-83.48773605548,55.61994780321));
#927 = CARTESIAN_POINT('',(15.,-106.2878587372,56.904889590701));
#928 = CARTESIAN_POINT('',(15.,-117.7156032029,57.544655618773));
#929 = CARTESIAN_POINT('',(15.,-129.1435564014,58.180688395702));
#930 = CARTESIAN_POINT('',(15.,-140.5716949482,58.813379912562));
#931 = CARTESIAN_POINT('',(15.,-152.,59.443054862526));
#932 = PCURVE('',#33,#933);
#933 = DEFINITIONAL_REPRESENTATION('',(#934),#945);
#934 = B_SPLINE_CURVE_WITH_KNOTS('',5,(#935,#936,#937,#938,#939,#940,
    #941,#942,#943,#944),.UNSPECIFIED.,.F.,.F.,(6,4,6),(0.,
    0.498796358517,1.),.UNSPECIFIED.);
#935 = CARTESIAN_POINT('',(1.061093100367,9.285714285714E-02));
#936 = CARTESIAN_POINT('',(1.072907752624,0.174081716303));
#937 = CARTESIAN_POINT('',(1.08400101207,0.255308885837));
#938 = CARTESIAN_POINT('',(1.094465652841,0.336538255267));
#939 = CARTESIAN_POINT('',(1.104370407345,0.417769543253));
#940 = CARTESIAN_POINT('',(1.123218402461,0.580627562409));
#941 = CARTESIAN_POINT('',(1.132156756011,0.662254308592));
#942 = CARTESIAN_POINT('',(1.140643769193,0.743882545725));
#943 = CARTESIAN_POINT('',(1.148723487397,0.825512106773));
#944 = CARTESIAN_POINT('',(1.156432840775,0.907142857143));
#945 = ( GEOMETRIC_REPRESENTATION_CONTEXT(2) 
PARAMETRIC_REPRESENTATION_CONTEXT() REPRESENTATION_CONTEXT('2D SPACE',''
  ) );
#946 = PCURVE('',#947,#952);
#947 = PLANE('',#948);
#948 = AXIS2_PLACEMENT_3D('',#949,#950,#951);
#949 = CARTESIAN_POINT('',(15.,-152.,38.0000001));
#950 = DIRECTION('',(1.,0.,0.));
#951 = DIRECTION('',(0.,0.,1.));
#952 = DEFINITIONAL_REPRESENTATION('',(#953),#964);
#953 = B_SPLINE_CURVE_WITH_KNOTS('',5,(#954,#955,#956,#957,#958,#959,
    #960,#961,#962,#963),.UNSPECIFIED.,.F.,.F.,(6,4,6),(0.,
    0.498796358517,1.),.UNSPECIFIED.);
#954 = CARTESIAN_POINT('',(15.008279883087,-114.));
#955 = CARTESIAN_POINT('',(15.669735708801,-102.6285597175));
#956 = CARTESIAN_POINT('',(16.324953191247,-91.25675598281));
#957 = CARTESIAN_POINT('',(16.974812927891,-79.88464426265));
#958 = CARTESIAN_POINT('',(17.61994770321,-68.51226394452));
#959 = CARTESIAN_POINT('',(18.904889490701,-45.7121412628));
#960 = CARTESIAN_POINT('',(19.544655518773,-34.2843967971));
#961 = CARTESIAN_POINT('',(20.180688295702,-22.8564435986));
#962 = CARTESIAN_POINT('',(20.813379812562,-11.4283050518));
#963 = CARTESIAN_POINT('',(21.443054762526,0.));
#964 = ( GEOMETRIC_REPRESENTATION_CONTEXT(2) 
PARAMETRIC_REPRESENTATION_CONTEXT() REPRESENTATION_CONTEXT('2D SPACE',''
  ) );
#965 = ORIENTED_EDGE('',*,*,#966,.T.);
#966 = EDGE_CURVE('',#916,#967,#969,.T.);
#967 = VERTEX_POINT('',#968);
#968 = CARTESIAN_POINT('',(25.,-38.,44.673970147859));
#969 = SURFACE_CURVE('',#970,(#979,#991),.PCURVE_S1.);
#970 = B_SPLINE_CURVE_WITH_KNOTS('',7,(#971,#972,#973,#974,#975,#976,
    #977,#978),.UNSPECIFIED.,.F.,.F.,(8,8),(0.,1.),
  .PIECEWISE_BEZIER_KNOTS.);
#971 = CARTESIAN_POINT('',(15.,-38.,53.008279983087));
#972 = CARTESIAN_POINT('',(16.662388138681,-38.,52.142314331684));
#973 = CARTESIAN_POINT('',(18.264671785276,-38.,51.160707707039));
#974 = CARTESIAN_POINT('',(19.796177017724,-38.,50.066777001284));
#975 = CARTESIAN_POINT('',(21.246100759437,-38.,48.8648592218));
#976 = CARTESIAN_POINT('',(22.603676130515,-38.,47.560500281285));
#977 = CARTESIAN_POINT('',(23.858312695119,-38.,46.160620934796));
#978 = CARTESIAN_POINT('',(25.,-38.,44.673970147859));
#979 = PCURVE('',#33,#980);
#980 = DEFINITIONAL_REPRESENTATION('',(#981),#990);
#981 = B_SPLINE_CURVE_WITH_KNOTS('',7,(#982,#983,#984,#985,#986,#987,
    #988,#989),.UNSPECIFIED.,.F.,.F.,(8,8),(0.,1.),
  .PIECEWISE_BEZIER_KNOTS.);
#982 = CARTESIAN_POINT('',(1.061093100367,9.285714285714E-02));
#983 = CARTESIAN_POINT('',(0.999144857671,9.285714285714E-02));
#984 = CARTESIAN_POINT('',(0.936933764863,9.285714285714E-02));
#985 = CARTESIAN_POINT('',(0.874431141841,9.285714285714E-02));
#986 = CARTESIAN_POINT('',(0.811614258562,9.285714285714E-02));
#987 = CARTESIAN_POINT('',(0.748467081782,9.285714285714E-02));
#988 = CARTESIAN_POINT('',(0.684981797614,9.285714285714E-02));
#989 = CARTESIAN_POINT('',(0.621171825645,9.285714285714E-02));
#990 = ( GEOMETRIC_REPRESENTATION_CONTEXT(2) 
PARAMETRIC_REPRESENTATION_CONTEXT() REPRESENTATION_CONTEXT('2D SPACE',''
  ) );
#991 = PCURVE('',#992,#997);
#992 = PLANE('',#993);
#993 = AXIS2_PLACEMENT_3D('',#994,#995,#996);
#994 = CARTESIAN_POINT('',(15.,-38.,38.0000001));
#995 = DIRECTION('',(0.,1.,0.));
#996 = DIRECTION('',(0.,-0.,1.));
#997 = DEFINITIONAL_REPRESENTATION('',(#998),#1007);
#998 = B_SPLINE_CURVE_WITH_KNOTS('',7,(#999,#1000,#1001,#1002,#1003,
    #1004,#1005,#1006),.UNSPECIFIED.,.F.,.F.,(8,8),(0.,1.),
  .PIECEWISE_BEZIER_KNOTS.);
#999 = CARTESIAN_POINT('',(15.008279883087,0.));
#1000 = CARTESIAN_POINT('',(14.142314231684,1.662388138681));
#1001 = CARTESIAN_POINT('',(13.160707607039,3.264671785276));
#1002 = CARTESIAN_POINT('',(12.066776901284,4.796177017724));
#1003 = CARTESIAN_POINT('',(10.8648591218,6.246100759437));
#1004 = CARTESIAN_POINT('',(9.560500181285,7.603676130515));
#1005 = CARTESIAN_POINT('',(8.160620834796,8.858312695119));
#1006 = CARTESIAN_POINT('',(6.673970047859,10.));
#1007 = ( GEOMETRIC_REPRESENTATION_CONTEXT(2) 
PARAMETRIC_REPRESENTATION_CONTEXT() REPRESENTATION_CONTEXT('2D SPACE',''
  ) );
#1008 = ORIENTED_EDGE('',*,*,#1009,.T.);
#1009 = EDGE_CURVE('',#967,#1010,#1012,.T.);
#1010 = VERTEX_POINT('',#1011);
#1011 = CARTESIAN_POINT('',(25.,-152.,53.468678624871));
#1012 = SURFACE_CURVE('',#1013,(#1034,#1058),.PCURVE_S1.);
#1013 = B_SPLINE_CURVE_WITH_KNOTS('',7,(#1014,#1015,#1016,#1017,#1018,
    #1019,#1020,#1021,#1022,#1023,#1024,#1025,#1026,#1027,#1028,#1029,
    #1030,#1031,#1032,#1033),.UNSPECIFIED.,.F.,.F.,(8,6,6,8),(0.,
    0.403197433069,0.805924069471,1.),.UNSPECIFIED.);
#1014 = CARTESIAN_POINT('',(25.,-38.,44.673970147859));
#1015 = CARTESIAN_POINT('',(25.,-44.55968448064,45.261772726436));
#1016 = CARTESIAN_POINT('',(25.,-51.12090824448,45.832354221802));
#1017 = CARTESIAN_POINT('',(25.,-57.68339965983,46.38828193058));
#1018 = CARTESIAN_POINT('',(25.,-64.2469630101,46.931386089641));
#1019 = CARTESIAN_POINT('',(25.,-70.81144757538,47.463127734301));
#1020 = CARTESIAN_POINT('',(25.,-77.37674048206,47.984684729015));
#1021 = CARTESIAN_POINT('',(25.,-90.50111082998,49.008800297208));
#1022 = CARTESIAN_POINT('',(25.,-97.06017867568,49.511379763984));
#1023 = CARTESIAN_POINT('',(25.,-103.6198730021,50.005758586068));
#1024 = CARTESIAN_POINT('',(25.,-110.1801221969,50.492721054235));
#1025 = CARTESIAN_POINT('',(25.,-116.7408679676,50.972919783395));
#1026 = CARTESIAN_POINT('',(25.,-123.3020624431,51.446914494403));
#1027 = CARTESIAN_POINT('',(25.,-133.0257363379,52.140849805326));
#1028 = CARTESIAN_POINT('',(25.,-136.1879005574,52.3651837504));
#1029 = CARTESIAN_POINT('',(25.,-139.3501552118,52.58824280321));
#1030 = CARTESIAN_POINT('',(25.,-142.5124961527,52.810076932712));
#1031 = CARTESIAN_POINT('',(25.,-145.6749195632,53.030732544176));
#1032 = CARTESIAN_POINT('',(25.,-148.8374219274,53.25025291406));
#1033 = CARTESIAN_POINT('',(25.,-152.,53.468678624871));
#1034 = PCURVE('',#33,#1035);
#1035 = DEFINITIONAL_REPRESENTATION('',(#1036),#1057);
#1036 = B_SPLINE_CURVE_WITH_KNOTS('',7,(#1037,#1038,#1039,#1040,#1041,
    #1042,#1043,#1044,#1045,#1046,#1047,#1048,#1049,#1050,#1051,#1052,
    #1053,#1054,#1055,#1056),.UNSPECIFIED.,.F.,.F.,(8,6,6,8),(0.,
    0.403197433069,0.805924069471,1.),.UNSPECIFIED.);
#1037 = CARTESIAN_POINT('',(0.621171825645,9.285714285714E-02));
#1038 = CARTESIAN_POINT('',(0.638208391853,0.139712032005));
#1039 = CARTESIAN_POINT('',(0.654291135984,0.186577916032));
#1040 = CARTESIAN_POINT('',(0.669547142198,0.233452854713));
#1041 = CARTESIAN_POINT('',(0.684069123589,0.280335450072));
#1042 = CARTESIAN_POINT('',(0.697932080756,0.327224625538));
#1043 = CARTESIAN_POINT('',(0.711197364035,0.374119574872));
#1044 = CARTESIAN_POINT('',(0.736621446536,0.467865077357));
#1045 = CARTESIAN_POINT('',(0.748781506218,0.514715561969));
#1046 = CARTESIAN_POINT('',(0.760448583549,0.561570521444));
#1047 = CARTESIAN_POINT('',(0.771664744876,0.608429444264));
#1048 = CARTESIAN_POINT('',(0.782465491817,0.655291914055));
#1049 = CARTESIAN_POINT('',(0.792881604672,0.70215758888));
#1050 = CARTESIAN_POINT('',(0.80778702249,0.771612402414));
#1051 = CARTESIAN_POINT('',(0.812551055444,0.794199289696));
#1052 = CARTESIAN_POINT('',(0.817234999811,0.816786822942));
#1053 = CARTESIAN_POINT('',(0.821841647564,0.83937497252));
#1054 = CARTESIAN_POINT('',(0.826373602553,0.861963711166));
#1055 = CARTESIAN_POINT('',(0.830833314242,0.884553013768));
#1056 = CARTESIAN_POINT('',(0.835223114425,0.907142857143));
#1057 = ( GEOMETRIC_REPRESENTATION_CONTEXT(2) 
PARAMETRIC_REPRESENTATION_CONTEXT() REPRESENTATION_CONTEXT('2D SPACE',''
  ) );
#1058 = PCURVE('',#1059,#1064);
#1059 = PLANE('',#1060);
#1060 = AXIS2_PLACEMENT_3D('',#1061,#1062,#1063);
#1061 = CARTESIAN_POINT('',(25.,-152.,38.0000001));
#1062 = DIRECTION('',(1.,0.,0.));
#1063 = DIRECTION('',(0.,0.,1.));
#1064 = DEFINITIONAL_REPRESENTATION('',(#1065),#1086);
#1065 = B_SPLINE_CURVE_WITH_KNOTS('',7,(#1066,#1067,#1068,#1069,#1070,
    #1071,#1072,#1073,#1074,#1075,#1076,#1077,#1078,#1079,#1080,#1081,
    #1082,#1083,#1084,#1085),.UNSPECIFIED.,.F.,.F.,(8,6,6,8),(0.,
    0.403197433069,0.805924069471,1.),.UNSPECIFIED.);
#1066 = CARTESIAN_POINT('',(6.673970047859,-114.));
#1067 = CARTESIAN_POINT('',(7.261772626436,-107.4403155193));
#1068 = CARTESIAN_POINT('',(7.832354121802,-100.8790917555));
#1069 = CARTESIAN_POINT('',(8.38828183058,-94.31660034017));
#1070 = CARTESIAN_POINT('',(8.931385989641,-87.7530369899));
#1071 = CARTESIAN_POINT('',(9.463127634301,-81.18855242462));
#1072 = CARTESIAN_POINT('',(9.984684629015,-74.62325951794));
#1073 = CARTESIAN_POINT('',(11.008800197208,-61.49888917002));
#1074 = CARTESIAN_POINT('',(11.511379663984,-54.93982132432));
#1075 = CARTESIAN_POINT('',(12.005758486068,-48.3801269979));
#1076 = CARTESIAN_POINT('',(12.492720954235,-41.8198778031));
#1077 = CARTESIAN_POINT('',(12.972919683395,-35.2591320324));
#1078 = CARTESIAN_POINT('',(13.446914394403,-28.6979375569));
#1079 = CARTESIAN_POINT('',(14.140849705326,-18.9742636621));
#1080 = CARTESIAN_POINT('',(14.3651836504,-15.8120994426));
#1081 = CARTESIAN_POINT('',(14.58824270321,-12.6498447882));
#1082 = CARTESIAN_POINT('',(14.810076832712,-9.4875038473));
#1083 = CARTESIAN_POINT('',(15.030732444176,-6.3250804368));
#1084 = CARTESIAN_POINT('',(15.25025281406,-3.1625780726));
#1085 = CARTESIAN_POINT('',(15.468678524871,0.));
#1086 = ( GEOMETRIC_REPRESENTATION_CONTEXT(2) 
PARAMETRIC_REPRESENTATION_CONTEXT() REPRESENTATION_CONTEXT('2D SPACE',''
  ) );
#1087 = ORIENTED_EDGE('',*,*,#1088,.F.);
#1088 = EDGE_CURVE('',#918,#1010,#1089,.T.);
#1089 = SURFACE_CURVE('',#1090,(#1098,#1109),.PCURVE_S1.);
#1090 = B_SPLINE_CURVE_WITH_KNOTS('',6,(#1091,#1092,#1093,#1094,#1095,
    #1096,#1097),.UNSPECIFIED.,.F.,.F.,(7,7),(0.,1.),
  .PIECEWISE_BEZIER_KNOTS.);
#1091 = CARTESIAN_POINT('',(15.,-152.,59.443054862526));
#1092 = CARTESIAN_POINT('',(16.80639141952,-152.,58.710546191821));
#1093 = CARTESIAN_POINT('',(18.568787305097,-152.,57.869544898956));
#1094 = CARTESIAN_POINT('',(20.278464423807,-152.,56.921880665113));
#1095 = CARTESIAN_POINT('',(21.926388724539,-152.,55.870067391354));
#1096 = CARTESIAN_POINT('',(23.503322346593,-152.,54.717488336722));
#1097 = CARTESIAN_POINT('',(25.,-152.,53.468678624871));
#1098 = PCURVE('',#33,#1099);
#1099 = DEFINITIONAL_REPRESENTATION('',(#1100),#1108);
#1100 = B_SPLINE_CURVE_WITH_KNOTS('',6,(#1101,#1102,#1103,#1104,#1105,
    #1106,#1107),.UNSPECIFIED.,.F.,.F.,(7,7),(0.,1.),
  .PIECEWISE_BEZIER_KNOTS.);
#1101 = CARTESIAN_POINT('',(1.15643284344,0.907142857143));
#1102 = CARTESIAN_POINT('',(1.103465971698,0.907142857143));
#1103 = CARTESIAN_POINT('',(1.050308419109,0.907142857143));
#1104 = CARTESIAN_POINT('',(0.996928449706,0.907142857143));
#1105 = CARTESIAN_POINT('',(0.943300461578,0.907142857143));
#1106 = CARTESIAN_POINT('',(0.889403124524,0.907142857143));
#1107 = CARTESIAN_POINT('',(0.835223114425,0.907142857143));
#1108 = ( GEOMETRIC_REPRESENTATION_CONTEXT(2) 
PARAMETRIC_REPRESENTATION_CONTEXT() REPRESENTATION_CONTEXT('2D SPACE',''
  ) );
#1109 = PCURVE('',#1110,#1115);
#1110 = PLANE('',#1111);
#1111 = AXIS2_PLACEMENT_3D('',#1112,#1113,#1114);
#1112 = CARTESIAN_POINT('',(15.,-152.,38.0000001));
#1113 = DIRECTION('',(0.,1.,0.));
#1114 = DIRECTION('',(0.,-0.,1.));
#1115 = DEFINITIONAL_REPRESENTATION('',(#1116),#1124);
#1116 = B_SPLINE_CURVE_WITH_KNOTS('',6,(#1117,#1118,#1119,#1120,#1121,
    #1122,#1123),.UNSPECIFIED.,.F.,.F.,(7,7),(0.,1.),
  .PIECEWISE_BEZIER_KNOTS.);
#1117 = CARTESIAN_POINT('',(21.443054762526,0.));
#1118 = CARTESIAN_POINT('',(20.710546091821,1.80639141952));
#1119 = CARTESIAN_POINT('',(19.869544798956,3.568787305097));
#1120 = CARTESIAN_POINT('',(18.921880565113,5.278464423807));
#1121 = CARTESIAN_POINT('',(17.870067291354,6.926388724539));
#1122 = CARTESIAN_POINT('',(16.717488236722,8.503322346593));
#1123 = CARTESIAN_POINT('',(15.468678524871,10.));
#1124 = ( GEOMETRIC_REPRESENTATION_CONTEXT(2) 
PARAMETRIC_REPRESENTATION_CONTEXT() REPRESENTATION_CONTEXT('2D SPACE',''
  ) );
#1125 = ADVANCED_FACE('',(#1126),#71,.T.);
#1126 = FACE_BOUND('',#1127,.T.);
#1127 = EDGE_LOOP('',(#1128,#1151,#1152,#1175,#1230,#1253));
#1128 = ORIENTED_EDGE('',*,*,#1129,.T.);
#1129 = EDGE_CURVE('',#1130,#22,#1132,.T.);
#1130 = VERTEX_POINT('',#1131);
#1131 = CARTESIAN_POINT('',(37.751021070121,-165.,24.0000001));
#1132 = SURFACE_CURVE('',#1133,(#1138,#1145),.PCURVE_S1.);
#1133 = ELLIPSE('',#1134,38.,35.);
#1134 = AXIS2_PLACEMENT_3D('',#1135,#1136,#1137);
#1135 = CARTESIAN_POINT('',(0.,-165.,28.0000001));
#1136 = DIRECTION('',(0.,-1.,1.110223024625E-16));
#1137 = DIRECTION('',(1.,0.,0.));
#1138 = PCURVE('',#71,#1139);
#1139 = DEFINITIONAL_REPRESENTATION('',(#1140),#1144);
#1140 = ELLIPSE('',#1141,38.,35.);
#1141 = AXIS2_PLACEMENT_2D('',#1142,#1143);
#1142 = CARTESIAN_POINT('',(0.,0.));
#1143 = DIRECTION('',(1.,0.));
#1144 = ( GEOMETRIC_REPRESENTATION_CONTEXT(2) 
PARAMETRIC_REPRESENTATION_CONTEXT() REPRESENTATION_CONTEXT('2D SPACE',''
  ) );
#1145 = PCURVE('',#98,#1146);
#1146 = DEFINITIONAL_REPRESENTATION('',(#1147),#1150);
#1147 = B_SPLINE_CURVE_WITH_KNOTS('',1,(#1148,#1149),.UNSPECIFIED.,.F.,
  .F.,(2,2),(6.168649333947,6.28318530718),.PIECEWISE_BEZIER_KNOTS.);
#1148 = CARTESIAN_POINT('',(6.168649335907,1.));
#1149 = CARTESIAN_POINT('',(6.28318530718,1.));
#1150 = ( GEOMETRIC_REPRESENTATION_CONTEXT(2) 
PARAMETRIC_REPRESENTATION_CONTEXT() REPRESENTATION_CONTEXT('2D SPACE',''
  ) );
#1151 = ORIENTED_EDGE('',*,*,#21,.T.);
#1152 = ORIENTED_EDGE('',*,*,#1153,.F.);
#1153 = EDGE_CURVE('',#1154,#24,#1156,.T.);
#1154 = VERTEX_POINT('',#1155);
#1155 = CARTESIAN_POINT('',(-34.72548595772,-165.,24.0000001));
#1156 = SURFACE_CURVE('',#1157,(#1161,#1168),.PCURVE_S1.);
#1157 = LINE('',#1158,#1159);
#1158 = CARTESIAN_POINT('',(-35.,-165.,24.0000001));
#1159 = VECTOR('',#1160,1.);
#1160 = DIRECTION('',(-1.,0.,0.));
#1161 = PCURVE('',#71,#1162);
#1162 = DEFINITIONAL_REPRESENTATION('',(#1163),#1167);
#1163 = LINE('',#1164,#1165);
#1164 = CARTESIAN_POINT('',(-35.,-4.));
#1165 = VECTOR('',#1166,1.);
#1166 = DIRECTION('',(-1.,0.));
#1167 = ( GEOMETRIC_REPRESENTATION_CONTEXT(2) 
PARAMETRIC_REPRESENTATION_CONTEXT() REPRESENTATION_CONTEXT('2D SPACE',''
  ) );
#1168 = PCURVE('',#363,#1169);
#1169 = DEFINITIONAL_REPRESENTATION('',(#1170),#1174);
#1170 = LINE('',#1171,#1172);
#1171 = CARTESIAN_POINT('',(35.,30.));
#1172 = VECTOR('',#1173,1.);
#1173 = DIRECTION('',(-1.,0.));
#1174 = ( GEOMETRIC_REPRESENTATION_CONTEXT(2) 
PARAMETRIC_REPRESENTATION_CONTEXT() REPRESENTATION_CONTEXT('2D SPACE',''
  ) );
#1175 = ORIENTED_EDGE('',*,*,#1176,.F.);
#1176 = EDGE_CURVE('',#1177,#1154,#1179,.T.);
#1177 = VERTEX_POINT('',#1178);
#1178 = CARTESIAN_POINT('',(35.,-165.,28.0000001));
#1179 = SURFACE_CURVE('',#1180,(#1185,#1192),.PCURVE_S1.);
#1180 = ELLIPSE('',#1181,35.,32.);
#1181 = AXIS2_PLACEMENT_3D('',#1182,#1183,#1184);
#1182 = CARTESIAN_POINT('',(0.,-165.,28.0000001));
#1183 = DIRECTION('',(0.,-1.,1.110223024625E-16));
#1184 = DIRECTION('',(1.,0.,0.));
#1185 = PCURVE('',#71,#1186);
#1186 = DEFINITIONAL_REPRESENTATION('',(#1187),#1191);
#1187 = ELLIPSE('',#1188,35.,32.);
#1188 = AXIS2_PLACEMENT_2D('',#1189,#1190);
#1189 = CARTESIAN_POINT('',(0.,0.));
#1190 = DIRECTION('',(1.,0.));
#1191 = ( GEOMETRIC_REPRESENTATION_CONTEXT(2) 
PARAMETRIC_REPRESENTATION_CONTEXT() REPRESENTATION_CONTEXT('2D SPACE',''
  ) );
#1192 = PCURVE('',#1193,#1224);
#1193 = B_SPLINE_SURFACE_WITH_KNOTS('',14,1,(
    (#1194,#1195)
    ,(#1196,#1197)
    ,(#1198,#1199)
    ,(#1200,#1201)
    ,(#1202,#1203)
    ,(#1204,#1205)
    ,(#1206,#1207)
    ,(#1208,#1209)
    ,(#1210,#1211)
    ,(#1212,#1213)
    ,(#1214,#1215)
    ,(#1216,#1217)
    ,(#1218,#1219)
    ,(#1220,#1221)
    ,(#1222,#1223
    )),.UNSPECIFIED.,.T.,.F.,.F.,(1,14,14,1),(2,2),(-6.28318530718,0.,
    6.28318530718,12.56637061436),(0.,1.),.UNSPECIFIED.);
#1194 = CARTESIAN_POINT('',(27.,-25.,28.0000001));
#1195 = CARTESIAN_POINT('',(35.,-165.,28.0000001));
#1196 = CARTESIAN_POINT('',(27.000000000005,-25.,39.219973862829));
#1197 = CARTESIAN_POINT('',(35.000000000002,-165.,42.361566516421));
#1198 = CARTESIAN_POINT('',(21.143312247597,-25.,50.439951767187));
#1199 = CARTESIAN_POINT('',(27.407997358017,-164.9999999999,
    56.723138233996));
#1200 = CARTESIAN_POINT('',(9.42992925566,-25.,58.820483764334));
#1201 = CARTESIAN_POINT('',(12.223982368388,-165.,67.450219190356));
#1202 = CARTESIAN_POINT('',(-6.38848659797,-25.,61.52243999564));
#1203 = CARTESIAN_POINT('',(-8.281371515756,-164.9999999999,
    70.908723166406));
#1204 = CARTESIAN_POINT('',(-22.80894283085,-25.,56.724421625271));
#1205 = CARTESIAN_POINT('',(-29.56714811429,-164.9999999999,
    64.767259652362));
#1206 = CARTESIAN_POINT('',(-35.34412594482,-25.,44.647131231589));
#1207 = CARTESIAN_POINT('',(-45.8164595578,-165.0000000002,
    49.308327948421));
#1208 = CARTESIAN_POINT('',(-40.06337225526,-25.,28.000000100349));
#1209 = CARTESIAN_POINT('',(-51.93400107198,-164.9999999996,
    28.000000100453));
#1210 = CARTESIAN_POINT('',(-35.34412594483,-25.,11.35286896778));
#1211 = CARTESIAN_POINT('',(-45.81645955778,-165.0000000003,
    6.69167225075));
#1212 = CARTESIAN_POINT('',(-22.80894283084,-25.,-0.72442142478));
#1213 = CARTESIAN_POINT('',(-29.56714811431,-164.9999999997,
    -8.76725945172));
#1214 = CARTESIAN_POINT('',(-6.388486597976,-25.,-5.52243979594));
#1215 = CARTESIAN_POINT('',(-8.281371515736,-165.0000000001,
    -14.9087229668));
#1216 = CARTESIAN_POINT('',(9.429929255664,-25.,-2.82048356418));
#1217 = CARTESIAN_POINT('',(12.223982368375,-164.9999999999,
    -11.45021899015));
#1218 = CARTESIAN_POINT('',(21.143312247596,-25.,5.56004843276));
#1219 = CARTESIAN_POINT('',(27.407997358023,-165.,-0.72313803407));
#1220 = CARTESIAN_POINT('',(27.000000000005,-25.,16.780026337184));
#1221 = CARTESIAN_POINT('',(35.,-164.9999999999,13.6384336836));
#1222 = CARTESIAN_POINT('',(27.,-25.,28.0000001));
#1223 = CARTESIAN_POINT('',(35.,-165.,28.0000001));
#1224 = DEFINITIONAL_REPRESENTATION('',(#1225),#1229);
#1225 = LINE('',#1226,#1227);
#1226 = CARTESIAN_POINT('',(0.,1.));
#1227 = VECTOR('',#1228,1.);
#1228 = DIRECTION('',(1.,0.));
#1229 = ( GEOMETRIC_REPRESENTATION_CONTEXT(2) 
PARAMETRIC_REPRESENTATION_CONTEXT() REPRESENTATION_CONTEXT('2D SPACE',''
  ) );
#1230 = ORIENTED_EDGE('',*,*,#1231,.F.);
#1231 = EDGE_CURVE('',#1232,#1177,#1234,.T.);
#1232 = VERTEX_POINT('',#1233);
#1233 = CARTESIAN_POINT('',(34.725485957723,-165.,24.0000001));
#1234 = SURFACE_CURVE('',#1235,(#1240,#1247),.PCURVE_S1.);
#1235 = ELLIPSE('',#1236,35.,32.);
#1236 = AXIS2_PLACEMENT_3D('',#1237,#1238,#1239);
#1237 = CARTESIAN_POINT('',(0.,-165.,28.0000001));
#1238 = DIRECTION('',(0.,-1.,1.110223024625E-16));
#1239 = DIRECTION('',(1.,0.,0.));
#1240 = PCURVE('',#71,#1241);
#1241 = DEFINITIONAL_REPRESENTATION('',(#1242),#1246);
#1242 = ELLIPSE('',#1243,35.,32.);
#1243 = AXIS2_PLACEMENT_2D('',#1244,#1245);
#1244 = CARTESIAN_POINT('',(0.,0.));
#1245 = DIRECTION('',(1.,0.));
#1246 = ( GEOMETRIC_REPRESENTATION_CONTEXT(2) 
PARAMETRIC_REPRESENTATION_CONTEXT() REPRESENTATION_CONTEXT('2D SPACE',''
  ) );
#1247 = PCURVE('',#1193,#1248);
#1248 = DEFINITIONAL_REPRESENTATION('',(#1249),#1252);
#1249 = B_SPLINE_CURVE_WITH_KNOTS('',1,(#1250,#1251),.UNSPECIFIED.,.F.,
  .F.,(2,2),(6.157857476012,6.28318530718),.PIECEWISE_BEZIER_KNOTS.);
#1250 = CARTESIAN_POINT('',(-0.125327829045,1.));
#1251 = CARTESIAN_POINT('',(0.,1.));
#1252 = ( GEOMETRIC_REPRESENTATION_CONTEXT(2) 
PARAMETRIC_REPRESENTATION_CONTEXT() REPRESENTATION_CONTEXT('2D SPACE',''
  ) );
#1253 = ORIENTED_EDGE('',*,*,#1254,.F.);
#1254 = EDGE_CURVE('',#1130,#1232,#1255,.T.);
#1255 = SURFACE_CURVE('',#1256,(#1260,#1267),.PCURVE_S1.);
#1256 = LINE('',#1257,#1258);
#1257 = CARTESIAN_POINT('',(-35.,-165.,24.0000001));
#1258 = VECTOR('',#1259,1.);
#1259 = DIRECTION('',(-1.,0.,0.));
#1260 = PCURVE('',#71,#1261);
#1261 = DEFINITIONAL_REPRESENTATION('',(#1262),#1266);
#1262 = LINE('',#1263,#1264);
#1263 = CARTESIAN_POINT('',(-35.,-4.));
#1264 = VECTOR('',#1265,1.);
#1265 = DIRECTION('',(-1.,0.));
#1266 = ( GEOMETRIC_REPRESENTATION_CONTEXT(2) 
PARAMETRIC_REPRESENTATION_CONTEXT() REPRESENTATION_CONTEXT('2D SPACE',''
  ) );
#1267 = PCURVE('',#1268,#1273);
#1268 = PLANE('',#1269);
#1269 = AXIS2_PLACEMENT_3D('',#1270,#1271,#1272);
#1270 = CARTESIAN_POINT('',(-70.,-195.,24.0000001));
#1271 = DIRECTION('',(0.,0.,1.));
#1272 = DIRECTION('',(1.,0.,-0.));
#1273 = DEFINITIONAL_REPRESENTATION('',(#1274),#1278);
#1274 = LINE('',#1275,#1276);
#1275 = CARTESIAN_POINT('',(35.,30.));
#1276 = VECTOR('',#1277,1.);
#1277 = DIRECTION('',(-1.,0.));
#1278 = ( GEOMETRIC_REPRESENTATION_CONTEXT(2) 
PARAMETRIC_REPRESENTATION_CONTEXT() REPRESENTATION_CONTEXT('2D SPACE',''
  ) );
#1279 = ADVANCED_FACE('',(#1280),#98,.T.);
#1280 = FACE_BOUND('',#1281,.T.);
#1281 = EDGE_LOOP('',(#1282,#1338,#1370,#1371));
#1282 = ORIENTED_EDGE('',*,*,#1283,.F.);
#1283 = EDGE_CURVE('',#1284,#1130,#1286,.T.);
#1284 = VERTEX_POINT('',#1285);
#1285 = CARTESIAN_POINT('',(37.118660387678,-154.,24.0000001));
#1286 = SURFACE_CURVE('',#1287,(#1302,#1320),.PCURVE_S1.);
#1287 = B_SPLINE_CURVE_WITH_KNOTS('',4,(#1288,#1289,#1290,#1291,#1292,
    #1293,#1294,#1295,#1296,#1297,#1298,#1299,#1300,#1301),
  .UNSPECIFIED.,.F.,.F.,(5,3,3,3,5),(0.,0.250001079221,0.500001396267,
    0.750001069305,1.),.UNSPECIFIED.);
#1288 = CARTESIAN_POINT('',(29.692299576481,-25.,24.0000001));
#1289 = CARTESIAN_POINT('',(30.196836000107,-33.74998789905,24.0000001)
  );
#1290 = CARTESIAN_POINT('',(30.7011943235,-42.49998609153,24.0000001));
#1291 = CARTESIAN_POINT('',(31.205390265427,-51.24999366195,24.0000001)
  );
#1292 = CARTESIAN_POINT('',(32.213480790539,-68.74999943323,24.0000001)
  );
#1293 = CARTESIAN_POINT('',(32.717375401312,-77.49999763243,24.0000001)
  );
#1294 = CARTESIAN_POINT('',(33.221132619298,-86.25000375731,24.0000001)
  );
#1295 = CARTESIAN_POINT('',(34.228391047809,-103.7500081536,24.0000001)
  );
#1296 = CARTESIAN_POINT('',(34.731892278168,-112.5000064238,24.0000001)
  );
#1297 = CARTESIAN_POINT('',(35.235276224809,-121.2500114531,24.0000001)
  );
#1298 = CARTESIAN_POINT('',(36.241824398004,-138.7500081013,24.0000001)
  );
#1299 = CARTESIAN_POINT('',(36.744988639243,-147.4999997193,24.0000001)
  );
#1300 = CARTESIAN_POINT('',(37.248051962748,-156.2499971484,24.0000001)
  );
#1301 = CARTESIAN_POINT('',(37.75102108738,-164.9999999999,24.0000001));
#1302 = PCURVE('',#98,#1303);
#1303 = DEFINITIONAL_REPRESENTATION('',(#1304),#1319);
#1304 = B_SPLINE_CURVE_WITH_KNOTS('',4,(#1305,#1306,#1307,#1308,#1309,
    #1310,#1311,#1312,#1313,#1314,#1315,#1316,#1317,#1318),
  .UNSPECIFIED.,.F.,.F.,(5,3,3,3,5),(0.,0.250001079221,0.500001396267,
    0.750001069305,1.),.UNSPECIFIED.);
#1305 = CARTESIAN_POINT('',(6.139837740717,0.));
#1306 = CARTESIAN_POINT('',(6.142093012062,6.24999135647E-02));
#1307 = CARTESIAN_POINT('',(6.144253348119,0.124999900654));
#1308 = CARTESIAN_POINT('',(6.146327710206,0.187499954728));
#1309 = CARTESIAN_POINT('',(6.150318470953,0.312499995952));
#1310 = CARTESIAN_POINT('',(6.152234887193,0.374999983089));
#1311 = CARTESIAN_POINT('',(6.154079351487,0.437500026838));
#1312 = CARTESIAN_POINT('',(6.157635476712,0.56250005824));
#1313 = CARTESIAN_POINT('',(6.159347150013,0.625000045885));
#1314 = CARTESIAN_POINT('',(6.160997998031,0.687500081808));
#1315 = CARTESIAN_POINT('',(6.16418696632,0.812500057867));
#1316 = CARTESIAN_POINT('',(6.165725095557,0.874999997996));
#1317 = CARTESIAN_POINT('',(6.167211342253,0.937499979632));
#1318 = CARTESIAN_POINT('',(6.168649335968,1.));
#1319 = ( GEOMETRIC_REPRESENTATION_CONTEXT(2) 
PARAMETRIC_REPRESENTATION_CONTEXT() REPRESENTATION_CONTEXT('2D SPACE',''
  ) );
#1320 = PCURVE('',#1268,#1321);
#1321 = DEFINITIONAL_REPRESENTATION('',(#1322),#1337);
#1322 = B_SPLINE_CURVE_WITH_KNOTS('',4,(#1323,#1324,#1325,#1326,#1327,
    #1328,#1329,#1330,#1331,#1332,#1333,#1334,#1335,#1336),
  .UNSPECIFIED.,.F.,.F.,(5,3,3,3,5),(0.,0.250001079221,0.500001396267,
    0.750001069305,1.),.UNSPECIFIED.);
#1323 = CARTESIAN_POINT('',(99.692299576481,170.));
#1324 = CARTESIAN_POINT('',(100.1968360001,161.25001210095));
#1325 = CARTESIAN_POINT('',(100.7011943235,152.50001390847));
#1326 = CARTESIAN_POINT('',(101.20539026542,143.75000633805));
#1327 = CARTESIAN_POINT('',(102.21348079053,126.25000056677));
#1328 = CARTESIAN_POINT('',(102.71737540131,117.50000236757));
#1329 = CARTESIAN_POINT('',(103.22113261929,108.74999624269));
#1330 = CARTESIAN_POINT('',(104.2283910478,91.2499918464));
#1331 = CARTESIAN_POINT('',(104.73189227816,82.4999935762));
#1332 = CARTESIAN_POINT('',(105.2352762248,73.7499885469));
#1333 = CARTESIAN_POINT('',(106.241824398,56.2499918987));
#1334 = CARTESIAN_POINT('',(106.74498863924,47.5000002807));
#1335 = CARTESIAN_POINT('',(107.24805196274,38.7500028516));
#1336 = CARTESIAN_POINT('',(107.75102108738,30.0000000001));
#1337 = ( GEOMETRIC_REPRESENTATION_CONTEXT(2) 
PARAMETRIC_REPRESENTATION_CONTEXT() REPRESENTATION_CONTEXT('2D SPACE',''
  ) );
#1338 = ORIENTED_EDGE('',*,*,#1339,.F.);
#1339 = EDGE_CURVE('',#84,#1284,#1340,.T.);
#1340 = SURFACE_CURVE('',#1341,(#1347,#1356),.PCURVE_S1.);
#1341 = B_SPLINE_CURVE_WITH_KNOTS('',4,(#1342,#1343,#1344,#1345,#1346),
  .UNSPECIFIED.,.F.,.F.,(5,5),(0.,1.),.PIECEWISE_BEZIER_KNOTS.);
#1342 = CARTESIAN_POINT('',(37.371428571428,-154.,28.000000100001));
#1343 = CARTESIAN_POINT('',(37.371428571429,-154.,26.997341501143));
#1344 = CARTESIAN_POINT('',(37.329219173826,-154.,25.994680064502));
#1345 = CARTESIAN_POINT('',(37.244801821887,-154.,24.994693275421));
#1346 = CARTESIAN_POINT('',(37.118660388297,-154.,24.0000001));
#1347 = PCURVE('',#98,#1348);
#1348 = DEFINITIONAL_REPRESENTATION('',(#1349),#1355);
#1349 = B_SPLINE_CURVE_WITH_KNOTS('',4,(#1350,#1351,#1352,#1353,#1354),
  .UNSPECIFIED.,.F.,.F.,(5,5),(0.,1.),.PIECEWISE_BEZIER_KNOTS.);
#1350 = CARTESIAN_POINT('',(6.28318530718,0.921428571429));
#1351 = CARTESIAN_POINT('',(6.254080558301,0.921428571429));
#1352 = CARTESIAN_POINT('',(6.224975768655,0.921428571429));
#1353 = CARTESIAN_POINT('',(6.19588266898,0.921428571429));
#1354 = CARTESIAN_POINT('',(6.16681251647,0.921428571429));
#1355 = ( GEOMETRIC_REPRESENTATION_CONTEXT(2) 
PARAMETRIC_REPRESENTATION_CONTEXT() REPRESENTATION_CONTEXT('2D SPACE',''
  ) );
#1356 = PCURVE('',#1357,#1362);
#1357 = PLANE('',#1358);
#1358 = AXIS2_PLACEMENT_3D('',#1359,#1360,#1361);
#1359 = CARTESIAN_POINT('',(23.,-154.,24.0000001));
#1360 = DIRECTION('',(0.,1.,0.));
#1361 = DIRECTION('',(0.,-0.,1.));
#1362 = DEFINITIONAL_REPRESENTATION('',(#1363),#1369);
#1363 = B_SPLINE_CURVE_WITH_KNOTS('',4,(#1364,#1365,#1366,#1367,#1368),
  .UNSPECIFIED.,.F.,.F.,(5,5),(0.,1.),.PIECEWISE_BEZIER_KNOTS.);
#1364 = CARTESIAN_POINT('',(4.000000000001,14.371428571428));
#1365 = CARTESIAN_POINT('',(2.997341401143,14.371428571429));
#1366 = CARTESIAN_POINT('',(1.994679964502,14.329219173826));
#1367 = CARTESIAN_POINT('',(0.994693175421,14.244801821887));
#1368 = CARTESIAN_POINT('',(0.,14.118660388297));
#1369 = ( GEOMETRIC_REPRESENTATION_CONTEXT(2) 
PARAMETRIC_REPRESENTATION_CONTEXT() REPRESENTATION_CONTEXT('2D SPACE',''
  ) );
#1370 = ORIENTED_EDGE('',*,*,#83,.T.);
#1371 = ORIENTED_EDGE('',*,*,#1129,.F.);
#1372 = ADVANCED_FACE('',(#1373,#1515),#151,.T.);
#1373 = FACE_BOUND('',#1374,.T.);
#1374 = EDGE_LOOP('',(#1375,#1376,#1399,#1432,#1460,#1489));
#1375 = ORIENTED_EDGE('',*,*,#136,.T.);
#1376 = ORIENTED_EDGE('',*,*,#1377,.T.);
#1377 = EDGE_CURVE('',#84,#1378,#1380,.T.);
#1378 = VERTEX_POINT('',#1379);
#1379 = CARTESIAN_POINT('',(44.,-154.,28.0000001));
#1380 = SURFACE_CURVE('',#1381,(#1385,#1392),.PCURVE_S1.);
#1381 = LINE('',#1382,#1383);
#1382 = CARTESIAN_POINT('',(23.,-154.,28.0000001));
#1383 = VECTOR('',#1384,1.);
#1384 = DIRECTION('',(1.,0.,0.));
#1385 = PCURVE('',#151,#1386);
#1386 = DEFINITIONAL_REPRESENTATION('',(#1387),#1391);
#1387 = LINE('',#1388,#1389);
#1388 = CARTESIAN_POINT('',(0.,0.));
#1389 = VECTOR('',#1390,1.);
#1390 = DIRECTION('',(1.,0.));
#1391 = ( GEOMETRIC_REPRESENTATION_CONTEXT(2) 
PARAMETRIC_REPRESENTATION_CONTEXT() REPRESENTATION_CONTEXT('2D SPACE',''
  ) );
#1392 = PCURVE('',#1357,#1393);
#1393 = DEFINITIONAL_REPRESENTATION('',(#1394),#1398);
#1394 = LINE('',#1395,#1396);
#1395 = CARTESIAN_POINT('',(4.,0.));
#1396 = VECTOR('',#1397,1.);
#1397 = DIRECTION('',(0.,1.));
#1398 = ( GEOMETRIC_REPRESENTATION_CONTEXT(2) 
PARAMETRIC_REPRESENTATION_CONTEXT() REPRESENTATION_CONTEXT('2D SPACE',''
  ) );
#1399 = ORIENTED_EDGE('',*,*,#1400,.F.);
#1400 = EDGE_CURVE('',#1401,#1378,#1403,.T.);
#1401 = VERTEX_POINT('',#1402);
#1402 = CARTESIAN_POINT('',(47.,-151.,28.0000001));
#1403 = SURFACE_CURVE('',#1404,(#1409,#1420),.PCURVE_S1.);
#1404 = CIRCLE('',#1405,3.);
#1405 = AXIS2_PLACEMENT_3D('',#1406,#1407,#1408);
#1406 = CARTESIAN_POINT('',(44.,-151.,28.0000001));
#1407 = DIRECTION('',(-0.,-0.,-1.));
#1408 = DIRECTION('',(0.,-1.,0.));
#1409 = PCURVE('',#151,#1410);
#1410 = DEFINITIONAL_REPRESENTATION('',(#1411),#1419);
#1411 = ( BOUNDED_CURVE() B_SPLINE_CURVE(2,(#1412,#1413,#1414,#1415,
#1416,#1417,#1418),.UNSPECIFIED.,.T.,.F.) B_SPLINE_CURVE_WITH_KNOTS((1,2
    ,2,2,2,1),(-2.094395102393,0.,2.094395102393,4.188790204786,
6.28318530718,8.377580409573),.UNSPECIFIED.) CURVE() 
GEOMETRIC_REPRESENTATION_ITEM() RATIONAL_B_SPLINE_CURVE((1.,0.5,1.,0.5,
1.,0.5,1.)) REPRESENTATION_ITEM('') );
#1412 = CARTESIAN_POINT('',(21.,0.));
#1413 = CARTESIAN_POINT('',(15.803847577293,0.));
#1414 = CARTESIAN_POINT('',(18.401923788647,4.5));
#1415 = CARTESIAN_POINT('',(21.,9.));
#1416 = CARTESIAN_POINT('',(23.598076211353,4.5));
#1417 = CARTESIAN_POINT('',(26.196152422707,4.440892098501E-15));
#1418 = CARTESIAN_POINT('',(21.,0.));
#1419 = ( GEOMETRIC_REPRESENTATION_CONTEXT(2) 
PARAMETRIC_REPRESENTATION_CONTEXT() REPRESENTATION_CONTEXT('2D SPACE',''
  ) );
#1420 = PCURVE('',#1421,#1426);
#1421 = CYLINDRICAL_SURFACE('',#1422,3.);
#1422 = AXIS2_PLACEMENT_3D('',#1423,#1424,#1425);
#1423 = CARTESIAN_POINT('',(44.,-151.,24.0000001));
#1424 = DIRECTION('',(0.,0.,1.));
#1425 = DIRECTION('',(1.,0.,-0.));
#1426 = DEFINITIONAL_REPRESENTATION('',(#1427),#1431);
#1427 = LINE('',#1428,#1429);
#1428 = CARTESIAN_POINT('',(10.995574287565,4.));
#1429 = VECTOR('',#1430,1.);
#1430 = DIRECTION('',(-1.,0.));
#1431 = ( GEOMETRIC_REPRESENTATION_CONTEXT(2) 
PARAMETRIC_REPRESENTATION_CONTEXT() REPRESENTATION_CONTEXT('2D SPACE',''
  ) );
#1432 = ORIENTED_EDGE('',*,*,#1433,.T.);
#1433 = EDGE_CURVE('',#1401,#1434,#1436,.T.);
#1434 = VERTEX_POINT('',#1435);
#1435 = CARTESIAN_POINT('',(47.,-129.,28.0000001));
#1436 = SURFACE_CURVE('',#1437,(#1441,#1448),.PCURVE_S1.);
#1437 = LINE('',#1438,#1439);
#1438 = CARTESIAN_POINT('',(47.,-154.,28.0000001));
#1439 = VECTOR('',#1440,1.);
#1440 = DIRECTION('',(0.,1.,0.));
#1441 = PCURVE('',#151,#1442);
#1442 = DEFINITIONAL_REPRESENTATION('',(#1443),#1447);
#1443 = LINE('',#1444,#1445);
#1444 = CARTESIAN_POINT('',(24.,0.));
#1445 = VECTOR('',#1446,1.);
#1446 = DIRECTION('',(0.,1.));
#1447 = ( GEOMETRIC_REPRESENTATION_CONTEXT(2) 
PARAMETRIC_REPRESENTATION_CONTEXT() REPRESENTATION_CONTEXT('2D SPACE',''
  ) );
#1448 = PCURVE('',#1449,#1454);
#1449 = PLANE('',#1450);
#1450 = AXIS2_PLACEMENT_3D('',#1451,#1452,#1453);
#1451 = CARTESIAN_POINT('',(47.,-154.,24.0000001));
#1452 = DIRECTION('',(1.,0.,0.));
#1453 = DIRECTION('',(0.,0.,1.));
#1454 = DEFINITIONAL_REPRESENTATION('',(#1455),#1459);
#1455 = LINE('',#1456,#1457);
#1456 = CARTESIAN_POINT('',(4.,0.));
#1457 = VECTOR('',#1458,1.);
#1458 = DIRECTION('',(0.,-1.));
#1459 = ( GEOMETRIC_REPRESENTATION_CONTEXT(2) 
PARAMETRIC_REPRESENTATION_CONTEXT() REPRESENTATION_CONTEXT('2D SPACE',''
  ) );
#1460 = ORIENTED_EDGE('',*,*,#1461,.T.);
#1461 = EDGE_CURVE('',#1434,#1462,#1464,.T.);
#1462 = VERTEX_POINT('',#1463);
#1463 = CARTESIAN_POINT('',(44.,-126.,28.0000001));
#1464 = SURFACE_CURVE('',#1465,(#1470,#1477),.PCURVE_S1.);
#1465 = CIRCLE('',#1466,3.);
#1466 = AXIS2_PLACEMENT_3D('',#1467,#1468,#1469);
#1467 = CARTESIAN_POINT('',(44.,-129.,28.0000001));
#1468 = DIRECTION('',(0.,0.,1.));
#1469 = DIRECTION('',(0.,-1.,0.));
#1470 = PCURVE('',#151,#1471);
#1471 = DEFINITIONAL_REPRESENTATION('',(#1472),#1476);
#1472 = CIRCLE('',#1473,3.);
#1473 = AXIS2_PLACEMENT_2D('',#1474,#1475);
#1474 = CARTESIAN_POINT('',(21.,25.));
#1475 = DIRECTION('',(0.,-1.));
#1476 = ( GEOMETRIC_REPRESENTATION_CONTEXT(2) 
PARAMETRIC_REPRESENTATION_CONTEXT() REPRESENTATION_CONTEXT('2D SPACE',''
  ) );
#1477 = PCURVE('',#1478,#1483);
#1478 = CYLINDRICAL_SURFACE('',#1479,3.);
#1479 = AXIS2_PLACEMENT_3D('',#1480,#1481,#1482);
#1480 = CARTESIAN_POINT('',(44.,-129.,24.0000001));
#1481 = DIRECTION('',(0.,0.,1.));
#1482 = DIRECTION('',(1.,0.,-0.));
#1483 = DEFINITIONAL_REPRESENTATION('',(#1484),#1488);
#1484 = LINE('',#1485,#1486);
#1485 = CARTESIAN_POINT('',(-1.570796326795,4.));
#1486 = VECTOR('',#1487,1.);
#1487 = DIRECTION('',(1.,0.));
#1488 = ( GEOMETRIC_REPRESENTATION_CONTEXT(2) 
PARAMETRIC_REPRESENTATION_CONTEXT() REPRESENTATION_CONTEXT('2D SPACE',''
  ) );
#1489 = ORIENTED_EDGE('',*,*,#1490,.F.);
#1490 = EDGE_CURVE('',#137,#1462,#1491,.T.);
#1491 = SURFACE_CURVE('',#1492,(#1496,#1503),.PCURVE_S1.);
#1492 = LINE('',#1493,#1494);
#1493 = CARTESIAN_POINT('',(23.,-126.,28.0000001));
#1494 = VECTOR('',#1495,1.);
#1495 = DIRECTION('',(1.,0.,0.));
#1496 = PCURVE('',#151,#1497);
#1497 = DEFINITIONAL_REPRESENTATION('',(#1498),#1502);
#1498 = LINE('',#1499,#1500);
#1499 = CARTESIAN_POINT('',(0.,28.));
#1500 = VECTOR('',#1501,1.);
#1501 = DIRECTION('',(1.,0.));
#1502 = ( GEOMETRIC_REPRESENTATION_CONTEXT(2) 
PARAMETRIC_REPRESENTATION_CONTEXT() REPRESENTATION_CONTEXT('2D SPACE',''
  ) );
#1503 = PCURVE('',#1504,#1509);
#1504 = PLANE('',#1505);
#1505 = AXIS2_PLACEMENT_3D('',#1506,#1507,#1508);
#1506 = CARTESIAN_POINT('',(23.,-126.,24.0000001));
#1507 = DIRECTION('',(0.,1.,0.));
#1508 = DIRECTION('',(0.,-0.,1.));
#1509 = DEFINITIONAL_REPRESENTATION('',(#1510),#1514);
#1510 = LINE('',#1511,#1512);
#1511 = CARTESIAN_POINT('',(4.,0.));
#1512 = VECTOR('',#1513,1.);
#1513 = DIRECTION('',(0.,1.));
#1514 = ( GEOMETRIC_REPRESENTATION_CONTEXT(2) 
PARAMETRIC_REPRESENTATION_CONTEXT() REPRESENTATION_CONTEXT('2D SPACE',''
  ) );
#1515 = FACE_BOUND('',#1516,.T.);
#1516 = EDGE_LOOP('',(#1517,#1547,#1575,#1603));
#1517 = ORIENTED_EDGE('',*,*,#1518,.T.);
#1518 = EDGE_CURVE('',#1519,#1521,#1523,.T.);
#1519 = VERTEX_POINT('',#1520);
#1520 = CARTESIAN_POINT('',(43.75,-151.,28.0000001));
#1521 = VERTEX_POINT('',#1522);
#1522 = CARTESIAN_POINT('',(40.25,-151.,28.0000001));
#1523 = SURFACE_CURVE('',#1524,(#1528,#1535),.PCURVE_S1.);
#1524 = LINE('',#1525,#1526);
#1525 = CARTESIAN_POINT('',(31.625,-151.,28.0000001));
#1526 = VECTOR('',#1527,1.);
#1527 = DIRECTION('',(-1.,0.,0.));
#1528 = PCURVE('',#151,#1529);
#1529 = DEFINITIONAL_REPRESENTATION('',(#1530),#1534);
#1530 = LINE('',#1531,#1532);
#1531 = CARTESIAN_POINT('',(8.625,3.));
#1532 = VECTOR('',#1533,1.);
#1533 = DIRECTION('',(-1.,0.));
#1534 = ( GEOMETRIC_REPRESENTATION_CONTEXT(2) 
PARAMETRIC_REPRESENTATION_CONTEXT() REPRESENTATION_CONTEXT('2D SPACE',''
  ) );
#1535 = PCURVE('',#1536,#1541);
#1536 = PLANE('',#1537);
#1537 = AXIS2_PLACEMENT_3D('',#1538,#1539,#1540);
#1538 = CARTESIAN_POINT('',(40.25,-151.,22.0000001));
#1539 = DIRECTION('',(0.,1.,0.));
#1540 = DIRECTION('',(0.,-0.,1.));
#1541 = DEFINITIONAL_REPRESENTATION('',(#1542),#1546);
#1542 = LINE('',#1543,#1544);
#1543 = CARTESIAN_POINT('',(6.,-8.625));
#1544 = VECTOR('',#1545,1.);
#1545 = DIRECTION('',(0.,-1.));
#1546 = ( GEOMETRIC_REPRESENTATION_CONTEXT(2) 
PARAMETRIC_REPRESENTATION_CONTEXT() REPRESENTATION_CONTEXT('2D SPACE',''
  ) );
#1547 = ORIENTED_EDGE('',*,*,#1548,.T.);
#1548 = EDGE_CURVE('',#1521,#1549,#1551,.T.);
#1549 = VERTEX_POINT('',#1550);
#1550 = CARTESIAN_POINT('',(40.25,-129.,28.0000001));
#1551 = SURFACE_CURVE('',#1552,(#1556,#1563),.PCURVE_S1.);
#1552 = LINE('',#1553,#1554);
#1553 = CARTESIAN_POINT('',(40.25,-152.5,28.0000001));
#1554 = VECTOR('',#1555,1.);
#1555 = DIRECTION('',(0.,1.,0.));
#1556 = PCURVE('',#151,#1557);
#1557 = DEFINITIONAL_REPRESENTATION('',(#1558),#1562);
#1558 = LINE('',#1559,#1560);
#1559 = CARTESIAN_POINT('',(17.25,1.5));
#1560 = VECTOR('',#1561,1.);
#1561 = DIRECTION('',(0.,1.));
#1562 = ( GEOMETRIC_REPRESENTATION_CONTEXT(2) 
PARAMETRIC_REPRESENTATION_CONTEXT() REPRESENTATION_CONTEXT('2D SPACE',''
  ) );
#1563 = PCURVE('',#1564,#1569);
#1564 = PLANE('',#1565);
#1565 = AXIS2_PLACEMENT_3D('',#1566,#1567,#1568);
#1566 = CARTESIAN_POINT('',(40.25,-151.,22.0000001));
#1567 = DIRECTION('',(1.,0.,0.));
#1568 = DIRECTION('',(0.,0.,1.));
#1569 = DEFINITIONAL_REPRESENTATION('',(#1570),#1574);
#1570 = LINE('',#1571,#1572);
#1571 = CARTESIAN_POINT('',(6.,1.5));
#1572 = VECTOR('',#1573,1.);
#1573 = DIRECTION('',(0.,-1.));
#1574 = ( GEOMETRIC_REPRESENTATION_CONTEXT(2) 
PARAMETRIC_REPRESENTATION_CONTEXT() REPRESENTATION_CONTEXT('2D SPACE',''
  ) );
#1575 = ORIENTED_EDGE('',*,*,#1576,.F.);
#1576 = EDGE_CURVE('',#1577,#1549,#1579,.T.);
#1577 = VERTEX_POINT('',#1578);
#1578 = CARTESIAN_POINT('',(43.75,-129.,28.0000001));
#1579 = SURFACE_CURVE('',#1580,(#1584,#1591),.PCURVE_S1.);
#1580 = LINE('',#1581,#1582);
#1581 = CARTESIAN_POINT('',(31.625,-129.,28.0000001));
#1582 = VECTOR('',#1583,1.);
#1583 = DIRECTION('',(-1.,0.,0.));
#1584 = PCURVE('',#151,#1585);
#1585 = DEFINITIONAL_REPRESENTATION('',(#1586),#1590);
#1586 = LINE('',#1587,#1588);
#1587 = CARTESIAN_POINT('',(8.625,25.));
#1588 = VECTOR('',#1589,1.);
#1589 = DIRECTION('',(-1.,0.));
#1590 = ( GEOMETRIC_REPRESENTATION_CONTEXT(2) 
PARAMETRIC_REPRESENTATION_CONTEXT() REPRESENTATION_CONTEXT('2D SPACE',''
  ) );
#1591 = PCURVE('',#1592,#1597);
#1592 = PLANE('',#1593);
#1593 = AXIS2_PLACEMENT_3D('',#1594,#1595,#1596);
#1594 = CARTESIAN_POINT('',(40.25,-129.,22.0000001));
#1595 = DIRECTION('',(0.,1.,0.));
#1596 = DIRECTION('',(0.,-0.,1.));
#1597 = DEFINITIONAL_REPRESENTATION('',(#1598),#1602);
#1598 = LINE('',#1599,#1600);
#1599 = CARTESIAN_POINT('',(6.,-8.625));
#1600 = VECTOR('',#1601,1.);
#1601 = DIRECTION('',(0.,-1.));
#1602 = ( GEOMETRIC_REPRESENTATION_CONTEXT(2) 
PARAMETRIC_REPRESENTATION_CONTEXT() REPRESENTATION_CONTEXT('2D SPACE',''
  ) );
#1603 = ORIENTED_EDGE('',*,*,#1604,.F.);
#1604 = EDGE_CURVE('',#1519,#1577,#1605,.T.);
#1605 = SURFACE_CURVE('',#1606,(#1610,#1617),.PCURVE_S1.);
#1606 = LINE('',#1607,#1608);
#1607 = CARTESIAN_POINT('',(43.75,-152.5,28.0000001));
#1608 = VECTOR('',#1609,1.);
#1609 = DIRECTION('',(0.,1.,0.));
#1610 = PCURVE('',#151,#1611);
#1611 = DEFINITIONAL_REPRESENTATION('',(#1612),#1616);
#1612 = LINE('',#1613,#1614);
#1613 = CARTESIAN_POINT('',(20.75,1.5));
#1614 = VECTOR('',#1615,1.);
#1615 = DIRECTION('',(0.,1.));
#1616 = ( GEOMETRIC_REPRESENTATION_CONTEXT(2) 
PARAMETRIC_REPRESENTATION_CONTEXT() REPRESENTATION_CONTEXT('2D SPACE',''
  ) );
#1617 = PCURVE('',#1618,#1623);
#1618 = PLANE('',#1619);
#1619 = AXIS2_PLACEMENT_3D('',#1620,#1621,#1622);
#1620 = CARTESIAN_POINT('',(43.75,-151.,22.0000001));
#1621 = DIRECTION('',(1.,0.,0.));
#1622 = DIRECTION('',(0.,0.,1.));
#1623 = DEFINITIONAL_REPRESENTATION('',(#1624),#1628);
#1624 = LINE('',#1625,#1626);
#1625 = CARTESIAN_POINT('',(6.,1.5));
#1626 = VECTOR('',#1627,1.);
#1627 = DIRECTION('',(0.,-1.));
#1628 = ( GEOMETRIC_REPRESENTATION_CONTEXT(2) 
PARAMETRIC_REPRESENTATION_CONTEXT() REPRESENTATION_CONTEXT('2D SPACE',''
  ) );
#1629 = ADVANCED_FACE('',(#1630),#177,.T.);
#1630 = FACE_BOUND('',#1631,.T.);
#1631 = EDGE_LOOP('',(#1632,#1690,#1731,#1732));
#1632 = ORIENTED_EDGE('',*,*,#1633,.F.);
#1633 = EDGE_CURVE('',#1634,#1636,#1638,.T.);
#1634 = VERTEX_POINT('',#1635);
#1635 = CARTESIAN_POINT('',(32.51576665977,-73.99999999999,24.0000001));
#1636 = VERTEX_POINT('',#1637);
#1637 = CARTESIAN_POINT('',(35.508472922542,-125.9999999999,24.0000001)
  );
#1638 = SURFACE_CURVE('',#1639,(#1654,#1672),.PCURVE_S1.);
#1639 = B_SPLINE_CURVE_WITH_KNOTS('',4,(#1640,#1641,#1642,#1643,#1644,
    #1645,#1646,#1647,#1648,#1649,#1650,#1651,#1652,#1653),
  .UNSPECIFIED.,.F.,.F.,(5,3,3,3,5),(0.,0.250001079221,0.500001396267,
    0.750001069305,1.),.UNSPECIFIED.);
#1640 = CARTESIAN_POINT('',(29.692299576481,-25.,24.0000001));
#1641 = CARTESIAN_POINT('',(30.196836000107,-33.74998789905,24.0000001)
  );
#1642 = CARTESIAN_POINT('',(30.7011943235,-42.49998609153,24.0000001));
#1643 = CARTESIAN_POINT('',(31.205390265427,-51.24999366195,24.0000001)
  );
#1644 = CARTESIAN_POINT('',(32.213480790539,-68.74999943323,24.0000001)
  );
#1645 = CARTESIAN_POINT('',(32.717375401312,-77.49999763243,24.0000001)
  );
#1646 = CARTESIAN_POINT('',(33.221132619298,-86.25000375731,24.0000001)
  );
#1647 = CARTESIAN_POINT('',(34.228391047809,-103.7500081536,24.0000001)
  );
#1648 = CARTESIAN_POINT('',(34.731892278168,-112.5000064238,24.0000001)
  );
#1649 = CARTESIAN_POINT('',(35.235276224809,-121.2500114531,24.0000001)
  );
#1650 = CARTESIAN_POINT('',(36.241824398004,-138.7500081013,24.0000001)
  );
#1651 = CARTESIAN_POINT('',(36.744988639243,-147.4999997193,24.0000001)
  );
#1652 = CARTESIAN_POINT('',(37.248051962748,-156.2499971484,24.0000001)
  );
#1653 = CARTESIAN_POINT('',(37.75102108738,-164.9999999999,24.0000001));
#1654 = PCURVE('',#177,#1655);
#1655 = DEFINITIONAL_REPRESENTATION('',(#1656),#1671);
#1656 = B_SPLINE_CURVE_WITH_KNOTS('',4,(#1657,#1658,#1659,#1660,#1661,
    #1662,#1663,#1664,#1665,#1666,#1667,#1668,#1669,#1670),
  .UNSPECIFIED.,.F.,.F.,(5,3,3,3,5),(0.,0.250001079221,0.500001396267,
    0.750001069305,1.),.UNSPECIFIED.);
#1657 = CARTESIAN_POINT('',(6.139837740717,0.));
#1658 = CARTESIAN_POINT('',(6.142093012062,6.24999135647E-02));
#1659 = CARTESIAN_POINT('',(6.144253348119,0.124999900654));
#1660 = CARTESIAN_POINT('',(6.146327710206,0.187499954728));
#1661 = CARTESIAN_POINT('',(6.150318470953,0.312499995952));
#1662 = CARTESIAN_POINT('',(6.152234887193,0.374999983089));
#1663 = CARTESIAN_POINT('',(6.154079351487,0.437500026838));
#1664 = CARTESIAN_POINT('',(6.157635476712,0.56250005824));
#1665 = CARTESIAN_POINT('',(6.159347150013,0.625000045885));
#1666 = CARTESIAN_POINT('',(6.160997998031,0.687500081808));
#1667 = CARTESIAN_POINT('',(6.16418696632,0.812500057867));
#1668 = CARTESIAN_POINT('',(6.165725095557,0.874999997996));
#1669 = CARTESIAN_POINT('',(6.167211342253,0.937499979632));
#1670 = CARTESIAN_POINT('',(6.168649335968,1.));
#1671 = ( GEOMETRIC_REPRESENTATION_CONTEXT(2) 
PARAMETRIC_REPRESENTATION_CONTEXT() REPRESENTATION_CONTEXT('2D SPACE',''
  ) );
#1672 = PCURVE('',#1268,#1673);
#1673 = DEFINITIONAL_REPRESENTATION('',(#1674),#1689);
#1674 = B_SPLINE_CURVE_WITH_KNOTS('',4,(#1675,#1676,#1677,#1678,#1679,
    #1680,#1681,#1682,#1683,#1684,#1685,#1686,#1687,#1688),
  .UNSPECIFIED.,.F.,.F.,(5,3,3,3,5),(0.,0.250001079221,0.500001396267,
    0.750001069305,1.),.UNSPECIFIED.);
#1675 = CARTESIAN_POINT('',(99.692299576481,170.));
#1676 = CARTESIAN_POINT('',(100.1968360001,161.25001210095));
#1677 = CARTESIAN_POINT('',(100.7011943235,152.50001390847));
#1678 = CARTESIAN_POINT('',(101.20539026542,143.75000633805));
#1679 = CARTESIAN_POINT('',(102.21348079053,126.25000056677));
#1680 = CARTESIAN_POINT('',(102.71737540131,117.50000236757));
#1681 = CARTESIAN_POINT('',(103.22113261929,108.74999624269));
#1682 = CARTESIAN_POINT('',(104.2283910478,91.2499918464));
#1683 = CARTESIAN_POINT('',(104.73189227816,82.4999935762));
#1684 = CARTESIAN_POINT('',(105.2352762248,73.7499885469));
#1685 = CARTESIAN_POINT('',(106.241824398,56.2499918987));
#1686 = CARTESIAN_POINT('',(106.74498863924,47.5000002807));
#1687 = CARTESIAN_POINT('',(107.24805196274,38.7500028516));
#1688 = CARTESIAN_POINT('',(107.75102108738,30.0000000001));
#1689 = ( GEOMETRIC_REPRESENTATION_CONTEXT(2) 
PARAMETRIC_REPRESENTATION_CONTEXT() REPRESENTATION_CONTEXT('2D SPACE',''
  ) );
#1690 = ORIENTED_EDGE('',*,*,#1691,.F.);
#1691 = EDGE_CURVE('',#163,#1634,#1692,.T.);
#1692 = SURFACE_CURVE('',#1693,(#1702,#1714),.PCURVE_S1.);
#1693 = B_SPLINE_CURVE_WITH_KNOTS('',4,(#1694,#1695,#1696,#1697,#1698,
    #1699,#1700,#1701),.UNSPECIFIED.,.F.,.F.,(5,3,5),(0.,0.50252172947,
    1.),.UNSPECIFIED.);
#1694 = CARTESIAN_POINT('',(32.799999999999,-74.,28.000000100001));
#1695 = CARTESIAN_POINT('',(32.8,-74.,27.495789232367));
#1696 = CARTESIAN_POINT('',(32.788008800231,-74.,26.991578222273));
#1697 = CARTESIAN_POINT('',(32.764026439273,-74.,26.487795389957));
#1698 = CARTESIAN_POINT('',(32.692526075884,-74.,25.486984517883));
#1699 = CARTESIAN_POINT('',(32.645246656502,-74.,24.989939160324));
#1700 = CARTESIAN_POINT('',(32.586299515803,-74.,24.494142823659));
#1701 = CARTESIAN_POINT('',(32.515766659002,-74.,24.0000001));
#1702 = PCURVE('',#177,#1703);
#1703 = DEFINITIONAL_REPRESENTATION('',(#1704),#1713);
#1704 = B_SPLINE_CURVE_WITH_KNOTS('',4,(#1705,#1706,#1707,#1708,#1709,
    #1710,#1711,#1712),.UNSPECIFIED.,.F.,.F.,(5,3,5),(0.,0.50252172947,
    1.),.UNSPECIFIED.);
#1705 = CARTESIAN_POINT('',(6.28318530718,0.35));
#1706 = CARTESIAN_POINT('',(6.266626657996,0.35));
#1707 = CARTESIAN_POINT('',(6.250068006705,0.35));
#1708 = CARTESIAN_POINT('',(6.233511298499,0.35));
#1709 = CARTESIAN_POINT('',(6.200571737117,0.35));
#1710 = CARTESIAN_POINT('',(6.184188802335,0.35));
#1711 = CARTESIAN_POINT('',(6.167811510255,0.35));
#1712 = CARTESIAN_POINT('',(6.151441650932,0.35));
#1713 = ( GEOMETRIC_REPRESENTATION_CONTEXT(2) 
PARAMETRIC_REPRESENTATION_CONTEXT() REPRESENTATION_CONTEXT('2D SPACE',''
  ) );
#1714 = PCURVE('',#1715,#1720);
#1715 = PLANE('',#1716);
#1716 = AXIS2_PLACEMENT_3D('',#1717,#1718,#1719);
#1717 = CARTESIAN_POINT('',(23.,-74.,24.0000001));
#1718 = DIRECTION('',(0.,1.,0.));
#1719 = DIRECTION('',(0.,-0.,1.));
#1720 = DEFINITIONAL_REPRESENTATION('',(#1721),#1730);
#1721 = B_SPLINE_CURVE_WITH_KNOTS('',4,(#1722,#1723,#1724,#1725,#1726,
    #1727,#1728,#1729),.UNSPECIFIED.,.F.,.F.,(5,3,5),(0.,0.50252172947,
    1.),.UNSPECIFIED.);
#1722 = CARTESIAN_POINT('',(4.000000000001,9.799999999999));
#1723 = CARTESIAN_POINT('',(3.495789132367,9.8));
#1724 = CARTESIAN_POINT('',(2.991578122273,9.788008800231));
#1725 = CARTESIAN_POINT('',(2.487795289957,9.764026439273));
#1726 = CARTESIAN_POINT('',(1.486984417883,9.692526075884));
#1727 = CARTESIAN_POINT('',(0.989939060324,9.645246656502));
#1728 = CARTESIAN_POINT('',(0.494142723659,9.586299515803));
#1729 = CARTESIAN_POINT('',(0.,9.515766659002));
#1730 = ( GEOMETRIC_REPRESENTATION_CONTEXT(2) 
PARAMETRIC_REPRESENTATION_CONTEXT() REPRESENTATION_CONTEXT('2D SPACE',''
  ) );
#1731 = ORIENTED_EDGE('',*,*,#162,.T.);
#1732 = ORIENTED_EDGE('',*,*,#1733,.T.);
#1733 = EDGE_CURVE('',#137,#1636,#1734,.T.);
#1734 = SURFACE_CURVE('',#1735,(#1744,#1756),.PCURVE_S1.);
#1735 = B_SPLINE_CURVE_WITH_KNOTS('',4,(#1736,#1737,#1738,#1739,#1740,
    #1741,#1742,#1743),.UNSPECIFIED.,.F.,.F.,(5,3,5),(0.,0.501511832584,
    1.),.UNSPECIFIED.);
#1736 = CARTESIAN_POINT('',(35.771428571428,-126.,28.000000100001));
#1737 = CARTESIAN_POINT('',(35.771428571428,-126.,27.497045196421));
#1738 = CARTESIAN_POINT('',(35.760382944564,-126.,26.994090185477));
#1739 = CARTESIAN_POINT('',(35.738291718294,-126.,26.49149935258));
#1740 = CARTESIAN_POINT('',(35.672286455378,-126.,25.490796075225));
#1741 = CARTESIAN_POINT('',(35.628504762346,-126.,24.992674693012));
#1742 = CARTESIAN_POINT('',(35.573878055879,-126.,24.495626252712));
#1743 = CARTESIAN_POINT('',(35.508472922922,-126.,24.0000001));
#1744 = PCURVE('',#177,#1745);
#1745 = DEFINITIONAL_REPRESENTATION('',(#1746),#1755);
#1746 = B_SPLINE_CURVE_WITH_KNOTS('',4,(#1747,#1748,#1749,#1750,#1751,
    #1752,#1753,#1754),.UNSPECIFIED.,.F.,.F.,(5,3,5),(0.,0.501511832584,
    1.),.UNSPECIFIED.);
#1747 = CARTESIAN_POINT('',(6.28318530718,0.721428571429));
#1748 = CARTESIAN_POINT('',(6.267967307071,0.721428571429));
#1749 = CARTESIAN_POINT('',(6.252749305518,0.721428571429));
#1750 = CARTESIAN_POINT('',(6.237532917071,0.721428571429));
#1751 = CARTESIAN_POINT('',(6.207198280699,0.721428571429));
#1752 = CARTESIAN_POINT('',(6.19207999104,0.721428571429));
#1753 = CARTESIAN_POINT('',(6.176966435755,0.721428571429));
#1754 = CARTESIAN_POINT('',(6.161859129506,0.721428571429));
#1755 = ( GEOMETRIC_REPRESENTATION_CONTEXT(2) 
PARAMETRIC_REPRESENTATION_CONTEXT() REPRESENTATION_CONTEXT('2D SPACE',''
  ) );
#1756 = PCURVE('',#1504,#1757);
#1757 = DEFINITIONAL_REPRESENTATION('',(#1758),#1767);
#1758 = B_SPLINE_CURVE_WITH_KNOTS('',4,(#1759,#1760,#1761,#1762,#1763,
    #1764,#1765,#1766),.UNSPECIFIED.,.F.,.F.,(5,3,5),(0.,0.501511832584,
    1.),.UNSPECIFIED.);
#1759 = CARTESIAN_POINT('',(4.000000000001,12.771428571428));
#1760 = CARTESIAN_POINT('',(3.497045096421,12.771428571428));
#1761 = CARTESIAN_POINT('',(2.994090085477,12.760382944564));
#1762 = CARTESIAN_POINT('',(2.49149925258,12.738291718294));
#1763 = CARTESIAN_POINT('',(1.490795975225,12.672286455378));
#1764 = CARTESIAN_POINT('',(0.992674593012,12.628504762346));
#1765 = CARTESIAN_POINT('',(0.495626152712,12.573878055879));
#1766 = CARTESIAN_POINT('',(0.,12.508472922922));
#1767 = ( GEOMETRIC_REPRESENTATION_CONTEXT(2) 
PARAMETRIC_REPRESENTATION_CONTEXT() REPRESENTATION_CONTEXT('2D SPACE',''
  ) );
#1768 = ADVANCED_FACE('',(#1769,#1911),#230,.T.);
#1769 = FACE_BOUND('',#1770,.T.);
#1770 = EDGE_LOOP('',(#1771,#1772,#1795,#1828,#1856,#1885));
#1771 = ORIENTED_EDGE('',*,*,#215,.T.);
#1772 = ORIENTED_EDGE('',*,*,#1773,.T.);
#1773 = EDGE_CURVE('',#163,#1774,#1776,.T.);
#1774 = VERTEX_POINT('',#1775);
#1775 = CARTESIAN_POINT('',(44.,-74.,28.0000001));
#1776 = SURFACE_CURVE('',#1777,(#1781,#1788),.PCURVE_S1.);
#1777 = LINE('',#1778,#1779);
#1778 = CARTESIAN_POINT('',(23.,-74.,28.0000001));
#1779 = VECTOR('',#1780,1.);
#1780 = DIRECTION('',(1.,0.,0.));
#1781 = PCURVE('',#230,#1782);
#1782 = DEFINITIONAL_REPRESENTATION('',(#1783),#1787);
#1783 = LINE('',#1784,#1785);
#1784 = CARTESIAN_POINT('',(0.,0.));
#1785 = VECTOR('',#1786,1.);
#1786 = DIRECTION('',(1.,0.));
#1787 = ( GEOMETRIC_REPRESENTATION_CONTEXT(2) 
PARAMETRIC_REPRESENTATION_CONTEXT() REPRESENTATION_CONTEXT('2D SPACE',''
  ) );
#1788 = PCURVE('',#1715,#1789);
#1789 = DEFINITIONAL_REPRESENTATION('',(#1790),#1794);
#1790 = LINE('',#1791,#1792);
#1791 = CARTESIAN_POINT('',(4.,0.));
#1792 = VECTOR('',#1793,1.);
#1793 = DIRECTION('',(0.,1.));
#1794 = ( GEOMETRIC_REPRESENTATION_CONTEXT(2) 
PARAMETRIC_REPRESENTATION_CONTEXT() REPRESENTATION_CONTEXT('2D SPACE',''
  ) );
#1795 = ORIENTED_EDGE('',*,*,#1796,.F.);
#1796 = EDGE_CURVE('',#1797,#1774,#1799,.T.);
#1797 = VERTEX_POINT('',#1798);
#1798 = CARTESIAN_POINT('',(47.,-71.,28.0000001));
#1799 = SURFACE_CURVE('',#1800,(#1805,#1816),.PCURVE_S1.);
#1800 = CIRCLE('',#1801,3.);
#1801 = AXIS2_PLACEMENT_3D('',#1802,#1803,#1804);
#1802 = CARTESIAN_POINT('',(44.,-71.,28.0000001));
#1803 = DIRECTION('',(-0.,-0.,-1.));
#1804 = DIRECTION('',(0.,-1.,0.));
#1805 = PCURVE('',#230,#1806);
#1806 = DEFINITIONAL_REPRESENTATION('',(#1807),#1815);
#1807 = ( BOUNDED_CURVE() B_SPLINE_CURVE(2,(#1808,#1809,#1810,#1811,
#1812,#1813,#1814),.UNSPECIFIED.,.T.,.F.) B_SPLINE_CURVE_WITH_KNOTS((1,2
    ,2,2,2,1),(-2.094395102393,0.,2.094395102393,4.188790204786,
6.28318530718,8.377580409573),.UNSPECIFIED.) CURVE() 
GEOMETRIC_REPRESENTATION_ITEM() RATIONAL_B_SPLINE_CURVE((1.,0.5,1.,0.5,
1.,0.5,1.)) REPRESENTATION_ITEM('') );
#1808 = CARTESIAN_POINT('',(21.,0.));
#1809 = CARTESIAN_POINT('',(15.803847577293,0.));
#1810 = CARTESIAN_POINT('',(18.401923788647,4.5));
#1811 = CARTESIAN_POINT('',(21.,9.));
#1812 = CARTESIAN_POINT('',(23.598076211353,4.5));
#1813 = CARTESIAN_POINT('',(26.196152422707,4.440892098501E-15));
#1814 = CARTESIAN_POINT('',(21.,0.));
#1815 = ( GEOMETRIC_REPRESENTATION_CONTEXT(2) 
PARAMETRIC_REPRESENTATION_CONTEXT() REPRESENTATION_CONTEXT('2D SPACE',''
  ) );
#1816 = PCURVE('',#1817,#1822);
#1817 = CYLINDRICAL_SURFACE('',#1818,3.);
#1818 = AXIS2_PLACEMENT_3D('',#1819,#1820,#1821);
#1819 = CARTESIAN_POINT('',(44.,-71.,24.0000001));
#1820 = DIRECTION('',(0.,0.,1.));
#1821 = DIRECTION('',(1.,0.,-0.));
#1822 = DEFINITIONAL_REPRESENTATION('',(#1823),#1827);
#1823 = LINE('',#1824,#1825);
#1824 = CARTESIAN_POINT('',(10.995574287565,4.));
#1825 = VECTOR('',#1826,1.);
#1826 = DIRECTION('',(-1.,0.));
#1827 = ( GEOMETRIC_REPRESENTATION_CONTEXT(2) 
PARAMETRIC_REPRESENTATION_CONTEXT() REPRESENTATION_CONTEXT('2D SPACE',''
  ) );
#1828 = ORIENTED_EDGE('',*,*,#1829,.T.);
#1829 = EDGE_CURVE('',#1797,#1830,#1832,.T.);
#1830 = VERTEX_POINT('',#1831);
#1831 = CARTESIAN_POINT('',(47.,-49.,28.0000001));
#1832 = SURFACE_CURVE('',#1833,(#1837,#1844),.PCURVE_S1.);
#1833 = LINE('',#1834,#1835);
#1834 = CARTESIAN_POINT('',(47.,-74.,28.0000001));
#1835 = VECTOR('',#1836,1.);
#1836 = DIRECTION('',(0.,1.,0.));
#1837 = PCURVE('',#230,#1838);
#1838 = DEFINITIONAL_REPRESENTATION('',(#1839),#1843);
#1839 = LINE('',#1840,#1841);
#1840 = CARTESIAN_POINT('',(24.,0.));
#1841 = VECTOR('',#1842,1.);
#1842 = DIRECTION('',(0.,1.));
#1843 = ( GEOMETRIC_REPRESENTATION_CONTEXT(2) 
PARAMETRIC_REPRESENTATION_CONTEXT() REPRESENTATION_CONTEXT('2D SPACE',''
  ) );
#1844 = PCURVE('',#1845,#1850);
#1845 = PLANE('',#1846);
#1846 = AXIS2_PLACEMENT_3D('',#1847,#1848,#1849);
#1847 = CARTESIAN_POINT('',(47.,-74.,24.0000001));
#1848 = DIRECTION('',(1.,0.,0.));
#1849 = DIRECTION('',(0.,0.,1.));
#1850 = DEFINITIONAL_REPRESENTATION('',(#1851),#1855);
#1851 = LINE('',#1852,#1853);
#1852 = CARTESIAN_POINT('',(4.,0.));
#1853 = VECTOR('',#1854,1.);
#1854 = DIRECTION('',(0.,-1.));
#1855 = ( GEOMETRIC_REPRESENTATION_CONTEXT(2) 
PARAMETRIC_REPRESENTATION_CONTEXT() REPRESENTATION_CONTEXT('2D SPACE',''
  ) );
#1856 = ORIENTED_EDGE('',*,*,#1857,.T.);
#1857 = EDGE_CURVE('',#1830,#1858,#1860,.T.);
#1858 = VERTEX_POINT('',#1859);
#1859 = CARTESIAN_POINT('',(44.,-46.,28.0000001));
#1860 = SURFACE_CURVE('',#1861,(#1866,#1873),.PCURVE_S1.);
#1861 = CIRCLE('',#1862,3.);
#1862 = AXIS2_PLACEMENT_3D('',#1863,#1864,#1865);
#1863 = CARTESIAN_POINT('',(44.,-49.,28.0000001));
#1864 = DIRECTION('',(0.,0.,1.));
#1865 = DIRECTION('',(0.,-1.,0.));
#1866 = PCURVE('',#230,#1867);
#1867 = DEFINITIONAL_REPRESENTATION('',(#1868),#1872);
#1868 = CIRCLE('',#1869,3.);
#1869 = AXIS2_PLACEMENT_2D('',#1870,#1871);
#1870 = CARTESIAN_POINT('',(21.,25.));
#1871 = DIRECTION('',(0.,-1.));
#1872 = ( GEOMETRIC_REPRESENTATION_CONTEXT(2) 
PARAMETRIC_REPRESENTATION_CONTEXT() REPRESENTATION_CONTEXT('2D SPACE',''
  ) );
#1873 = PCURVE('',#1874,#1879);
#1874 = CYLINDRICAL_SURFACE('',#1875,3.);
#1875 = AXIS2_PLACEMENT_3D('',#1876,#1877,#1878);
#1876 = CARTESIAN_POINT('',(44.,-49.,24.0000001));
#1877 = DIRECTION('',(0.,0.,1.));
#1878 = DIRECTION('',(1.,0.,-0.));
#1879 = DEFINITIONAL_REPRESENTATION('',(#1880),#1884);
#1880 = LINE('',#1881,#1882);
#1881 = CARTESIAN_POINT('',(-1.570796326795,4.));
#1882 = VECTOR('',#1883,1.);
#1883 = DIRECTION('',(1.,0.));
#1884 = ( GEOMETRIC_REPRESENTATION_CONTEXT(2) 
PARAMETRIC_REPRESENTATION_CONTEXT() REPRESENTATION_CONTEXT('2D SPACE',''
  ) );
#1885 = ORIENTED_EDGE('',*,*,#1886,.F.);
#1886 = EDGE_CURVE('',#216,#1858,#1887,.T.);
#1887 = SURFACE_CURVE('',#1888,(#1892,#1899),.PCURVE_S1.);
#1888 = LINE('',#1889,#1890);
#1889 = CARTESIAN_POINT('',(23.,-46.,28.0000001));
#1890 = VECTOR('',#1891,1.);
#1891 = DIRECTION('',(1.,0.,0.));
#1892 = PCURVE('',#230,#1893);
#1893 = DEFINITIONAL_REPRESENTATION('',(#1894),#1898);
#1894 = LINE('',#1895,#1896);
#1895 = CARTESIAN_POINT('',(0.,28.));
#1896 = VECTOR('',#1897,1.);
#1897 = DIRECTION('',(1.,0.));
#1898 = ( GEOMETRIC_REPRESENTATION_CONTEXT(2) 
PARAMETRIC_REPRESENTATION_CONTEXT() REPRESENTATION_CONTEXT('2D SPACE',''
  ) );
#1899 = PCURVE('',#1900,#1905);
#1900 = PLANE('',#1901);
#1901 = AXIS2_PLACEMENT_3D('',#1902,#1903,#1904);
#1902 = CARTESIAN_POINT('',(23.,-46.,24.0000001));
#1903 = DIRECTION('',(0.,1.,0.));
#1904 = DIRECTION('',(0.,-0.,1.));
#1905 = DEFINITIONAL_REPRESENTATION('',(#1906),#1910);
#1906 = LINE('',#1907,#1908);
#1907 = CARTESIAN_POINT('',(4.,0.));
#1908 = VECTOR('',#1909,1.);
#1909 = DIRECTION('',(0.,1.));
#1910 = ( GEOMETRIC_REPRESENTATION_CONTEXT(2) 
PARAMETRIC_REPRESENTATION_CONTEXT() REPRESENTATION_CONTEXT('2D SPACE',''
  ) );
#1911 = FACE_BOUND('',#1912,.T.);
#1912 = EDGE_LOOP('',(#1913,#1943,#1971,#1999));
#1913 = ORIENTED_EDGE('',*,*,#1914,.T.);
#1914 = EDGE_CURVE('',#1915,#1917,#1919,.T.);
#1915 = VERTEX_POINT('',#1916);
#1916 = CARTESIAN_POINT('',(43.75,-71.,28.0000001));
#1917 = VERTEX_POINT('',#1918);
#1918 = CARTESIAN_POINT('',(40.25,-71.,28.0000001));
#1919 = SURFACE_CURVE('',#1920,(#1924,#1931),.PCURVE_S1.);
#1920 = LINE('',#1921,#1922);
#1921 = CARTESIAN_POINT('',(31.625,-71.,28.0000001));
#1922 = VECTOR('',#1923,1.);
#1923 = DIRECTION('',(-1.,0.,0.));
#1924 = PCURVE('',#230,#1925);
#1925 = DEFINITIONAL_REPRESENTATION('',(#1926),#1930);
#1926 = LINE('',#1927,#1928);
#1927 = CARTESIAN_POINT('',(8.625,3.));
#1928 = VECTOR('',#1929,1.);
#1929 = DIRECTION('',(-1.,0.));
#1930 = ( GEOMETRIC_REPRESENTATION_CONTEXT(2) 
PARAMETRIC_REPRESENTATION_CONTEXT() REPRESENTATION_CONTEXT('2D SPACE',''
  ) );
#1931 = PCURVE('',#1932,#1937);
#1932 = PLANE('',#1933);
#1933 = AXIS2_PLACEMENT_3D('',#1934,#1935,#1936);
#1934 = CARTESIAN_POINT('',(40.25,-71.,22.0000001));
#1935 = DIRECTION('',(0.,1.,0.));
#1936 = DIRECTION('',(0.,-0.,1.));
#1937 = DEFINITIONAL_REPRESENTATION('',(#1938),#1942);
#1938 = LINE('',#1939,#1940);
#1939 = CARTESIAN_POINT('',(6.,-8.625));
#1940 = VECTOR('',#1941,1.);
#1941 = DIRECTION('',(0.,-1.));
#1942 = ( GEOMETRIC_REPRESENTATION_CONTEXT(2) 
PARAMETRIC_REPRESENTATION_CONTEXT() REPRESENTATION_CONTEXT('2D SPACE',''
  ) );
#1943 = ORIENTED_EDGE('',*,*,#1944,.T.);
#1944 = EDGE_CURVE('',#1917,#1945,#1947,.T.);
#1945 = VERTEX_POINT('',#1946);
#1946 = CARTESIAN_POINT('',(40.25,-49.,28.0000001));
#1947 = SURFACE_CURVE('',#1948,(#1952,#1959),.PCURVE_S1.);
#1948 = LINE('',#1949,#1950);
#1949 = CARTESIAN_POINT('',(40.25,-72.5,28.0000001));
#1950 = VECTOR('',#1951,1.);
#1951 = DIRECTION('',(0.,1.,0.));
#1952 = PCURVE('',#230,#1953);
#1953 = DEFINITIONAL_REPRESENTATION('',(#1954),#1958);
#1954 = LINE('',#1955,#1956);
#1955 = CARTESIAN_POINT('',(17.25,1.5));
#1956 = VECTOR('',#1957,1.);
#1957 = DIRECTION('',(0.,1.));
#1958 = ( GEOMETRIC_REPRESENTATION_CONTEXT(2) 
PARAMETRIC_REPRESENTATION_CONTEXT() REPRESENTATION_CONTEXT('2D SPACE',''
  ) );
#1959 = PCURVE('',#1960,#1965);
#1960 = PLANE('',#1961);
#1961 = AXIS2_PLACEMENT_3D('',#1962,#1963,#1964);
#1962 = CARTESIAN_POINT('',(40.25,-71.,22.0000001));
#1963 = DIRECTION('',(1.,0.,0.));
#1964 = DIRECTION('',(0.,0.,1.));
#1965 = DEFINITIONAL_REPRESENTATION('',(#1966),#1970);
#1966 = LINE('',#1967,#1968);
#1967 = CARTESIAN_POINT('',(6.,1.5));
#1968 = VECTOR('',#1969,1.);
#1969 = DIRECTION('',(0.,-1.));
#1970 = ( GEOMETRIC_REPRESENTATION_CONTEXT(2) 
PARAMETRIC_REPRESENTATION_CONTEXT() REPRESENTATION_CONTEXT('2D SPACE',''
  ) );
#1971 = ORIENTED_EDGE('',*,*,#1972,.F.);
#1972 = EDGE_CURVE('',#1973,#1945,#1975,.T.);
#1973 = VERTEX_POINT('',#1974);
#1974 = CARTESIAN_POINT('',(43.75,-49.,28.0000001));
#1975 = SURFACE_CURVE('',#1976,(#1980,#1987),.PCURVE_S1.);
#1976 = LINE('',#1977,#1978);
#1977 = CARTESIAN_POINT('',(31.625,-49.,28.0000001));
#1978 = VECTOR('',#1979,1.);
#1979 = DIRECTION('',(-1.,0.,0.));
#1980 = PCURVE('',#230,#1981);
#1981 = DEFINITIONAL_REPRESENTATION('',(#1982),#1986);
#1982 = LINE('',#1983,#1984);
#1983 = CARTESIAN_POINT('',(8.625,25.));
#1984 = VECTOR('',#1985,1.);
#1985 = DIRECTION('',(-1.,0.));
#1986 = ( GEOMETRIC_REPRESENTATION_CONTEXT(2) 
PARAMETRIC_REPRESENTATION_CONTEXT() REPRESENTATION_CONTEXT('2D SPACE',''
  ) );
#1987 = PCURVE('',#1988,#1993);
#1988 = PLANE('',#1989);
#1989 = AXIS2_PLACEMENT_3D('',#1990,#1991,#1992);
#1990 = CARTESIAN_POINT('',(40.25,-49.,22.0000001));
#1991 = DIRECTION('',(0.,1.,0.));
#1992 = DIRECTION('',(0.,-0.,1.));
#1993 = DEFINITIONAL_REPRESENTATION('',(#1994),#1998);
#1994 = LINE('',#1995,#1996);
#1995 = CARTESIAN_POINT('',(6.,-8.625));
#1996 = VECTOR('',#1997,1.);
#1997 = DIRECTION('',(0.,-1.));
#1998 = ( GEOMETRIC_REPRESENTATION_CONTEXT(2) 
PARAMETRIC_REPRESENTATION_CONTEXT() REPRESENTATION_CONTEXT('2D SPACE',''
  ) );
#1999 = ORIENTED_EDGE('',*,*,#2000,.F.);
#2000 = EDGE_CURVE('',#1915,#1973,#2001,.T.);
#2001 = SURFACE_CURVE('',#2002,(#2006,#2013),.PCURVE_S1.);
#2002 = LINE('',#2003,#2004);
#2003 = CARTESIAN_POINT('',(43.75,-72.5,28.0000001));
#2004 = VECTOR('',#2005,1.);
#2005 = DIRECTION('',(0.,1.,0.));
#2006 = PCURVE('',#230,#2007);
#2007 = DEFINITIONAL_REPRESENTATION('',(#2008),#2012);
#2008 = LINE('',#2009,#2010);
#2009 = CARTESIAN_POINT('',(20.75,1.5));
#2010 = VECTOR('',#2011,1.);
#2011 = DIRECTION('',(0.,1.));
#2012 = ( GEOMETRIC_REPRESENTATION_CONTEXT(2) 
PARAMETRIC_REPRESENTATION_CONTEXT() REPRESENTATION_CONTEXT('2D SPACE',''
  ) );
#2013 = PCURVE('',#2014,#2019);
#2014 = PLANE('',#2015);
#2015 = AXIS2_PLACEMENT_3D('',#2016,#2017,#2018);
#2016 = CARTESIAN_POINT('',(43.75,-71.,22.0000001));
#2017 = DIRECTION('',(1.,0.,0.));
#2018 = DIRECTION('',(0.,0.,1.));
#2019 = DEFINITIONAL_REPRESENTATION('',(#2020),#2024);
#2020 = LINE('',#2021,#2022);
#2021 = CARTESIAN_POINT('',(6.,1.5));
#2022 = VECTOR('',#2023,1.);
#2023 = DIRECTION('',(0.,-1.));
#2024 = ( GEOMETRIC_REPRESENTATION_CONTEXT(2) 
PARAMETRIC_REPRESENTATION_CONTEXT() REPRESENTATION_CONTEXT('2D SPACE',''
  ) );
#2025 = ADVANCED_FACE('',(#2026),#256,.T.);
#2026 = FACE_BOUND('',#2027,.T.);
#2027 = EDGE_LOOP('',(#2028,#2086,#2106,#2107));
#2028 = ORIENTED_EDGE('',*,*,#2029,.F.);
#2029 = EDGE_CURVE('',#2030,#2032,#2034,.T.);
#2030 = VERTEX_POINT('',#2031);
#2031 = CARTESIAN_POINT('',(29.692299558324,-25.,24.0000001));
#2032 = VERTEX_POINT('',#2033);
#2033 = CARTESIAN_POINT('',(30.902815893215,-45.99999999999,24.0000001)
  );
#2034 = SURFACE_CURVE('',#2035,(#2050,#2068),.PCURVE_S1.);
#2035 = B_SPLINE_CURVE_WITH_KNOTS('',4,(#2036,#2037,#2038,#2039,#2040,
    #2041,#2042,#2043,#2044,#2045,#2046,#2047,#2048,#2049),
  .UNSPECIFIED.,.F.,.F.,(5,3,3,3,5),(0.,0.250001079221,0.500001396267,
    0.750001069305,1.),.UNSPECIFIED.);
#2036 = CARTESIAN_POINT('',(29.692299576481,-25.,24.0000001));
#2037 = CARTESIAN_POINT('',(30.196836000107,-33.74998789905,24.0000001)
  );
#2038 = CARTESIAN_POINT('',(30.7011943235,-42.49998609153,24.0000001));
#2039 = CARTESIAN_POINT('',(31.205390265427,-51.24999366195,24.0000001)
  );
#2040 = CARTESIAN_POINT('',(32.213480790539,-68.74999943323,24.0000001)
  );
#2041 = CARTESIAN_POINT('',(32.717375401312,-77.49999763243,24.0000001)
  );
#2042 = CARTESIAN_POINT('',(33.221132619298,-86.25000375731,24.0000001)
  );
#2043 = CARTESIAN_POINT('',(34.228391047809,-103.7500081536,24.0000001)
  );
#2044 = CARTESIAN_POINT('',(34.731892278168,-112.5000064238,24.0000001)
  );
#2045 = CARTESIAN_POINT('',(35.235276224809,-121.2500114531,24.0000001)
  );
#2046 = CARTESIAN_POINT('',(36.241824398004,-138.7500081013,24.0000001)
  );
#2047 = CARTESIAN_POINT('',(36.744988639243,-147.4999997193,24.0000001)
  );
#2048 = CARTESIAN_POINT('',(37.248051962748,-156.2499971484,24.0000001)
  );
#2049 = CARTESIAN_POINT('',(37.75102108738,-164.9999999999,24.0000001));
#2050 = PCURVE('',#256,#2051);
#2051 = DEFINITIONAL_REPRESENTATION('',(#2052),#2067);
#2052 = B_SPLINE_CURVE_WITH_KNOTS('',4,(#2053,#2054,#2055,#2056,#2057,
    #2058,#2059,#2060,#2061,#2062,#2063,#2064,#2065,#2066),
  .UNSPECIFIED.,.F.,.F.,(5,3,3,3,5),(0.,0.250001079221,0.500001396267,
    0.750001069305,1.),.UNSPECIFIED.);
#2053 = CARTESIAN_POINT('',(6.139837740717,0.));
#2054 = CARTESIAN_POINT('',(6.142093012062,6.24999135647E-02));
#2055 = CARTESIAN_POINT('',(6.144253348119,0.124999900654));
#2056 = CARTESIAN_POINT('',(6.146327710206,0.187499954728));
#2057 = CARTESIAN_POINT('',(6.150318470953,0.312499995952));
#2058 = CARTESIAN_POINT('',(6.152234887193,0.374999983089));
#2059 = CARTESIAN_POINT('',(6.154079351487,0.437500026838));
#2060 = CARTESIAN_POINT('',(6.157635476712,0.56250005824));
#2061 = CARTESIAN_POINT('',(6.159347150013,0.625000045885));
#2062 = CARTESIAN_POINT('',(6.160997998031,0.687500081808));
#2063 = CARTESIAN_POINT('',(6.16418696632,0.812500057867));
#2064 = CARTESIAN_POINT('',(6.165725095557,0.874999997996));
#2065 = CARTESIAN_POINT('',(6.167211342253,0.937499979632));
#2066 = CARTESIAN_POINT('',(6.168649335968,1.));
#2067 = ( GEOMETRIC_REPRESENTATION_CONTEXT(2) 
PARAMETRIC_REPRESENTATION_CONTEXT() REPRESENTATION_CONTEXT('2D SPACE',''
  ) );
#2068 = PCURVE('',#1268,#2069);
#2069 = DEFINITIONAL_REPRESENTATION('',(#2070),#2085);
#2070 = B_SPLINE_CURVE_WITH_KNOTS('',4,(#2071,#2072,#2073,#2074,#2075,
    #2076,#2077,#2078,#2079,#2080,#2081,#2082,#2083,#2084),
  .UNSPECIFIED.,.F.,.F.,(5,3,3,3,5),(0.,0.250001079221,0.500001396267,
    0.750001069305,1.),.UNSPECIFIED.);
#2071 = CARTESIAN_POINT('',(99.692299576481,170.));
#2072 = CARTESIAN_POINT('',(100.1968360001,161.25001210095));
#2073 = CARTESIAN_POINT('',(100.7011943235,152.50001390847));
#2074 = CARTESIAN_POINT('',(101.20539026542,143.75000633805));
#2075 = CARTESIAN_POINT('',(102.21348079053,126.25000056677));
#2076 = CARTESIAN_POINT('',(102.71737540131,117.50000236757));
#2077 = CARTESIAN_POINT('',(103.22113261929,108.74999624269));
#2078 = CARTESIAN_POINT('',(104.2283910478,91.2499918464));
#2079 = CARTESIAN_POINT('',(104.73189227816,82.4999935762));
#2080 = CARTESIAN_POINT('',(105.2352762248,73.7499885469));
#2081 = CARTESIAN_POINT('',(106.241824398,56.2499918987));
#2082 = CARTESIAN_POINT('',(106.74498863924,47.5000002807));
#2083 = CARTESIAN_POINT('',(107.24805196274,38.7500028516));
#2084 = CARTESIAN_POINT('',(107.75102108738,30.0000000001));
#2085 = ( GEOMETRIC_REPRESENTATION_CONTEXT(2) 
PARAMETRIC_REPRESENTATION_CONTEXT() REPRESENTATION_CONTEXT('2D SPACE',''
  ) );
#2086 = ORIENTED_EDGE('',*,*,#2087,.T.);
#2087 = EDGE_CURVE('',#2030,#242,#2088,.T.);
#2088 = SURFACE_CURVE('',#2089,(#2094,#2100),.PCURVE_S1.);
#2089 = ELLIPSE('',#2090,30.,28.);
#2090 = AXIS2_PLACEMENT_3D('',#2091,#2092,#2093);
#2091 = CARTESIAN_POINT('',(0.,-25.,28.0000001));
#2092 = DIRECTION('',(0.,-1.,1.110223024625E-16));
#2093 = DIRECTION('',(1.,0.,0.));
#2094 = PCURVE('',#256,#2095);
#2095 = DEFINITIONAL_REPRESENTATION('',(#2096),#2099);
#2096 = B_SPLINE_CURVE_WITH_KNOTS('',1,(#2097,#2098),.UNSPECIFIED.,.F.,
  .F.,(2,2),(6.139837738274,6.28318530718),.PIECEWISE_BEZIER_KNOTS.);
#2097 = CARTESIAN_POINT('',(6.139837740619,0.));
#2098 = CARTESIAN_POINT('',(6.28318530718,0.));
#2099 = ( GEOMETRIC_REPRESENTATION_CONTEXT(2) 
PARAMETRIC_REPRESENTATION_CONTEXT() REPRESENTATION_CONTEXT('2D SPACE',''
  ) );
#2100 = PCURVE('',#311,#2101);
#2101 = DEFINITIONAL_REPRESENTATION('',(#2102),#2105);
#2102 = B_SPLINE_CURVE_WITH_KNOTS('',1,(#2103,#2104),.UNSPECIFIED.,.F.,
  .F.,(2,2),(6.139837738274,6.28318530718),.PIECEWISE_BEZIER_KNOTS.);
#2103 = CARTESIAN_POINT('',(6.139837741798,-3.));
#2104 = CARTESIAN_POINT('',(6.28318530718,-3.));
#2105 = ( GEOMETRIC_REPRESENTATION_CONTEXT(2) 
PARAMETRIC_REPRESENTATION_CONTEXT() REPRESENTATION_CONTEXT('2D SPACE',''
  ) );
#2106 = ORIENTED_EDGE('',*,*,#241,.T.);
#2107 = ORIENTED_EDGE('',*,*,#2108,.T.);
#2108 = EDGE_CURVE('',#216,#2032,#2109,.T.);
#2109 = SURFACE_CURVE('',#2110,(#2119,#2131),.PCURVE_S1.);
#2110 = B_SPLINE_CURVE_WITH_KNOTS('',4,(#2111,#2112,#2113,#2114,#2115,
    #2116,#2117,#2118),.UNSPECIFIED.,.F.,.F.,(5,3,5),(0.,0.502093092925,
    1.),.UNSPECIFIED.);
#2111 = CARTESIAN_POINT('',(31.199999999999,-46.,28.000000100001));
#2112 = CARTESIAN_POINT('',(31.2,-46.,27.496062227167));
#2113 = CARTESIAN_POINT('',(31.187481412072,-46.,26.992124188903));
#2114 = CARTESIAN_POINT('',(31.162444282322,-46.,26.488653103009));
#2115 = CARTESIAN_POINT('',(31.087742618894,-46.,25.487762302679));
#2116 = CARTESIAN_POINT('',(31.038285103392,-46.,24.990326818955));
#2117 = CARTESIAN_POINT('',(30.976611908659,-46.,24.494258512138));
#2118 = CARTESIAN_POINT('',(30.902815894308,-46.,24.0000001));
#2119 = PCURVE('',#256,#2120);
#2120 = DEFINITIONAL_REPRESENTATION('',(#2121),#2130);
#2121 = B_SPLINE_CURVE_WITH_KNOTS('',4,(#2122,#2123,#2124,#2125,#2126,
    #2127,#2128,#2129),.UNSPECIFIED.,.F.,.F.,(5,3,5),(0.,0.502093092925,
    1.),.UNSPECIFIED.);
#2122 = CARTESIAN_POINT('',(6.28318530718,0.15));
#2123 = CARTESIAN_POINT('',(6.265838048218,0.15));
#2124 = CARTESIAN_POINT('',(6.248490786683,0.15));
#2125 = CARTESIAN_POINT('',(6.231145664519,0.15));
#2126 = CARTESIAN_POINT('',(6.196608501324,0.15));
#2127 = CARTESIAN_POINT('',(6.179416384632,0.15));
#2128 = CARTESIAN_POINT('',(6.162230500065,0.15));
#2129 = CARTESIAN_POINT('',(6.145052821685,0.15));
#2130 = ( GEOMETRIC_REPRESENTATION_CONTEXT(2) 
PARAMETRIC_REPRESENTATION_CONTEXT() REPRESENTATION_CONTEXT('2D SPACE',''
  ) );
#2131 = PCURVE('',#1900,#2132);
#2132 = DEFINITIONAL_REPRESENTATION('',(#2133),#2142);
#2133 = B_SPLINE_CURVE_WITH_KNOTS('',4,(#2134,#2135,#2136,#2137,#2138,
    #2139,#2140,#2141),.UNSPECIFIED.,.F.,.F.,(5,3,5),(0.,0.502093092925,
    1.),.UNSPECIFIED.);
#2134 = CARTESIAN_POINT('',(4.000000000001,8.199999999999));
#2135 = CARTESIAN_POINT('',(3.496062127167,8.2));
#2136 = CARTESIAN_POINT('',(2.992124088903,8.187481412072));
#2137 = CARTESIAN_POINT('',(2.488653003009,8.162444282322));
#2138 = CARTESIAN_POINT('',(1.487762202679,8.087742618894));
#2139 = CARTESIAN_POINT('',(0.990326718955,8.038285103392));
#2140 = CARTESIAN_POINT('',(0.494258412138,7.976611908659));
#2141 = CARTESIAN_POINT('',(0.,7.902815894308));
#2142 = ( GEOMETRIC_REPRESENTATION_CONTEXT(2) 
PARAMETRIC_REPRESENTATION_CONTEXT() REPRESENTATION_CONTEXT('2D SPACE',''
  ) );
#2143 = ADVANCED_FACE('',(#2144),#311,.F.);
#2144 = FACE_BOUND('',#2145,.F.);
#2145 = EDGE_LOOP('',(#2146,#2175,#2196,#2197,#2224,#2225));
#2146 = ORIENTED_EDGE('',*,*,#2147,.F.);
#2147 = EDGE_CURVE('',#2148,#2148,#2150,.T.);
#2148 = VERTEX_POINT('',#2149);
#2149 = CARTESIAN_POINT('',(30.,-22.,28.));
#2150 = SURFACE_CURVE('',#2151,(#2156,#2163),.PCURVE_S1.);
#2151 = ELLIPSE('',#2152,30.,28.);
#2152 = AXIS2_PLACEMENT_3D('',#2153,#2154,#2155);
#2153 = CARTESIAN_POINT('',(0.,-22.,28.));
#2154 = DIRECTION('',(0.,-1.,1.110223024625E-16));
#2155 = DIRECTION('',(1.,0.,0.));
#2156 = PCURVE('',#311,#2157);
#2157 = DEFINITIONAL_REPRESENTATION('',(#2158),#2162);
#2158 = LINE('',#2159,#2160);
#2159 = CARTESIAN_POINT('',(0.,0.));
#2160 = VECTOR('',#2161,1.);
#2161 = DIRECTION('',(1.,0.));
#2162 = ( GEOMETRIC_REPRESENTATION_CONTEXT(2) 
PARAMETRIC_REPRESENTATION_CONTEXT() REPRESENTATION_CONTEXT('2D SPACE',''
  ) );
#2163 = PCURVE('',#2164,#2169);
#2164 = PLANE('',#2165);
#2165 = AXIS2_PLACEMENT_3D('',#2166,#2167,#2168);
#2166 = CARTESIAN_POINT('',(0.260735740851,-22.,28.));
#2167 = DIRECTION('',(0.,-1.,1.110223024625E-16));
#2168 = DIRECTION('',(1.,0.,0.));
#2169 = DEFINITIONAL_REPRESENTATION('',(#2170),#2174);
#2170 = ELLIPSE('',#2171,30.,28.);
#2171 = AXIS2_PLACEMENT_2D('',#2172,#2173);
#2172 = CARTESIAN_POINT('',(-0.260735740851,0.));
#2173 = DIRECTION('',(1.,0.));
#2174 = ( GEOMETRIC_REPRESENTATION_CONTEXT(2) 
PARAMETRIC_REPRESENTATION_CONTEXT() REPRESENTATION_CONTEXT('2D SPACE',''
  ) );
#2175 = ORIENTED_EDGE('',*,*,#2176,.T.);
#2176 = EDGE_CURVE('',#2148,#242,#2177,.T.);
#2177 = SEAM_CURVE('',#2178,(#2182,#2189),.PCURVE_S1.);
#2178 = LINE('',#2179,#2180);
#2179 = CARTESIAN_POINT('',(30.,-22.,28.));
#2180 = VECTOR('',#2181,1.);
#2181 = DIRECTION('',(0.,-1.,1.110223024625E-16));
#2182 = PCURVE('',#311,#2183);
#2183 = DEFINITIONAL_REPRESENTATION('',(#2184),#2188);
#2184 = LINE('',#2185,#2186);
#2185 = CARTESIAN_POINT('',(6.28318530718,0.));
#2186 = VECTOR('',#2187,1.);
#2187 = DIRECTION('',(0.,-1.));
#2188 = ( GEOMETRIC_REPRESENTATION_CONTEXT(2) 
PARAMETRIC_REPRESENTATION_CONTEXT() REPRESENTATION_CONTEXT('2D SPACE',''
  ) );
#2189 = PCURVE('',#311,#2190);
#2190 = DEFINITIONAL_REPRESENTATION('',(#2191),#2195);
#2191 = LINE('',#2192,#2193);
#2192 = CARTESIAN_POINT('',(0.,0.));
#2193 = VECTOR('',#2194,1.);
#2194 = DIRECTION('',(0.,-1.));
#2195 = ( GEOMETRIC_REPRESENTATION_CONTEXT(2) 
PARAMETRIC_REPRESENTATION_CONTEXT() REPRESENTATION_CONTEXT('2D SPACE',''
  ) );
#2196 = ORIENTED_EDGE('',*,*,#294,.T.);
#2197 = ORIENTED_EDGE('',*,*,#2198,.T.);
#2198 = EDGE_CURVE('',#295,#2030,#2199,.T.);
#2199 = SURFACE_CURVE('',#2200,(#2205,#2212),.PCURVE_S1.);
#2200 = ELLIPSE('',#2201,30.,28.);
#2201 = AXIS2_PLACEMENT_3D('',#2202,#2203,#2204);
#2202 = CARTESIAN_POINT('',(0.,-25.,28.));
#2203 = DIRECTION('',(0.,-1.,1.110223024625E-16));
#2204 = DIRECTION('',(1.,0.,0.));
#2205 = PCURVE('',#311,#2206);
#2206 = DEFINITIONAL_REPRESENTATION('',(#2207),#2211);
#2207 = LINE('',#2208,#2209);
#2208 = CARTESIAN_POINT('',(0.,-3.));
#2209 = VECTOR('',#2210,1.);
#2210 = DIRECTION('',(1.,0.));
#2211 = ( GEOMETRIC_REPRESENTATION_CONTEXT(2) 
PARAMETRIC_REPRESENTATION_CONTEXT() REPRESENTATION_CONTEXT('2D SPACE',''
  ) );
#2212 = PCURVE('',#2213,#2218);
#2213 = PLANE('',#2214);
#2214 = AXIS2_PLACEMENT_3D('',#2215,#2216,#2217);
#2215 = CARTESIAN_POINT('',(0.260735740851,-25.,28.));
#2216 = DIRECTION('',(0.,-1.,1.110223024625E-16));
#2217 = DIRECTION('',(1.,0.,0.));
#2218 = DEFINITIONAL_REPRESENTATION('',(#2219),#2223);
#2219 = ELLIPSE('',#2220,30.,28.);
#2220 = AXIS2_PLACEMENT_2D('',#2221,#2222);
#2221 = CARTESIAN_POINT('',(-0.260735740851,0.));
#2222 = DIRECTION('',(1.,0.));
#2223 = ( GEOMETRIC_REPRESENTATION_CONTEXT(2) 
PARAMETRIC_REPRESENTATION_CONTEXT() REPRESENTATION_CONTEXT('2D SPACE',''
  ) );
#2224 = ORIENTED_EDGE('',*,*,#2087,.T.);
#2225 = ORIENTED_EDGE('',*,*,#2176,.F.);
#2226 = ADVANCED_FACE('',(#2227,#2864,#2978),#363,.F.);
#2227 = FACE_BOUND('',#2228,.F.);
#2228 = EDGE_LOOP('',(#2229,#2285,#2372,#2428,#2515,#2571,#2592,#2593,
    #2616,#2649,#2677,#2706,#2727,#2728,#2751,#2784,#2812,#2841,#2862,
    #2863));
#2229 = ORIENTED_EDGE('',*,*,#2230,.F.);
#2230 = EDGE_CURVE('',#2231,#1154,#2233,.T.);
#2231 = VERTEX_POINT('',#2232);
#2232 = CARTESIAN_POINT('',(-34.09229417782,-153.9999999999,24.0000001)
  );
#2233 = SURFACE_CURVE('',#2234,(#2249,#2267),.PCURVE_S1.);
#2234 = B_SPLINE_CURVE_WITH_KNOTS('',4,(#2235,#2236,#2237,#2238,#2239,
    #2240,#2241,#2242,#2243,#2244,#2245,#2246,#2247,#2248),
  .UNSPECIFIED.,.F.,.F.,(5,3,3,3,5),(0.,0.250001545686,0.500001994801,
    0.750001538298,1.),.UNSPECIFIED.);
#2235 = CARTESIAN_POINT('',(-26.65215938053,-25.,24.0000001));
#2236 = CARTESIAN_POINT('',(-27.15797078298,-33.74998320128,24.0000001)
  );
#2237 = CARTESIAN_POINT('',(-27.66352293614,-42.49998143162,24.0000001)
  );
#2238 = CARTESIAN_POINT('',(-28.16884187233,-51.24999316743,24.0000001)
  );
#2239 = CARTESIAN_POINT('',(-29.17905108702,-68.75000293672,24.0000001)
  );
#2240 = CARTESIAN_POINT('',(-29.68394142283,-77.50000096672,24.0000001)
  );
#2241 = CARTESIAN_POINT('',(-30.18863863857,-86.25001016237,24.0000001)
  );
#2242 = CARTESIAN_POINT('',(-31.19767631669,-103.7500173656,24.0000001)
  );
#2243 = CARTESIAN_POINT('',(-31.70201681845,-112.5000153708,24.0000001)
  );
#2244 = CARTESIAN_POINT('',(-32.20619558474,-121.2500227148,24.0000001)
  );
#2245 = CARTESIAN_POINT('',(-33.21425233878,-138.7500167722,24.0000001)
  );
#2246 = CARTESIAN_POINT('',(-33.71813035462,-147.5000034839,24.0000001)
  );
#2247 = CARTESIAN_POINT('',(-34.22187155689,-156.2499980866,24.0000001)
  );
#2248 = CARTESIAN_POINT('',(-34.72548595056,-165.,24.0000001));
#2249 = PCURVE('',#363,#2250);
#2250 = DEFINITIONAL_REPRESENTATION('',(#2251),#2266);
#2251 = B_SPLINE_CURVE_WITH_KNOTS('',4,(#2252,#2253,#2254,#2255,#2256,
    #2257,#2258,#2259,#2260,#2261,#2262,#2263,#2264,#2265),
  .UNSPECIFIED.,.F.,.F.,(5,3,3,3,5),(0.,0.250001545686,0.500001994801,
    0.750001538298,1.),.UNSPECIFIED.);
#2252 = CARTESIAN_POINT('',(43.34784061947,170.));
#2253 = CARTESIAN_POINT('',(42.84202921702,161.25001679872));
#2254 = CARTESIAN_POINT('',(42.33647706386,152.50001856838));
#2255 = CARTESIAN_POINT('',(41.83115812767,143.75000683257));
#2256 = CARTESIAN_POINT('',(40.82094891298,126.24999706328));
#2257 = CARTESIAN_POINT('',(40.31605857717,117.49999903328));
#2258 = CARTESIAN_POINT('',(39.81136136143,108.74998983763));
#2259 = CARTESIAN_POINT('',(38.80232368331,91.2499826344));
#2260 = CARTESIAN_POINT('',(38.29798318155,82.4999846292));
#2261 = CARTESIAN_POINT('',(37.79380441526,73.7499772852));
#2262 = CARTESIAN_POINT('',(36.78574766122,56.2499832278));
#2263 = CARTESIAN_POINT('',(36.28186964538,47.4999965161));
#2264 = CARTESIAN_POINT('',(35.77812844311,38.7500019134));
#2265 = CARTESIAN_POINT('',(35.27451404944,30.));
#2266 = ( GEOMETRIC_REPRESENTATION_CONTEXT(2) 
PARAMETRIC_REPRESENTATION_CONTEXT() REPRESENTATION_CONTEXT('2D SPACE',''
  ) );
#2267 = PCURVE('',#1193,#2268);
#2268 = DEFINITIONAL_REPRESENTATION('',(#2269),#2284);
#2269 = B_SPLINE_CURVE_WITH_KNOTS('',4,(#2270,#2271,#2272,#2273,#2274,
    #2275,#2276,#2277,#2278,#2279,#2280,#2281,#2282,#2283),
  .UNSPECIFIED.,.F.,.F.,(5,3,3,3,5),(0.,0.250001545686,0.500001994801,
    0.750001538298,1.),.UNSPECIFIED.);
#2270 = CARTESIAN_POINT('',(3.302283307515,0.));
#2271 = CARTESIAN_POINT('',(3.299446769802,6.249988000914E-02));
#2272 = CARTESIAN_POINT('',(3.296744317037,0.124999867369));
#2273 = CARTESIAN_POINT('',(3.294161746705,0.187499951196));
#2274 = CARTESIAN_POINT('',(3.289214868547,0.312500020977));
#2275 = CARTESIAN_POINT('',(3.286850526771,0.375000006905));
#2276 = CARTESIAN_POINT('',(3.284584490464,0.437500072588));
#2277 = CARTESIAN_POINT('',(3.280232393156,0.56250012404));
#2278 = CARTESIAN_POINT('',(3.278146309217,0.625000109792));
#2279 = CARTESIAN_POINT('',(3.27614184544,0.687500162249));
#2280 = CARTESIAN_POINT('',(3.272283087621,0.812500119802));
#2281 = CARTESIAN_POINT('',(3.2704287775,0.875000024886));
#2282 = CARTESIAN_POINT('',(3.268642980273,0.937499986333));
#2283 = CARTESIAN_POINT('',(3.266920485544,1.));
#2284 = ( GEOMETRIC_REPRESENTATION_CONTEXT(2) 
PARAMETRIC_REPRESENTATION_CONTEXT() REPRESENTATION_CONTEXT('2D SPACE',''
  ) );
#2285 = ORIENTED_EDGE('',*,*,#2286,.F.);
#2286 = EDGE_CURVE('',#2287,#2231,#2289,.T.);
#2287 = VERTEX_POINT('',#2288);
#2288 = CARTESIAN_POINT('',(-32.47979795958,-126.,24.0000001));
#2289 = SURFACE_CURVE('',#2290,(#2305,#2323),.PCURVE_S1.);
#2290 = B_SPLINE_CURVE_WITH_KNOTS('',4,(#2291,#2292,#2293,#2294,#2295,
    #2296,#2297,#2298,#2299,#2300,#2301,#2302,#2303,#2304),
  .UNSPECIFIED.,.F.,.F.,(5,3,3,3,5),(0.,0.250001545686,0.500001994801,
    0.750001538298,1.),.UNSPECIFIED.);
#2291 = CARTESIAN_POINT('',(-26.65215938053,-25.,24.0000001));
#2292 = CARTESIAN_POINT('',(-27.15797078298,-33.74998320128,24.0000001)
  );
#2293 = CARTESIAN_POINT('',(-27.66352293614,-42.49998143162,24.0000001)
  );
#2294 = CARTESIAN_POINT('',(-28.16884187233,-51.24999316743,24.0000001)
  );
#2295 = CARTESIAN_POINT('',(-29.17905108702,-68.75000293672,24.0000001)
  );
#2296 = CARTESIAN_POINT('',(-29.68394142283,-77.50000096672,24.0000001)
  );
#2297 = CARTESIAN_POINT('',(-30.18863863857,-86.25001016237,24.0000001)
  );
#2298 = CARTESIAN_POINT('',(-31.19767631669,-103.7500173656,24.0000001)
  );
#2299 = CARTESIAN_POINT('',(-31.70201681845,-112.5000153708,24.0000001)
  );
#2300 = CARTESIAN_POINT('',(-32.20619558474,-121.2500227148,24.0000001)
  );
#2301 = CARTESIAN_POINT('',(-33.21425233878,-138.7500167722,24.0000001)
  );
#2302 = CARTESIAN_POINT('',(-33.71813035462,-147.5000034839,24.0000001)
  );
#2303 = CARTESIAN_POINT('',(-34.22187155689,-156.2499980866,24.0000001)
  );
#2304 = CARTESIAN_POINT('',(-34.72548595056,-165.,24.0000001));
#2305 = PCURVE('',#363,#2306);
#2306 = DEFINITIONAL_REPRESENTATION('',(#2307),#2322);
#2307 = B_SPLINE_CURVE_WITH_KNOTS('',4,(#2308,#2309,#2310,#2311,#2312,
    #2313,#2314,#2315,#2316,#2317,#2318,#2319,#2320,#2321),
  .UNSPECIFIED.,.F.,.F.,(5,3,3,3,5),(0.,0.250001545686,0.500001994801,
    0.750001538298,1.),.UNSPECIFIED.);
#2308 = CARTESIAN_POINT('',(43.34784061947,170.));
#2309 = CARTESIAN_POINT('',(42.84202921702,161.25001679872));
#2310 = CARTESIAN_POINT('',(42.33647706386,152.50001856838));
#2311 = CARTESIAN_POINT('',(41.83115812767,143.75000683257));
#2312 = CARTESIAN_POINT('',(40.82094891298,126.24999706328));
#2313 = CARTESIAN_POINT('',(40.31605857717,117.49999903328));
#2314 = CARTESIAN_POINT('',(39.81136136143,108.74998983763));
#2315 = CARTESIAN_POINT('',(38.80232368331,91.2499826344));
#2316 = CARTESIAN_POINT('',(38.29798318155,82.4999846292));
#2317 = CARTESIAN_POINT('',(37.79380441526,73.7499772852));
#2318 = CARTESIAN_POINT('',(36.78574766122,56.2499832278));
#2319 = CARTESIAN_POINT('',(36.28186964538,47.4999965161));
#2320 = CARTESIAN_POINT('',(35.77812844311,38.7500019134));
#2321 = CARTESIAN_POINT('',(35.27451404944,30.));
#2322 = ( GEOMETRIC_REPRESENTATION_CONTEXT(2) 
PARAMETRIC_REPRESENTATION_CONTEXT() REPRESENTATION_CONTEXT('2D SPACE',''
  ) );
#2323 = PCURVE('',#2324,#2355);
#2324 = B_SPLINE_SURFACE_WITH_KNOTS('',14,1,(
    (#2325,#2326)
    ,(#2327,#2328)
    ,(#2329,#2330)
    ,(#2331,#2332)
    ,(#2333,#2334)
    ,(#2335,#2336)
    ,(#2337,#2338)
    ,(#2339,#2340)
    ,(#2341,#2342)
    ,(#2343,#2344)
    ,(#2345,#2346)
    ,(#2347,#2348)
    ,(#2349,#2350)
    ,(#2351,#2352)
    ,(#2353,#2354
    )),.UNSPECIFIED.,.T.,.F.,.F.,(1,14,14,1),(2,2),(-6.28318530718,0.,
    6.28318530718,12.56637061436),(0.,1.),.UNSPECIFIED.);
#2325 = CARTESIAN_POINT('',(27.,-25.,28.0000001));
#2326 = CARTESIAN_POINT('',(35.,-165.,28.0000001));
#2327 = CARTESIAN_POINT('',(27.000000000005,-25.,39.219973862829));
#2328 = CARTESIAN_POINT('',(35.000000000002,-165.,42.361566516421));
#2329 = CARTESIAN_POINT('',(21.143312247597,-25.,50.439951767187));
#2330 = CARTESIAN_POINT('',(27.407997358017,-164.9999999999,
    56.723138233996));
#2331 = CARTESIAN_POINT('',(9.42992925566,-25.,58.820483764334));
#2332 = CARTESIAN_POINT('',(12.223982368388,-165.,67.450219190356));
#2333 = CARTESIAN_POINT('',(-6.38848659797,-25.,61.52243999564));
#2334 = CARTESIAN_POINT('',(-8.281371515756,-164.9999999999,
    70.908723166406));
#2335 = CARTESIAN_POINT('',(-22.80894283085,-25.,56.724421625271));
#2336 = CARTESIAN_POINT('',(-29.56714811429,-164.9999999999,
    64.767259652362));
#2337 = CARTESIAN_POINT('',(-35.34412594482,-25.,44.647131231589));
#2338 = CARTESIAN_POINT('',(-45.8164595578,-165.0000000002,
    49.308327948421));
#2339 = CARTESIAN_POINT('',(-40.06337225526,-25.,28.000000100349));
#2340 = CARTESIAN_POINT('',(-51.93400107198,-164.9999999996,
    28.000000100453));
#2341 = CARTESIAN_POINT('',(-35.34412594483,-25.,11.35286896778));
#2342 = CARTESIAN_POINT('',(-45.81645955778,-165.0000000003,
    6.69167225075));
#2343 = CARTESIAN_POINT('',(-22.80894283084,-25.,-0.72442142478));
#2344 = CARTESIAN_POINT('',(-29.56714811431,-164.9999999997,
    -8.76725945172));
#2345 = CARTESIAN_POINT('',(-6.388486597976,-25.,-5.52243979594));
#2346 = CARTESIAN_POINT('',(-8.281371515736,-165.0000000001,
    -14.9087229668));
#2347 = CARTESIAN_POINT('',(9.429929255664,-25.,-2.82048356418));
#2348 = CARTESIAN_POINT('',(12.223982368375,-164.9999999999,
    -11.45021899015));
#2349 = CARTESIAN_POINT('',(21.143312247596,-25.,5.56004843276));
#2350 = CARTESIAN_POINT('',(27.407997358023,-165.,-0.72313803407));
#2351 = CARTESIAN_POINT('',(27.000000000005,-25.,16.780026337184));
#2352 = CARTESIAN_POINT('',(35.,-164.9999999999,13.6384336836));
#2353 = CARTESIAN_POINT('',(27.,-25.,28.0000001));
#2354 = CARTESIAN_POINT('',(35.,-165.,28.0000001));
#2355 = DEFINITIONAL_REPRESENTATION('',(#2356),#2371);
#2356 = B_SPLINE_CURVE_WITH_KNOTS('',4,(#2357,#2358,#2359,#2360,#2361,
    #2362,#2363,#2364,#2365,#2366,#2367,#2368,#2369,#2370),
  .UNSPECIFIED.,.F.,.F.,(5,3,3,3,5),(0.,0.250001545686,0.500001994801,
    0.750001538298,1.),.UNSPECIFIED.);
#2357 = CARTESIAN_POINT('',(3.302283307516,0.));
#2358 = CARTESIAN_POINT('',(3.299446769803,6.249988000914E-02));
#2359 = CARTESIAN_POINT('',(3.296744317038,0.124999867369));
#2360 = CARTESIAN_POINT('',(3.294161746705,0.187499951196));
#2361 = CARTESIAN_POINT('',(3.289214868547,0.312500020977));
#2362 = CARTESIAN_POINT('',(3.286850526771,0.375000006905));
#2363 = CARTESIAN_POINT('',(3.284584490464,0.437500072588));
#2364 = CARTESIAN_POINT('',(3.280232393156,0.56250012404));
#2365 = CARTESIAN_POINT('',(3.278146309218,0.625000109792));
#2366 = CARTESIAN_POINT('',(3.27614184544,0.687500162249));
#2367 = CARTESIAN_POINT('',(3.272283087622,0.812500119802));
#2368 = CARTESIAN_POINT('',(3.270428777501,0.875000024886));
#2369 = CARTESIAN_POINT('',(3.268642980273,0.937499986333));
#2370 = CARTESIAN_POINT('',(3.266920485544,1.));
#2371 = ( GEOMETRIC_REPRESENTATION_CONTEXT(2) 
PARAMETRIC_REPRESENTATION_CONTEXT() REPRESENTATION_CONTEXT('2D SPACE',''
  ) );
#2372 = ORIENTED_EDGE('',*,*,#2373,.F.);
#2373 = EDGE_CURVE('',#2374,#2287,#2376,.T.);
#2374 = VERTEX_POINT('',#2375);
#2375 = CARTESIAN_POINT('',(-29.48191322787,-74.,24.0000001));
#2376 = SURFACE_CURVE('',#2377,(#2392,#2410),.PCURVE_S1.);
#2377 = B_SPLINE_CURVE_WITH_KNOTS('',4,(#2378,#2379,#2380,#2381,#2382,
    #2383,#2384,#2385,#2386,#2387,#2388,#2389,#2390,#2391),
  .UNSPECIFIED.,.F.,.F.,(5,3,3,3,5),(0.,0.250001545686,0.500001994801,
    0.750001538298,1.),.UNSPECIFIED.);
#2378 = CARTESIAN_POINT('',(-26.65215938053,-25.,24.0000001));
#2379 = CARTESIAN_POINT('',(-27.15797078298,-33.74998320128,24.0000001)
  );
#2380 = CARTESIAN_POINT('',(-27.66352293614,-42.49998143162,24.0000001)
  );
#2381 = CARTESIAN_POINT('',(-28.16884187233,-51.24999316743,24.0000001)
  );
#2382 = CARTESIAN_POINT('',(-29.17905108702,-68.75000293672,24.0000001)
  );
#2383 = CARTESIAN_POINT('',(-29.68394142283,-77.50000096672,24.0000001)
  );
#2384 = CARTESIAN_POINT('',(-30.18863863857,-86.25001016237,24.0000001)
  );
#2385 = CARTESIAN_POINT('',(-31.19767631669,-103.7500173656,24.0000001)
  );
#2386 = CARTESIAN_POINT('',(-31.70201681845,-112.5000153708,24.0000001)
  );
#2387 = CARTESIAN_POINT('',(-32.20619558474,-121.2500227148,24.0000001)
  );
#2388 = CARTESIAN_POINT('',(-33.21425233878,-138.7500167722,24.0000001)
  );
#2389 = CARTESIAN_POINT('',(-33.71813035462,-147.5000034839,24.0000001)
  );
#2390 = CARTESIAN_POINT('',(-34.22187155689,-156.2499980866,24.0000001)
  );
#2391 = CARTESIAN_POINT('',(-34.72548595056,-165.,24.0000001));
#2392 = PCURVE('',#363,#2393);
#2393 = DEFINITIONAL_REPRESENTATION('',(#2394),#2409);
#2394 = B_SPLINE_CURVE_WITH_KNOTS('',4,(#2395,#2396,#2397,#2398,#2399,
    #2400,#2401,#2402,#2403,#2404,#2405,#2406,#2407,#2408),
  .UNSPECIFIED.,.F.,.F.,(5,3,3,3,5),(0.,0.250001545686,0.500001994801,
    0.750001538298,1.),.UNSPECIFIED.);
#2395 = CARTESIAN_POINT('',(43.34784061947,170.));
#2396 = CARTESIAN_POINT('',(42.84202921702,161.25001679872));
#2397 = CARTESIAN_POINT('',(42.33647706386,152.50001856838));
#2398 = CARTESIAN_POINT('',(41.83115812767,143.75000683257));
#2399 = CARTESIAN_POINT('',(40.82094891298,126.24999706328));
#2400 = CARTESIAN_POINT('',(40.31605857717,117.49999903328));
#2401 = CARTESIAN_POINT('',(39.81136136143,108.74998983763));
#2402 = CARTESIAN_POINT('',(38.80232368331,91.2499826344));
#2403 = CARTESIAN_POINT('',(38.29798318155,82.4999846292));
#2404 = CARTESIAN_POINT('',(37.79380441526,73.7499772852));
#2405 = CARTESIAN_POINT('',(36.78574766122,56.2499832278));
#2406 = CARTESIAN_POINT('',(36.28186964538,47.4999965161));
#2407 = CARTESIAN_POINT('',(35.77812844311,38.7500019134));
#2408 = CARTESIAN_POINT('',(35.27451404944,30.));
#2409 = ( GEOMETRIC_REPRESENTATION_CONTEXT(2) 
PARAMETRIC_REPRESENTATION_CONTEXT() REPRESENTATION_CONTEXT('2D SPACE',''
  ) );
#2410 = PCURVE('',#1193,#2411);
#2411 = DEFINITIONAL_REPRESENTATION('',(#2412),#2427);
#2412 = B_SPLINE_CURVE_WITH_KNOTS('',4,(#2413,#2414,#2415,#2416,#2417,
    #2418,#2419,#2420,#2421,#2422,#2423,#2424,#2425,#2426),
  .UNSPECIFIED.,.F.,.F.,(5,3,3,3,5),(0.,0.250001545686,0.500001994801,
    0.750001538298,1.),.UNSPECIFIED.);
#2413 = CARTESIAN_POINT('',(3.302283307515,0.));
#2414 = CARTESIAN_POINT('',(3.299446769802,6.249988000914E-02));
#2415 = CARTESIAN_POINT('',(3.296744317037,0.124999867369));
#2416 = CARTESIAN_POINT('',(3.294161746705,0.187499951196));
#2417 = CARTESIAN_POINT('',(3.289214868547,0.312500020977));
#2418 = CARTESIAN_POINT('',(3.286850526771,0.375000006905));
#2419 = CARTESIAN_POINT('',(3.284584490464,0.437500072588));
#2420 = CARTESIAN_POINT('',(3.280232393156,0.56250012404));
#2421 = CARTESIAN_POINT('',(3.278146309217,0.625000109792));
#2422 = CARTESIAN_POINT('',(3.27614184544,0.687500162249));
#2423 = CARTESIAN_POINT('',(3.272283087621,0.812500119802));
#2424 = CARTESIAN_POINT('',(3.2704287775,0.875000024886));
#2425 = CARTESIAN_POINT('',(3.268642980273,0.937499986333));
#2426 = CARTESIAN_POINT('',(3.266920485544,1.));
#2427 = ( GEOMETRIC_REPRESENTATION_CONTEXT(2) 
PARAMETRIC_REPRESENTATION_CONTEXT() REPRESENTATION_CONTEXT('2D SPACE',''
  ) );
#2428 = ORIENTED_EDGE('',*,*,#2429,.F.);
#2429 = EDGE_CURVE('',#2430,#2374,#2432,.T.);
#2430 = VERTEX_POINT('',#2431);
#2431 = CARTESIAN_POINT('',(-27.86556900454,-46.,24.0000001));
#2432 = SURFACE_CURVE('',#2433,(#2448,#2466),.PCURVE_S1.);
#2433 = B_SPLINE_CURVE_WITH_KNOTS('',4,(#2434,#2435,#2436,#2437,#2438,
    #2439,#2440,#2441,#2442,#2443,#2444,#2445,#2446,#2447),
  .UNSPECIFIED.,.F.,.F.,(5,3,3,3,5),(0.,0.250001545686,0.500001994801,
    0.750001538298,1.),.UNSPECIFIED.);
#2434 = CARTESIAN_POINT('',(-26.65215938053,-25.,24.0000001));
#2435 = CARTESIAN_POINT('',(-27.15797078298,-33.74998320128,24.0000001)
  );
#2436 = CARTESIAN_POINT('',(-27.66352293614,-42.49998143162,24.0000001)
  );
#2437 = CARTESIAN_POINT('',(-28.16884187233,-51.24999316743,24.0000001)
  );
#2438 = CARTESIAN_POINT('',(-29.17905108702,-68.75000293672,24.0000001)
  );
#2439 = CARTESIAN_POINT('',(-29.68394142283,-77.50000096672,24.0000001)
  );
#2440 = CARTESIAN_POINT('',(-30.18863863857,-86.25001016237,24.0000001)
  );
#2441 = CARTESIAN_POINT('',(-31.19767631669,-103.7500173656,24.0000001)
  );
#2442 = CARTESIAN_POINT('',(-31.70201681845,-112.5000153708,24.0000001)
  );
#2443 = CARTESIAN_POINT('',(-32.20619558474,-121.2500227148,24.0000001)
  );
#2444 = CARTESIAN_POINT('',(-33.21425233878,-138.7500167722,24.0000001)
  );
#2445 = CARTESIAN_POINT('',(-33.71813035462,-147.5000034839,24.0000001)
  );
#2446 = CARTESIAN_POINT('',(-34.22187155689,-156.2499980866,24.0000001)
  );
#2447 = CARTESIAN_POINT('',(-34.72548595056,-165.,24.0000001));
#2448 = PCURVE('',#363,#2449);
#2449 = DEFINITIONAL_REPRESENTATION('',(#2450),#2465);
#2450 = B_SPLINE_CURVE_WITH_KNOTS('',4,(#2451,#2452,#2453,#2454,#2455,
    #2456,#2457,#2458,#2459,#2460,#2461,#2462,#2463,#2464),
  .UNSPECIFIED.,.F.,.F.,(5,3,3,3,5),(0.,0.250001545686,0.500001994801,
    0.750001538298,1.),.UNSPECIFIED.);
#2451 = CARTESIAN_POINT('',(43.34784061947,170.));
#2452 = CARTESIAN_POINT('',(42.84202921702,161.25001679872));
#2453 = CARTESIAN_POINT('',(42.33647706386,152.50001856838));
#2454 = CARTESIAN_POINT('',(41.83115812767,143.75000683257));
#2455 = CARTESIAN_POINT('',(40.82094891298,126.24999706328));
#2456 = CARTESIAN_POINT('',(40.31605857717,117.49999903328));
#2457 = CARTESIAN_POINT('',(39.81136136143,108.74998983763));
#2458 = CARTESIAN_POINT('',(38.80232368331,91.2499826344));
#2459 = CARTESIAN_POINT('',(38.29798318155,82.4999846292));
#2460 = CARTESIAN_POINT('',(37.79380441526,73.7499772852));
#2461 = CARTESIAN_POINT('',(36.78574766122,56.2499832278));
#2462 = CARTESIAN_POINT('',(36.28186964538,47.4999965161));
#2463 = CARTESIAN_POINT('',(35.77812844311,38.7500019134));
#2464 = CARTESIAN_POINT('',(35.27451404944,30.));
#2465 = ( GEOMETRIC_REPRESENTATION_CONTEXT(2) 
PARAMETRIC_REPRESENTATION_CONTEXT() REPRESENTATION_CONTEXT('2D SPACE',''
  ) );
#2466 = PCURVE('',#2467,#2498);
#2467 = B_SPLINE_SURFACE_WITH_KNOTS('',14,1,(
    (#2468,#2469)
    ,(#2470,#2471)
    ,(#2472,#2473)
    ,(#2474,#2475)
    ,(#2476,#2477)
    ,(#2478,#2479)
    ,(#2480,#2481)
    ,(#2482,#2483)
    ,(#2484,#2485)
    ,(#2486,#2487)
    ,(#2488,#2489)
    ,(#2490,#2491)
    ,(#2492,#2493)
    ,(#2494,#2495)
    ,(#2496,#2497
    )),.UNSPECIFIED.,.T.,.F.,.F.,(1,14,14,1),(2,2),(-6.28318530718,0.,
    6.28318530718,12.56637061436),(0.,1.),.UNSPECIFIED.);
#2468 = CARTESIAN_POINT('',(27.,-25.,28.0000001));
#2469 = CARTESIAN_POINT('',(35.,-165.,28.0000001));
#2470 = CARTESIAN_POINT('',(27.000000000005,-25.,39.219973862829));
#2471 = CARTESIAN_POINT('',(35.000000000002,-165.,42.361566516421));
#2472 = CARTESIAN_POINT('',(21.143312247597,-25.,50.439951767187));
#2473 = CARTESIAN_POINT('',(27.407997358017,-164.9999999999,
    56.723138233996));
#2474 = CARTESIAN_POINT('',(9.42992925566,-25.,58.820483764334));
#2475 = CARTESIAN_POINT('',(12.223982368388,-165.,67.450219190356));
#2476 = CARTESIAN_POINT('',(-6.38848659797,-25.,61.52243999564));
#2477 = CARTESIAN_POINT('',(-8.281371515756,-164.9999999999,
    70.908723166406));
#2478 = CARTESIAN_POINT('',(-22.80894283085,-25.,56.724421625271));
#2479 = CARTESIAN_POINT('',(-29.56714811429,-164.9999999999,
    64.767259652362));
#2480 = CARTESIAN_POINT('',(-35.34412594482,-25.,44.647131231589));
#2481 = CARTESIAN_POINT('',(-45.8164595578,-165.0000000002,
    49.308327948421));
#2482 = CARTESIAN_POINT('',(-40.06337225526,-25.,28.000000100349));
#2483 = CARTESIAN_POINT('',(-51.93400107198,-164.9999999996,
    28.000000100453));
#2484 = CARTESIAN_POINT('',(-35.34412594483,-25.,11.35286896778));
#2485 = CARTESIAN_POINT('',(-45.81645955778,-165.0000000003,
    6.69167225075));
#2486 = CARTESIAN_POINT('',(-22.80894283084,-25.,-0.72442142478));
#2487 = CARTESIAN_POINT('',(-29.56714811431,-164.9999999997,
    -8.76725945172));
#2488 = CARTESIAN_POINT('',(-6.388486597976,-25.,-5.52243979594));
#2489 = CARTESIAN_POINT('',(-8.281371515736,-165.0000000001,
    -14.9087229668));
#2490 = CARTESIAN_POINT('',(9.429929255664,-25.,-2.82048356418));
#2491 = CARTESIAN_POINT('',(12.223982368375,-164.9999999999,
    -11.45021899015));
#2492 = CARTESIAN_POINT('',(21.143312247596,-25.,5.56004843276));
#2493 = CARTESIAN_POINT('',(27.407997358023,-165.,-0.72313803407));
#2494 = CARTESIAN_POINT('',(27.000000000005,-25.,16.780026337184));
#2495 = CARTESIAN_POINT('',(35.,-164.9999999999,13.6384336836));
#2496 = CARTESIAN_POINT('',(27.,-25.,28.0000001));
#2497 = CARTESIAN_POINT('',(35.,-165.,28.0000001));
#2498 = DEFINITIONAL_REPRESENTATION('',(#2499),#2514);
#2499 = B_SPLINE_CURVE_WITH_KNOTS('',4,(#2500,#2501,#2502,#2503,#2504,
    #2505,#2506,#2507,#2508,#2509,#2510,#2511,#2512,#2513),
  .UNSPECIFIED.,.F.,.F.,(5,3,3,3,5),(0.,0.250001545686,0.500001994801,
    0.750001538298,1.),.UNSPECIFIED.);
#2500 = CARTESIAN_POINT('',(3.302283307516,0.));
#2501 = CARTESIAN_POINT('',(3.299446769803,6.249988000914E-02));
#2502 = CARTESIAN_POINT('',(3.296744317038,0.124999867369));
#2503 = CARTESIAN_POINT('',(3.294161746705,0.187499951196));
#2504 = CARTESIAN_POINT('',(3.289214868547,0.312500020977));
#2505 = CARTESIAN_POINT('',(3.286850526771,0.375000006905));
#2506 = CARTESIAN_POINT('',(3.284584490464,0.437500072588));
#2507 = CARTESIAN_POINT('',(3.280232393156,0.56250012404));
#2508 = CARTESIAN_POINT('',(3.278146309218,0.625000109792));
#2509 = CARTESIAN_POINT('',(3.27614184544,0.687500162249));
#2510 = CARTESIAN_POINT('',(3.272283087622,0.812500119802));
#2511 = CARTESIAN_POINT('',(3.270428777501,0.875000024886));
#2512 = CARTESIAN_POINT('',(3.268642980273,0.937499986333));
#2513 = CARTESIAN_POINT('',(3.266920485544,1.));
#2514 = ( GEOMETRIC_REPRESENTATION_CONTEXT(2) 
PARAMETRIC_REPRESENTATION_CONTEXT() REPRESENTATION_CONTEXT('2D SPACE',''
  ) );
#2515 = ORIENTED_EDGE('',*,*,#2516,.F.);
#2516 = EDGE_CURVE('',#2517,#2430,#2519,.T.);
#2517 = VERTEX_POINT('',#2518);
#2518 = CARTESIAN_POINT('',(-26.65215938718,-25.,24.0000001));
#2519 = SURFACE_CURVE('',#2520,(#2535,#2553),.PCURVE_S1.);
#2520 = B_SPLINE_CURVE_WITH_KNOTS('',4,(#2521,#2522,#2523,#2524,#2525,
    #2526,#2527,#2528,#2529,#2530,#2531,#2532,#2533,#2534),
  .UNSPECIFIED.,.F.,.F.,(5,3,3,3,5),(0.,0.250001545686,0.500001994801,
    0.750001538298,1.),.UNSPECIFIED.);
#2521 = CARTESIAN_POINT('',(-26.65215938053,-25.,24.0000001));
#2522 = CARTESIAN_POINT('',(-27.15797078298,-33.74998320128,24.0000001)
  );
#2523 = CARTESIAN_POINT('',(-27.66352293614,-42.49998143162,24.0000001)
  );
#2524 = CARTESIAN_POINT('',(-28.16884187233,-51.24999316743,24.0000001)
  );
#2525 = CARTESIAN_POINT('',(-29.17905108702,-68.75000293672,24.0000001)
  );
#2526 = CARTESIAN_POINT('',(-29.68394142283,-77.50000096672,24.0000001)
  );
#2527 = CARTESIAN_POINT('',(-30.18863863857,-86.25001016237,24.0000001)
  );
#2528 = CARTESIAN_POINT('',(-31.19767631669,-103.7500173656,24.0000001)
  );
#2529 = CARTESIAN_POINT('',(-31.70201681845,-112.5000153708,24.0000001)
  );
#2530 = CARTESIAN_POINT('',(-32.20619558474,-121.2500227148,24.0000001)
  );
#2531 = CARTESIAN_POINT('',(-33.21425233878,-138.7500167722,24.0000001)
  );
#2532 = CARTESIAN_POINT('',(-33.71813035462,-147.5000034839,24.0000001)
  );
#2533 = CARTESIAN_POINT('',(-34.22187155689,-156.2499980866,24.0000001)
  );
#2534 = CARTESIAN_POINT('',(-34.72548595056,-165.,24.0000001));
#2535 = PCURVE('',#363,#2536);
#2536 = DEFINITIONAL_REPRESENTATION('',(#2537),#2552);
#2537 = B_SPLINE_CURVE_WITH_KNOTS('',4,(#2538,#2539,#2540,#2541,#2542,
    #2543,#2544,#2545,#2546,#2547,#2548,#2549,#2550,#2551),
  .UNSPECIFIED.,.F.,.F.,(5,3,3,3,5),(0.,0.250001545686,0.500001994801,
    0.750001538298,1.),.UNSPECIFIED.);
#2538 = CARTESIAN_POINT('',(43.34784061947,170.));
#2539 = CARTESIAN_POINT('',(42.84202921702,161.25001679872));
#2540 = CARTESIAN_POINT('',(42.33647706386,152.50001856838));
#2541 = CARTESIAN_POINT('',(41.83115812767,143.75000683257));
#2542 = CARTESIAN_POINT('',(40.82094891298,126.24999706328));
#2543 = CARTESIAN_POINT('',(40.31605857717,117.49999903328));
#2544 = CARTESIAN_POINT('',(39.81136136143,108.74998983763));
#2545 = CARTESIAN_POINT('',(38.80232368331,91.2499826344));
#2546 = CARTESIAN_POINT('',(38.29798318155,82.4999846292));
#2547 = CARTESIAN_POINT('',(37.79380441526,73.7499772852));
#2548 = CARTESIAN_POINT('',(36.78574766122,56.2499832278));
#2549 = CARTESIAN_POINT('',(36.28186964538,47.4999965161));
#2550 = CARTESIAN_POINT('',(35.77812844311,38.7500019134));
#2551 = CARTESIAN_POINT('',(35.27451404944,30.));
#2552 = ( GEOMETRIC_REPRESENTATION_CONTEXT(2) 
PARAMETRIC_REPRESENTATION_CONTEXT() REPRESENTATION_CONTEXT('2D SPACE',''
  ) );
#2553 = PCURVE('',#1193,#2554);
#2554 = DEFINITIONAL_REPRESENTATION('',(#2555),#2570);
#2555 = B_SPLINE_CURVE_WITH_KNOTS('',4,(#2556,#2557,#2558,#2559,#2560,
    #2561,#2562,#2563,#2564,#2565,#2566,#2567,#2568,#2569),
  .UNSPECIFIED.,.F.,.F.,(5,3,3,3,5),(0.,0.250001545686,0.500001994801,
    0.750001538298,1.),.UNSPECIFIED.);
#2556 = CARTESIAN_POINT('',(3.302283307515,0.));
#2557 = CARTESIAN_POINT('',(3.299446769802,6.249988000914E-02));
#2558 = CARTESIAN_POINT('',(3.296744317037,0.124999867369));
#2559 = CARTESIAN_POINT('',(3.294161746705,0.187499951196));
#2560 = CARTESIAN_POINT('',(3.289214868547,0.312500020977));
#2561 = CARTESIAN_POINT('',(3.286850526771,0.375000006905));
#2562 = CARTESIAN_POINT('',(3.284584490464,0.437500072588));
#2563 = CARTESIAN_POINT('',(3.280232393156,0.56250012404));
#2564 = CARTESIAN_POINT('',(3.278146309217,0.625000109792));
#2565 = CARTESIAN_POINT('',(3.27614184544,0.687500162249));
#2566 = CARTESIAN_POINT('',(3.272283087621,0.812500119802));
#2567 = CARTESIAN_POINT('',(3.2704287775,0.875000024886));
#2568 = CARTESIAN_POINT('',(3.268642980273,0.937499986333));
#2569 = CARTESIAN_POINT('',(3.266920485544,1.));
#2570 = ( GEOMETRIC_REPRESENTATION_CONTEXT(2) 
PARAMETRIC_REPRESENTATION_CONTEXT() REPRESENTATION_CONTEXT('2D SPACE',''
  ) );
#2571 = ORIENTED_EDGE('',*,*,#2572,.T.);
#2572 = EDGE_CURVE('',#2517,#295,#2573,.T.);
#2573 = SURFACE_CURVE('',#2574,(#2578,#2585),.PCURVE_S1.);
#2574 = LINE('',#2575,#2576);
#2575 = CARTESIAN_POINT('',(-35.,-25.,24.0000001));
#2576 = VECTOR('',#2577,1.);
#2577 = DIRECTION('',(-1.,0.,0.));
#2578 = PCURVE('',#363,#2579);
#2579 = DEFINITIONAL_REPRESENTATION('',(#2580),#2584);
#2580 = LINE('',#2581,#2582);
#2581 = CARTESIAN_POINT('',(35.,170.));
#2582 = VECTOR('',#2583,1.);
#2583 = DIRECTION('',(-1.,0.));
#2584 = ( GEOMETRIC_REPRESENTATION_CONTEXT(2) 
PARAMETRIC_REPRESENTATION_CONTEXT() REPRESENTATION_CONTEXT('2D SPACE',''
  ) );
#2585 = PCURVE('',#2213,#2586);
#2586 = DEFINITIONAL_REPRESENTATION('',(#2587),#2591);
#2587 = LINE('',#2588,#2589);
#2588 = CARTESIAN_POINT('',(-35.26073574085,-3.9999999));
#2589 = VECTOR('',#2590,1.);
#2590 = DIRECTION('',(-1.,0.));
#2591 = ( GEOMETRIC_REPRESENTATION_CONTEXT(2) 
PARAMETRIC_REPRESENTATION_CONTEXT() REPRESENTATION_CONTEXT('2D SPACE',''
  ) );
#2592 = ORIENTED_EDGE('',*,*,#325,.T.);
#2593 = ORIENTED_EDGE('',*,*,#2594,.F.);
#2594 = EDGE_CURVE('',#2595,#326,#2597,.T.);
#2595 = VERTEX_POINT('',#2596);
#2596 = CARTESIAN_POINT('',(-44.,-46.,24.0000001));
#2597 = SURFACE_CURVE('',#2598,(#2602,#2609),.PCURVE_S1.);
#2598 = LINE('',#2599,#2600);
#2599 = CARTESIAN_POINT('',(-47.,-46.,24.0000001));
#2600 = VECTOR('',#2601,1.);
#2601 = DIRECTION('',(1.,0.,0.));
#2602 = PCURVE('',#363,#2603);
#2603 = DEFINITIONAL_REPRESENTATION('',(#2604),#2608);
#2604 = LINE('',#2605,#2606);
#2605 = CARTESIAN_POINT('',(23.,149.));
#2606 = VECTOR('',#2607,1.);
#2607 = DIRECTION('',(1.,0.));
#2608 = ( GEOMETRIC_REPRESENTATION_CONTEXT(2) 
PARAMETRIC_REPRESENTATION_CONTEXT() REPRESENTATION_CONTEXT('2D SPACE',''
  ) );
#2609 = PCURVE('',#406,#2610);
#2610 = DEFINITIONAL_REPRESENTATION('',(#2611),#2615);
#2611 = LINE('',#2612,#2613);
#2612 = CARTESIAN_POINT('',(0.,0.));
#2613 = VECTOR('',#2614,1.);
#2614 = DIRECTION('',(0.,1.));
#2615 = ( GEOMETRIC_REPRESENTATION_CONTEXT(2) 
PARAMETRIC_REPRESENTATION_CONTEXT() REPRESENTATION_CONTEXT('2D SPACE',''
  ) );
#2616 = ORIENTED_EDGE('',*,*,#2617,.F.);
#2617 = EDGE_CURVE('',#2618,#2595,#2620,.T.);
#2618 = VERTEX_POINT('',#2619);
#2619 = CARTESIAN_POINT('',(-47.,-49.,24.0000001));
#2620 = SURFACE_CURVE('',#2621,(#2626,#2637),.PCURVE_S1.);
#2621 = CIRCLE('',#2622,3.);
#2622 = AXIS2_PLACEMENT_3D('',#2623,#2624,#2625);
#2623 = CARTESIAN_POINT('',(-44.,-49.,24.0000001));
#2624 = DIRECTION('',(-0.,-0.,-1.));
#2625 = DIRECTION('',(0.,-1.,0.));
#2626 = PCURVE('',#363,#2627);
#2627 = DEFINITIONAL_REPRESENTATION('',(#2628),#2636);
#2628 = ( BOUNDED_CURVE() B_SPLINE_CURVE(2,(#2629,#2630,#2631,#2632,
#2633,#2634,#2635),.UNSPECIFIED.,.T.,.F.) B_SPLINE_CURVE_WITH_KNOTS((1,2
    ,2,2,2,1),(-2.094395102393,0.,2.094395102393,4.188790204786,
6.28318530718,8.377580409573),.UNSPECIFIED.) CURVE() 
GEOMETRIC_REPRESENTATION_ITEM() RATIONAL_B_SPLINE_CURVE((1.,0.5,1.,0.5,
1.,0.5,1.)) REPRESENTATION_ITEM('') );
#2629 = CARTESIAN_POINT('',(26.,143.));
#2630 = CARTESIAN_POINT('',(20.803847577293,143.));
#2631 = CARTESIAN_POINT('',(23.401923788647,147.5));
#2632 = CARTESIAN_POINT('',(26.,152.));
#2633 = CARTESIAN_POINT('',(28.598076211353,147.5));
#2634 = CARTESIAN_POINT('',(31.196152422707,143.));
#2635 = CARTESIAN_POINT('',(26.,143.));
#2636 = ( GEOMETRIC_REPRESENTATION_CONTEXT(2) 
PARAMETRIC_REPRESENTATION_CONTEXT() REPRESENTATION_CONTEXT('2D SPACE',''
  ) );
#2637 = PCURVE('',#2638,#2643);
#2638 = CYLINDRICAL_SURFACE('',#2639,3.);
#2639 = AXIS2_PLACEMENT_3D('',#2640,#2641,#2642);
#2640 = CARTESIAN_POINT('',(-44.,-49.,24.0000001));
#2641 = DIRECTION('',(0.,0.,1.));
#2642 = DIRECTION('',(-1.,-0.,0.));
#2643 = DEFINITIONAL_REPRESENTATION('',(#2644),#2648);
#2644 = LINE('',#2645,#2646);
#2645 = CARTESIAN_POINT('',(7.853981633975,0.));
#2646 = VECTOR('',#2647,1.);
#2647 = DIRECTION('',(-1.,0.));
#2648 = ( GEOMETRIC_REPRESENTATION_CONTEXT(2) 
PARAMETRIC_REPRESENTATION_CONTEXT() REPRESENTATION_CONTEXT('2D SPACE',''
  ) );
#2649 = ORIENTED_EDGE('',*,*,#2650,.F.);
#2650 = EDGE_CURVE('',#2651,#2618,#2653,.T.);
#2651 = VERTEX_POINT('',#2652);
#2652 = CARTESIAN_POINT('',(-47.,-71.,24.0000001));
#2653 = SURFACE_CURVE('',#2654,(#2658,#2665),.PCURVE_S1.);
#2654 = LINE('',#2655,#2656);
#2655 = CARTESIAN_POINT('',(-47.,-74.,24.0000001));
#2656 = VECTOR('',#2657,1.);
#2657 = DIRECTION('',(0.,1.,0.));
#2658 = PCURVE('',#363,#2659);
#2659 = DEFINITIONAL_REPRESENTATION('',(#2660),#2664);
#2660 = LINE('',#2661,#2662);
#2661 = CARTESIAN_POINT('',(23.,121.));
#2662 = VECTOR('',#2663,1.);
#2663 = DIRECTION('',(0.,1.));
#2664 = ( GEOMETRIC_REPRESENTATION_CONTEXT(2) 
PARAMETRIC_REPRESENTATION_CONTEXT() REPRESENTATION_CONTEXT('2D SPACE',''
  ) );
#2665 = PCURVE('',#2666,#2671);
#2666 = PLANE('',#2667);
#2667 = AXIS2_PLACEMENT_3D('',#2668,#2669,#2670);
#2668 = CARTESIAN_POINT('',(-47.,-74.,24.0000001));
#2669 = DIRECTION('',(1.,0.,0.));
#2670 = DIRECTION('',(0.,0.,1.));
#2671 = DEFINITIONAL_REPRESENTATION('',(#2672),#2676);
#2672 = LINE('',#2673,#2674);
#2673 = CARTESIAN_POINT('',(0.,0.));
#2674 = VECTOR('',#2675,1.);
#2675 = DIRECTION('',(0.,-1.));
#2676 = ( GEOMETRIC_REPRESENTATION_CONTEXT(2) 
PARAMETRIC_REPRESENTATION_CONTEXT() REPRESENTATION_CONTEXT('2D SPACE',''
  ) );
#2677 = ORIENTED_EDGE('',*,*,#2678,.T.);
#2678 = EDGE_CURVE('',#2651,#2679,#2681,.T.);
#2679 = VERTEX_POINT('',#2680);
#2680 = CARTESIAN_POINT('',(-44.,-74.,24.0000001));
#2681 = SURFACE_CURVE('',#2682,(#2687,#2694),.PCURVE_S1.);
#2682 = CIRCLE('',#2683,3.);
#2683 = AXIS2_PLACEMENT_3D('',#2684,#2685,#2686);
#2684 = CARTESIAN_POINT('',(-44.,-71.,24.0000001));
#2685 = DIRECTION('',(0.,0.,1.));
#2686 = DIRECTION('',(0.,-1.,0.));
#2687 = PCURVE('',#363,#2688);
#2688 = DEFINITIONAL_REPRESENTATION('',(#2689),#2693);
#2689 = CIRCLE('',#2690,3.);
#2690 = AXIS2_PLACEMENT_2D('',#2691,#2692);
#2691 = CARTESIAN_POINT('',(26.,124.));
#2692 = DIRECTION('',(0.,-1.));
#2693 = ( GEOMETRIC_REPRESENTATION_CONTEXT(2) 
PARAMETRIC_REPRESENTATION_CONTEXT() REPRESENTATION_CONTEXT('2D SPACE',''
  ) );
#2694 = PCURVE('',#2695,#2700);
#2695 = CYLINDRICAL_SURFACE('',#2696,3.);
#2696 = AXIS2_PLACEMENT_3D('',#2697,#2698,#2699);
#2697 = CARTESIAN_POINT('',(-44.,-71.,24.0000001));
#2698 = DIRECTION('',(0.,0.,1.));
#2699 = DIRECTION('',(-1.,-0.,0.));
#2700 = DEFINITIONAL_REPRESENTATION('',(#2701),#2705);
#2701 = LINE('',#2702,#2703);
#2702 = CARTESIAN_POINT('',(-4.712388980385,0.));
#2703 = VECTOR('',#2704,1.);
#2704 = DIRECTION('',(1.,0.));
#2705 = ( GEOMETRIC_REPRESENTATION_CONTEXT(2) 
PARAMETRIC_REPRESENTATION_CONTEXT() REPRESENTATION_CONTEXT('2D SPACE',''
  ) );
#2706 = ORIENTED_EDGE('',*,*,#2707,.T.);
#2707 = EDGE_CURVE('',#2679,#455,#2708,.T.);
#2708 = SURFACE_CURVE('',#2709,(#2713,#2720),.PCURVE_S1.);
#2709 = LINE('',#2710,#2711);
#2710 = CARTESIAN_POINT('',(-47.,-74.,24.0000001));
#2711 = VECTOR('',#2712,1.);
#2712 = DIRECTION('',(1.,0.,0.));
#2713 = PCURVE('',#363,#2714);
#2714 = DEFINITIONAL_REPRESENTATION('',(#2715),#2719);
#2715 = LINE('',#2716,#2717);
#2716 = CARTESIAN_POINT('',(23.,121.));
#2717 = VECTOR('',#2718,1.);
#2718 = DIRECTION('',(1.,0.));
#2719 = ( GEOMETRIC_REPRESENTATION_CONTEXT(2) 
PARAMETRIC_REPRESENTATION_CONTEXT() REPRESENTATION_CONTEXT('2D SPACE',''
  ) );
#2720 = PCURVE('',#474,#2721);
#2721 = DEFINITIONAL_REPRESENTATION('',(#2722),#2726);
#2722 = LINE('',#2723,#2724);
#2723 = CARTESIAN_POINT('',(0.,0.));
#2724 = VECTOR('',#2725,1.);
#2725 = DIRECTION('',(0.,1.));
#2726 = ( GEOMETRIC_REPRESENTATION_CONTEXT(2) 
PARAMETRIC_REPRESENTATION_CONTEXT() REPRESENTATION_CONTEXT('2D SPACE',''
  ) );
#2727 = ORIENTED_EDGE('',*,*,#488,.T.);
#2728 = ORIENTED_EDGE('',*,*,#2729,.F.);
#2729 = EDGE_CURVE('',#2730,#489,#2732,.T.);
#2730 = VERTEX_POINT('',#2731);
#2731 = CARTESIAN_POINT('',(-44.,-126.,24.0000001));
#2732 = SURFACE_CURVE('',#2733,(#2737,#2744),.PCURVE_S1.);
#2733 = LINE('',#2734,#2735);
#2734 = CARTESIAN_POINT('',(-47.,-126.,24.0000001));
#2735 = VECTOR('',#2736,1.);
#2736 = DIRECTION('',(1.,0.,0.));
#2737 = PCURVE('',#363,#2738);
#2738 = DEFINITIONAL_REPRESENTATION('',(#2739),#2743);
#2739 = LINE('',#2740,#2741);
#2740 = CARTESIAN_POINT('',(23.,69.));
#2741 = VECTOR('',#2742,1.);
#2742 = DIRECTION('',(1.,0.));
#2743 = ( GEOMETRIC_REPRESENTATION_CONTEXT(2) 
PARAMETRIC_REPRESENTATION_CONTEXT() REPRESENTATION_CONTEXT('2D SPACE',''
  ) );
#2744 = PCURVE('',#564,#2745);
#2745 = DEFINITIONAL_REPRESENTATION('',(#2746),#2750);
#2746 = LINE('',#2747,#2748);
#2747 = CARTESIAN_POINT('',(0.,0.));
#2748 = VECTOR('',#2749,1.);
#2749 = DIRECTION('',(0.,1.));
#2750 = ( GEOMETRIC_REPRESENTATION_CONTEXT(2) 
PARAMETRIC_REPRESENTATION_CONTEXT() REPRESENTATION_CONTEXT('2D SPACE',''
  ) );
#2751 = ORIENTED_EDGE('',*,*,#2752,.F.);
#2752 = EDGE_CURVE('',#2753,#2730,#2755,.T.);
#2753 = VERTEX_POINT('',#2754);
#2754 = CARTESIAN_POINT('',(-47.,-129.,24.0000001));
#2755 = SURFACE_CURVE('',#2756,(#2761,#2772),.PCURVE_S1.);
#2756 = CIRCLE('',#2757,3.);
#2757 = AXIS2_PLACEMENT_3D('',#2758,#2759,#2760);
#2758 = CARTESIAN_POINT('',(-44.,-129.,24.0000001));
#2759 = DIRECTION('',(-0.,-0.,-1.));
#2760 = DIRECTION('',(0.,-1.,0.));
#2761 = PCURVE('',#363,#2762);
#2762 = DEFINITIONAL_REPRESENTATION('',(#2763),#2771);
#2763 = ( BOUNDED_CURVE() B_SPLINE_CURVE(2,(#2764,#2765,#2766,#2767,
#2768,#2769,#2770),.UNSPECIFIED.,.T.,.F.) B_SPLINE_CURVE_WITH_KNOTS((1,2
    ,2,2,2,1),(-2.094395102393,0.,2.094395102393,4.188790204786,
6.28318530718,8.377580409573),.UNSPECIFIED.) CURVE() 
GEOMETRIC_REPRESENTATION_ITEM() RATIONAL_B_SPLINE_CURVE((1.,0.5,1.,0.5,
1.,0.5,1.)) REPRESENTATION_ITEM('') );
#2764 = CARTESIAN_POINT('',(26.,63.));
#2765 = CARTESIAN_POINT('',(20.803847577293,63.));
#2766 = CARTESIAN_POINT('',(23.401923788647,67.5));
#2767 = CARTESIAN_POINT('',(26.,72.));
#2768 = CARTESIAN_POINT('',(28.598076211353,67.5));
#2769 = CARTESIAN_POINT('',(31.196152422707,63.));
#2770 = CARTESIAN_POINT('',(26.,63.));
#2771 = ( GEOMETRIC_REPRESENTATION_CONTEXT(2) 
PARAMETRIC_REPRESENTATION_CONTEXT() REPRESENTATION_CONTEXT('2D SPACE',''
  ) );
#2772 = PCURVE('',#2773,#2778);
#2773 = CYLINDRICAL_SURFACE('',#2774,3.);
#2774 = AXIS2_PLACEMENT_3D('',#2775,#2776,#2777);
#2775 = CARTESIAN_POINT('',(-44.,-129.,24.0000001));
#2776 = DIRECTION('',(0.,0.,1.));
#2777 = DIRECTION('',(-1.,-0.,0.));
#2778 = DEFINITIONAL_REPRESENTATION('',(#2779),#2783);
#2779 = LINE('',#2780,#2781);
#2780 = CARTESIAN_POINT('',(7.853981633975,0.));
#2781 = VECTOR('',#2782,1.);
#2782 = DIRECTION('',(-1.,0.));
#2783 = ( GEOMETRIC_REPRESENTATION_CONTEXT(2) 
PARAMETRIC_REPRESENTATION_CONTEXT() REPRESENTATION_CONTEXT('2D SPACE',''
  ) );
#2784 = ORIENTED_EDGE('',*,*,#2785,.F.);
#2785 = EDGE_CURVE('',#2786,#2753,#2788,.T.);
#2786 = VERTEX_POINT('',#2787);
#2787 = CARTESIAN_POINT('',(-47.,-151.,24.0000001));
#2788 = SURFACE_CURVE('',#2789,(#2793,#2800),.PCURVE_S1.);
#2789 = LINE('',#2790,#2791);
#2790 = CARTESIAN_POINT('',(-47.,-154.,24.0000001));
#2791 = VECTOR('',#2792,1.);
#2792 = DIRECTION('',(0.,1.,0.));
#2793 = PCURVE('',#363,#2794);
#2794 = DEFINITIONAL_REPRESENTATION('',(#2795),#2799);
#2795 = LINE('',#2796,#2797);
#2796 = CARTESIAN_POINT('',(23.,41.));
#2797 = VECTOR('',#2798,1.);
#2798 = DIRECTION('',(0.,1.));
#2799 = ( GEOMETRIC_REPRESENTATION_CONTEXT(2) 
PARAMETRIC_REPRESENTATION_CONTEXT() REPRESENTATION_CONTEXT('2D SPACE',''
  ) );
#2800 = PCURVE('',#2801,#2806);
#2801 = PLANE('',#2802);
#2802 = AXIS2_PLACEMENT_3D('',#2803,#2804,#2805);
#2803 = CARTESIAN_POINT('',(-47.,-154.,24.0000001));
#2804 = DIRECTION('',(1.,0.,0.));
#2805 = DIRECTION('',(0.,0.,1.));
#2806 = DEFINITIONAL_REPRESENTATION('',(#2807),#2811);
#2807 = LINE('',#2808,#2809);
#2808 = CARTESIAN_POINT('',(0.,0.));
#2809 = VECTOR('',#2810,1.);
#2810 = DIRECTION('',(0.,-1.));
#2811 = ( GEOMETRIC_REPRESENTATION_CONTEXT(2) 
PARAMETRIC_REPRESENTATION_CONTEXT() REPRESENTATION_CONTEXT('2D SPACE',''
  ) );
#2812 = ORIENTED_EDGE('',*,*,#2813,.T.);
#2813 = EDGE_CURVE('',#2786,#2814,#2816,.T.);
#2814 = VERTEX_POINT('',#2815);
#2815 = CARTESIAN_POINT('',(-44.,-154.,24.0000001));
#2816 = SURFACE_CURVE('',#2817,(#2822,#2829),.PCURVE_S1.);
#2817 = CIRCLE('',#2818,3.);
#2818 = AXIS2_PLACEMENT_3D('',#2819,#2820,#2821);
#2819 = CARTESIAN_POINT('',(-44.,-151.,24.0000001));
#2820 = DIRECTION('',(0.,0.,1.));
#2821 = DIRECTION('',(0.,-1.,0.));
#2822 = PCURVE('',#363,#2823);
#2823 = DEFINITIONAL_REPRESENTATION('',(#2824),#2828);
#2824 = CIRCLE('',#2825,3.);
#2825 = AXIS2_PLACEMENT_2D('',#2826,#2827);
#2826 = CARTESIAN_POINT('',(26.,44.));
#2827 = DIRECTION('',(0.,-1.));
#2828 = ( GEOMETRIC_REPRESENTATION_CONTEXT(2) 
PARAMETRIC_REPRESENTATION_CONTEXT() REPRESENTATION_CONTEXT('2D SPACE',''
  ) );
#2829 = PCURVE('',#2830,#2835);
#2830 = CYLINDRICAL_SURFACE('',#2831,3.);
#2831 = AXIS2_PLACEMENT_3D('',#2832,#2833,#2834);
#2832 = CARTESIAN_POINT('',(-44.,-151.,24.0000001));
#2833 = DIRECTION('',(0.,0.,1.));
#2834 = DIRECTION('',(-1.,-0.,0.));
#2835 = DEFINITIONAL_REPRESENTATION('',(#2836),#2840);
#2836 = LINE('',#2837,#2838);
#2837 = CARTESIAN_POINT('',(-4.712388980385,0.));
#2838 = VECTOR('',#2839,1.);
#2839 = DIRECTION('',(1.,0.));
#2840 = ( GEOMETRIC_REPRESENTATION_CONTEXT(2) 
PARAMETRIC_REPRESENTATION_CONTEXT() REPRESENTATION_CONTEXT('2D SPACE',''
  ) );
#2841 = ORIENTED_EDGE('',*,*,#2842,.T.);
#2842 = EDGE_CURVE('',#2814,#613,#2843,.T.);
#2843 = SURFACE_CURVE('',#2844,(#2848,#2855),.PCURVE_S1.);
#2844 = LINE('',#2845,#2846);
#2845 = CARTESIAN_POINT('',(-47.,-154.,24.0000001));
#2846 = VECTOR('',#2847,1.);
#2847 = DIRECTION('',(1.,0.,0.));
#2848 = PCURVE('',#363,#2849);
#2849 = DEFINITIONAL_REPRESENTATION('',(#2850),#2854);
#2850 = LINE('',#2851,#2852);
#2851 = CARTESIAN_POINT('',(23.,41.));
#2852 = VECTOR('',#2853,1.);
#2853 = DIRECTION('',(1.,0.));
#2854 = ( GEOMETRIC_REPRESENTATION_CONTEXT(2) 
PARAMETRIC_REPRESENTATION_CONTEXT() REPRESENTATION_CONTEXT('2D SPACE',''
  ) );
#2855 = PCURVE('',#632,#2856);
#2856 = DEFINITIONAL_REPRESENTATION('',(#2857),#2861);
#2857 = LINE('',#2858,#2859);
#2858 = CARTESIAN_POINT('',(0.,0.));
#2859 = VECTOR('',#2860,1.);
#2860 = DIRECTION('',(0.,1.));
#2861 = ( GEOMETRIC_REPRESENTATION_CONTEXT(2) 
PARAMETRIC_REPRESENTATION_CONTEXT() REPRESENTATION_CONTEXT('2D SPACE',''
  ) );
#2862 = ORIENTED_EDGE('',*,*,#646,.T.);
#2863 = ORIENTED_EDGE('',*,*,#1153,.F.);
#2864 = FACE_BOUND('',#2865,.F.);
#2865 = EDGE_LOOP('',(#2866,#2896,#2924,#2952));
#2866 = ORIENTED_EDGE('',*,*,#2867,.T.);
#2867 = EDGE_CURVE('',#2868,#2870,#2872,.T.);
#2868 = VERTEX_POINT('',#2869);
#2869 = CARTESIAN_POINT('',(-40.25,-151.,24.0000001));
#2870 = VERTEX_POINT('',#2871);
#2871 = CARTESIAN_POINT('',(-43.75,-151.,24.0000001));
#2872 = SURFACE_CURVE('',#2873,(#2877,#2884),.PCURVE_S1.);
#2873 = LINE('',#2874,#2875);
#2874 = CARTESIAN_POINT('',(-56.875,-151.,24.0000001));
#2875 = VECTOR('',#2876,1.);
#2876 = DIRECTION('',(-1.,0.,0.));
#2877 = PCURVE('',#363,#2878);
#2878 = DEFINITIONAL_REPRESENTATION('',(#2879),#2883);
#2879 = LINE('',#2880,#2881);
#2880 = CARTESIAN_POINT('',(13.125,44.));
#2881 = VECTOR('',#2882,1.);
#2882 = DIRECTION('',(-1.,0.));
#2883 = ( GEOMETRIC_REPRESENTATION_CONTEXT(2) 
PARAMETRIC_REPRESENTATION_CONTEXT() REPRESENTATION_CONTEXT('2D SPACE',''
  ) );
#2884 = PCURVE('',#2885,#2890);
#2885 = PLANE('',#2886);
#2886 = AXIS2_PLACEMENT_3D('',#2887,#2888,#2889);
#2887 = CARTESIAN_POINT('',(-43.75,-151.,22.0000001));
#2888 = DIRECTION('',(0.,1.,0.));
#2889 = DIRECTION('',(0.,-0.,1.));
#2890 = DEFINITIONAL_REPRESENTATION('',(#2891),#2895);
#2891 = LINE('',#2892,#2893);
#2892 = CARTESIAN_POINT('',(2.,-13.125));
#2893 = VECTOR('',#2894,1.);
#2894 = DIRECTION('',(0.,-1.));
#2895 = ( GEOMETRIC_REPRESENTATION_CONTEXT(2) 
PARAMETRIC_REPRESENTATION_CONTEXT() REPRESENTATION_CONTEXT('2D SPACE',''
  ) );
#2896 = ORIENTED_EDGE('',*,*,#2897,.T.);
#2897 = EDGE_CURVE('',#2870,#2898,#2900,.T.);
#2898 = VERTEX_POINT('',#2899);
#2899 = CARTESIAN_POINT('',(-43.75,-129.,24.0000001));
#2900 = SURFACE_CURVE('',#2901,(#2905,#2912),.PCURVE_S1.);
#2901 = LINE('',#2902,#2903);
#2902 = CARTESIAN_POINT('',(-43.75,-173.,24.0000001));
#2903 = VECTOR('',#2904,1.);
#2904 = DIRECTION('',(0.,1.,0.));
#2905 = PCURVE('',#363,#2906);
#2906 = DEFINITIONAL_REPRESENTATION('',(#2907),#2911);
#2907 = LINE('',#2908,#2909);
#2908 = CARTESIAN_POINT('',(26.25,22.));
#2909 = VECTOR('',#2910,1.);
#2910 = DIRECTION('',(0.,1.));
#2911 = ( GEOMETRIC_REPRESENTATION_CONTEXT(2) 
PARAMETRIC_REPRESENTATION_CONTEXT() REPRESENTATION_CONTEXT('2D SPACE',''
  ) );
#2912 = PCURVE('',#2913,#2918);
#2913 = PLANE('',#2914);
#2914 = AXIS2_PLACEMENT_3D('',#2915,#2916,#2917);
#2915 = CARTESIAN_POINT('',(-43.75,-151.,22.0000001));
#2916 = DIRECTION('',(1.,0.,0.));
#2917 = DIRECTION('',(0.,0.,1.));
#2918 = DEFINITIONAL_REPRESENTATION('',(#2919),#2923);
#2919 = LINE('',#2920,#2921);
#2920 = CARTESIAN_POINT('',(2.,22.));
#2921 = VECTOR('',#2922,1.);
#2922 = DIRECTION('',(0.,-1.));
#2923 = ( GEOMETRIC_REPRESENTATION_CONTEXT(2) 
PARAMETRIC_REPRESENTATION_CONTEXT() REPRESENTATION_CONTEXT('2D SPACE',''
  ) );
#2924 = ORIENTED_EDGE('',*,*,#2925,.F.);
#2925 = EDGE_CURVE('',#2926,#2898,#2928,.T.);
#2926 = VERTEX_POINT('',#2927);
#2927 = CARTESIAN_POINT('',(-40.25,-129.,24.0000001));
#2928 = SURFACE_CURVE('',#2929,(#2933,#2940),.PCURVE_S1.);
#2929 = LINE('',#2930,#2931);
#2930 = CARTESIAN_POINT('',(-56.875,-129.,24.0000001));
#2931 = VECTOR('',#2932,1.);
#2932 = DIRECTION('',(-1.,0.,0.));
#2933 = PCURVE('',#363,#2934);
#2934 = DEFINITIONAL_REPRESENTATION('',(#2935),#2939);
#2935 = LINE('',#2936,#2937);
#2936 = CARTESIAN_POINT('',(13.125,66.));
#2937 = VECTOR('',#2938,1.);
#2938 = DIRECTION('',(-1.,0.));
#2939 = ( GEOMETRIC_REPRESENTATION_CONTEXT(2) 
PARAMETRIC_REPRESENTATION_CONTEXT() REPRESENTATION_CONTEXT('2D SPACE',''
  ) );
#2940 = PCURVE('',#2941,#2946);
#2941 = PLANE('',#2942);
#2942 = AXIS2_PLACEMENT_3D('',#2943,#2944,#2945);
#2943 = CARTESIAN_POINT('',(-43.75,-129.,22.0000001));
#2944 = DIRECTION('',(0.,1.,0.));
#2945 = DIRECTION('',(0.,-0.,1.));
#2946 = DEFINITIONAL_REPRESENTATION('',(#2947),#2951);
#2947 = LINE('',#2948,#2949);
#2948 = CARTESIAN_POINT('',(2.,-13.125));
#2949 = VECTOR('',#2950,1.);
#2950 = DIRECTION('',(0.,-1.));
#2951 = ( GEOMETRIC_REPRESENTATION_CONTEXT(2) 
PARAMETRIC_REPRESENTATION_CONTEXT() REPRESENTATION_CONTEXT('2D SPACE',''
  ) );
#2952 = ORIENTED_EDGE('',*,*,#2953,.F.);
#2953 = EDGE_CURVE('',#2868,#2926,#2954,.T.);
#2954 = SURFACE_CURVE('',#2955,(#2959,#2966),.PCURVE_S1.);
#2955 = LINE('',#2956,#2957);
#2956 = CARTESIAN_POINT('',(-40.25,-173.,24.0000001));
#2957 = VECTOR('',#2958,1.);
#2958 = DIRECTION('',(0.,1.,0.));
#2959 = PCURVE('',#363,#2960);
#2960 = DEFINITIONAL_REPRESENTATION('',(#2961),#2965);
#2961 = LINE('',#2962,#2963);
#2962 = CARTESIAN_POINT('',(29.75,22.));
#2963 = VECTOR('',#2964,1.);
#2964 = DIRECTION('',(0.,1.));
#2965 = ( GEOMETRIC_REPRESENTATION_CONTEXT(2) 
PARAMETRIC_REPRESENTATION_CONTEXT() REPRESENTATION_CONTEXT('2D SPACE',''
  ) );
#2966 = PCURVE('',#2967,#2972);
#2967 = PLANE('',#2968);
#2968 = AXIS2_PLACEMENT_3D('',#2969,#2970,#2971);
#2969 = CARTESIAN_POINT('',(-40.25,-151.,22.0000001));
#2970 = DIRECTION('',(1.,0.,0.));
#2971 = DIRECTION('',(0.,0.,1.));
#2972 = DEFINITIONAL_REPRESENTATION('',(#2973),#2977);
#2973 = LINE('',#2974,#2975);
#2974 = CARTESIAN_POINT('',(2.,22.));
#2975 = VECTOR('',#2976,1.);
#2976 = DIRECTION('',(0.,-1.));
#2977 = ( GEOMETRIC_REPRESENTATION_CONTEXT(2) 
PARAMETRIC_REPRESENTATION_CONTEXT() REPRESENTATION_CONTEXT('2D SPACE',''
  ) );
#2978 = FACE_BOUND('',#2979,.F.);
#2979 = EDGE_LOOP('',(#2980,#3010,#3038,#3066));
#2980 = ORIENTED_EDGE('',*,*,#2981,.F.);
#2981 = EDGE_CURVE('',#2982,#2984,#2986,.T.);
#2982 = VERTEX_POINT('',#2983);
#2983 = CARTESIAN_POINT('',(-40.25,-49.,24.0000001));
#2984 = VERTEX_POINT('',#2985);
#2985 = CARTESIAN_POINT('',(-43.75,-49.,24.0000001));
#2986 = SURFACE_CURVE('',#2987,(#2991,#2998),.PCURVE_S1.);
#2987 = LINE('',#2988,#2989);
#2988 = CARTESIAN_POINT('',(-56.875,-49.,24.0000001));
#2989 = VECTOR('',#2990,1.);
#2990 = DIRECTION('',(-1.,0.,0.));
#2991 = PCURVE('',#363,#2992);
#2992 = DEFINITIONAL_REPRESENTATION('',(#2993),#2997);
#2993 = LINE('',#2994,#2995);
#2994 = CARTESIAN_POINT('',(13.125,146.));
#2995 = VECTOR('',#2996,1.);
#2996 = DIRECTION('',(-1.,0.));
#2997 = ( GEOMETRIC_REPRESENTATION_CONTEXT(2) 
PARAMETRIC_REPRESENTATION_CONTEXT() REPRESENTATION_CONTEXT('2D SPACE',''
  ) );
#2998 = PCURVE('',#2999,#3004);
#2999 = PLANE('',#3000);
#3000 = AXIS2_PLACEMENT_3D('',#3001,#3002,#3003);
#3001 = CARTESIAN_POINT('',(-43.75,-49.,22.0000001));
#3002 = DIRECTION('',(0.,1.,0.));
#3003 = DIRECTION('',(0.,-0.,1.));
#3004 = DEFINITIONAL_REPRESENTATION('',(#3005),#3009);
#3005 = LINE('',#3006,#3007);
#3006 = CARTESIAN_POINT('',(2.,-13.125));
#3007 = VECTOR('',#3008,1.);
#3008 = DIRECTION('',(0.,-1.));
#3009 = ( GEOMETRIC_REPRESENTATION_CONTEXT(2) 
PARAMETRIC_REPRESENTATION_CONTEXT() REPRESENTATION_CONTEXT('2D SPACE',''
  ) );
#3010 = ORIENTED_EDGE('',*,*,#3011,.F.);
#3011 = EDGE_CURVE('',#3012,#2982,#3014,.T.);
#3012 = VERTEX_POINT('',#3013);
#3013 = CARTESIAN_POINT('',(-40.25,-71.,24.0000001));
#3014 = SURFACE_CURVE('',#3015,(#3019,#3026),.PCURVE_S1.);
#3015 = LINE('',#3016,#3017);
#3016 = CARTESIAN_POINT('',(-40.25,-133.,24.0000001));
#3017 = VECTOR('',#3018,1.);
#3018 = DIRECTION('',(0.,1.,0.));
#3019 = PCURVE('',#363,#3020);
#3020 = DEFINITIONAL_REPRESENTATION('',(#3021),#3025);
#3021 = LINE('',#3022,#3023);
#3022 = CARTESIAN_POINT('',(29.75,62.));
#3023 = VECTOR('',#3024,1.);
#3024 = DIRECTION('',(0.,1.));
#3025 = ( GEOMETRIC_REPRESENTATION_CONTEXT(2) 
PARAMETRIC_REPRESENTATION_CONTEXT() REPRESENTATION_CONTEXT('2D SPACE',''
  ) );
#3026 = PCURVE('',#3027,#3032);
#3027 = PLANE('',#3028);
#3028 = AXIS2_PLACEMENT_3D('',#3029,#3030,#3031);
#3029 = CARTESIAN_POINT('',(-40.25,-71.,22.0000001));
#3030 = DIRECTION('',(1.,0.,0.));
#3031 = DIRECTION('',(0.,0.,1.));
#3032 = DEFINITIONAL_REPRESENTATION('',(#3033),#3037);
#3033 = LINE('',#3034,#3035);
#3034 = CARTESIAN_POINT('',(2.,62.));
#3035 = VECTOR('',#3036,1.);
#3036 = DIRECTION('',(0.,-1.));
#3037 = ( GEOMETRIC_REPRESENTATION_CONTEXT(2) 
PARAMETRIC_REPRESENTATION_CONTEXT() REPRESENTATION_CONTEXT('2D SPACE',''
  ) );
#3038 = ORIENTED_EDGE('',*,*,#3039,.T.);
#3039 = EDGE_CURVE('',#3012,#3040,#3042,.T.);
#3040 = VERTEX_POINT('',#3041);
#3041 = CARTESIAN_POINT('',(-43.75,-71.,24.0000001));
#3042 = SURFACE_CURVE('',#3043,(#3047,#3054),.PCURVE_S1.);
#3043 = LINE('',#3044,#3045);
#3044 = CARTESIAN_POINT('',(-56.875,-71.,24.0000001));
#3045 = VECTOR('',#3046,1.);
#3046 = DIRECTION('',(-1.,0.,0.));
#3047 = PCURVE('',#363,#3048);
#3048 = DEFINITIONAL_REPRESENTATION('',(#3049),#3053);
#3049 = LINE('',#3050,#3051);
#3050 = CARTESIAN_POINT('',(13.125,124.));
#3051 = VECTOR('',#3052,1.);
#3052 = DIRECTION('',(-1.,0.));
#3053 = ( GEOMETRIC_REPRESENTATION_CONTEXT(2) 
PARAMETRIC_REPRESENTATION_CONTEXT() REPRESENTATION_CONTEXT('2D SPACE',''
  ) );
#3054 = PCURVE('',#3055,#3060);
#3055 = PLANE('',#3056);
#3056 = AXIS2_PLACEMENT_3D('',#3057,#3058,#3059);
#3057 = CARTESIAN_POINT('',(-43.75,-71.,22.0000001));
#3058 = DIRECTION('',(0.,1.,0.));
#3059 = DIRECTION('',(0.,-0.,1.));
#3060 = DEFINITIONAL_REPRESENTATION('',(#3061),#3065);
#3061 = LINE('',#3062,#3063);
#3062 = CARTESIAN_POINT('',(2.,-13.125));
#3063 = VECTOR('',#3064,1.);
#3064 = DIRECTION('',(0.,-1.));
#3065 = ( GEOMETRIC_REPRESENTATION_CONTEXT(2) 
PARAMETRIC_REPRESENTATION_CONTEXT() REPRESENTATION_CONTEXT('2D SPACE',''
  ) );
#3066 = ORIENTED_EDGE('',*,*,#3067,.T.);
#3067 = EDGE_CURVE('',#3040,#2984,#3068,.T.);
#3068 = SURFACE_CURVE('',#3069,(#3073,#3080),.PCURVE_S1.);
#3069 = LINE('',#3070,#3071);
#3070 = CARTESIAN_POINT('',(-43.75,-133.,24.0000001));
#3071 = VECTOR('',#3072,1.);
#3072 = DIRECTION('',(0.,1.,0.));
#3073 = PCURVE('',#363,#3074);
#3074 = DEFINITIONAL_REPRESENTATION('',(#3075),#3079);
#3075 = LINE('',#3076,#3077);
#3076 = CARTESIAN_POINT('',(26.25,62.));
#3077 = VECTOR('',#3078,1.);
#3078 = DIRECTION('',(0.,1.));
#3079 = ( GEOMETRIC_REPRESENTATION_CONTEXT(2) 
PARAMETRIC_REPRESENTATION_CONTEXT() REPRESENTATION_CONTEXT('2D SPACE',''
  ) );
#3080 = PCURVE('',#3081,#3086);
#3081 = PLANE('',#3082);
#3082 = AXIS2_PLACEMENT_3D('',#3083,#3084,#3085);
#3083 = CARTESIAN_POINT('',(-43.75,-71.,22.0000001));
#3084 = DIRECTION('',(1.,0.,0.));
#3085 = DIRECTION('',(0.,0.,1.));
#3086 = DEFINITIONAL_REPRESENTATION('',(#3087),#3091);
#3087 = LINE('',#3088,#3089);
#3088 = CARTESIAN_POINT('',(2.,62.));
#3089 = VECTOR('',#3090,1.);
#3090 = DIRECTION('',(0.,-1.));
#3091 = ( GEOMETRIC_REPRESENTATION_CONTEXT(2) 
PARAMETRIC_REPRESENTATION_CONTEXT() REPRESENTATION_CONTEXT('2D SPACE',''
  ) );
#3092 = ADVANCED_FACE('',(#3093),#406,.T.);
#3093 = FACE_BOUND('',#3094,.T.);
#3094 = EDGE_LOOP('',(#3095,#3096,#3119,#3140));
#3095 = ORIENTED_EDGE('',*,*,#2594,.F.);
#3096 = ORIENTED_EDGE('',*,*,#3097,.T.);
#3097 = EDGE_CURVE('',#2595,#3098,#3100,.T.);
#3098 = VERTEX_POINT('',#3099);
#3099 = CARTESIAN_POINT('',(-44.,-46.,28.0000001));
#3100 = SURFACE_CURVE('',#3101,(#3105,#3112),.PCURVE_S1.);
#3101 = LINE('',#3102,#3103);
#3102 = CARTESIAN_POINT('',(-44.,-46.,24.0000001));
#3103 = VECTOR('',#3104,1.);
#3104 = DIRECTION('',(0.,0.,1.));
#3105 = PCURVE('',#406,#3106);
#3106 = DEFINITIONAL_REPRESENTATION('',(#3107),#3111);
#3107 = LINE('',#3108,#3109);
#3108 = CARTESIAN_POINT('',(0.,3.));
#3109 = VECTOR('',#3110,1.);
#3110 = DIRECTION('',(1.,0.));
#3111 = ( GEOMETRIC_REPRESENTATION_CONTEXT(2) 
PARAMETRIC_REPRESENTATION_CONTEXT() REPRESENTATION_CONTEXT('2D SPACE',''
  ) );
#3112 = PCURVE('',#2638,#3113);
#3113 = DEFINITIONAL_REPRESENTATION('',(#3114),#3118);
#3114 = LINE('',#3115,#3116);
#3115 = CARTESIAN_POINT('',(4.712388980385,0.));
#3116 = VECTOR('',#3117,1.);
#3117 = DIRECTION('',(-0.,1.));
#3118 = ( GEOMETRIC_REPRESENTATION_CONTEXT(2) 
PARAMETRIC_REPRESENTATION_CONTEXT() REPRESENTATION_CONTEXT('2D SPACE',''
  ) );
#3119 = ORIENTED_EDGE('',*,*,#3120,.T.);
#3120 = EDGE_CURVE('',#3098,#387,#3121,.T.);
#3121 = SURFACE_CURVE('',#3122,(#3126,#3133),.PCURVE_S1.);
#3122 = LINE('',#3123,#3124);
#3123 = CARTESIAN_POINT('',(-47.,-46.,28.0000001));
#3124 = VECTOR('',#3125,1.);
#3125 = DIRECTION('',(1.,0.,0.));
#3126 = PCURVE('',#406,#3127);
#3127 = DEFINITIONAL_REPRESENTATION('',(#3128),#3132);
#3128 = LINE('',#3129,#3130);
#3129 = CARTESIAN_POINT('',(4.,0.));
#3130 = VECTOR('',#3131,1.);
#3131 = DIRECTION('',(0.,1.));
#3132 = ( GEOMETRIC_REPRESENTATION_CONTEXT(2) 
PARAMETRIC_REPRESENTATION_CONTEXT() REPRESENTATION_CONTEXT('2D SPACE',''
  ) );
#3133 = PCURVE('',#440,#3134);
#3134 = DEFINITIONAL_REPRESENTATION('',(#3135),#3139);
#3135 = LINE('',#3136,#3137);
#3136 = CARTESIAN_POINT('',(0.,28.));
#3137 = VECTOR('',#3138,1.);
#3138 = DIRECTION('',(1.,0.));
#3139 = ( GEOMETRIC_REPRESENTATION_CONTEXT(2) 
PARAMETRIC_REPRESENTATION_CONTEXT() REPRESENTATION_CONTEXT('2D SPACE',''
  ) );
#3140 = ORIENTED_EDGE('',*,*,#386,.F.);
#3141 = ADVANCED_FACE('',(#3142,#3242),#440,.T.);
#3142 = FACE_BOUND('',#3143,.T.);
#3143 = EDGE_LOOP('',(#3144,#3169,#3193,#3214,#3215,#3216));
#3144 = ORIENTED_EDGE('',*,*,#3145,.F.);
#3145 = EDGE_CURVE('',#3146,#3148,#3150,.T.);
#3146 = VERTEX_POINT('',#3147);
#3147 = CARTESIAN_POINT('',(-47.,-71.,28.0000001));
#3148 = VERTEX_POINT('',#3149);
#3149 = CARTESIAN_POINT('',(-47.,-49.,28.0000001));
#3150 = SURFACE_CURVE('',#3151,(#3155,#3162),.PCURVE_S1.);
#3151 = LINE('',#3152,#3153);
#3152 = CARTESIAN_POINT('',(-47.,-74.,28.0000001));
#3153 = VECTOR('',#3154,1.);
#3154 = DIRECTION('',(0.,1.,0.));
#3155 = PCURVE('',#440,#3156);
#3156 = DEFINITIONAL_REPRESENTATION('',(#3157),#3161);
#3157 = LINE('',#3158,#3159);
#3158 = CARTESIAN_POINT('',(0.,0.));
#3159 = VECTOR('',#3160,1.);
#3160 = DIRECTION('',(0.,1.));
#3161 = ( GEOMETRIC_REPRESENTATION_CONTEXT(2) 
PARAMETRIC_REPRESENTATION_CONTEXT() REPRESENTATION_CONTEXT('2D SPACE',''
  ) );
#3162 = PCURVE('',#2666,#3163);
#3163 = DEFINITIONAL_REPRESENTATION('',(#3164),#3168);
#3164 = LINE('',#3165,#3166);
#3165 = CARTESIAN_POINT('',(4.,0.));
#3166 = VECTOR('',#3167,1.);
#3167 = DIRECTION('',(0.,-1.));
#3168 = ( GEOMETRIC_REPRESENTATION_CONTEXT(2) 
PARAMETRIC_REPRESENTATION_CONTEXT() REPRESENTATION_CONTEXT('2D SPACE',''
  ) );
#3169 = ORIENTED_EDGE('',*,*,#3170,.T.);
#3170 = EDGE_CURVE('',#3146,#3171,#3173,.T.);
#3171 = VERTEX_POINT('',#3172);
#3172 = CARTESIAN_POINT('',(-44.,-74.,28.0000001));
#3173 = SURFACE_CURVE('',#3174,(#3179,#3186),.PCURVE_S1.);
#3174 = CIRCLE('',#3175,3.);
#3175 = AXIS2_PLACEMENT_3D('',#3176,#3177,#3178);
#3176 = CARTESIAN_POINT('',(-44.,-71.,28.0000001));
#3177 = DIRECTION('',(0.,0.,1.));
#3178 = DIRECTION('',(0.,-1.,0.));
#3179 = PCURVE('',#440,#3180);
#3180 = DEFINITIONAL_REPRESENTATION('',(#3181),#3185);
#3181 = CIRCLE('',#3182,3.);
#3182 = AXIS2_PLACEMENT_2D('',#3183,#3184);
#3183 = CARTESIAN_POINT('',(3.,3.));
#3184 = DIRECTION('',(0.,-1.));
#3185 = ( GEOMETRIC_REPRESENTATION_CONTEXT(2) 
PARAMETRIC_REPRESENTATION_CONTEXT() REPRESENTATION_CONTEXT('2D SPACE',''
  ) );
#3186 = PCURVE('',#2695,#3187);
#3187 = DEFINITIONAL_REPRESENTATION('',(#3188),#3192);
#3188 = LINE('',#3189,#3190);
#3189 = CARTESIAN_POINT('',(-4.712388980385,4.));
#3190 = VECTOR('',#3191,1.);
#3191 = DIRECTION('',(1.,0.));
#3192 = ( GEOMETRIC_REPRESENTATION_CONTEXT(2) 
PARAMETRIC_REPRESENTATION_CONTEXT() REPRESENTATION_CONTEXT('2D SPACE',''
  ) );
#3193 = ORIENTED_EDGE('',*,*,#3194,.T.);
#3194 = EDGE_CURVE('',#3171,#421,#3195,.T.);
#3195 = SURFACE_CURVE('',#3196,(#3200,#3207),.PCURVE_S1.);
#3196 = LINE('',#3197,#3198);
#3197 = CARTESIAN_POINT('',(-47.,-74.,28.0000001));
#3198 = VECTOR('',#3199,1.);
#3199 = DIRECTION('',(1.,0.,0.));
#3200 = PCURVE('',#440,#3201);
#3201 = DEFINITIONAL_REPRESENTATION('',(#3202),#3206);
#3202 = LINE('',#3203,#3204);
#3203 = CARTESIAN_POINT('',(0.,0.));
#3204 = VECTOR('',#3205,1.);
#3205 = DIRECTION('',(1.,0.));
#3206 = ( GEOMETRIC_REPRESENTATION_CONTEXT(2) 
PARAMETRIC_REPRESENTATION_CONTEXT() REPRESENTATION_CONTEXT('2D SPACE',''
  ) );
#3207 = PCURVE('',#474,#3208);
#3208 = DEFINITIONAL_REPRESENTATION('',(#3209),#3213);
#3209 = LINE('',#3210,#3211);
#3210 = CARTESIAN_POINT('',(4.,0.));
#3211 = VECTOR('',#3212,1.);
#3212 = DIRECTION('',(0.,1.));
#3213 = ( GEOMETRIC_REPRESENTATION_CONTEXT(2) 
PARAMETRIC_REPRESENTATION_CONTEXT() REPRESENTATION_CONTEXT('2D SPACE',''
  ) );
#3214 = ORIENTED_EDGE('',*,*,#420,.F.);
#3215 = ORIENTED_EDGE('',*,*,#3120,.F.);
#3216 = ORIENTED_EDGE('',*,*,#3217,.F.);
#3217 = EDGE_CURVE('',#3148,#3098,#3218,.T.);
#3218 = SURFACE_CURVE('',#3219,(#3224,#3235),.PCURVE_S1.);
#3219 = CIRCLE('',#3220,3.);
#3220 = AXIS2_PLACEMENT_3D('',#3221,#3222,#3223);
#3221 = CARTESIAN_POINT('',(-44.,-49.,28.0000001));
#3222 = DIRECTION('',(-0.,-0.,-1.));
#3223 = DIRECTION('',(0.,-1.,0.));
#3224 = PCURVE('',#440,#3225);
#3225 = DEFINITIONAL_REPRESENTATION('',(#3226),#3234);
#3226 = ( BOUNDED_CURVE() B_SPLINE_CURVE(2,(#3227,#3228,#3229,#3230,
#3231,#3232,#3233),.UNSPECIFIED.,.T.,.F.) B_SPLINE_CURVE_WITH_KNOTS((1,2
    ,2,2,2,1),(-2.094395102393,0.,2.094395102393,4.188790204786,
6.28318530718,8.377580409573),.UNSPECIFIED.) CURVE() 
GEOMETRIC_REPRESENTATION_ITEM() RATIONAL_B_SPLINE_CURVE((1.,0.5,1.,0.5,
1.,0.5,1.)) REPRESENTATION_ITEM('') );
#3227 = CARTESIAN_POINT('',(3.,22.));
#3228 = CARTESIAN_POINT('',(-2.196152422707,22.));
#3229 = CARTESIAN_POINT('',(0.401923788647,26.5));
#3230 = CARTESIAN_POINT('',(3.,31.));
#3231 = CARTESIAN_POINT('',(5.598076211353,26.5));
#3232 = CARTESIAN_POINT('',(8.196152422707,22.));
#3233 = CARTESIAN_POINT('',(3.,22.));
#3234 = ( GEOMETRIC_REPRESENTATION_CONTEXT(2) 
PARAMETRIC_REPRESENTATION_CONTEXT() REPRESENTATION_CONTEXT('2D SPACE',''
  ) );
#3235 = PCURVE('',#2638,#3236);
#3236 = DEFINITIONAL_REPRESENTATION('',(#3237),#3241);
#3237 = LINE('',#3238,#3239);
#3238 = CARTESIAN_POINT('',(7.853981633975,4.));
#3239 = VECTOR('',#3240,1.);
#3240 = DIRECTION('',(-1.,0.));
#3241 = ( GEOMETRIC_REPRESENTATION_CONTEXT(2) 
PARAMETRIC_REPRESENTATION_CONTEXT() REPRESENTATION_CONTEXT('2D SPACE',''
  ) );
#3242 = FACE_BOUND('',#3243,.T.);
#3243 = EDGE_LOOP('',(#3244,#3269,#3292,#3315));
#3244 = ORIENTED_EDGE('',*,*,#3245,.T.);
#3245 = EDGE_CURVE('',#3246,#3248,#3250,.T.);
#3246 = VERTEX_POINT('',#3247);
#3247 = CARTESIAN_POINT('',(-40.25,-71.,28.0000001));
#3248 = VERTEX_POINT('',#3249);
#3249 = CARTESIAN_POINT('',(-43.75,-71.,28.0000001));
#3250 = SURFACE_CURVE('',#3251,(#3255,#3262),.PCURVE_S1.);
#3251 = LINE('',#3252,#3253);
#3252 = CARTESIAN_POINT('',(-45.375,-71.,28.0000001));
#3253 = VECTOR('',#3254,1.);
#3254 = DIRECTION('',(-1.,0.,0.));
#3255 = PCURVE('',#440,#3256);
#3256 = DEFINITIONAL_REPRESENTATION('',(#3257),#3261);
#3257 = LINE('',#3258,#3259);
#3258 = CARTESIAN_POINT('',(1.625,3.));
#3259 = VECTOR('',#3260,1.);
#3260 = DIRECTION('',(-1.,0.));
#3261 = ( GEOMETRIC_REPRESENTATION_CONTEXT(2) 
PARAMETRIC_REPRESENTATION_CONTEXT() REPRESENTATION_CONTEXT('2D SPACE',''
  ) );
#3262 = PCURVE('',#3055,#3263);
#3263 = DEFINITIONAL_REPRESENTATION('',(#3264),#3268);
#3264 = LINE('',#3265,#3266);
#3265 = CARTESIAN_POINT('',(6.,-1.625));
#3266 = VECTOR('',#3267,1.);
#3267 = DIRECTION('',(0.,-1.));
#3268 = ( GEOMETRIC_REPRESENTATION_CONTEXT(2) 
PARAMETRIC_REPRESENTATION_CONTEXT() REPRESENTATION_CONTEXT('2D SPACE',''
  ) );
#3269 = ORIENTED_EDGE('',*,*,#3270,.T.);
#3270 = EDGE_CURVE('',#3248,#3271,#3273,.T.);
#3271 = VERTEX_POINT('',#3272);
#3272 = CARTESIAN_POINT('',(-43.75,-49.,28.0000001));
#3273 = SURFACE_CURVE('',#3274,(#3278,#3285),.PCURVE_S1.);
#3274 = LINE('',#3275,#3276);
#3275 = CARTESIAN_POINT('',(-43.75,-72.5,28.0000001));
#3276 = VECTOR('',#3277,1.);
#3277 = DIRECTION('',(0.,1.,0.));
#3278 = PCURVE('',#440,#3279);
#3279 = DEFINITIONAL_REPRESENTATION('',(#3280),#3284);
#3280 = LINE('',#3281,#3282);
#3281 = CARTESIAN_POINT('',(3.25,1.5));
#3282 = VECTOR('',#3283,1.);
#3283 = DIRECTION('',(0.,1.));
#3284 = ( GEOMETRIC_REPRESENTATION_CONTEXT(2) 
PARAMETRIC_REPRESENTATION_CONTEXT() REPRESENTATION_CONTEXT('2D SPACE',''
  ) );
#3285 = PCURVE('',#3081,#3286);
#3286 = DEFINITIONAL_REPRESENTATION('',(#3287),#3291);
#3287 = LINE('',#3288,#3289);
#3288 = CARTESIAN_POINT('',(6.,1.5));
#3289 = VECTOR('',#3290,1.);
#3290 = DIRECTION('',(0.,-1.));
#3291 = ( GEOMETRIC_REPRESENTATION_CONTEXT(2) 
PARAMETRIC_REPRESENTATION_CONTEXT() REPRESENTATION_CONTEXT('2D SPACE',''
  ) );
#3292 = ORIENTED_EDGE('',*,*,#3293,.F.);
#3293 = EDGE_CURVE('',#3294,#3271,#3296,.T.);
#3294 = VERTEX_POINT('',#3295);
#3295 = CARTESIAN_POINT('',(-40.25,-49.,28.0000001));
#3296 = SURFACE_CURVE('',#3297,(#3301,#3308),.PCURVE_S1.);
#3297 = LINE('',#3298,#3299);
#3298 = CARTESIAN_POINT('',(-45.375,-49.,28.0000001));
#3299 = VECTOR('',#3300,1.);
#3300 = DIRECTION('',(-1.,0.,0.));
#3301 = PCURVE('',#440,#3302);
#3302 = DEFINITIONAL_REPRESENTATION('',(#3303),#3307);
#3303 = LINE('',#3304,#3305);
#3304 = CARTESIAN_POINT('',(1.625,25.));
#3305 = VECTOR('',#3306,1.);
#3306 = DIRECTION('',(-1.,0.));
#3307 = ( GEOMETRIC_REPRESENTATION_CONTEXT(2) 
PARAMETRIC_REPRESENTATION_CONTEXT() REPRESENTATION_CONTEXT('2D SPACE',''
  ) );
#3308 = PCURVE('',#2999,#3309);
#3309 = DEFINITIONAL_REPRESENTATION('',(#3310),#3314);
#3310 = LINE('',#3311,#3312);
#3311 = CARTESIAN_POINT('',(6.,-1.625));
#3312 = VECTOR('',#3313,1.);
#3313 = DIRECTION('',(0.,-1.));
#3314 = ( GEOMETRIC_REPRESENTATION_CONTEXT(2) 
PARAMETRIC_REPRESENTATION_CONTEXT() REPRESENTATION_CONTEXT('2D SPACE',''
  ) );
#3315 = ORIENTED_EDGE('',*,*,#3316,.F.);
#3316 = EDGE_CURVE('',#3246,#3294,#3317,.T.);
#3317 = SURFACE_CURVE('',#3318,(#3322,#3329),.PCURVE_S1.);
#3318 = LINE('',#3319,#3320);
#3319 = CARTESIAN_POINT('',(-40.25,-72.5,28.0000001));
#3320 = VECTOR('',#3321,1.);
#3321 = DIRECTION('',(0.,1.,0.));
#3322 = PCURVE('',#440,#3323);
#3323 = DEFINITIONAL_REPRESENTATION('',(#3324),#3328);
#3324 = LINE('',#3325,#3326);
#3325 = CARTESIAN_POINT('',(6.75,1.5));
#3326 = VECTOR('',#3327,1.);
#3327 = DIRECTION('',(0.,1.));
#3328 = ( GEOMETRIC_REPRESENTATION_CONTEXT(2) 
PARAMETRIC_REPRESENTATION_CONTEXT() REPRESENTATION_CONTEXT('2D SPACE',''
  ) );
#3329 = PCURVE('',#3027,#3330);
#3330 = DEFINITIONAL_REPRESENTATION('',(#3331),#3335);
#3331 = LINE('',#3332,#3333);
#3332 = CARTESIAN_POINT('',(6.,1.5));
#3333 = VECTOR('',#3334,1.);
#3334 = DIRECTION('',(0.,-1.));
#3335 = ( GEOMETRIC_REPRESENTATION_CONTEXT(2) 
PARAMETRIC_REPRESENTATION_CONTEXT() REPRESENTATION_CONTEXT('2D SPACE',''
  ) );
#3336 = ADVANCED_FACE('',(#3337),#474,.F.);
#3337 = FACE_BOUND('',#3338,.F.);
#3338 = EDGE_LOOP('',(#3339,#3340,#3361,#3362));
#3339 = ORIENTED_EDGE('',*,*,#2707,.F.);
#3340 = ORIENTED_EDGE('',*,*,#3341,.T.);
#3341 = EDGE_CURVE('',#2679,#3171,#3342,.T.);
#3342 = SURFACE_CURVE('',#3343,(#3347,#3354),.PCURVE_S1.);
#3343 = LINE('',#3344,#3345);
#3344 = CARTESIAN_POINT('',(-44.,-74.,24.0000001));
#3345 = VECTOR('',#3346,1.);
#3346 = DIRECTION('',(0.,0.,1.));
#3347 = PCURVE('',#474,#3348);
#3348 = DEFINITIONAL_REPRESENTATION('',(#3349),#3353);
#3349 = LINE('',#3350,#3351);
#3350 = CARTESIAN_POINT('',(0.,3.));
#3351 = VECTOR('',#3352,1.);
#3352 = DIRECTION('',(1.,0.));
#3353 = ( GEOMETRIC_REPRESENTATION_CONTEXT(2) 
PARAMETRIC_REPRESENTATION_CONTEXT() REPRESENTATION_CONTEXT('2D SPACE',''
  ) );
#3354 = PCURVE('',#2695,#3355);
#3355 = DEFINITIONAL_REPRESENTATION('',(#3356),#3360);
#3356 = LINE('',#3357,#3358);
#3357 = CARTESIAN_POINT('',(1.570796326795,0.));
#3358 = VECTOR('',#3359,1.);
#3359 = DIRECTION('',(0.,1.));
#3360 = ( GEOMETRIC_REPRESENTATION_CONTEXT(2) 
PARAMETRIC_REPRESENTATION_CONTEXT() REPRESENTATION_CONTEXT('2D SPACE',''
  ) );
#3361 = ORIENTED_EDGE('',*,*,#3194,.T.);
#3362 = ORIENTED_EDGE('',*,*,#454,.F.);
#3363 = ADVANCED_FACE('',(#3364),#564,.T.);
#3364 = FACE_BOUND('',#3365,.T.);
#3365 = EDGE_LOOP('',(#3366,#3367,#3390,#3411));
#3366 = ORIENTED_EDGE('',*,*,#2729,.F.);
#3367 = ORIENTED_EDGE('',*,*,#3368,.T.);
#3368 = EDGE_CURVE('',#2730,#3369,#3371,.T.);
#3369 = VERTEX_POINT('',#3370);
#3370 = CARTESIAN_POINT('',(-44.,-126.,28.0000001));
#3371 = SURFACE_CURVE('',#3372,(#3376,#3383),.PCURVE_S1.);
#3372 = LINE('',#3373,#3374);
#3373 = CARTESIAN_POINT('',(-44.,-126.,24.0000001));
#3374 = VECTOR('',#3375,1.);
#3375 = DIRECTION('',(0.,0.,1.));
#3376 = PCURVE('',#564,#3377);
#3377 = DEFINITIONAL_REPRESENTATION('',(#3378),#3382);
#3378 = LINE('',#3379,#3380);
#3379 = CARTESIAN_POINT('',(0.,3.));
#3380 = VECTOR('',#3381,1.);
#3381 = DIRECTION('',(1.,0.));
#3382 = ( GEOMETRIC_REPRESENTATION_CONTEXT(2) 
PARAMETRIC_REPRESENTATION_CONTEXT() REPRESENTATION_CONTEXT('2D SPACE',''
  ) );
#3383 = PCURVE('',#2773,#3384);
#3384 = DEFINITIONAL_REPRESENTATION('',(#3385),#3389);
#3385 = LINE('',#3386,#3387);
#3386 = CARTESIAN_POINT('',(4.712388980385,0.));
#3387 = VECTOR('',#3388,1.);
#3388 = DIRECTION('',(-0.,1.));
#3389 = ( GEOMETRIC_REPRESENTATION_CONTEXT(2) 
PARAMETRIC_REPRESENTATION_CONTEXT() REPRESENTATION_CONTEXT('2D SPACE',''
  ) );
#3390 = ORIENTED_EDGE('',*,*,#3391,.T.);
#3391 = EDGE_CURVE('',#3369,#545,#3392,.T.);
#3392 = SURFACE_CURVE('',#3393,(#3397,#3404),.PCURVE_S1.);
#3393 = LINE('',#3394,#3395);
#3394 = CARTESIAN_POINT('',(-47.,-126.,28.0000001));
#3395 = VECTOR('',#3396,1.);
#3396 = DIRECTION('',(1.,0.,0.));
#3397 = PCURVE('',#564,#3398);
#3398 = DEFINITIONAL_REPRESENTATION('',(#3399),#3403);
#3399 = LINE('',#3400,#3401);
#3400 = CARTESIAN_POINT('',(4.,0.));
#3401 = VECTOR('',#3402,1.);
#3402 = DIRECTION('',(0.,1.));
#3403 = ( GEOMETRIC_REPRESENTATION_CONTEXT(2) 
PARAMETRIC_REPRESENTATION_CONTEXT() REPRESENTATION_CONTEXT('2D SPACE',''
  ) );
#3404 = PCURVE('',#598,#3405);
#3405 = DEFINITIONAL_REPRESENTATION('',(#3406),#3410);
#3406 = LINE('',#3407,#3408);
#3407 = CARTESIAN_POINT('',(0.,28.));
#3408 = VECTOR('',#3409,1.);
#3409 = DIRECTION('',(1.,0.));
#3410 = ( GEOMETRIC_REPRESENTATION_CONTEXT(2) 
PARAMETRIC_REPRESENTATION_CONTEXT() REPRESENTATION_CONTEXT('2D SPACE',''
  ) );
#3411 = ORIENTED_EDGE('',*,*,#544,.F.);
#3412 = ADVANCED_FACE('',(#3413,#3513),#598,.T.);
#3413 = FACE_BOUND('',#3414,.T.);
#3414 = EDGE_LOOP('',(#3415,#3440,#3464,#3485,#3486,#3487));
#3415 = ORIENTED_EDGE('',*,*,#3416,.F.);
#3416 = EDGE_CURVE('',#3417,#3419,#3421,.T.);
#3417 = VERTEX_POINT('',#3418);
#3418 = CARTESIAN_POINT('',(-47.,-151.,28.0000001));
#3419 = VERTEX_POINT('',#3420);
#3420 = CARTESIAN_POINT('',(-47.,-129.,28.0000001));
#3421 = SURFACE_CURVE('',#3422,(#3426,#3433),.PCURVE_S1.);
#3422 = LINE('',#3423,#3424);
#3423 = CARTESIAN_POINT('',(-47.,-154.,28.0000001));
#3424 = VECTOR('',#3425,1.);
#3425 = DIRECTION('',(0.,1.,0.));
#3426 = PCURVE('',#598,#3427);
#3427 = DEFINITIONAL_REPRESENTATION('',(#3428),#3432);
#3428 = LINE('',#3429,#3430);
#3429 = CARTESIAN_POINT('',(0.,0.));
#3430 = VECTOR('',#3431,1.);
#3431 = DIRECTION('',(0.,1.));
#3432 = ( GEOMETRIC_REPRESENTATION_CONTEXT(2) 
PARAMETRIC_REPRESENTATION_CONTEXT() REPRESENTATION_CONTEXT('2D SPACE',''
  ) );
#3433 = PCURVE('',#2801,#3434);
#3434 = DEFINITIONAL_REPRESENTATION('',(#3435),#3439);
#3435 = LINE('',#3436,#3437);
#3436 = CARTESIAN_POINT('',(4.,0.));
#3437 = VECTOR('',#3438,1.);
#3438 = DIRECTION('',(0.,-1.));
#3439 = ( GEOMETRIC_REPRESENTATION_CONTEXT(2) 
PARAMETRIC_REPRESENTATION_CONTEXT() REPRESENTATION_CONTEXT('2D SPACE',''
  ) );
#3440 = ORIENTED_EDGE('',*,*,#3441,.T.);
#3441 = EDGE_CURVE('',#3417,#3442,#3444,.T.);
#3442 = VERTEX_POINT('',#3443);
#3443 = CARTESIAN_POINT('',(-44.,-154.,28.0000001));
#3444 = SURFACE_CURVE('',#3445,(#3450,#3457),.PCURVE_S1.);
#3445 = CIRCLE('',#3446,3.);
#3446 = AXIS2_PLACEMENT_3D('',#3447,#3448,#3449);
#3447 = CARTESIAN_POINT('',(-44.,-151.,28.0000001));
#3448 = DIRECTION('',(0.,0.,1.));
#3449 = DIRECTION('',(0.,-1.,0.));
#3450 = PCURVE('',#598,#3451);
#3451 = DEFINITIONAL_REPRESENTATION('',(#3452),#3456);
#3452 = CIRCLE('',#3453,3.);
#3453 = AXIS2_PLACEMENT_2D('',#3454,#3455);
#3454 = CARTESIAN_POINT('',(3.,3.));
#3455 = DIRECTION('',(0.,-1.));
#3456 = ( GEOMETRIC_REPRESENTATION_CONTEXT(2) 
PARAMETRIC_REPRESENTATION_CONTEXT() REPRESENTATION_CONTEXT('2D SPACE',''
  ) );
#3457 = PCURVE('',#2830,#3458);
#3458 = DEFINITIONAL_REPRESENTATION('',(#3459),#3463);
#3459 = LINE('',#3460,#3461);
#3460 = CARTESIAN_POINT('',(-4.712388980385,4.));
#3461 = VECTOR('',#3462,1.);
#3462 = DIRECTION('',(1.,0.));
#3463 = ( GEOMETRIC_REPRESENTATION_CONTEXT(2) 
PARAMETRIC_REPRESENTATION_CONTEXT() REPRESENTATION_CONTEXT('2D SPACE',''
  ) );
#3464 = ORIENTED_EDGE('',*,*,#3465,.T.);
#3465 = EDGE_CURVE('',#3442,#579,#3466,.T.);
#3466 = SURFACE_CURVE('',#3467,(#3471,#3478),.PCURVE_S1.);
#3467 = LINE('',#3468,#3469);
#3468 = CARTESIAN_POINT('',(-47.,-154.,28.0000001));
#3469 = VECTOR('',#3470,1.);
#3470 = DIRECTION('',(1.,0.,0.));
#3471 = PCURVE('',#598,#3472);
#3472 = DEFINITIONAL_REPRESENTATION('',(#3473),#3477);
#3473 = LINE('',#3474,#3475);
#3474 = CARTESIAN_POINT('',(0.,0.));
#3475 = VECTOR('',#3476,1.);
#3476 = DIRECTION('',(1.,0.));
#3477 = ( GEOMETRIC_REPRESENTATION_CONTEXT(2) 
PARAMETRIC_REPRESENTATION_CONTEXT() REPRESENTATION_CONTEXT('2D SPACE',''
  ) );
#3478 = PCURVE('',#632,#3479);
#3479 = DEFINITIONAL_REPRESENTATION('',(#3480),#3484);
#3480 = LINE('',#3481,#3482);
#3481 = CARTESIAN_POINT('',(4.,0.));
#3482 = VECTOR('',#3483,1.);
#3483 = DIRECTION('',(0.,1.));
#3484 = ( GEOMETRIC_REPRESENTATION_CONTEXT(2) 
PARAMETRIC_REPRESENTATION_CONTEXT() REPRESENTATION_CONTEXT('2D SPACE',''
  ) );
#3485 = ORIENTED_EDGE('',*,*,#578,.F.);
#3486 = ORIENTED_EDGE('',*,*,#3391,.F.);
#3487 = ORIENTED_EDGE('',*,*,#3488,.F.);
#3488 = EDGE_CURVE('',#3419,#3369,#3489,.T.);
#3489 = SURFACE_CURVE('',#3490,(#3495,#3506),.PCURVE_S1.);
#3490 = CIRCLE('',#3491,3.);
#3491 = AXIS2_PLACEMENT_3D('',#3492,#3493,#3494);
#3492 = CARTESIAN_POINT('',(-44.,-129.,28.0000001));
#3493 = DIRECTION('',(-0.,-0.,-1.));
#3494 = DIRECTION('',(0.,-1.,0.));
#3495 = PCURVE('',#598,#3496);
#3496 = DEFINITIONAL_REPRESENTATION('',(#3497),#3505);
#3497 = ( BOUNDED_CURVE() B_SPLINE_CURVE(2,(#3498,#3499,#3500,#3501,
#3502,#3503,#3504),.UNSPECIFIED.,.T.,.F.) B_SPLINE_CURVE_WITH_KNOTS((1,2
    ,2,2,2,1),(-2.094395102393,0.,2.094395102393,4.188790204786,
6.28318530718,8.377580409573),.UNSPECIFIED.) CURVE() 
GEOMETRIC_REPRESENTATION_ITEM() RATIONAL_B_SPLINE_CURVE((1.,0.5,1.,0.5,
1.,0.5,1.)) REPRESENTATION_ITEM('') );
#3498 = CARTESIAN_POINT('',(3.,22.));
#3499 = CARTESIAN_POINT('',(-2.196152422707,22.));
#3500 = CARTESIAN_POINT('',(0.401923788647,26.5));
#3501 = CARTESIAN_POINT('',(3.,31.));
#3502 = CARTESIAN_POINT('',(5.598076211353,26.5));
#3503 = CARTESIAN_POINT('',(8.196152422707,22.));
#3504 = CARTESIAN_POINT('',(3.,22.));
#3505 = ( GEOMETRIC_REPRESENTATION_CONTEXT(2) 
PARAMETRIC_REPRESENTATION_CONTEXT() REPRESENTATION_CONTEXT('2D SPACE',''
  ) );
#3506 = PCURVE('',#2773,#3507);
#3507 = DEFINITIONAL_REPRESENTATION('',(#3508),#3512);
#3508 = LINE('',#3509,#3510);
#3509 = CARTESIAN_POINT('',(7.853981633975,4.));
#3510 = VECTOR('',#3511,1.);
#3511 = DIRECTION('',(-1.,0.));
#3512 = ( GEOMETRIC_REPRESENTATION_CONTEXT(2) 
PARAMETRIC_REPRESENTATION_CONTEXT() REPRESENTATION_CONTEXT('2D SPACE',''
  ) );
#3513 = FACE_BOUND('',#3514,.T.);
#3514 = EDGE_LOOP('',(#3515,#3540,#3563,#3586));
#3515 = ORIENTED_EDGE('',*,*,#3516,.T.);
#3516 = EDGE_CURVE('',#3517,#3519,#3521,.T.);
#3517 = VERTEX_POINT('',#3518);
#3518 = CARTESIAN_POINT('',(-40.25,-151.,28.0000001));
#3519 = VERTEX_POINT('',#3520);
#3520 = CARTESIAN_POINT('',(-43.75,-151.,28.0000001));
#3521 = SURFACE_CURVE('',#3522,(#3526,#3533),.PCURVE_S1.);
#3522 = LINE('',#3523,#3524);
#3523 = CARTESIAN_POINT('',(-45.375,-151.,28.0000001));
#3524 = VECTOR('',#3525,1.);
#3525 = DIRECTION('',(-1.,0.,0.));
#3526 = PCURVE('',#598,#3527);
#3527 = DEFINITIONAL_REPRESENTATION('',(#3528),#3532);
#3528 = LINE('',#3529,#3530);
#3529 = CARTESIAN_POINT('',(1.625,3.));
#3530 = VECTOR('',#3531,1.);
#3531 = DIRECTION('',(-1.,0.));
#3532 = ( GEOMETRIC_REPRESENTATION_CONTEXT(2) 
PARAMETRIC_REPRESENTATION_CONTEXT() REPRESENTATION_CONTEXT('2D SPACE',''
  ) );
#3533 = PCURVE('',#2885,#3534);
#3534 = DEFINITIONAL_REPRESENTATION('',(#3535),#3539);
#3535 = LINE('',#3536,#3537);
#3536 = CARTESIAN_POINT('',(6.,-1.625));
#3537 = VECTOR('',#3538,1.);
#3538 = DIRECTION('',(0.,-1.));
#3539 = ( GEOMETRIC_REPRESENTATION_CONTEXT(2) 
PARAMETRIC_REPRESENTATION_CONTEXT() REPRESENTATION_CONTEXT('2D SPACE',''
  ) );
#3540 = ORIENTED_EDGE('',*,*,#3541,.T.);
#3541 = EDGE_CURVE('',#3519,#3542,#3544,.T.);
#3542 = VERTEX_POINT('',#3543);
#3543 = CARTESIAN_POINT('',(-43.75,-129.,28.0000001));
#3544 = SURFACE_CURVE('',#3545,(#3549,#3556),.PCURVE_S1.);
#3545 = LINE('',#3546,#3547);
#3546 = CARTESIAN_POINT('',(-43.75,-152.5,28.0000001));
#3547 = VECTOR('',#3548,1.);
#3548 = DIRECTION('',(0.,1.,0.));
#3549 = PCURVE('',#598,#3550);
#3550 = DEFINITIONAL_REPRESENTATION('',(#3551),#3555);
#3551 = LINE('',#3552,#3553);
#3552 = CARTESIAN_POINT('',(3.25,1.5));
#3553 = VECTOR('',#3554,1.);
#3554 = DIRECTION('',(0.,1.));
#3555 = ( GEOMETRIC_REPRESENTATION_CONTEXT(2) 
PARAMETRIC_REPRESENTATION_CONTEXT() REPRESENTATION_CONTEXT('2D SPACE',''
  ) );
#3556 = PCURVE('',#2913,#3557);
#3557 = DEFINITIONAL_REPRESENTATION('',(#3558),#3562);
#3558 = LINE('',#3559,#3560);
#3559 = CARTESIAN_POINT('',(6.,1.5));
#3560 = VECTOR('',#3561,1.);
#3561 = DIRECTION('',(0.,-1.));
#3562 = ( GEOMETRIC_REPRESENTATION_CONTEXT(2) 
PARAMETRIC_REPRESENTATION_CONTEXT() REPRESENTATION_CONTEXT('2D SPACE',''
  ) );
#3563 = ORIENTED_EDGE('',*,*,#3564,.F.);
#3564 = EDGE_CURVE('',#3565,#3542,#3567,.T.);
#3565 = VERTEX_POINT('',#3566);
#3566 = CARTESIAN_POINT('',(-40.25,-129.,28.0000001));
#3567 = SURFACE_CURVE('',#3568,(#3572,#3579),.PCURVE_S1.);
#3568 = LINE('',#3569,#3570);
#3569 = CARTESIAN_POINT('',(-45.375,-129.,28.0000001));
#3570 = VECTOR('',#3571,1.);
#3571 = DIRECTION('',(-1.,0.,0.));
#3572 = PCURVE('',#598,#3573);
#3573 = DEFINITIONAL_REPRESENTATION('',(#3574),#3578);
#3574 = LINE('',#3575,#3576);
#3575 = CARTESIAN_POINT('',(1.625,25.));
#3576 = VECTOR('',#3577,1.);
#3577 = DIRECTION('',(-1.,0.));
#3578 = ( GEOMETRIC_REPRESENTATION_CONTEXT(2) 
PARAMETRIC_REPRESENTATION_CONTEXT() REPRESENTATION_CONTEXT('2D SPACE',''
  ) );
#3579 = PCURVE('',#2941,#3580);
#3580 = DEFINITIONAL_REPRESENTATION('',(#3581),#3585);
#3581 = LINE('',#3582,#3583);
#3582 = CARTESIAN_POINT('',(6.,-1.625));
#3583 = VECTOR('',#3584,1.);
#3584 = DIRECTION('',(0.,-1.));
#3585 = ( GEOMETRIC_REPRESENTATION_CONTEXT(2) 
PARAMETRIC_REPRESENTATION_CONTEXT() REPRESENTATION_CONTEXT('2D SPACE',''
  ) );
#3586 = ORIENTED_EDGE('',*,*,#3587,.F.);
#3587 = EDGE_CURVE('',#3517,#3565,#3588,.T.);
#3588 = SURFACE_CURVE('',#3589,(#3593,#3600),.PCURVE_S1.);
#3589 = LINE('',#3590,#3591);
#3590 = CARTESIAN_POINT('',(-40.25,-152.5,28.0000001));
#3591 = VECTOR('',#3592,1.);
#3592 = DIRECTION('',(0.,1.,0.));
#3593 = PCURVE('',#598,#3594);
#3594 = DEFINITIONAL_REPRESENTATION('',(#3595),#3599);
#3595 = LINE('',#3596,#3597);
#3596 = CARTESIAN_POINT('',(6.75,1.5));
#3597 = VECTOR('',#3598,1.);
#3598 = DIRECTION('',(0.,1.));
#3599 = ( GEOMETRIC_REPRESENTATION_CONTEXT(2) 
PARAMETRIC_REPRESENTATION_CONTEXT() REPRESENTATION_CONTEXT('2D SPACE',''
  ) );
#3600 = PCURVE('',#2967,#3601);
#3601 = DEFINITIONAL_REPRESENTATION('',(#3602),#3606);
#3602 = LINE('',#3603,#3604);
#3603 = CARTESIAN_POINT('',(6.,1.5));
#3604 = VECTOR('',#3605,1.);
#3605 = DIRECTION('',(0.,-1.));
#3606 = ( GEOMETRIC_REPRESENTATION_CONTEXT(2) 
PARAMETRIC_REPRESENTATION_CONTEXT() REPRESENTATION_CONTEXT('2D SPACE',''
  ) );
#3607 = ADVANCED_FACE('',(#3608),#632,.F.);
#3608 = FACE_BOUND('',#3609,.F.);
#3609 = EDGE_LOOP('',(#3610,#3611,#3632,#3633));
#3610 = ORIENTED_EDGE('',*,*,#2842,.F.);
#3611 = ORIENTED_EDGE('',*,*,#3612,.T.);
#3612 = EDGE_CURVE('',#2814,#3442,#3613,.T.);
#3613 = SURFACE_CURVE('',#3614,(#3618,#3625),.PCURVE_S1.);
#3614 = LINE('',#3615,#3616);
#3615 = CARTESIAN_POINT('',(-44.,-154.,24.0000001));
#3616 = VECTOR('',#3617,1.);
#3617 = DIRECTION('',(0.,0.,1.));
#3618 = PCURVE('',#632,#3619);
#3619 = DEFINITIONAL_REPRESENTATION('',(#3620),#3624);
#3620 = LINE('',#3621,#3622);
#3621 = CARTESIAN_POINT('',(0.,3.));
#3622 = VECTOR('',#3623,1.);
#3623 = DIRECTION('',(1.,0.));
#3624 = ( GEOMETRIC_REPRESENTATION_CONTEXT(2) 
PARAMETRIC_REPRESENTATION_CONTEXT() REPRESENTATION_CONTEXT('2D SPACE',''
  ) );
#3625 = PCURVE('',#2830,#3626);
#3626 = DEFINITIONAL_REPRESENTATION('',(#3627),#3631);
#3627 = LINE('',#3628,#3629);
#3628 = CARTESIAN_POINT('',(1.570796326795,0.));
#3629 = VECTOR('',#3630,1.);
#3630 = DIRECTION('',(0.,1.));
#3631 = ( GEOMETRIC_REPRESENTATION_CONTEXT(2) 
PARAMETRIC_REPRESENTATION_CONTEXT() REPRESENTATION_CONTEXT('2D SPACE',''
  ) );
#3632 = ORIENTED_EDGE('',*,*,#3465,.T.);
#3633 = ORIENTED_EDGE('',*,*,#612,.F.);
#3634 = ADVANCED_FACE('',(#3635),#754,.F.);
#3635 = FACE_BOUND('',#3636,.F.);
#3636 = EDGE_LOOP('',(#3637,#3660,#3661,#3684,#3712,#3740,#3768,#3796));
#3637 = ORIENTED_EDGE('',*,*,#3638,.F.);
#3638 = EDGE_CURVE('',#705,#3639,#3641,.T.);
#3639 = VERTEX_POINT('',#3640);
#3640 = CARTESIAN_POINT('',(-25.,-152.,68.0000001));
#3641 = SURFACE_CURVE('',#3642,(#3646,#3653),.PCURVE_S1.);
#3642 = LINE('',#3643,#3644);
#3643 = CARTESIAN_POINT('',(-25.,-152.,38.0000001));
#3644 = VECTOR('',#3645,1.);
#3645 = DIRECTION('',(0.,0.,1.));
#3646 = PCURVE('',#754,#3647);
#3647 = DEFINITIONAL_REPRESENTATION('',(#3648),#3652);
#3648 = LINE('',#3649,#3650);
#3649 = CARTESIAN_POINT('',(0.,0.));
#3650 = VECTOR('',#3651,1.);
#3651 = DIRECTION('',(1.,0.));
#3652 = ( GEOMETRIC_REPRESENTATION_CONTEXT(2) 
PARAMETRIC_REPRESENTATION_CONTEXT() REPRESENTATION_CONTEXT('2D SPACE',''
  ) );
#3653 = PCURVE('',#897,#3654);
#3654 = DEFINITIONAL_REPRESENTATION('',(#3655),#3659);
#3655 = LINE('',#3656,#3657);
#3656 = CARTESIAN_POINT('',(0.,0.));
#3657 = VECTOR('',#3658,1.);
#3658 = DIRECTION('',(1.,0.));
#3659 = ( GEOMETRIC_REPRESENTATION_CONTEXT(2) 
PARAMETRIC_REPRESENTATION_CONTEXT() REPRESENTATION_CONTEXT('2D SPACE',''
  ) );
#3660 = ORIENTED_EDGE('',*,*,#702,.F.);
#3661 = ORIENTED_EDGE('',*,*,#3662,.T.);
#3662 = EDGE_CURVE('',#703,#3663,#3665,.T.);
#3663 = VERTEX_POINT('',#3664);
#3664 = CARTESIAN_POINT('',(-25.,-38.,64.0000001));
#3665 = SURFACE_CURVE('',#3666,(#3670,#3677),.PCURVE_S1.);
#3666 = LINE('',#3667,#3668);
#3667 = CARTESIAN_POINT('',(-25.,-38.,38.0000001));
#3668 = VECTOR('',#3669,1.);
#3669 = DIRECTION('',(0.,0.,1.));
#3670 = PCURVE('',#754,#3671);
#3671 = DEFINITIONAL_REPRESENTATION('',(#3672),#3676);
#3672 = LINE('',#3673,#3674);
#3673 = CARTESIAN_POINT('',(0.,-114.));
#3674 = VECTOR('',#3675,1.);
#3675 = DIRECTION('',(1.,0.));
#3676 = ( GEOMETRIC_REPRESENTATION_CONTEXT(2) 
PARAMETRIC_REPRESENTATION_CONTEXT() REPRESENTATION_CONTEXT('2D SPACE',''
  ) );
#3677 = PCURVE('',#809,#3678);
#3678 = DEFINITIONAL_REPRESENTATION('',(#3679),#3683);
#3679 = LINE('',#3680,#3681);
#3680 = CARTESIAN_POINT('',(0.,0.));
#3681 = VECTOR('',#3682,1.);
#3682 = DIRECTION('',(1.,0.));
#3683 = ( GEOMETRIC_REPRESENTATION_CONTEXT(2) 
PARAMETRIC_REPRESENTATION_CONTEXT() REPRESENTATION_CONTEXT('2D SPACE',''
  ) );
#3684 = ORIENTED_EDGE('',*,*,#3685,.T.);
#3685 = EDGE_CURVE('',#3663,#3686,#3688,.T.);
#3686 = VERTEX_POINT('',#3687);
#3687 = CARTESIAN_POINT('',(-25.,-61.,64.0000001));
#3688 = SURFACE_CURVE('',#3689,(#3693,#3700),.PCURVE_S1.);
#3689 = LINE('',#3690,#3691);
#3690 = CARTESIAN_POINT('',(-25.,-106.5,64.0000001));
#3691 = VECTOR('',#3692,1.);
#3692 = DIRECTION('',(0.,-1.,0.));
#3693 = PCURVE('',#754,#3694);
#3694 = DEFINITIONAL_REPRESENTATION('',(#3695),#3699);
#3695 = LINE('',#3696,#3697);
#3696 = CARTESIAN_POINT('',(26.,-45.5));
#3697 = VECTOR('',#3698,1.);
#3698 = DIRECTION('',(0.,1.));
#3699 = ( GEOMETRIC_REPRESENTATION_CONTEXT(2) 
PARAMETRIC_REPRESENTATION_CONTEXT() REPRESENTATION_CONTEXT('2D SPACE',''
  ) );
#3700 = PCURVE('',#3701,#3706);
#3701 = PLANE('',#3702);
#3702 = AXIS2_PLACEMENT_3D('',#3703,#3704,#3705);
#3703 = CARTESIAN_POINT('',(-44.,-61.,64.0000001));
#3704 = DIRECTION('',(0.,0.,1.));
#3705 = DIRECTION('',(1.,0.,-0.));
#3706 = DEFINITIONAL_REPRESENTATION('',(#3707),#3711);
#3707 = LINE('',#3708,#3709);
#3708 = CARTESIAN_POINT('',(19.,-45.5));
#3709 = VECTOR('',#3710,1.);
#3710 = DIRECTION('',(0.,-1.));
#3711 = ( GEOMETRIC_REPRESENTATION_CONTEXT(2) 
PARAMETRIC_REPRESENTATION_CONTEXT() REPRESENTATION_CONTEXT('2D SPACE',''
  ) );
#3712 = ORIENTED_EDGE('',*,*,#3713,.T.);
#3713 = EDGE_CURVE('',#3686,#3714,#3716,.T.);
#3714 = VERTEX_POINT('',#3715);
#3715 = CARTESIAN_POINT('',(-25.,-61.,72.0000001));
#3716 = SURFACE_CURVE('',#3717,(#3721,#3728),.PCURVE_S1.);
#3717 = LINE('',#3718,#3719);
#3718 = CARTESIAN_POINT('',(-25.,-61.,51.0000001));
#3719 = VECTOR('',#3720,1.);
#3720 = DIRECTION('',(0.,0.,1.));
#3721 = PCURVE('',#754,#3722);
#3722 = DEFINITIONAL_REPRESENTATION('',(#3723),#3727);
#3723 = LINE('',#3724,#3725);
#3724 = CARTESIAN_POINT('',(13.,-91.));
#3725 = VECTOR('',#3726,1.);
#3726 = DIRECTION('',(1.,0.));
#3727 = ( GEOMETRIC_REPRESENTATION_CONTEXT(2) 
PARAMETRIC_REPRESENTATION_CONTEXT() REPRESENTATION_CONTEXT('2D SPACE',''
  ) );
#3728 = PCURVE('',#3729,#3734);
#3729 = PLANE('',#3730);
#3730 = AXIS2_PLACEMENT_3D('',#3731,#3732,#3733);
#3731 = CARTESIAN_POINT('',(-44.,-61.,64.0000001));
#3732 = DIRECTION('',(0.,1.,0.));
#3733 = DIRECTION('',(0.,-0.,1.));
#3734 = DEFINITIONAL_REPRESENTATION('',(#3735),#3739);
#3735 = LINE('',#3736,#3737);
#3736 = CARTESIAN_POINT('',(-13.,19.));
#3737 = VECTOR('',#3738,1.);
#3738 = DIRECTION('',(1.,0.));
#3739 = ( GEOMETRIC_REPRESENTATION_CONTEXT(2) 
PARAMETRIC_REPRESENTATION_CONTEXT() REPRESENTATION_CONTEXT('2D SPACE',''
  ) );
#3740 = ORIENTED_EDGE('',*,*,#3741,.F.);
#3741 = EDGE_CURVE('',#3742,#3714,#3744,.T.);
#3742 = VERTEX_POINT('',#3743);
#3743 = CARTESIAN_POINT('',(-25.,-124.,72.0000001));
#3744 = SURFACE_CURVE('',#3745,(#3749,#3756),.PCURVE_S1.);
#3745 = LINE('',#3746,#3747);
#3746 = CARTESIAN_POINT('',(-25.,-152.,72.0000001));
#3747 = VECTOR('',#3748,1.);
#3748 = DIRECTION('',(0.,1.,0.));
#3749 = PCURVE('',#754,#3750);
#3750 = DEFINITIONAL_REPRESENTATION('',(#3751),#3755);
#3751 = LINE('',#3752,#3753);
#3752 = CARTESIAN_POINT('',(34.,0.));
#3753 = VECTOR('',#3754,1.);
#3754 = DIRECTION('',(0.,-1.));
#3755 = ( GEOMETRIC_REPRESENTATION_CONTEXT(2) 
PARAMETRIC_REPRESENTATION_CONTEXT() REPRESENTATION_CONTEXT('2D SPACE',''
  ) );
#3756 = PCURVE('',#3757,#3762);
#3757 = PLANE('',#3758);
#3758 = AXIS2_PLACEMENT_3D('',#3759,#3760,#3761);
#3759 = CARTESIAN_POINT('',(-25.,-152.,72.0000001));
#3760 = DIRECTION('',(0.,0.,1.));
#3761 = DIRECTION('',(1.,0.,-0.));
#3762 = DEFINITIONAL_REPRESENTATION('',(#3763),#3767);
#3763 = LINE('',#3764,#3765);
#3764 = CARTESIAN_POINT('',(0.,0.));
#3765 = VECTOR('',#3766,1.);
#3766 = DIRECTION('',(0.,1.));
#3767 = ( GEOMETRIC_REPRESENTATION_CONTEXT(2) 
PARAMETRIC_REPRESENTATION_CONTEXT() REPRESENTATION_CONTEXT('2D SPACE',''
  ) );
#3768 = ORIENTED_EDGE('',*,*,#3769,.F.);
#3769 = EDGE_CURVE('',#3770,#3742,#3772,.T.);
#3770 = VERTEX_POINT('',#3771);
#3771 = CARTESIAN_POINT('',(-25.,-124.,68.0000001));
#3772 = SURFACE_CURVE('',#3773,(#3777,#3784),.PCURVE_S1.);
#3773 = LINE('',#3774,#3775);
#3774 = CARTESIAN_POINT('',(-25.,-124.,53.0000001));
#3775 = VECTOR('',#3776,1.);
#3776 = DIRECTION('',(0.,0.,1.));
#3777 = PCURVE('',#754,#3778);
#3778 = DEFINITIONAL_REPRESENTATION('',(#3779),#3783);
#3779 = LINE('',#3780,#3781);
#3780 = CARTESIAN_POINT('',(15.,-28.));
#3781 = VECTOR('',#3782,1.);
#3782 = DIRECTION('',(1.,0.));
#3783 = ( GEOMETRIC_REPRESENTATION_CONTEXT(2) 
PARAMETRIC_REPRESENTATION_CONTEXT() REPRESENTATION_CONTEXT('2D SPACE',''
  ) );
#3784 = PCURVE('',#3785,#3790);
#3785 = PLANE('',#3786);
#3786 = AXIS2_PLACEMENT_3D('',#3787,#3788,#3789);
#3787 = CARTESIAN_POINT('',(-44.,-124.,68.0000001));
#3788 = DIRECTION('',(0.,1.,0.));
#3789 = DIRECTION('',(0.,-0.,1.));
#3790 = DEFINITIONAL_REPRESENTATION('',(#3791),#3795);
#3791 = LINE('',#3792,#3793);
#3792 = CARTESIAN_POINT('',(-15.,19.));
#3793 = VECTOR('',#3794,1.);
#3794 = DIRECTION('',(1.,0.));
#3795 = ( GEOMETRIC_REPRESENTATION_CONTEXT(2) 
PARAMETRIC_REPRESENTATION_CONTEXT() REPRESENTATION_CONTEXT('2D SPACE',''
  ) );
#3796 = ORIENTED_EDGE('',*,*,#3797,.T.);
#3797 = EDGE_CURVE('',#3770,#3639,#3798,.T.);
#3798 = SURFACE_CURVE('',#3799,(#3803,#3810),.PCURVE_S1.);
#3799 = LINE('',#3800,#3801);
#3800 = CARTESIAN_POINT('',(-25.,-154.,68.0000001));
#3801 = VECTOR('',#3802,1.);
#3802 = DIRECTION('',(0.,-1.,0.));
#3803 = PCURVE('',#754,#3804);
#3804 = DEFINITIONAL_REPRESENTATION('',(#3805),#3809);
#3805 = LINE('',#3806,#3807);
#3806 = CARTESIAN_POINT('',(30.,2.));
#3807 = VECTOR('',#3808,1.);
#3808 = DIRECTION('',(0.,1.));
#3809 = ( GEOMETRIC_REPRESENTATION_CONTEXT(2) 
PARAMETRIC_REPRESENTATION_CONTEXT() REPRESENTATION_CONTEXT('2D SPACE',''
  ) );
#3810 = PCURVE('',#3811,#3816);
#3811 = PLANE('',#3812);
#3812 = AXIS2_PLACEMENT_3D('',#3813,#3814,#3815);
#3813 = CARTESIAN_POINT('',(-44.,-156.,68.0000001));
#3814 = DIRECTION('',(0.,0.,1.));
#3815 = DIRECTION('',(1.,0.,-0.));
#3816 = DEFINITIONAL_REPRESENTATION('',(#3817),#3821);
#3817 = LINE('',#3818,#3819);
#3818 = CARTESIAN_POINT('',(19.,2.));
#3819 = VECTOR('',#3820,1.);
#3820 = DIRECTION('',(0.,-1.));
#3821 = ( GEOMETRIC_REPRESENTATION_CONTEXT(2) 
PARAMETRIC_REPRESENTATION_CONTEXT() REPRESENTATION_CONTEXT('2D SPACE',''
  ) );
#3822 = ADVANCED_FACE('',(#3823),#809,.T.);
#3823 = FACE_BOUND('',#3824,.T.);
#3824 = EDGE_LOOP('',(#3825,#3848,#3849,#3850));
#3825 = ORIENTED_EDGE('',*,*,#3826,.F.);
#3826 = EDGE_CURVE('',#784,#3827,#3829,.T.);
#3827 = VERTEX_POINT('',#3828);
#3828 = CARTESIAN_POINT('',(-15.,-38.,64.0000001));
#3829 = SURFACE_CURVE('',#3830,(#3834,#3841),.PCURVE_S1.);
#3830 = LINE('',#3831,#3832);
#3831 = CARTESIAN_POINT('',(-15.,-38.,38.0000001));
#3832 = VECTOR('',#3833,1.);
#3833 = DIRECTION('',(0.,0.,1.));
#3834 = PCURVE('',#809,#3835);
#3835 = DEFINITIONAL_REPRESENTATION('',(#3836),#3840);
#3836 = LINE('',#3837,#3838);
#3837 = CARTESIAN_POINT('',(0.,10.));
#3838 = VECTOR('',#3839,1.);
#3839 = DIRECTION('',(1.,0.));
#3840 = ( GEOMETRIC_REPRESENTATION_CONTEXT(2) 
PARAMETRIC_REPRESENTATION_CONTEXT() REPRESENTATION_CONTEXT('2D SPACE',''
  ) );
#3841 = PCURVE('',#856,#3842);
#3842 = DEFINITIONAL_REPRESENTATION('',(#3843),#3847);
#3843 = LINE('',#3844,#3845);
#3844 = CARTESIAN_POINT('',(0.,-114.));
#3845 = VECTOR('',#3846,1.);
#3846 = DIRECTION('',(1.,0.));
#3847 = ( GEOMETRIC_REPRESENTATION_CONTEXT(2) 
PARAMETRIC_REPRESENTATION_CONTEXT() REPRESENTATION_CONTEXT('2D SPACE',''
  ) );
#3848 = ORIENTED_EDGE('',*,*,#783,.F.);
#3849 = ORIENTED_EDGE('',*,*,#3662,.T.);
#3850 = ORIENTED_EDGE('',*,*,#3851,.T.);
#3851 = EDGE_CURVE('',#3663,#3827,#3852,.T.);
#3852 = SURFACE_CURVE('',#3853,(#3857,#3864),.PCURVE_S1.);
#3853 = LINE('',#3854,#3855);
#3854 = CARTESIAN_POINT('',(-34.5,-38.,64.0000001));
#3855 = VECTOR('',#3856,1.);
#3856 = DIRECTION('',(1.,0.,0.));
#3857 = PCURVE('',#809,#3858);
#3858 = DEFINITIONAL_REPRESENTATION('',(#3859),#3863);
#3859 = LINE('',#3860,#3861);
#3860 = CARTESIAN_POINT('',(26.,-9.5));
#3861 = VECTOR('',#3862,1.);
#3862 = DIRECTION('',(0.,1.));
#3863 = ( GEOMETRIC_REPRESENTATION_CONTEXT(2) 
PARAMETRIC_REPRESENTATION_CONTEXT() REPRESENTATION_CONTEXT('2D SPACE',''
  ) );
#3864 = PCURVE('',#3701,#3865);
#3865 = DEFINITIONAL_REPRESENTATION('',(#3866),#3870);
#3866 = LINE('',#3867,#3868);
#3867 = CARTESIAN_POINT('',(9.5,23.));
#3868 = VECTOR('',#3869,1.);
#3869 = DIRECTION('',(1.,0.));
#3870 = ( GEOMETRIC_REPRESENTATION_CONTEXT(2) 
PARAMETRIC_REPRESENTATION_CONTEXT() REPRESENTATION_CONTEXT('2D SPACE',''
  ) );
#3871 = ADVANCED_FACE('',(#3872),#856,.T.);
#3872 = FACE_BOUND('',#3873,.T.);
#3873 = EDGE_LOOP('',(#3874,#3897,#3898,#3899,#3922,#3950,#3973,#4001));
#3874 = ORIENTED_EDGE('',*,*,#3875,.F.);
#3875 = EDGE_CURVE('',#827,#3876,#3878,.T.);
#3876 = VERTEX_POINT('',#3877);
#3877 = CARTESIAN_POINT('',(-15.,-152.,68.0000001));
#3878 = SURFACE_CURVE('',#3879,(#3883,#3890),.PCURVE_S1.);
#3879 = LINE('',#3880,#3881);
#3880 = CARTESIAN_POINT('',(-15.,-152.,38.0000001));
#3881 = VECTOR('',#3882,1.);
#3882 = DIRECTION('',(0.,0.,1.));
#3883 = PCURVE('',#856,#3884);
#3884 = DEFINITIONAL_REPRESENTATION('',(#3885),#3889);
#3885 = LINE('',#3886,#3887);
#3886 = CARTESIAN_POINT('',(0.,0.));
#3887 = VECTOR('',#3888,1.);
#3888 = DIRECTION('',(1.,0.));
#3889 = ( GEOMETRIC_REPRESENTATION_CONTEXT(2) 
PARAMETRIC_REPRESENTATION_CONTEXT() REPRESENTATION_CONTEXT('2D SPACE',''
  ) );
#3890 = PCURVE('',#897,#3891);
#3891 = DEFINITIONAL_REPRESENTATION('',(#3892),#3896);
#3892 = LINE('',#3893,#3894);
#3893 = CARTESIAN_POINT('',(0.,10.));
#3894 = VECTOR('',#3895,1.);
#3895 = DIRECTION('',(1.,0.));
#3896 = ( GEOMETRIC_REPRESENTATION_CONTEXT(2) 
PARAMETRIC_REPRESENTATION_CONTEXT() REPRESENTATION_CONTEXT('2D SPACE',''
  ) );
#3897 = ORIENTED_EDGE('',*,*,#826,.F.);
#3898 = ORIENTED_EDGE('',*,*,#3826,.T.);
#3899 = ORIENTED_EDGE('',*,*,#3900,.T.);
#3900 = EDGE_CURVE('',#3827,#3901,#3903,.T.);
#3901 = VERTEX_POINT('',#3902);
#3902 = CARTESIAN_POINT('',(-15.,-61.,64.0000001));
#3903 = SURFACE_CURVE('',#3904,(#3908,#3915),.PCURVE_S1.);
#3904 = LINE('',#3905,#3906);
#3905 = CARTESIAN_POINT('',(-15.,-106.5,64.0000001));
#3906 = VECTOR('',#3907,1.);
#3907 = DIRECTION('',(0.,-1.,0.));
#3908 = PCURVE('',#856,#3909);
#3909 = DEFINITIONAL_REPRESENTATION('',(#3910),#3914);
#3910 = LINE('',#3911,#3912);
#3911 = CARTESIAN_POINT('',(26.,-45.5));
#3912 = VECTOR('',#3913,1.);
#3913 = DIRECTION('',(0.,1.));
#3914 = ( GEOMETRIC_REPRESENTATION_CONTEXT(2) 
PARAMETRIC_REPRESENTATION_CONTEXT() REPRESENTATION_CONTEXT('2D SPACE',''
  ) );
#3915 = PCURVE('',#3701,#3916);
#3916 = DEFINITIONAL_REPRESENTATION('',(#3917),#3921);
#3917 = LINE('',#3918,#3919);
#3918 = CARTESIAN_POINT('',(29.,-45.5));
#3919 = VECTOR('',#3920,1.);
#3920 = DIRECTION('',(0.,-1.));
#3921 = ( GEOMETRIC_REPRESENTATION_CONTEXT(2) 
PARAMETRIC_REPRESENTATION_CONTEXT() REPRESENTATION_CONTEXT('2D SPACE',''
  ) );
#3922 = ORIENTED_EDGE('',*,*,#3923,.T.);
#3923 = EDGE_CURVE('',#3901,#3924,#3926,.T.);
#3924 = VERTEX_POINT('',#3925);
#3925 = CARTESIAN_POINT('',(-15.,-61.,72.0000001));
#3926 = SURFACE_CURVE('',#3927,(#3931,#3938),.PCURVE_S1.);
#3927 = LINE('',#3928,#3929);
#3928 = CARTESIAN_POINT('',(-15.,-61.,51.0000001));
#3929 = VECTOR('',#3930,1.);
#3930 = DIRECTION('',(0.,0.,1.));
#3931 = PCURVE('',#856,#3932);
#3932 = DEFINITIONAL_REPRESENTATION('',(#3933),#3937);
#3933 = LINE('',#3934,#3935);
#3934 = CARTESIAN_POINT('',(13.,-91.));
#3935 = VECTOR('',#3936,1.);
#3936 = DIRECTION('',(1.,0.));
#3937 = ( GEOMETRIC_REPRESENTATION_CONTEXT(2) 
PARAMETRIC_REPRESENTATION_CONTEXT() REPRESENTATION_CONTEXT('2D SPACE',''
  ) );
#3938 = PCURVE('',#3939,#3944);
#3939 = PLANE('',#3940);
#3940 = AXIS2_PLACEMENT_3D('',#3941,#3942,#3943);
#3941 = CARTESIAN_POINT('',(-44.,-61.,64.0000001));
#3942 = DIRECTION('',(0.,1.,0.));
#3943 = DIRECTION('',(0.,-0.,1.));
#3944 = DEFINITIONAL_REPRESENTATION('',(#3945),#3949);
#3945 = LINE('',#3946,#3947);
#3946 = CARTESIAN_POINT('',(-13.,29.));
#3947 = VECTOR('',#3948,1.);
#3948 = DIRECTION('',(1.,0.));
#3949 = ( GEOMETRIC_REPRESENTATION_CONTEXT(2) 
PARAMETRIC_REPRESENTATION_CONTEXT() REPRESENTATION_CONTEXT('2D SPACE',''
  ) );
#3950 = ORIENTED_EDGE('',*,*,#3951,.F.);
#3951 = EDGE_CURVE('',#3952,#3924,#3954,.T.);
#3952 = VERTEX_POINT('',#3953);
#3953 = CARTESIAN_POINT('',(-15.,-124.,72.0000001));
#3954 = SURFACE_CURVE('',#3955,(#3959,#3966),.PCURVE_S1.);
#3955 = LINE('',#3956,#3957);
#3956 = CARTESIAN_POINT('',(-15.,-152.,72.0000001));
#3957 = VECTOR('',#3958,1.);
#3958 = DIRECTION('',(0.,1.,0.));
#3959 = PCURVE('',#856,#3960);
#3960 = DEFINITIONAL_REPRESENTATION('',(#3961),#3965);
#3961 = LINE('',#3962,#3963);
#3962 = CARTESIAN_POINT('',(34.,0.));
#3963 = VECTOR('',#3964,1.);
#3964 = DIRECTION('',(0.,-1.));
#3965 = ( GEOMETRIC_REPRESENTATION_CONTEXT(2) 
PARAMETRIC_REPRESENTATION_CONTEXT() REPRESENTATION_CONTEXT('2D SPACE',''
  ) );
#3966 = PCURVE('',#3757,#3967);
#3967 = DEFINITIONAL_REPRESENTATION('',(#3968),#3972);
#3968 = LINE('',#3969,#3970);
#3969 = CARTESIAN_POINT('',(10.,0.));
#3970 = VECTOR('',#3971,1.);
#3971 = DIRECTION('',(0.,1.));
#3972 = ( GEOMETRIC_REPRESENTATION_CONTEXT(2) 
PARAMETRIC_REPRESENTATION_CONTEXT() REPRESENTATION_CONTEXT('2D SPACE',''
  ) );
#3973 = ORIENTED_EDGE('',*,*,#3974,.F.);
#3974 = EDGE_CURVE('',#3975,#3952,#3977,.T.);
#3975 = VERTEX_POINT('',#3976);
#3976 = CARTESIAN_POINT('',(-15.,-124.,68.0000001));
#3977 = SURFACE_CURVE('',#3978,(#3982,#3989),.PCURVE_S1.);
#3978 = LINE('',#3979,#3980);
#3979 = CARTESIAN_POINT('',(-15.,-124.,53.0000001));
#3980 = VECTOR('',#3981,1.);
#3981 = DIRECTION('',(0.,0.,1.));
#3982 = PCURVE('',#856,#3983);
#3983 = DEFINITIONAL_REPRESENTATION('',(#3984),#3988);
#3984 = LINE('',#3985,#3986);
#3985 = CARTESIAN_POINT('',(15.,-28.));
#3986 = VECTOR('',#3987,1.);
#3987 = DIRECTION('',(1.,0.));
#3988 = ( GEOMETRIC_REPRESENTATION_CONTEXT(2) 
PARAMETRIC_REPRESENTATION_CONTEXT() REPRESENTATION_CONTEXT('2D SPACE',''
  ) );
#3989 = PCURVE('',#3990,#3995);
#3990 = PLANE('',#3991);
#3991 = AXIS2_PLACEMENT_3D('',#3992,#3993,#3994);
#3992 = CARTESIAN_POINT('',(-44.,-124.,68.0000001));
#3993 = DIRECTION('',(0.,1.,0.));
#3994 = DIRECTION('',(0.,-0.,1.));
#3995 = DEFINITIONAL_REPRESENTATION('',(#3996),#4000);
#3996 = LINE('',#3997,#3998);
#3997 = CARTESIAN_POINT('',(-15.,29.));
#3998 = VECTOR('',#3999,1.);
#3999 = DIRECTION('',(1.,0.));
#4000 = ( GEOMETRIC_REPRESENTATION_CONTEXT(2) 
PARAMETRIC_REPRESENTATION_CONTEXT() REPRESENTATION_CONTEXT('2D SPACE',''
  ) );
#4001 = ORIENTED_EDGE('',*,*,#4002,.T.);
#4002 = EDGE_CURVE('',#3975,#3876,#4003,.T.);
#4003 = SURFACE_CURVE('',#4004,(#4008,#4015),.PCURVE_S1.);
#4004 = LINE('',#4005,#4006);
#4005 = CARTESIAN_POINT('',(-15.,-154.,68.0000001));
#4006 = VECTOR('',#4007,1.);
#4007 = DIRECTION('',(0.,-1.,0.));
#4008 = PCURVE('',#856,#4009);
#4009 = DEFINITIONAL_REPRESENTATION('',(#4010),#4014);
#4010 = LINE('',#4011,#4012);
#4011 = CARTESIAN_POINT('',(30.,2.));
#4012 = VECTOR('',#4013,1.);
#4013 = DIRECTION('',(0.,1.));
#4014 = ( GEOMETRIC_REPRESENTATION_CONTEXT(2) 
PARAMETRIC_REPRESENTATION_CONTEXT() REPRESENTATION_CONTEXT('2D SPACE',''
  ) );
#4015 = PCURVE('',#3811,#4016);
#4016 = DEFINITIONAL_REPRESENTATION('',(#4017),#4021);
#4017 = LINE('',#4018,#4019);
#4018 = CARTESIAN_POINT('',(29.,2.));
#4019 = VECTOR('',#4020,1.);
#4020 = DIRECTION('',(0.,-1.));
#4021 = ( GEOMETRIC_REPRESENTATION_CONTEXT(2) 
PARAMETRIC_REPRESENTATION_CONTEXT() REPRESENTATION_CONTEXT('2D SPACE',''
  ) );
#4022 = ADVANCED_FACE('',(#4023),#897,.F.);
#4023 = FACE_BOUND('',#4024,.F.);
#4024 = EDGE_LOOP('',(#4025,#4026,#4027,#4028));
#4025 = ORIENTED_EDGE('',*,*,#3875,.F.);
#4026 = ORIENTED_EDGE('',*,*,#875,.F.);
#4027 = ORIENTED_EDGE('',*,*,#3638,.T.);
#4028 = ORIENTED_EDGE('',*,*,#4029,.T.);
#4029 = EDGE_CURVE('',#3639,#3876,#4030,.T.);
#4030 = SURFACE_CURVE('',#4031,(#4035,#4042),.PCURVE_S1.);
#4031 = LINE('',#4032,#4033);
#4032 = CARTESIAN_POINT('',(-34.5,-152.,68.0000001));
#4033 = VECTOR('',#4034,1.);
#4034 = DIRECTION('',(1.,0.,0.));
#4035 = PCURVE('',#897,#4036);
#4036 = DEFINITIONAL_REPRESENTATION('',(#4037),#4041);
#4037 = LINE('',#4038,#4039);
#4038 = CARTESIAN_POINT('',(30.,-9.5));
#4039 = VECTOR('',#4040,1.);
#4040 = DIRECTION('',(0.,1.));
#4041 = ( GEOMETRIC_REPRESENTATION_CONTEXT(2) 
PARAMETRIC_REPRESENTATION_CONTEXT() REPRESENTATION_CONTEXT('2D SPACE',''
  ) );
#4042 = PCURVE('',#3811,#4043);
#4043 = DEFINITIONAL_REPRESENTATION('',(#4044),#4048);
#4044 = LINE('',#4045,#4046);
#4045 = CARTESIAN_POINT('',(9.5,4.));
#4046 = VECTOR('',#4047,1.);
#4047 = DIRECTION('',(1.,0.));
#4048 = ( GEOMETRIC_REPRESENTATION_CONTEXT(2) 
PARAMETRIC_REPRESENTATION_CONTEXT() REPRESENTATION_CONTEXT('2D SPACE',''
  ) );
#4049 = ADVANCED_FACE('',(#4050),#947,.F.);
#4050 = FACE_BOUND('',#4051,.F.);
#4051 = EDGE_LOOP('',(#4052,#4075,#4076,#4099,#4122,#4145,#4168,#4191));
#4052 = ORIENTED_EDGE('',*,*,#4053,.F.);
#4053 = EDGE_CURVE('',#918,#4054,#4056,.T.);
#4054 = VERTEX_POINT('',#4055);
#4055 = CARTESIAN_POINT('',(15.,-152.,68.0000001));
#4056 = SURFACE_CURVE('',#4057,(#4061,#4068),.PCURVE_S1.);
#4057 = LINE('',#4058,#4059);
#4058 = CARTESIAN_POINT('',(15.,-152.,38.0000001));
#4059 = VECTOR('',#4060,1.);
#4060 = DIRECTION('',(0.,0.,1.));
#4061 = PCURVE('',#947,#4062);
#4062 = DEFINITIONAL_REPRESENTATION('',(#4063),#4067);
#4063 = LINE('',#4064,#4065);
#4064 = CARTESIAN_POINT('',(0.,0.));
#4065 = VECTOR('',#4066,1.);
#4066 = DIRECTION('',(1.,0.));
#4067 = ( GEOMETRIC_REPRESENTATION_CONTEXT(2) 
PARAMETRIC_REPRESENTATION_CONTEXT() REPRESENTATION_CONTEXT('2D SPACE',''
  ) );
#4068 = PCURVE('',#1110,#4069);
#4069 = DEFINITIONAL_REPRESENTATION('',(#4070),#4074);
#4070 = LINE('',#4071,#4072);
#4071 = CARTESIAN_POINT('',(0.,0.));
#4072 = VECTOR('',#4073,1.);
#4073 = DIRECTION('',(1.,0.));
#4074 = ( GEOMETRIC_REPRESENTATION_CONTEXT(2) 
PARAMETRIC_REPRESENTATION_CONTEXT() REPRESENTATION_CONTEXT('2D SPACE',''
  ) );
#4075 = ORIENTED_EDGE('',*,*,#915,.F.);
#4076 = ORIENTED_EDGE('',*,*,#4077,.T.);
#4077 = EDGE_CURVE('',#916,#4078,#4080,.T.);
#4078 = VERTEX_POINT('',#4079);
#4079 = CARTESIAN_POINT('',(15.,-38.,64.0000001));
#4080 = SURFACE_CURVE('',#4081,(#4085,#4092),.PCURVE_S1.);
#4081 = LINE('',#4082,#4083);
#4082 = CARTESIAN_POINT('',(15.,-38.,38.0000001));
#4083 = VECTOR('',#4084,1.);
#4084 = DIRECTION('',(0.,0.,1.));
#4085 = PCURVE('',#947,#4086);
#4086 = DEFINITIONAL_REPRESENTATION('',(#4087),#4091);
#4087 = LINE('',#4088,#4089);
#4088 = CARTESIAN_POINT('',(0.,-114.));
#4089 = VECTOR('',#4090,1.);
#4090 = DIRECTION('',(1.,0.));
#4091 = ( GEOMETRIC_REPRESENTATION_CONTEXT(2) 
PARAMETRIC_REPRESENTATION_CONTEXT() REPRESENTATION_CONTEXT('2D SPACE',''
  ) );
#4092 = PCURVE('',#992,#4093);
#4093 = DEFINITIONAL_REPRESENTATION('',(#4094),#4098);
#4094 = LINE('',#4095,#4096);
#4095 = CARTESIAN_POINT('',(0.,0.));
#4096 = VECTOR('',#4097,1.);
#4097 = DIRECTION('',(1.,0.));
#4098 = ( GEOMETRIC_REPRESENTATION_CONTEXT(2) 
PARAMETRIC_REPRESENTATION_CONTEXT() REPRESENTATION_CONTEXT('2D SPACE',''
  ) );
#4099 = ORIENTED_EDGE('',*,*,#4100,.T.);
#4100 = EDGE_CURVE('',#4078,#4101,#4103,.T.);
#4101 = VERTEX_POINT('',#4102);
#4102 = CARTESIAN_POINT('',(15.,-61.,64.0000001));
#4103 = SURFACE_CURVE('',#4104,(#4108,#4115),.PCURVE_S1.);
#4104 = LINE('',#4105,#4106);
#4105 = CARTESIAN_POINT('',(15.,-106.5,64.0000001));
#4106 = VECTOR('',#4107,1.);
#4107 = DIRECTION('',(0.,-1.,0.));
#4108 = PCURVE('',#947,#4109);
#4109 = DEFINITIONAL_REPRESENTATION('',(#4110),#4114);
#4110 = LINE('',#4111,#4112);
#4111 = CARTESIAN_POINT('',(26.,-45.5));
#4112 = VECTOR('',#4113,1.);
#4113 = DIRECTION('',(0.,1.));
#4114 = ( GEOMETRIC_REPRESENTATION_CONTEXT(2) 
PARAMETRIC_REPRESENTATION_CONTEXT() REPRESENTATION_CONTEXT('2D SPACE',''
  ) );
#4115 = PCURVE('',#3701,#4116);
#4116 = DEFINITIONAL_REPRESENTATION('',(#4117),#4121);
#4117 = LINE('',#4118,#4119);
#4118 = CARTESIAN_POINT('',(59.,-45.5));
#4119 = VECTOR('',#4120,1.);
#4120 = DIRECTION('',(0.,-1.));
#4121 = ( GEOMETRIC_REPRESENTATION_CONTEXT(2) 
PARAMETRIC_REPRESENTATION_CONTEXT() REPRESENTATION_CONTEXT('2D SPACE',''
  ) );
#4122 = ORIENTED_EDGE('',*,*,#4123,.T.);
#4123 = EDGE_CURVE('',#4101,#4124,#4126,.T.);
#4124 = VERTEX_POINT('',#4125);
#4125 = CARTESIAN_POINT('',(15.,-61.,72.0000001));
#4126 = SURFACE_CURVE('',#4127,(#4131,#4138),.PCURVE_S1.);
#4127 = LINE('',#4128,#4129);
#4128 = CARTESIAN_POINT('',(15.,-61.,51.0000001));
#4129 = VECTOR('',#4130,1.);
#4130 = DIRECTION('',(0.,0.,1.));
#4131 = PCURVE('',#947,#4132);
#4132 = DEFINITIONAL_REPRESENTATION('',(#4133),#4137);
#4133 = LINE('',#4134,#4135);
#4134 = CARTESIAN_POINT('',(13.,-91.));
#4135 = VECTOR('',#4136,1.);
#4136 = DIRECTION('',(1.,0.));
#4137 = ( GEOMETRIC_REPRESENTATION_CONTEXT(2) 
PARAMETRIC_REPRESENTATION_CONTEXT() REPRESENTATION_CONTEXT('2D SPACE',''
  ) );
#4138 = PCURVE('',#3939,#4139);
#4139 = DEFINITIONAL_REPRESENTATION('',(#4140),#4144);
#4140 = LINE('',#4141,#4142);
#4141 = CARTESIAN_POINT('',(-13.,59.));
#4142 = VECTOR('',#4143,1.);
#4143 = DIRECTION('',(1.,0.));
#4144 = ( GEOMETRIC_REPRESENTATION_CONTEXT(2) 
PARAMETRIC_REPRESENTATION_CONTEXT() REPRESENTATION_CONTEXT('2D SPACE',''
  ) );
#4145 = ORIENTED_EDGE('',*,*,#4146,.F.);
#4146 = EDGE_CURVE('',#4147,#4124,#4149,.T.);
#4147 = VERTEX_POINT('',#4148);
#4148 = CARTESIAN_POINT('',(15.,-124.,72.0000001));
#4149 = SURFACE_CURVE('',#4150,(#4154,#4161),.PCURVE_S1.);
#4150 = LINE('',#4151,#4152);
#4151 = CARTESIAN_POINT('',(15.,-152.,72.0000001));
#4152 = VECTOR('',#4153,1.);
#4153 = DIRECTION('',(0.,1.,0.));
#4154 = PCURVE('',#947,#4155);
#4155 = DEFINITIONAL_REPRESENTATION('',(#4156),#4160);
#4156 = LINE('',#4157,#4158);
#4157 = CARTESIAN_POINT('',(34.,0.));
#4158 = VECTOR('',#4159,1.);
#4159 = DIRECTION('',(0.,-1.));
#4160 = ( GEOMETRIC_REPRESENTATION_CONTEXT(2) 
PARAMETRIC_REPRESENTATION_CONTEXT() REPRESENTATION_CONTEXT('2D SPACE',''
  ) );
#4161 = PCURVE('',#3757,#4162);
#4162 = DEFINITIONAL_REPRESENTATION('',(#4163),#4167);
#4163 = LINE('',#4164,#4165);
#4164 = CARTESIAN_POINT('',(40.,0.));
#4165 = VECTOR('',#4166,1.);
#4166 = DIRECTION('',(0.,1.));
#4167 = ( GEOMETRIC_REPRESENTATION_CONTEXT(2) 
PARAMETRIC_REPRESENTATION_CONTEXT() REPRESENTATION_CONTEXT('2D SPACE',''
  ) );
#4168 = ORIENTED_EDGE('',*,*,#4169,.F.);
#4169 = EDGE_CURVE('',#4170,#4147,#4172,.T.);
#4170 = VERTEX_POINT('',#4171);
#4171 = CARTESIAN_POINT('',(15.,-124.,68.0000001));
#4172 = SURFACE_CURVE('',#4173,(#4177,#4184),.PCURVE_S1.);
#4173 = LINE('',#4174,#4175);
#4174 = CARTESIAN_POINT('',(15.,-124.,53.0000001));
#4175 = VECTOR('',#4176,1.);
#4176 = DIRECTION('',(0.,0.,1.));
#4177 = PCURVE('',#947,#4178);
#4178 = DEFINITIONAL_REPRESENTATION('',(#4179),#4183);
#4179 = LINE('',#4180,#4181);
#4180 = CARTESIAN_POINT('',(15.,-28.));
#4181 = VECTOR('',#4182,1.);
#4182 = DIRECTION('',(1.,0.));
#4183 = ( GEOMETRIC_REPRESENTATION_CONTEXT(2) 
PARAMETRIC_REPRESENTATION_CONTEXT() REPRESENTATION_CONTEXT('2D SPACE',''
  ) );
#4184 = PCURVE('',#3990,#4185);
#4185 = DEFINITIONAL_REPRESENTATION('',(#4186),#4190);
#4186 = LINE('',#4187,#4188);
#4187 = CARTESIAN_POINT('',(-15.,59.));
#4188 = VECTOR('',#4189,1.);
#4189 = DIRECTION('',(1.,0.));
#4190 = ( GEOMETRIC_REPRESENTATION_CONTEXT(2) 
PARAMETRIC_REPRESENTATION_CONTEXT() REPRESENTATION_CONTEXT('2D SPACE',''
  ) );
#4191 = ORIENTED_EDGE('',*,*,#4192,.T.);
#4192 = EDGE_CURVE('',#4170,#4054,#4193,.T.);
#4193 = SURFACE_CURVE('',#4194,(#4198,#4205),.PCURVE_S1.);
#4194 = LINE('',#4195,#4196);
#4195 = CARTESIAN_POINT('',(15.,-154.,68.0000001));
#4196 = VECTOR('',#4197,1.);
#4197 = DIRECTION('',(0.,-1.,0.));
#4198 = PCURVE('',#947,#4199);
#4199 = DEFINITIONAL_REPRESENTATION('',(#4200),#4204);
#4200 = LINE('',#4201,#4202);
#4201 = CARTESIAN_POINT('',(30.,2.));
#4202 = VECTOR('',#4203,1.);
#4203 = DIRECTION('',(0.,1.));
#4204 = ( GEOMETRIC_REPRESENTATION_CONTEXT(2) 
PARAMETRIC_REPRESENTATION_CONTEXT() REPRESENTATION_CONTEXT('2D SPACE',''
  ) );
#4205 = PCURVE('',#3811,#4206);
#4206 = DEFINITIONAL_REPRESENTATION('',(#4207),#4211);
#4207 = LINE('',#4208,#4209);
#4208 = CARTESIAN_POINT('',(59.,2.));
#4209 = VECTOR('',#4210,1.);
#4210 = DIRECTION('',(0.,-1.));
#4211 = ( GEOMETRIC_REPRESENTATION_CONTEXT(2) 
PARAMETRIC_REPRESENTATION_CONTEXT() REPRESENTATION_CONTEXT('2D SPACE',''
  ) );
#4212 = ADVANCED_FACE('',(#4213),#992,.T.);
#4213 = FACE_BOUND('',#4214,.T.);
#4214 = EDGE_LOOP('',(#4215,#4238,#4239,#4240));
#4215 = ORIENTED_EDGE('',*,*,#4216,.F.);
#4216 = EDGE_CURVE('',#967,#4217,#4219,.T.);
#4217 = VERTEX_POINT('',#4218);
#4218 = CARTESIAN_POINT('',(25.,-38.,64.0000001));
#4219 = SURFACE_CURVE('',#4220,(#4224,#4231),.PCURVE_S1.);
#4220 = LINE('',#4221,#4222);
#4221 = CARTESIAN_POINT('',(25.,-38.,38.0000001));
#4222 = VECTOR('',#4223,1.);
#4223 = DIRECTION('',(0.,0.,1.));
#4224 = PCURVE('',#992,#4225);
#4225 = DEFINITIONAL_REPRESENTATION('',(#4226),#4230);
#4226 = LINE('',#4227,#4228);
#4227 = CARTESIAN_POINT('',(0.,10.));
#4228 = VECTOR('',#4229,1.);
#4229 = DIRECTION('',(1.,0.));
#4230 = ( GEOMETRIC_REPRESENTATION_CONTEXT(2) 
PARAMETRIC_REPRESENTATION_CONTEXT() REPRESENTATION_CONTEXT('2D SPACE',''
  ) );
#4231 = PCURVE('',#1059,#4232);
#4232 = DEFINITIONAL_REPRESENTATION('',(#4233),#4237);
#4233 = LINE('',#4234,#4235);
#4234 = CARTESIAN_POINT('',(0.,-114.));
#4235 = VECTOR('',#4236,1.);
#4236 = DIRECTION('',(1.,0.));
#4237 = ( GEOMETRIC_REPRESENTATION_CONTEXT(2) 
PARAMETRIC_REPRESENTATION_CONTEXT() REPRESENTATION_CONTEXT('2D SPACE',''
  ) );
#4238 = ORIENTED_EDGE('',*,*,#966,.F.);
#4239 = ORIENTED_EDGE('',*,*,#4077,.T.);
#4240 = ORIENTED_EDGE('',*,*,#4241,.T.);
#4241 = EDGE_CURVE('',#4078,#4217,#4242,.T.);
#4242 = SURFACE_CURVE('',#4243,(#4247,#4254),.PCURVE_S1.);
#4243 = LINE('',#4244,#4245);
#4244 = CARTESIAN_POINT('',(-14.5,-38.,64.0000001));
#4245 = VECTOR('',#4246,1.);
#4246 = DIRECTION('',(1.,0.,0.));
#4247 = PCURVE('',#992,#4248);
#4248 = DEFINITIONAL_REPRESENTATION('',(#4249),#4253);
#4249 = LINE('',#4250,#4251);
#4250 = CARTESIAN_POINT('',(26.,-29.5));
#4251 = VECTOR('',#4252,1.);
#4252 = DIRECTION('',(0.,1.));
#4253 = ( GEOMETRIC_REPRESENTATION_CONTEXT(2) 
PARAMETRIC_REPRESENTATION_CONTEXT() REPRESENTATION_CONTEXT('2D SPACE',''
  ) );
#4254 = PCURVE('',#3701,#4255);
#4255 = DEFINITIONAL_REPRESENTATION('',(#4256),#4260);
#4256 = LINE('',#4257,#4258);
#4257 = CARTESIAN_POINT('',(29.5,23.));
#4258 = VECTOR('',#4259,1.);
#4259 = DIRECTION('',(1.,0.));
#4260 = ( GEOMETRIC_REPRESENTATION_CONTEXT(2) 
PARAMETRIC_REPRESENTATION_CONTEXT() REPRESENTATION_CONTEXT('2D SPACE',''
  ) );
#4261 = ADVANCED_FACE('',(#4262),#1059,.T.);
#4262 = FACE_BOUND('',#4263,.T.);
#4263 = EDGE_LOOP('',(#4264,#4287,#4288,#4289,#4312,#4340,#4363,#4391));
#4264 = ORIENTED_EDGE('',*,*,#4265,.F.);
#4265 = EDGE_CURVE('',#1010,#4266,#4268,.T.);
#4266 = VERTEX_POINT('',#4267);
#4267 = CARTESIAN_POINT('',(25.,-152.,68.0000001));
#4268 = SURFACE_CURVE('',#4269,(#4273,#4280),.PCURVE_S1.);
#4269 = LINE('',#4270,#4271);
#4270 = CARTESIAN_POINT('',(25.,-152.,38.0000001));
#4271 = VECTOR('',#4272,1.);
#4272 = DIRECTION('',(0.,0.,1.));
#4273 = PCURVE('',#1059,#4274);
#4274 = DEFINITIONAL_REPRESENTATION('',(#4275),#4279);
#4275 = LINE('',#4276,#4277);
#4276 = CARTESIAN_POINT('',(0.,0.));
#4277 = VECTOR('',#4278,1.);
#4278 = DIRECTION('',(1.,0.));
#4279 = ( GEOMETRIC_REPRESENTATION_CONTEXT(2) 
PARAMETRIC_REPRESENTATION_CONTEXT() REPRESENTATION_CONTEXT('2D SPACE',''
  ) );
#4280 = PCURVE('',#1110,#4281);
#4281 = DEFINITIONAL_REPRESENTATION('',(#4282),#4286);
#4282 = LINE('',#4283,#4284);
#4283 = CARTESIAN_POINT('',(0.,10.));
#4284 = VECTOR('',#4285,1.);
#4285 = DIRECTION('',(1.,0.));
#4286 = ( GEOMETRIC_REPRESENTATION_CONTEXT(2) 
PARAMETRIC_REPRESENTATION_CONTEXT() REPRESENTATION_CONTEXT('2D SPACE',''
  ) );
#4287 = ORIENTED_EDGE('',*,*,#1009,.F.);
#4288 = ORIENTED_EDGE('',*,*,#4216,.T.);
#4289 = ORIENTED_EDGE('',*,*,#4290,.T.);
#4290 = EDGE_CURVE('',#4217,#4291,#4293,.T.);
#4291 = VERTEX_POINT('',#4292);
#4292 = CARTESIAN_POINT('',(25.,-61.,64.0000001));
#4293 = SURFACE_CURVE('',#4294,(#4298,#4305),.PCURVE_S1.);
#4294 = LINE('',#4295,#4296);
#4295 = CARTESIAN_POINT('',(25.,-106.5,64.0000001));
#4296 = VECTOR('',#4297,1.);
#4297 = DIRECTION('',(0.,-1.,0.));
#4298 = PCURVE('',#1059,#4299);
#4299 = DEFINITIONAL_REPRESENTATION('',(#4300),#4304);
#4300 = LINE('',#4301,#4302);
#4301 = CARTESIAN_POINT('',(26.,-45.5));
#4302 = VECTOR('',#4303,1.);
#4303 = DIRECTION('',(0.,1.));
#4304 = ( GEOMETRIC_REPRESENTATION_CONTEXT(2) 
PARAMETRIC_REPRESENTATION_CONTEXT() REPRESENTATION_CONTEXT('2D SPACE',''
  ) );
#4305 = PCURVE('',#3701,#4306);
#4306 = DEFINITIONAL_REPRESENTATION('',(#4307),#4311);
#4307 = LINE('',#4308,#4309);
#4308 = CARTESIAN_POINT('',(69.,-45.5));
#4309 = VECTOR('',#4310,1.);
#4310 = DIRECTION('',(0.,-1.));
#4311 = ( GEOMETRIC_REPRESENTATION_CONTEXT(2) 
PARAMETRIC_REPRESENTATION_CONTEXT() REPRESENTATION_CONTEXT('2D SPACE',''
  ) );
#4312 = ORIENTED_EDGE('',*,*,#4313,.T.);
#4313 = EDGE_CURVE('',#4291,#4314,#4316,.T.);
#4314 = VERTEX_POINT('',#4315);
#4315 = CARTESIAN_POINT('',(25.,-61.,72.0000001));
#4316 = SURFACE_CURVE('',#4317,(#4321,#4328),.PCURVE_S1.);
#4317 = LINE('',#4318,#4319);
#4318 = CARTESIAN_POINT('',(25.,-61.,51.0000001));
#4319 = VECTOR('',#4320,1.);
#4320 = DIRECTION('',(0.,0.,1.));
#4321 = PCURVE('',#1059,#4322);
#4322 = DEFINITIONAL_REPRESENTATION('',(#4323),#4327);
#4323 = LINE('',#4324,#4325);
#4324 = CARTESIAN_POINT('',(13.,-91.));
#4325 = VECTOR('',#4326,1.);
#4326 = DIRECTION('',(1.,0.));
#4327 = ( GEOMETRIC_REPRESENTATION_CONTEXT(2) 
PARAMETRIC_REPRESENTATION_CONTEXT() REPRESENTATION_CONTEXT('2D SPACE',''
  ) );
#4328 = PCURVE('',#4329,#4334);
#4329 = PLANE('',#4330);
#4330 = AXIS2_PLACEMENT_3D('',#4331,#4332,#4333);
#4331 = CARTESIAN_POINT('',(-44.,-61.,64.0000001));
#4332 = DIRECTION('',(0.,1.,0.));
#4333 = DIRECTION('',(0.,-0.,1.));
#4334 = DEFINITIONAL_REPRESENTATION('',(#4335),#4339);
#4335 = LINE('',#4336,#4337);
#4336 = CARTESIAN_POINT('',(-13.,69.));
#4337 = VECTOR('',#4338,1.);
#4338 = DIRECTION('',(1.,0.));
#4339 = ( GEOMETRIC_REPRESENTATION_CONTEXT(2) 
PARAMETRIC_REPRESENTATION_CONTEXT() REPRESENTATION_CONTEXT('2D SPACE',''
  ) );
#4340 = ORIENTED_EDGE('',*,*,#4341,.F.);
#4341 = EDGE_CURVE('',#4342,#4314,#4344,.T.);
#4342 = VERTEX_POINT('',#4343);
#4343 = CARTESIAN_POINT('',(25.,-124.,72.0000001));
#4344 = SURFACE_CURVE('',#4345,(#4349,#4356),.PCURVE_S1.);
#4345 = LINE('',#4346,#4347);
#4346 = CARTESIAN_POINT('',(25.,-152.,72.0000001));
#4347 = VECTOR('',#4348,1.);
#4348 = DIRECTION('',(0.,1.,0.));
#4349 = PCURVE('',#1059,#4350);
#4350 = DEFINITIONAL_REPRESENTATION('',(#4351),#4355);
#4351 = LINE('',#4352,#4353);
#4352 = CARTESIAN_POINT('',(34.,0.));
#4353 = VECTOR('',#4354,1.);
#4354 = DIRECTION('',(0.,-1.));
#4355 = ( GEOMETRIC_REPRESENTATION_CONTEXT(2) 
PARAMETRIC_REPRESENTATION_CONTEXT() REPRESENTATION_CONTEXT('2D SPACE',''
  ) );
#4356 = PCURVE('',#3757,#4357);
#4357 = DEFINITIONAL_REPRESENTATION('',(#4358),#4362);
#4358 = LINE('',#4359,#4360);
#4359 = CARTESIAN_POINT('',(50.,0.));
#4360 = VECTOR('',#4361,1.);
#4361 = DIRECTION('',(0.,1.));
#4362 = ( GEOMETRIC_REPRESENTATION_CONTEXT(2) 
PARAMETRIC_REPRESENTATION_CONTEXT() REPRESENTATION_CONTEXT('2D SPACE',''
  ) );
#4363 = ORIENTED_EDGE('',*,*,#4364,.F.);
#4364 = EDGE_CURVE('',#4365,#4342,#4367,.T.);
#4365 = VERTEX_POINT('',#4366);
#4366 = CARTESIAN_POINT('',(25.,-124.,68.0000001));
#4367 = SURFACE_CURVE('',#4368,(#4372,#4379),.PCURVE_S1.);
#4368 = LINE('',#4369,#4370);
#4369 = CARTESIAN_POINT('',(25.,-124.,53.0000001));
#4370 = VECTOR('',#4371,1.);
#4371 = DIRECTION('',(0.,0.,1.));
#4372 = PCURVE('',#1059,#4373);
#4373 = DEFINITIONAL_REPRESENTATION('',(#4374),#4378);
#4374 = LINE('',#4375,#4376);
#4375 = CARTESIAN_POINT('',(15.,-28.));
#4376 = VECTOR('',#4377,1.);
#4377 = DIRECTION('',(1.,0.));
#4378 = ( GEOMETRIC_REPRESENTATION_CONTEXT(2) 
PARAMETRIC_REPRESENTATION_CONTEXT() REPRESENTATION_CONTEXT('2D SPACE',''
  ) );
#4379 = PCURVE('',#4380,#4385);
#4380 = PLANE('',#4381);
#4381 = AXIS2_PLACEMENT_3D('',#4382,#4383,#4384);
#4382 = CARTESIAN_POINT('',(-44.,-124.,68.0000001));
#4383 = DIRECTION('',(0.,1.,0.));
#4384 = DIRECTION('',(0.,-0.,1.));
#4385 = DEFINITIONAL_REPRESENTATION('',(#4386),#4390);
#4386 = LINE('',#4387,#4388);
#4387 = CARTESIAN_POINT('',(-15.,69.));
#4388 = VECTOR('',#4389,1.);
#4389 = DIRECTION('',(1.,0.));
#4390 = ( GEOMETRIC_REPRESENTATION_CONTEXT(2) 
PARAMETRIC_REPRESENTATION_CONTEXT() REPRESENTATION_CONTEXT('2D SPACE',''
  ) );
#4391 = ORIENTED_EDGE('',*,*,#4392,.T.);
#4392 = EDGE_CURVE('',#4365,#4266,#4393,.T.);
#4393 = SURFACE_CURVE('',#4394,(#4398,#4405),.PCURVE_S1.);
#4394 = LINE('',#4395,#4396);
#4395 = CARTESIAN_POINT('',(25.,-154.,68.0000001));
#4396 = VECTOR('',#4397,1.);
#4397 = DIRECTION('',(0.,-1.,0.));
#4398 = PCURVE('',#1059,#4399);
#4399 = DEFINITIONAL_REPRESENTATION('',(#4400),#4404);
#4400 = LINE('',#4401,#4402);
#4401 = CARTESIAN_POINT('',(30.,2.));
#4402 = VECTOR('',#4403,1.);
#4403 = DIRECTION('',(0.,1.));
#4404 = ( GEOMETRIC_REPRESENTATION_CONTEXT(2) 
PARAMETRIC_REPRESENTATION_CONTEXT() REPRESENTATION_CONTEXT('2D SPACE',''
  ) );
#4405 = PCURVE('',#3811,#4406);
#4406 = DEFINITIONAL_REPRESENTATION('',(#4407),#4411);
#4407 = LINE('',#4408,#4409);
#4408 = CARTESIAN_POINT('',(69.,2.));
#4409 = VECTOR('',#4410,1.);
#4410 = DIRECTION('',(0.,-1.));
#4411 = ( GEOMETRIC_REPRESENTATION_CONTEXT(2) 
PARAMETRIC_REPRESENTATION_CONTEXT() REPRESENTATION_CONTEXT('2D SPACE',''
  ) );
#4412 = ADVANCED_FACE('',(#4413),#1110,.F.);
#4413 = FACE_BOUND('',#4414,.F.);
#4414 = EDGE_LOOP('',(#4415,#4416,#4417,#4418));
#4415 = ORIENTED_EDGE('',*,*,#4265,.F.);
#4416 = ORIENTED_EDGE('',*,*,#1088,.F.);
#4417 = ORIENTED_EDGE('',*,*,#4053,.T.);
#4418 = ORIENTED_EDGE('',*,*,#4419,.T.);
#4419 = EDGE_CURVE('',#4054,#4266,#4420,.T.);
#4420 = SURFACE_CURVE('',#4421,(#4425,#4432),.PCURVE_S1.);
#4421 = LINE('',#4422,#4423);
#4422 = CARTESIAN_POINT('',(-14.5,-152.,68.0000001));
#4423 = VECTOR('',#4424,1.);
#4424 = DIRECTION('',(1.,0.,0.));
#4425 = PCURVE('',#1110,#4426);
#4426 = DEFINITIONAL_REPRESENTATION('',(#4427),#4431);
#4427 = LINE('',#4428,#4429);
#4428 = CARTESIAN_POINT('',(30.,-29.5));
#4429 = VECTOR('',#4430,1.);
#4430 = DIRECTION('',(0.,1.));
#4431 = ( GEOMETRIC_REPRESENTATION_CONTEXT(2) 
PARAMETRIC_REPRESENTATION_CONTEXT() REPRESENTATION_CONTEXT('2D SPACE',''
  ) );
#4432 = PCURVE('',#3811,#4433);
#4433 = DEFINITIONAL_REPRESENTATION('',(#4434),#4438);
#4434 = LINE('',#4435,#4436);
#4435 = CARTESIAN_POINT('',(29.5,4.));
#4436 = VECTOR('',#4437,1.);
#4437 = DIRECTION('',(1.,0.));
#4438 = ( GEOMETRIC_REPRESENTATION_CONTEXT(2) 
PARAMETRIC_REPRESENTATION_CONTEXT() REPRESENTATION_CONTEXT('2D SPACE',''
  ) );
#4439 = ADVANCED_FACE('',(#4440,#5064,#5302),#1193,.F.);
#4440 = FACE_BOUND('',#4441,.F.);
#4441 = EDGE_LOOP('',(#4442,#4504,#4530,#4559,#4615,#4677,#4703,#4734,
    #4790,#4813,#4835,#4836,#4867,#4894,#4923,#4924,#4953,#4980,#5007,
    #5008,#5009,#5010));
#4442 = ORIENTED_EDGE('',*,*,#4443,.F.);
#4443 = EDGE_CURVE('',#4444,#4446,#4448,.T.);
#4444 = VERTEX_POINT('',#4445);
#4445 = CARTESIAN_POINT('',(34.371428571429,-154.,28.0000001));
#4446 = VERTEX_POINT('',#4447);
#4447 = CARTESIAN_POINT('',(34.092294202999,-153.9999999999,24.0000001)
  );
#4448 = SURFACE_CURVE('',#4449,(#4455,#4464),.PCURVE_S1.);
#4449 = B_SPLINE_CURVE_WITH_KNOTS('',4,(#4450,#4451,#4452,#4453,#4454),
  .UNSPECIFIED.,.F.,.F.,(5,5),(0.,1.),.PIECEWISE_BEZIER_KNOTS.);
#4450 = CARTESIAN_POINT('',(34.371428571429,-154.,28.0000001));
#4451 = CARTESIAN_POINT('',(34.371428571785,-154.,26.996759060356));
#4452 = CARTESIAN_POINT('',(34.32479373691,-154.,25.993513556242));
#4453 = CARTESIAN_POINT('',(34.2315266215,-154.,24.993534139712));
#4454 = CARTESIAN_POINT('',(34.092294204158,-154.,24.0000001));
#4455 = PCURVE('',#1193,#4456);
#4456 = DEFINITIONAL_REPRESENTATION('',(#4457),#4463);
#4457 = B_SPLINE_CURVE_WITH_KNOTS('',4,(#4458,#4459,#4460,#4461,#4462),
  .UNSPECIFIED.,.F.,.F.,(5,5),(0.,1.),.PIECEWISE_BEZIER_KNOTS.);
#4458 = CARTESIAN_POINT('',(3.239994939008E-10,0.921428571429));
#4459 = CARTESIAN_POINT('',(-3.1899555786E-02,0.921428571429));
#4460 = CARTESIAN_POINT('',(-6.3799185754E-02,0.921428571429));
#4461 = CARTESIAN_POINT('',(-9.5681866131E-02,0.921428571429));
#4462 = CARTESIAN_POINT('',(-0.127531427123,0.921428571429));
#4463 = ( GEOMETRIC_REPRESENTATION_CONTEXT(2) 
PARAMETRIC_REPRESENTATION_CONTEXT() REPRESENTATION_CONTEXT('2D SPACE',''
  ) );
#4464 = PCURVE('',#4465,#4496);
#4465 = B_SPLINE_SURFACE_WITH_KNOTS('',14,1,(
    (#4466,#4467)
    ,(#4468,#4469)
    ,(#4470,#4471)
    ,(#4472,#4473)
    ,(#4474,#4475)
    ,(#4476,#4477)
    ,(#4478,#4479)
    ,(#4480,#4481)
    ,(#4482,#4483)
    ,(#4484,#4485)
    ,(#4486,#4487)
    ,(#4488,#4489)
    ,(#4490,#4491)
    ,(#4492,#4493)
    ,(#4494,#4495
    )),.UNSPECIFIED.,.T.,.F.,.F.,(1,14,14,1),(2,2),(-6.28318530718,0.,
    6.28318530718,12.56637061436),(0.,1.),.UNSPECIFIED.);
#4466 = CARTESIAN_POINT('',(27.,-25.,28.0000001));
#4467 = CARTESIAN_POINT('',(35.,-165.,28.0000001));
#4468 = CARTESIAN_POINT('',(27.000000000005,-25.,39.219973862829));
#4469 = CARTESIAN_POINT('',(35.000000000002,-165.,42.361566516421));
#4470 = CARTESIAN_POINT('',(21.143312247597,-25.,50.439951767187));
#4471 = CARTESIAN_POINT('',(27.407997358017,-164.9999999999,
    56.723138233996));
#4472 = CARTESIAN_POINT('',(9.42992925566,-25.,58.820483764334));
#4473 = CARTESIAN_POINT('',(12.223982368388,-165.,67.450219190356));
#4474 = CARTESIAN_POINT('',(-6.38848659797,-25.,61.52243999564));
#4475 = CARTESIAN_POINT('',(-8.281371515756,-164.9999999999,
    70.908723166406));
#4476 = CARTESIAN_POINT('',(-22.80894283085,-25.,56.724421625271));
#4477 = CARTESIAN_POINT('',(-29.56714811429,-164.9999999999,
    64.767259652362));
#4478 = CARTESIAN_POINT('',(-35.34412594482,-25.,44.647131231589));
#4479 = CARTESIAN_POINT('',(-45.8164595578,-165.0000000002,
    49.308327948421));
#4480 = CARTESIAN_POINT('',(-40.06337225526,-25.,28.000000100349));
#4481 = CARTESIAN_POINT('',(-51.93400107198,-164.9999999996,
    28.000000100453));
#4482 = CARTESIAN_POINT('',(-35.34412594483,-25.,11.35286896778));
#4483 = CARTESIAN_POINT('',(-45.81645955778,-165.0000000003,
    6.69167225075));
#4484 = CARTESIAN_POINT('',(-22.80894283084,-25.,-0.72442142478));
#4485 = CARTESIAN_POINT('',(-29.56714811431,-164.9999999997,
    -8.76725945172));
#4486 = CARTESIAN_POINT('',(-6.388486597976,-25.,-5.52243979594));
#4487 = CARTESIAN_POINT('',(-8.281371515736,-165.0000000001,
    -14.9087229668));
#4488 = CARTESIAN_POINT('',(9.429929255664,-25.,-2.82048356418));
#4489 = CARTESIAN_POINT('',(12.223982368375,-164.9999999999,
    -11.45021899015));
#4490 = CARTESIAN_POINT('',(21.143312247596,-25.,5.56004843276));
#4491 = CARTESIAN_POINT('',(27.407997358023,-165.,-0.72313803407));
#4492 = CARTESIAN_POINT('',(27.000000000005,-25.,16.780026337184));
#4493 = CARTESIAN_POINT('',(35.,-164.9999999999,13.6384336836));
#4494 = CARTESIAN_POINT('',(27.,-25.,28.0000001));
#4495 = CARTESIAN_POINT('',(35.,-165.,28.0000001));
#4496 = DEFINITIONAL_REPRESENTATION('',(#4497),#4503);
#4497 = B_SPLINE_CURVE_WITH_KNOTS('',4,(#4498,#4499,#4500,#4501,#4502),
  .UNSPECIFIED.,.F.,.F.,(5,5),(0.,1.),.PIECEWISE_BEZIER_KNOTS.);
#4498 = CARTESIAN_POINT('',(6.28318530718,0.921428571429));
#4499 = CARTESIAN_POINT('',(6.251285736122,0.921428571384));
#4500 = CARTESIAN_POINT('',(6.219386121795,0.921428571439));
#4501 = CARTESIAN_POINT('',(6.187503456153,0.921428571461));
#4502 = CARTESIAN_POINT('',(6.155653880057,0.921428571429));
#4503 = ( GEOMETRIC_REPRESENTATION_CONTEXT(2) 
PARAMETRIC_REPRESENTATION_CONTEXT() REPRESENTATION_CONTEXT('2D SPACE',''
  ) );
#4504 = ORIENTED_EDGE('',*,*,#4505,.F.);
#4505 = EDGE_CURVE('',#4506,#4444,#4508,.T.);
#4506 = VERTEX_POINT('',#4507);
#4507 = CARTESIAN_POINT('',(32.771428571429,-126.,28.0000001));
#4508 = SURFACE_CURVE('',#4509,(#4515,#4524),.PCURVE_S1.);
#4509 = B_SPLINE_CURVE_WITH_KNOTS('',4,(#4510,#4511,#4512,#4513,#4514),
  .UNSPECIFIED.,.F.,.F.,(5,5),(0.,1.),.PIECEWISE_BEZIER_KNOTS.);
#4510 = CARTESIAN_POINT('',(32.771428571429,-126.,28.0000001));
#4511 = CARTESIAN_POINT('',(33.171428571429,-133.,28.0000001));
#4512 = CARTESIAN_POINT('',(33.571428571429,-140.,28.0000001));
#4513 = CARTESIAN_POINT('',(33.971428571429,-147.,28.0000001));
#4514 = CARTESIAN_POINT('',(34.371428571429,-154.,28.0000001));
#4515 = PCURVE('',#1193,#4516);
#4516 = DEFINITIONAL_REPRESENTATION('',(#4517),#4523);
#4517 = B_SPLINE_CURVE_WITH_KNOTS('',4,(#4518,#4519,#4520,#4521,#4522),
  .UNSPECIFIED.,.F.,.F.,(5,5),(0.,1.),.PIECEWISE_BEZIER_KNOTS.);
#4518 = CARTESIAN_POINT('',(0.,0.721428571429));
#4519 = CARTESIAN_POINT('',(0.,0.771428571429));
#4520 = CARTESIAN_POINT('',(0.,0.821428571429));
#4521 = CARTESIAN_POINT('',(0.,0.871428571429));
#4522 = CARTESIAN_POINT('',(0.,0.921428571429));
#4523 = ( GEOMETRIC_REPRESENTATION_CONTEXT(2) 
PARAMETRIC_REPRESENTATION_CONTEXT() REPRESENTATION_CONTEXT('2D SPACE',''
  ) );
#4524 = PCURVE('',#4465,#4525);
#4525 = DEFINITIONAL_REPRESENTATION('',(#4526),#4529);
#4526 = B_SPLINE_CURVE_WITH_KNOTS('',1,(#4527,#4528),.UNSPECIFIED.,.F.,
  .F.,(2,2),(0.,1.),.PIECEWISE_BEZIER_KNOTS.);
#4527 = CARTESIAN_POINT('',(6.28318530718,0.721428571429));
#4528 = CARTESIAN_POINT('',(6.28318530718,0.921428571429));
#4529 = ( GEOMETRIC_REPRESENTATION_CONTEXT(2) 
PARAMETRIC_REPRESENTATION_CONTEXT() REPRESENTATION_CONTEXT('2D SPACE',''
  ) );
#4530 = ORIENTED_EDGE('',*,*,#4531,.T.);
#4531 = EDGE_CURVE('',#4506,#4532,#4534,.T.);
#4532 = VERTEX_POINT('',#4533);
#4533 = CARTESIAN_POINT('',(32.479797984828,-126.,24.0000001));
#4534 = SURFACE_CURVE('',#4535,(#4541,#4550),.PCURVE_S1.);
#4535 = B_SPLINE_CURVE_WITH_KNOTS('',4,(#4536,#4537,#4538,#4539,#4540),
  .UNSPECIFIED.,.F.,.F.,(5,5),(0.,1.),.PIECEWISE_BEZIER_KNOTS.);
#4536 = CARTESIAN_POINT('',(32.771428571429,-126.,28.0000001));
#4537 = CARTESIAN_POINT('',(32.771428571784,-126.,26.996462865359));
#4538 = CARTESIAN_POINT('',(32.722696172404,-126.,25.992920396399));
#4539 = CARTESIAN_POINT('',(32.625234486287,-126.,24.992944582265));
#4540 = CARTESIAN_POINT('',(32.479797985562,-126.,24.0000001));
#4541 = PCURVE('',#1193,#4542);
#4542 = DEFINITIONAL_REPRESENTATION('',(#4543),#4549);
#4543 = B_SPLINE_CURVE_WITH_KNOTS('',4,(#4544,#4545,#4546,#4547,#4548),
  .UNSPECIFIED.,.F.,.F.,(5,5),(0.,1.),.PIECEWISE_BEZIER_KNOTS.);
#4544 = CARTESIAN_POINT('',(3.239994939008E-10,0.721428571429));
#4545 = CARTESIAN_POINT('',(-3.3395581528E-02,0.721428571429));
#4546 = CARTESIAN_POINT('',(-6.6791253513E-02,0.721428571429));
#4547 = CARTESIAN_POINT('',(-0.100167973928,0.721428571429));
#4548 = CARTESIAN_POINT('',(-0.13350773928,0.721428571429));
#4549 = ( GEOMETRIC_REPRESENTATION_CONTEXT(2) 
PARAMETRIC_REPRESENTATION_CONTEXT() REPRESENTATION_CONTEXT('2D SPACE',''
  ) );
#4550 = PCURVE('',#4465,#4551);
#4551 = DEFINITIONAL_REPRESENTATION('',(#4552),#4558);
#4552 = B_SPLINE_CURVE_WITH_KNOTS('',4,(#4553,#4554,#4555,#4556,#4557),
  .UNSPECIFIED.,.F.,.F.,(5,5),(0.,1.),.PIECEWISE_BEZIER_KNOTS.);
#4553 = CARTESIAN_POINT('',(6.28318530718,0.721428571429));
#4554 = CARTESIAN_POINT('',(6.249789706876,0.721428571375));
#4555 = CARTESIAN_POINT('',(6.216394054023,0.721428571441));
#4556 = CARTESIAN_POINT('',(6.183017351911,0.721428571467));
#4557 = CARTESIAN_POINT('',(6.1496775679,0.721428571429));
#4558 = ( GEOMETRIC_REPRESENTATION_CONTEXT(2) 
PARAMETRIC_REPRESENTATION_CONTEXT() REPRESENTATION_CONTEXT('2D SPACE',''
  ) );
#4559 = ORIENTED_EDGE('',*,*,#4560,.F.);
#4560 = EDGE_CURVE('',#4561,#4532,#4563,.T.);
#4561 = VERTEX_POINT('',#4562);
#4562 = CARTESIAN_POINT('',(29.481913253125,-74.,24.0000001));
#4563 = SURFACE_CURVE('',#4564,(#4579,#4597),.PCURVE_S1.);
#4564 = B_SPLINE_CURVE_WITH_KNOTS('',4,(#4565,#4566,#4567,#4568,#4569,
    #4570,#4571,#4572,#4573,#4574,#4575,#4576,#4577,#4578),
  .UNSPECIFIED.,.F.,.F.,(5,3,3,3,5),(0.,0.250001545686,0.500001994801,
    0.750001538299,1.),.UNSPECIFIED.);
#4565 = CARTESIAN_POINT('',(26.652159405561,-25.,24.0000001));
#4566 = CARTESIAN_POINT('',(27.157970808073,-33.74998320127,24.0000001)
  );
#4567 = CARTESIAN_POINT('',(27.663522961293,-42.49998143162,24.0000001)
  );
#4568 = CARTESIAN_POINT('',(28.168841897518,-51.24999316743,24.0000001)
  );
#4569 = CARTESIAN_POINT('',(29.179051112268,-68.75000293672,24.0000001)
  );
#4570 = CARTESIAN_POINT('',(29.68394144809,-77.50000096672,24.0000001));
#4571 = CARTESIAN_POINT('',(30.18863866384,-86.25001016237,24.0000001));
#4572 = CARTESIAN_POINT('',(31.197676341961,-103.7500173656,24.0000001)
  );
#4573 = CARTESIAN_POINT('',(31.702016843719,-112.5000153708,24.0000001)
  );
#4574 = CARTESIAN_POINT('',(32.206195610001,-121.2500227148,24.0000001)
  );
#4575 = CARTESIAN_POINT('',(33.214252364003,-138.7500167722,24.0000001)
  );
#4576 = CARTESIAN_POINT('',(33.718130379818,-147.5000034839,24.0000001)
  );
#4577 = CARTESIAN_POINT('',(34.221871582064,-156.2499980866,24.0000001)
  );
#4578 = CARTESIAN_POINT('',(34.725485975697,-164.9999999999,24.0000001)
  );
#4579 = PCURVE('',#1193,#4580);
#4580 = DEFINITIONAL_REPRESENTATION('',(#4581),#4596);
#4581 = B_SPLINE_CURVE_WITH_KNOTS('',4,(#4582,#4583,#4584,#4585,#4586,
    #4587,#4588,#4589,#4590,#4591,#4592,#4593,#4594,#4595),
  .UNSPECIFIED.,.F.,.F.,(5,3,3,3,5),(0.,0.250001545686,0.500001994801,
    0.750001538299,1.),.UNSPECIFIED.);
#4582 = CARTESIAN_POINT('',(-0.160690650347,0.));
#4583 = CARTESIAN_POINT('',(-0.157854112668,6.249988000913E-02));
#4584 = CARTESIAN_POINT('',(-0.155151659939,0.124999867369));
#4585 = CARTESIAN_POINT('',(-0.152569089644,0.187499951196));
#4586 = CARTESIAN_POINT('',(-0.14762221156,0.312500020977));
#4587 = CARTESIAN_POINT('',(-0.145257869821,0.375000006905));
#4588 = CARTESIAN_POINT('',(-0.142991833553,0.437500072588));
#4589 = CARTESIAN_POINT('',(-0.13863973632,0.56250012404));
#4590 = CARTESIAN_POINT('',(-0.136553652419,0.625000109792));
#4591 = CARTESIAN_POINT('',(-0.13454918868,0.687500162249));
#4592 = CARTESIAN_POINT('',(-0.130690430936,0.812500119802));
#4593 = CARTESIAN_POINT('',(-0.128836120852,0.875000024886));
#4594 = CARTESIAN_POINT('',(-0.127050323662,0.937499986333));
#4595 = CARTESIAN_POINT('',(-0.125327828969,1.));
#4596 = ( GEOMETRIC_REPRESENTATION_CONTEXT(2) 
PARAMETRIC_REPRESENTATION_CONTEXT() REPRESENTATION_CONTEXT('2D SPACE',''
  ) );
#4597 = PCURVE('',#1268,#4598);
#4598 = DEFINITIONAL_REPRESENTATION('',(#4599),#4614);
#4599 = B_SPLINE_CURVE_WITH_KNOTS('',4,(#4600,#4601,#4602,#4603,#4604,
    #4605,#4606,#4607,#4608,#4609,#4610,#4611,#4612,#4613),
  .UNSPECIFIED.,.F.,.F.,(5,3,3,3,5),(0.,0.250001545686,0.500001994801,
    0.750001538299,1.),.UNSPECIFIED.);
#4600 = CARTESIAN_POINT('',(96.652159405561,170.));
#4601 = CARTESIAN_POINT('',(97.157970808073,161.25001679873));
#4602 = CARTESIAN_POINT('',(97.663522961293,152.50001856838));
#4603 = CARTESIAN_POINT('',(98.168841897518,143.75000683257));
#4604 = CARTESIAN_POINT('',(99.179051112268,126.24999706328));
#4605 = CARTESIAN_POINT('',(99.68394144809,117.49999903328));
#4606 = CARTESIAN_POINT('',(100.18863866384,108.74998983763));
#4607 = CARTESIAN_POINT('',(101.19767634196,91.2499826344));
#4608 = CARTESIAN_POINT('',(101.70201684371,82.4999846292));
#4609 = CARTESIAN_POINT('',(102.20619561,73.7499772852));
#4610 = CARTESIAN_POINT('',(103.214252364,56.2499832278));
#4611 = CARTESIAN_POINT('',(103.71813037981,47.4999965161));
#4612 = CARTESIAN_POINT('',(104.22187158206,38.7500019134));
#4613 = CARTESIAN_POINT('',(104.72548597569,30.0000000001));
#4614 = ( GEOMETRIC_REPRESENTATION_CONTEXT(2) 
PARAMETRIC_REPRESENTATION_CONTEXT() REPRESENTATION_CONTEXT('2D SPACE',''
  ) );
#4615 = ORIENTED_EDGE('',*,*,#4616,.F.);
#4616 = EDGE_CURVE('',#4617,#4561,#4619,.T.);
#4617 = VERTEX_POINT('',#4618);
#4618 = CARTESIAN_POINT('',(29.8,-74.,28.0000001));
#4619 = SURFACE_CURVE('',#4620,(#4627,#4637),.PCURVE_S1.);
#4620 = B_SPLINE_CURVE_WITH_KNOTS('',5,(#4621,#4622,#4623,#4624,#4625,
    #4626),.UNSPECIFIED.,.F.,.F.,(6,6),(0.,1.),
  .PIECEWISE_BEZIER_KNOTS.);
#4621 = CARTESIAN_POINT('',(29.8,-74.,28.0000001));
#4622 = CARTESIAN_POINT('',(29.800000000283,-74.,27.196634634665));
#4623 = CARTESIAN_POINT('',(29.76809422435,-74.,26.393264832131));
#4624 = CARTESIAN_POINT('',(29.704282667141,-74.,25.591592487468));
#4625 = CARTESIAN_POINT('',(29.608761371165,-74.,24.793289934583));
#4626 = CARTESIAN_POINT('',(29.481913251572,-74.,24.0000001));
#4627 = PCURVE('',#1193,#4628);
#4628 = DEFINITIONAL_REPRESENTATION('',(#4629),#4636);
#4629 = B_SPLINE_CURVE_WITH_KNOTS('',5,(#4630,#4631,#4632,#4633,#4634,
    #4635),.UNSPECIFIED.,.F.,.F.,(6,6),(0.,1.),
  .PIECEWISE_BEZIER_KNOTS.);
#4630 = CARTESIAN_POINT('',(3.239994939008E-10,0.35));
#4631 = CARTESIAN_POINT('',(-2.9266501145E-02,0.35));
#4632 = CARTESIAN_POINT('',(-5.8533160612E-02,0.35));
#4633 = CARTESIAN_POINT('',(-8.7790205841E-02,0.35));
#4634 = CARTESIAN_POINT('',(-0.117028934233,0.35));
#4635 = CARTESIAN_POINT('',(-0.146240183862,0.35));
#4636 = ( GEOMETRIC_REPRESENTATION_CONTEXT(2) 
PARAMETRIC_REPRESENTATION_CONTEXT() REPRESENTATION_CONTEXT('2D SPACE',''
  ) );
#4637 = PCURVE('',#4638,#4669);
#4638 = B_SPLINE_SURFACE_WITH_KNOTS('',14,1,(
    (#4639,#4640)
    ,(#4641,#4642)
    ,(#4643,#4644)
    ,(#4645,#4646)
    ,(#4647,#4648)
    ,(#4649,#4650)
    ,(#4651,#4652)
    ,(#4653,#4654)
    ,(#4655,#4656)
    ,(#4657,#4658)
    ,(#4659,#4660)
    ,(#4661,#4662)
    ,(#4663,#4664)
    ,(#4665,#4666)
    ,(#4667,#4668
    )),.UNSPECIFIED.,.T.,.F.,.F.,(1,14,14,1),(2,2),(-6.28318530718,0.,
    6.28318530718,12.56637061436),(0.,1.),.UNSPECIFIED.);
#4639 = CARTESIAN_POINT('',(27.,-25.,28.0000001));
#4640 = CARTESIAN_POINT('',(35.,-165.,28.0000001));
#4641 = CARTESIAN_POINT('',(27.000000000005,-25.,39.219973862829));
#4642 = CARTESIAN_POINT('',(35.000000000002,-165.,42.361566516421));
#4643 = CARTESIAN_POINT('',(21.143312247597,-25.,50.439951767187));
#4644 = CARTESIAN_POINT('',(27.407997358017,-164.9999999999,
    56.723138233996));
#4645 = CARTESIAN_POINT('',(9.42992925566,-25.,58.820483764334));
#4646 = CARTESIAN_POINT('',(12.223982368388,-165.,67.450219190356));
#4647 = CARTESIAN_POINT('',(-6.38848659797,-25.,61.52243999564));
#4648 = CARTESIAN_POINT('',(-8.281371515756,-164.9999999999,
    70.908723166406));
#4649 = CARTESIAN_POINT('',(-22.80894283085,-25.,56.724421625271));
#4650 = CARTESIAN_POINT('',(-29.56714811429,-164.9999999999,
    64.767259652362));
#4651 = CARTESIAN_POINT('',(-35.34412594482,-25.,44.647131231589));
#4652 = CARTESIAN_POINT('',(-45.8164595578,-165.0000000002,
    49.308327948421));
#4653 = CARTESIAN_POINT('',(-40.06337225526,-25.,28.000000100349));
#4654 = CARTESIAN_POINT('',(-51.93400107198,-164.9999999996,
    28.000000100453));
#4655 = CARTESIAN_POINT('',(-35.34412594483,-25.,11.35286896778));
#4656 = CARTESIAN_POINT('',(-45.81645955778,-165.0000000003,
    6.69167225075));
#4657 = CARTESIAN_POINT('',(-22.80894283084,-25.,-0.72442142478));
#4658 = CARTESIAN_POINT('',(-29.56714811431,-164.9999999997,
    -8.76725945172));
#4659 = CARTESIAN_POINT('',(-6.388486597976,-25.,-5.52243979594));
#4660 = CARTESIAN_POINT('',(-8.281371515736,-165.0000000001,
    -14.9087229668));
#4661 = CARTESIAN_POINT('',(9.429929255664,-25.,-2.82048356418));
#4662 = CARTESIAN_POINT('',(12.223982368375,-164.9999999999,
    -11.45021899015));
#4663 = CARTESIAN_POINT('',(21.143312247596,-25.,5.56004843276));
#4664 = CARTESIAN_POINT('',(27.407997358023,-165.,-0.72313803407));
#4665 = CARTESIAN_POINT('',(27.000000000005,-25.,16.780026337184));
#4666 = CARTESIAN_POINT('',(35.,-164.9999999999,13.6384336836));
#4667 = CARTESIAN_POINT('',(27.,-25.,28.0000001));
#4668 = CARTESIAN_POINT('',(35.,-165.,28.0000001));
#4669 = DEFINITIONAL_REPRESENTATION('',(#4670),#4676);
#4670 = B_SPLINE_CURVE_WITH_KNOTS('',4,(#4671,#4672,#4673,#4674,#4675),
  .UNSPECIFIED.,.F.,.F.,(5,5),(0.,1.),.PIECEWISE_BEZIER_KNOTS.);
#4671 = CARTESIAN_POINT('',(6.28318530718,0.35));
#4672 = CARTESIAN_POINT('',(6.246602152522,0.349999999989));
#4673 = CARTESIAN_POINT('',(6.210018918544,0.350000000019));
#4674 = CARTESIAN_POINT('',(6.173459212903,0.349999999989));
#4675 = CARTESIAN_POINT('',(6.136945123318,0.35));
#4676 = ( GEOMETRIC_REPRESENTATION_CONTEXT(2) 
PARAMETRIC_REPRESENTATION_CONTEXT() REPRESENTATION_CONTEXT('2D SPACE',''
  ) );
#4677 = ORIENTED_EDGE('',*,*,#4678,.F.);
#4678 = EDGE_CURVE('',#4679,#4617,#4681,.T.);
#4679 = VERTEX_POINT('',#4680);
#4680 = CARTESIAN_POINT('',(28.2,-46.,28.0000001));
#4681 = SURFACE_CURVE('',#4682,(#4688,#4697),.PCURVE_S1.);
#4682 = B_SPLINE_CURVE_WITH_KNOTS('',4,(#4683,#4684,#4685,#4686,#4687),
  .UNSPECIFIED.,.F.,.F.,(5,5),(0.,1.),.PIECEWISE_BEZIER_KNOTS.);
#4683 = CARTESIAN_POINT('',(28.2,-46.,28.0000001));
#4684 = CARTESIAN_POINT('',(28.6,-53.,28.0000001));
#4685 = CARTESIAN_POINT('',(29.,-60.,28.0000001));
#4686 = CARTESIAN_POINT('',(29.4,-67.,28.0000001));
#4687 = CARTESIAN_POINT('',(29.8,-74.,28.0000001));
#4688 = PCURVE('',#1193,#4689);
#4689 = DEFINITIONAL_REPRESENTATION('',(#4690),#4696);
#4690 = B_SPLINE_CURVE_WITH_KNOTS('',4,(#4691,#4692,#4693,#4694,#4695),
  .UNSPECIFIED.,.F.,.F.,(5,5),(0.,1.),.PIECEWISE_BEZIER_KNOTS.);
#4691 = CARTESIAN_POINT('',(0.,0.15));
#4692 = CARTESIAN_POINT('',(0.,0.2));
#4693 = CARTESIAN_POINT('',(0.,0.25));
#4694 = CARTESIAN_POINT('',(0.,0.3));
#4695 = CARTESIAN_POINT('',(0.,0.35));
#4696 = ( GEOMETRIC_REPRESENTATION_CONTEXT(2) 
PARAMETRIC_REPRESENTATION_CONTEXT() REPRESENTATION_CONTEXT('2D SPACE',''
  ) );
#4697 = PCURVE('',#4638,#4698);
#4698 = DEFINITIONAL_REPRESENTATION('',(#4699),#4702);
#4699 = B_SPLINE_CURVE_WITH_KNOTS('',1,(#4700,#4701),.UNSPECIFIED.,.F.,
  .F.,(2,2),(0.,1.),.PIECEWISE_BEZIER_KNOTS.);
#4700 = CARTESIAN_POINT('',(6.28318530718,0.15));
#4701 = CARTESIAN_POINT('',(6.28318530718,0.35));
#4702 = ( GEOMETRIC_REPRESENTATION_CONTEXT(2) 
PARAMETRIC_REPRESENTATION_CONTEXT() REPRESENTATION_CONTEXT('2D SPACE',''
  ) );
#4703 = ORIENTED_EDGE('',*,*,#4704,.T.);
#4704 = EDGE_CURVE('',#4679,#4705,#4707,.T.);
#4705 = VERTEX_POINT('',#4706);
#4706 = CARTESIAN_POINT('',(27.865569029696,-46.,24.0000001));
#4707 = SURFACE_CURVE('',#4708,(#4715,#4725),.PCURVE_S1.);
#4708 = B_SPLINE_CURVE_WITH_KNOTS('',5,(#4709,#4710,#4711,#4712,#4713,
    #4714),.UNSPECIFIED.,.F.,.F.,(6,6),(0.,1.),
  .PIECEWISE_BEZIER_KNOTS.);
#4709 = CARTESIAN_POINT('',(28.2,-46.,28.0000001));
#4710 = CARTESIAN_POINT('',(28.200000000282,-46.,27.196280620911));
#4711 = CARTESIAN_POINT('',(28.166445222545,-46.,26.392555974659));
#4712 = CARTESIAN_POINT('',(28.099335671053,-46.,25.590708666937));
#4713 = CARTESIAN_POINT('',(27.998896970797,-46.,24.792585996522));
#4714 = CARTESIAN_POINT('',(27.865569032017,-46.,24.0000001));
#4715 = PCURVE('',#1193,#4716);
#4716 = DEFINITIONAL_REPRESENTATION('',(#4717),#4724);
#4717 = B_SPLINE_CURVE_WITH_KNOTS('',5,(#4718,#4719,#4720,#4721,#4722,
    #4723),.UNSPECIFIED.,.F.,.F.,(6,6),(0.,1.),
  .PIECEWISE_BEZIER_KNOTS.);
#4718 = CARTESIAN_POINT('',(3.239994939008E-10,0.15));
#4719 = CARTESIAN_POINT('',(-3.0852954727E-02,0.15));
#4720 = CARTESIAN_POINT('',(-6.1706107916E-02,0.15));
#4721 = CARTESIAN_POINT('',(-9.2548380616E-02,0.15));
#4722 = CARTESIAN_POINT('',(-0.12337003798,0.15));
#4723 = CARTESIAN_POINT('',(-0.154160754916,0.15));
#4724 = ( GEOMETRIC_REPRESENTATION_CONTEXT(2) 
PARAMETRIC_REPRESENTATION_CONTEXT() REPRESENTATION_CONTEXT('2D SPACE',''
  ) );
#4725 = PCURVE('',#4638,#4726);
#4726 = DEFINITIONAL_REPRESENTATION('',(#4727),#4733);
#4727 = B_SPLINE_CURVE_WITH_KNOTS('',4,(#4728,#4729,#4730,#4731,#4732),
  .UNSPECIFIED.,.F.,.F.,(5,5),(0.,1.),.PIECEWISE_BEZIER_KNOTS.);
#4728 = CARTESIAN_POINT('',(6.28318530718,0.15));
#4729 = CARTESIAN_POINT('',(6.244619078093,0.149999999986));
#4730 = CARTESIAN_POINT('',(6.206052751527,0.150000000024));
#4731 = CARTESIAN_POINT('',(6.167512983332,0.149999999986));
#4732 = CARTESIAN_POINT('',(6.129024552264,0.15));
#4733 = ( GEOMETRIC_REPRESENTATION_CONTEXT(2) 
PARAMETRIC_REPRESENTATION_CONTEXT() REPRESENTATION_CONTEXT('2D SPACE',''
  ) );
#4734 = ORIENTED_EDGE('',*,*,#4735,.F.);
#4735 = EDGE_CURVE('',#4736,#4705,#4738,.T.);
#4736 = VERTEX_POINT('',#4737);
#4737 = CARTESIAN_POINT('',(26.652159387187,-25.,24.0000001));
#4738 = SURFACE_CURVE('',#4739,(#4754,#4772),.PCURVE_S1.);
#4739 = B_SPLINE_CURVE_WITH_KNOTS('',4,(#4740,#4741,#4742,#4743,#4744,
    #4745,#4746,#4747,#4748,#4749,#4750,#4751,#4752,#4753),
  .UNSPECIFIED.,.F.,.F.,(5,3,3,3,5),(0.,0.250001545686,0.500001994801,
    0.750001538299,1.),.UNSPECIFIED.);
#4740 = CARTESIAN_POINT('',(26.652159405561,-25.,24.0000001));
#4741 = CARTESIAN_POINT('',(27.157970808073,-33.74998320127,24.0000001)
  );
#4742 = CARTESIAN_POINT('',(27.663522961293,-42.49998143162,24.0000001)
  );
#4743 = CARTESIAN_POINT('',(28.168841897518,-51.24999316743,24.0000001)
  );
#4744 = CARTESIAN_POINT('',(29.179051112268,-68.75000293672,24.0000001)
  );
#4745 = CARTESIAN_POINT('',(29.68394144809,-77.50000096672,24.0000001));
#4746 = CARTESIAN_POINT('',(30.18863866384,-86.25001016237,24.0000001));
#4747 = CARTESIAN_POINT('',(31.197676341961,-103.7500173656,24.0000001)
  );
#4748 = CARTESIAN_POINT('',(31.702016843719,-112.5000153708,24.0000001)
  );
#4749 = CARTESIAN_POINT('',(32.206195610001,-121.2500227148,24.0000001)
  );
#4750 = CARTESIAN_POINT('',(33.214252364003,-138.7500167722,24.0000001)
  );
#4751 = CARTESIAN_POINT('',(33.718130379818,-147.5000034839,24.0000001)
  );
#4752 = CARTESIAN_POINT('',(34.221871582064,-156.2499980866,24.0000001)
  );
#4753 = CARTESIAN_POINT('',(34.725485975697,-164.9999999999,24.0000001)
  );
#4754 = PCURVE('',#1193,#4755);
#4755 = DEFINITIONAL_REPRESENTATION('',(#4756),#4771);
#4756 = B_SPLINE_CURVE_WITH_KNOTS('',4,(#4757,#4758,#4759,#4760,#4761,
    #4762,#4763,#4764,#4765,#4766,#4767,#4768,#4769,#4770),
  .UNSPECIFIED.,.F.,.F.,(5,3,3,3,5),(0.,0.250001545686,0.500001994801,
    0.750001538299,1.),.UNSPECIFIED.);
#4757 = CARTESIAN_POINT('',(-0.160690650347,0.));
#4758 = CARTESIAN_POINT('',(-0.157854112668,6.249988000913E-02));
#4759 = CARTESIAN_POINT('',(-0.155151659939,0.124999867369));
#4760 = CARTESIAN_POINT('',(-0.152569089644,0.187499951196));
#4761 = CARTESIAN_POINT('',(-0.14762221156,0.312500020977));
#4762 = CARTESIAN_POINT('',(-0.145257869821,0.375000006905));
#4763 = CARTESIAN_POINT('',(-0.142991833553,0.437500072588));
#4764 = CARTESIAN_POINT('',(-0.13863973632,0.56250012404));
#4765 = CARTESIAN_POINT('',(-0.136553652419,0.625000109792));
#4766 = CARTESIAN_POINT('',(-0.13454918868,0.687500162249));
#4767 = CARTESIAN_POINT('',(-0.130690430936,0.812500119802));
#4768 = CARTESIAN_POINT('',(-0.128836120852,0.875000024886));
#4769 = CARTESIAN_POINT('',(-0.127050323662,0.937499986333));
#4770 = CARTESIAN_POINT('',(-0.125327828969,1.));
#4771 = ( GEOMETRIC_REPRESENTATION_CONTEXT(2) 
PARAMETRIC_REPRESENTATION_CONTEXT() REPRESENTATION_CONTEXT('2D SPACE',''
  ) );
#4772 = PCURVE('',#1268,#4773);
#4773 = DEFINITIONAL_REPRESENTATION('',(#4774),#4789);
#4774 = B_SPLINE_CURVE_WITH_KNOTS('',4,(#4775,#4776,#4777,#4778,#4779,
    #4780,#4781,#4782,#4783,#4784,#4785,#4786,#4787,#4788),
  .UNSPECIFIED.,.F.,.F.,(5,3,3,3,5),(0.,0.250001545686,0.500001994801,
    0.750001538299,1.),.UNSPECIFIED.);
#4775 = CARTESIAN_POINT('',(96.652159405561,170.));
#4776 = CARTESIAN_POINT('',(97.157970808073,161.25001679873));
#4777 = CARTESIAN_POINT('',(97.663522961293,152.50001856838));
#4778 = CARTESIAN_POINT('',(98.168841897518,143.75000683257));
#4779 = CARTESIAN_POINT('',(99.179051112268,126.24999706328));
#4780 = CARTESIAN_POINT('',(99.68394144809,117.49999903328));
#4781 = CARTESIAN_POINT('',(100.18863866384,108.74998983763));
#4782 = CARTESIAN_POINT('',(101.19767634196,91.2499826344));
#4783 = CARTESIAN_POINT('',(101.70201684371,82.4999846292));
#4784 = CARTESIAN_POINT('',(102.20619561,73.7499772852));
#4785 = CARTESIAN_POINT('',(103.214252364,56.2499832278));
#4786 = CARTESIAN_POINT('',(103.71813037981,47.4999965161));
#4787 = CARTESIAN_POINT('',(104.22187158206,38.7500019134));
#4788 = CARTESIAN_POINT('',(104.72548597569,30.0000000001));
#4789 = ( GEOMETRIC_REPRESENTATION_CONTEXT(2) 
PARAMETRIC_REPRESENTATION_CONTEXT() REPRESENTATION_CONTEXT('2D SPACE',''
  ) );
#4790 = ORIENTED_EDGE('',*,*,#4791,.T.);
#4791 = EDGE_CURVE('',#4736,#4792,#4794,.T.);
#4792 = VERTEX_POINT('',#4793);
#4793 = CARTESIAN_POINT('',(27.,-25.,28.0000001));
#4794 = SURFACE_CURVE('',#4795,(#4800,#4806),.PCURVE_S1.);
#4795 = ELLIPSE('',#4796,27.,25.);
#4796 = AXIS2_PLACEMENT_3D('',#4797,#4798,#4799);
#4797 = CARTESIAN_POINT('',(0.,-25.,28.0000001));
#4798 = DIRECTION('',(0.,-1.,1.110223024625E-16));
#4799 = DIRECTION('',(1.,0.,0.));
#4800 = PCURVE('',#1193,#4801);
#4801 = DEFINITIONAL_REPRESENTATION('',(#4802),#4805);
#4802 = B_SPLINE_CURVE_WITH_KNOTS('',1,(#4803,#4804),.UNSPECIFIED.,.F.,
  .F.,(2,2),(6.122494654228,6.28318530718),.PIECEWISE_BEZIER_KNOTS.);
#4803 = CARTESIAN_POINT('',(-0.160690650473,0.));
#4804 = CARTESIAN_POINT('',(0.,0.));
#4805 = ( GEOMETRIC_REPRESENTATION_CONTEXT(2) 
PARAMETRIC_REPRESENTATION_CONTEXT() REPRESENTATION_CONTEXT('2D SPACE',''
  ) );
#4806 = PCURVE('',#2213,#4807);
#4807 = DEFINITIONAL_REPRESENTATION('',(#4808),#4812);
#4808 = ELLIPSE('',#4809,27.,25.);
#4809 = AXIS2_PLACEMENT_2D('',#4810,#4811);
#4810 = CARTESIAN_POINT('',(-0.260735740851,1.000000011686E-07));
#4811 = DIRECTION('',(1.,0.));
#4812 = ( GEOMETRIC_REPRESENTATION_CONTEXT(2) 
PARAMETRIC_REPRESENTATION_CONTEXT() REPRESENTATION_CONTEXT('2D SPACE',''
  ) );
#4813 = ORIENTED_EDGE('',*,*,#4814,.T.);
#4814 = EDGE_CURVE('',#4792,#2517,#4815,.T.);
#4815 = SURFACE_CURVE('',#4816,(#4821,#4828),.PCURVE_S1.);
#4816 = ELLIPSE('',#4817,27.,25.);
#4817 = AXIS2_PLACEMENT_3D('',#4818,#4819,#4820);
#4818 = CARTESIAN_POINT('',(0.,-25.,28.0000001));
#4819 = DIRECTION('',(0.,-1.,1.110223024625E-16));
#4820 = DIRECTION('',(1.,0.,0.));
#4821 = PCURVE('',#1193,#4822);
#4822 = DEFINITIONAL_REPRESENTATION('',(#4823),#4827);
#4823 = LINE('',#4824,#4825);
#4824 = CARTESIAN_POINT('',(0.,0.));
#4825 = VECTOR('',#4826,1.);
#4826 = DIRECTION('',(1.,0.));
#4827 = ( GEOMETRIC_REPRESENTATION_CONTEXT(2) 
PARAMETRIC_REPRESENTATION_CONTEXT() REPRESENTATION_CONTEXT('2D SPACE',''
  ) );
#4828 = PCURVE('',#2213,#4829);
#4829 = DEFINITIONAL_REPRESENTATION('',(#4830),#4834);
#4830 = ELLIPSE('',#4831,27.,25.);
#4831 = AXIS2_PLACEMENT_2D('',#4832,#4833);
#4832 = CARTESIAN_POINT('',(-0.260735740851,1.000000011686E-07));
#4833 = DIRECTION('',(1.,0.));
#4834 = ( GEOMETRIC_REPRESENTATION_CONTEXT(2) 
PARAMETRIC_REPRESENTATION_CONTEXT() REPRESENTATION_CONTEXT('2D SPACE',''
  ) );
#4835 = ORIENTED_EDGE('',*,*,#2516,.T.);
#4836 = ORIENTED_EDGE('',*,*,#4837,.T.);
#4837 = EDGE_CURVE('',#2430,#4838,#4840,.T.);
#4838 = VERTEX_POINT('',#4839);
#4839 = CARTESIAN_POINT('',(-28.19999999626,-46.,28.0000001));
#4840 = SURFACE_CURVE('',#4841,(#4848,#4858),.PCURVE_S1.);
#4841 = B_SPLINE_CURVE_WITH_KNOTS('',5,(#4842,#4843,#4844,#4845,#4846,
    #4847),.UNSPECIFIED.,.F.,.F.,(6,6),(0.,1.),
  .PIECEWISE_BEZIER_KNOTS.);
#4842 = CARTESIAN_POINT('',(-27.86556900686,-46.,24.0000001));
#4843 = CARTESIAN_POINT('',(-27.99889695033,-46.,24.792585996155));
#4844 = CARTESIAN_POINT('',(-28.09933565683,-46.,25.590708666158));
#4845 = CARTESIAN_POINT('',(-28.16644521509,-46.,26.392555973816));
#4846 = CARTESIAN_POINT('',(-28.19999999654,-46.,27.196280620447));
#4847 = CARTESIAN_POINT('',(-28.19999999626,-46.,28.0000001));
#4848 = PCURVE('',#1193,#4849);
#4849 = DEFINITIONAL_REPRESENTATION('',(#4850),#4857);
#4850 = B_SPLINE_CURVE_WITH_KNOTS('',5,(#4851,#4852,#4853,#4854,#4855,
    #4856),.UNSPECIFIED.,.F.,.F.,(6,6),(0.,1.),
  .PIECEWISE_BEZIER_KNOTS.);
#4851 = CARTESIAN_POINT('',(3.295753411999,0.15));
#4852 = CARTESIAN_POINT('',(3.264962694648,0.15));
#4853 = CARTESIAN_POINT('',(3.234141036555,0.15));
#4854 = CARTESIAN_POINT('',(3.20329876285,0.15));
#4855 = CARTESIAN_POINT('',(3.172445608538,0.15));
#4856 = CARTESIAN_POINT('',(3.141592653265,0.15));
#4857 = ( GEOMETRIC_REPRESENTATION_CONTEXT(2) 
PARAMETRIC_REPRESENTATION_CONTEXT() REPRESENTATION_CONTEXT('2D SPACE',''
  ) );
#4858 = PCURVE('',#2467,#4859);
#4859 = DEFINITIONAL_REPRESENTATION('',(#4860),#4866);
#4860 = B_SPLINE_CURVE_WITH_KNOTS('',4,(#4861,#4862,#4863,#4864,#4865),
  .UNSPECIFIED.,.F.,.F.,(5,5),(0.,1.),.PIECEWISE_BEZIER_KNOTS.);
#4861 = CARTESIAN_POINT('',(3.295753412,0.15));
#4862 = CARTESIAN_POINT('',(3.257264980399,0.149999999986));
#4863 = CARTESIAN_POINT('',(3.218725211237,0.150000000024));
#4864 = CARTESIAN_POINT('',(3.180158882968,0.149999999986));
#4865 = CARTESIAN_POINT('',(3.14159265359,0.15));
#4866 = ( GEOMETRIC_REPRESENTATION_CONTEXT(2) 
PARAMETRIC_REPRESENTATION_CONTEXT() REPRESENTATION_CONTEXT('2D SPACE',''
  ) );
#4867 = ORIENTED_EDGE('',*,*,#4868,.T.);
#4868 = EDGE_CURVE('',#4838,#4869,#4871,.T.);
#4869 = VERTEX_POINT('',#4870);
#4870 = CARTESIAN_POINT('',(-29.79999999605,-74.,28.0000001));
#4871 = SURFACE_CURVE('',#4872,(#4878,#4887),.PCURVE_S1.);
#4872 = B_SPLINE_CURVE_WITH_KNOTS('',4,(#4873,#4874,#4875,#4876,#4877),
  .UNSPECIFIED.,.F.,.F.,(5,5),(0.,1.),.PIECEWISE_BEZIER_KNOTS.);
#4873 = CARTESIAN_POINT('',(-28.19999999626,-46.,28.0000001));
#4874 = CARTESIAN_POINT('',(-28.59999999621,-53.,28.0000001));
#4875 = CARTESIAN_POINT('',(-28.99999999615,-60.,28.0000001));
#4876 = CARTESIAN_POINT('',(-29.3999999961,-67.,28.0000001));
#4877 = CARTESIAN_POINT('',(-29.79999999605,-74.,28.0000001));
#4878 = PCURVE('',#1193,#4879);
#4879 = DEFINITIONAL_REPRESENTATION('',(#4880),#4886);
#4880 = B_SPLINE_CURVE_WITH_KNOTS('',4,(#4881,#4882,#4883,#4884,#4885),
  .UNSPECIFIED.,.F.,.F.,(5,5),(0.,1.),.PIECEWISE_BEZIER_KNOTS.);
#4881 = CARTESIAN_POINT('',(3.141592653589,0.15));
#4882 = CARTESIAN_POINT('',(3.141592653589,0.2));
#4883 = CARTESIAN_POINT('',(3.141592653589,0.25));
#4884 = CARTESIAN_POINT('',(3.141592653589,0.3));
#4885 = CARTESIAN_POINT('',(3.141592653589,0.35));
#4886 = ( GEOMETRIC_REPRESENTATION_CONTEXT(2) 
PARAMETRIC_REPRESENTATION_CONTEXT() REPRESENTATION_CONTEXT('2D SPACE',''
  ) );
#4887 = PCURVE('',#2467,#4888);
#4888 = DEFINITIONAL_REPRESENTATION('',(#4889),#4893);
#4889 = B_SPLINE_CURVE_WITH_KNOTS('',2,(#4890,#4891,#4892),
  .UNSPECIFIED.,.F.,.F.,(3,3),(0.,1.),.PIECEWISE_BEZIER_KNOTS.);
#4890 = CARTESIAN_POINT('',(3.14159265359,0.15));
#4891 = CARTESIAN_POINT('',(3.14159265359,0.25));
#4892 = CARTESIAN_POINT('',(3.14159265359,0.35));
#4893 = ( GEOMETRIC_REPRESENTATION_CONTEXT(2) 
PARAMETRIC_REPRESENTATION_CONTEXT() REPRESENTATION_CONTEXT('2D SPACE',''
  ) );
#4894 = ORIENTED_EDGE('',*,*,#4895,.F.);
#4895 = EDGE_CURVE('',#2374,#4869,#4896,.T.);
#4896 = SURFACE_CURVE('',#4897,(#4904,#4914),.PCURVE_S1.);
#4897 = B_SPLINE_CURVE_WITH_KNOTS('',5,(#4898,#4899,#4900,#4901,#4902,
    #4903),.UNSPECIFIED.,.F.,.F.,(6,6),(0.,1.),
  .PIECEWISE_BEZIER_KNOTS.);
#4898 = CARTESIAN_POINT('',(-29.48191322632,-74.,24.0000001));
#4899 = CARTESIAN_POINT('',(-29.60876135091,-74.,24.793289934186));
#4900 = CARTESIAN_POINT('',(-29.70428265318,-74.,25.591592486689));
#4901 = CARTESIAN_POINT('',(-29.76809421688,-74.,26.393264831317));
#4902 = CARTESIAN_POINT('',(-29.79999999633,-74.,27.196634634225));
#4903 = CARTESIAN_POINT('',(-29.79999999605,-74.,28.0000001));
#4904 = PCURVE('',#1193,#4905);
#4905 = DEFINITIONAL_REPRESENTATION('',(#4906),#4913);
#4906 = B_SPLINE_CURVE_WITH_KNOTS('',5,(#4907,#4908,#4909,#4910,#4911,
    #4912),.UNSPECIFIED.,.F.,.F.,(6,6),(0.,1.),
  .PIECEWISE_BEZIER_KNOTS.);
#4907 = CARTESIAN_POINT('',(3.287832840826,0.35));
#4908 = CARTESIAN_POINT('',(3.258621590744,0.35));
#4909 = CARTESIAN_POINT('',(3.229382861621,0.35));
#4910 = CARTESIAN_POINT('',(3.200125815433,0.35));
#4911 = CARTESIAN_POINT('',(3.170859154944,0.35));
#4912 = CARTESIAN_POINT('',(3.141592653265,0.35));
#4913 = ( GEOMETRIC_REPRESENTATION_CONTEXT(2) 
PARAMETRIC_REPRESENTATION_CONTEXT() REPRESENTATION_CONTEXT('2D SPACE',''
  ) );
#4914 = PCURVE('',#2467,#4915);
#4915 = DEFINITIONAL_REPRESENTATION('',(#4916),#4922);
#4916 = B_SPLINE_CURVE_WITH_KNOTS('',4,(#4917,#4918,#4919,#4920,#4921),
  .UNSPECIFIED.,.F.,.F.,(5,5),(0.,1.),.PIECEWISE_BEZIER_KNOTS.);
#4917 = CARTESIAN_POINT('',(3.287832840827,0.35));
#4918 = CARTESIAN_POINT('',(3.251318750665,0.349999999989));
#4919 = CARTESIAN_POINT('',(3.214759044053,0.350000000019));
#4920 = CARTESIAN_POINT('',(3.178175808521,0.349999999989));
#4921 = CARTESIAN_POINT('',(3.14159265359,0.35));
#4922 = ( GEOMETRIC_REPRESENTATION_CONTEXT(2) 
PARAMETRIC_REPRESENTATION_CONTEXT() REPRESENTATION_CONTEXT('2D SPACE',''
  ) );
#4923 = ORIENTED_EDGE('',*,*,#2373,.T.);
#4924 = ORIENTED_EDGE('',*,*,#4925,.T.);
#4925 = EDGE_CURVE('',#2287,#4926,#4928,.T.);
#4926 = VERTEX_POINT('',#4927);
#4927 = CARTESIAN_POINT('',(-32.77142856708,-126.,28.0000001));
#4928 = SURFACE_CURVE('',#4929,(#4935,#4944),.PCURVE_S1.);
#4929 = B_SPLINE_CURVE_WITH_KNOTS('',4,(#4930,#4931,#4932,#4933,#4934),
  .UNSPECIFIED.,.F.,.F.,(5,5),(0.,1.),.PIECEWISE_BEZIER_KNOTS.);
#4930 = CARTESIAN_POINT('',(-32.47979796032,-126.,24.0000001));
#4931 = CARTESIAN_POINT('',(-32.6252344678,-126.,24.992944581709));
#4932 = CARTESIAN_POINT('',(-32.72269616241,-126.,25.99292039552));
#4933 = CARTESIAN_POINT('',(-32.77142856744,-126.,26.996462864844));
#4934 = CARTESIAN_POINT('',(-32.77142856708,-126.,28.0000001));
#4935 = PCURVE('',#1193,#4936);
#4936 = DEFINITIONAL_REPRESENTATION('',(#4937),#4943);
#4937 = B_SPLINE_CURVE_WITH_KNOTS('',4,(#4938,#4939,#4940,#4941,#4942),
  .UNSPECIFIED.,.F.,.F.,(5,5),(0.,1.),.PIECEWISE_BEZIER_KNOTS.);
#4938 = CARTESIAN_POINT('',(3.27510039602,0.721428571429));
#4939 = CARTESIAN_POINT('',(3.241760630047,0.721428571429));
#4940 = CARTESIAN_POINT('',(3.208383908674,0.721428571429));
#4941 = CARTESIAN_POINT('',(3.174988235354,0.721428571429));
#4942 = CARTESIAN_POINT('',(3.141592653265,0.721428571429));
#4943 = ( GEOMETRIC_REPRESENTATION_CONTEXT(2) 
PARAMETRIC_REPRESENTATION_CONTEXT() REPRESENTATION_CONTEXT('2D SPACE',''
  ) );
#4944 = PCURVE('',#2324,#4945);
#4945 = DEFINITIONAL_REPRESENTATION('',(#4946),#4952);
#4946 = B_SPLINE_CURVE_WITH_KNOTS('',4,(#4947,#4948,#4949,#4950,#4951),
  .UNSPECIFIED.,.F.,.F.,(5,5),(0.,1.),.PIECEWISE_BEZIER_KNOTS.);
#4947 = CARTESIAN_POINT('',(3.275100396021,0.721428571429));
#4948 = CARTESIAN_POINT('',(3.241760611381,0.721428571467));
#4949 = CARTESIAN_POINT('',(3.208383908317,0.721428571441));
#4950 = CARTESIAN_POINT('',(3.174988254138,0.721428571375));
#4951 = CARTESIAN_POINT('',(3.14159265359,0.721428571429));
#4952 = ( GEOMETRIC_REPRESENTATION_CONTEXT(2) 
PARAMETRIC_REPRESENTATION_CONTEXT() REPRESENTATION_CONTEXT('2D SPACE',''
  ) );
#4953 = ORIENTED_EDGE('',*,*,#4954,.T.);
#4954 = EDGE_CURVE('',#4926,#4955,#4957,.T.);
#4955 = VERTEX_POINT('',#4956);
#4956 = CARTESIAN_POINT('',(-34.37142856687,-154.,28.0000001));
#4957 = SURFACE_CURVE('',#4958,(#4964,#4973),.PCURVE_S1.);
#4958 = B_SPLINE_CURVE_WITH_KNOTS('',4,(#4959,#4960,#4961,#4962,#4963),
  .UNSPECIFIED.,.F.,.F.,(5,5),(0.,1.),.PIECEWISE_BEZIER_KNOTS.);
#4959 = CARTESIAN_POINT('',(-32.77142856708,-126.,28.0000001));
#4960 = CARTESIAN_POINT('',(-33.17142856703,-133.,28.0000001));
#4961 = CARTESIAN_POINT('',(-33.57142856698,-140.,28.0000001));
#4962 = CARTESIAN_POINT('',(-33.97142856692,-147.,28.0000001));
#4963 = CARTESIAN_POINT('',(-34.37142856687,-154.,28.0000001));
#4964 = PCURVE('',#1193,#4965);
#4965 = DEFINITIONAL_REPRESENTATION('',(#4966),#4972);
#4966 = B_SPLINE_CURVE_WITH_KNOTS('',4,(#4967,#4968,#4969,#4970,#4971),
  .UNSPECIFIED.,.F.,.F.,(5,5),(0.,1.),.PIECEWISE_BEZIER_KNOTS.);
#4967 = CARTESIAN_POINT('',(3.141592653589,0.721428571429));
#4968 = CARTESIAN_POINT('',(3.141592653589,0.771428571429));
#4969 = CARTESIAN_POINT('',(3.141592653589,0.821428571429));
#4970 = CARTESIAN_POINT('',(3.141592653589,0.871428571429));
#4971 = CARTESIAN_POINT('',(3.141592653589,0.921428571429));
#4972 = ( GEOMETRIC_REPRESENTATION_CONTEXT(2) 
PARAMETRIC_REPRESENTATION_CONTEXT() REPRESENTATION_CONTEXT('2D SPACE',''
  ) );
#4973 = PCURVE('',#2324,#4974);
#4974 = DEFINITIONAL_REPRESENTATION('',(#4975),#4979);
#4975 = B_SPLINE_CURVE_WITH_KNOTS('',2,(#4976,#4977,#4978),
  .UNSPECIFIED.,.F.,.F.,(3,3),(0.,1.),.PIECEWISE_BEZIER_KNOTS.);
#4976 = CARTESIAN_POINT('',(3.14159265359,0.721428571429));
#4977 = CARTESIAN_POINT('',(3.14159265359,0.821428571429));
#4978 = CARTESIAN_POINT('',(3.14159265359,0.921428571429));
#4979 = ( GEOMETRIC_REPRESENTATION_CONTEXT(2) 
PARAMETRIC_REPRESENTATION_CONTEXT() REPRESENTATION_CONTEXT('2D SPACE',''
  ) );
#4980 = ORIENTED_EDGE('',*,*,#4981,.F.);
#4981 = EDGE_CURVE('',#2231,#4955,#4982,.T.);
#4982 = SURFACE_CURVE('',#4983,(#4989,#4998),.PCURVE_S1.);
#4983 = B_SPLINE_CURVE_WITH_KNOTS('',4,(#4984,#4985,#4986,#4987,#4988),
  .UNSPECIFIED.,.F.,.F.,(5,5),(0.,1.),.PIECEWISE_BEZIER_KNOTS.);
#4984 = CARTESIAN_POINT('',(-34.09229417898,-154.,24.0000001));
#4985 = CARTESIAN_POINT('',(-34.23152660326,-154.,24.993534139155));
#4986 = CARTESIAN_POINT('',(-34.32479372698,-154.,25.993513555395));
#4987 = CARTESIAN_POINT('',(-34.37142856723,-154.,26.996759059872));
#4988 = CARTESIAN_POINT('',(-34.37142856687,-154.,28.0000001));
#4989 = PCURVE('',#1193,#4990);
#4990 = DEFINITIONAL_REPRESENTATION('',(#4991),#4997);
#4991 = B_SPLINE_CURVE_WITH_KNOTS('',4,(#4992,#4993,#4994,#4995,#4996),
  .UNSPECIFIED.,.F.,.F.,(5,5),(0.,1.),.PIECEWISE_BEZIER_KNOTS.);
#4992 = CARTESIAN_POINT('',(3.269124083744,0.921428571429));
#4993 = CARTESIAN_POINT('',(3.237274522113,0.921428571429));
#4994 = CARTESIAN_POINT('',(3.205391840799,0.921428571429));
#4995 = CARTESIAN_POINT('',(3.1734922096,0.921428571429));
#4996 = CARTESIAN_POINT('',(3.141592653265,0.921428571429));
#4997 = ( GEOMETRIC_REPRESENTATION_CONTEXT(2) 
PARAMETRIC_REPRESENTATION_CONTEXT() REPRESENTATION_CONTEXT('2D SPACE',''
  ) );
#4998 = PCURVE('',#2324,#4999);
#4999 = DEFINITIONAL_REPRESENTATION('',(#5000),#5006);
#5000 = B_SPLINE_CURVE_WITH_KNOTS('',4,(#5001,#5002,#5003,#5004,#5005),
  .UNSPECIFIED.,.F.,.F.,(5,5),(0.,1.),.PIECEWISE_BEZIER_KNOTS.);
#5001 = CARTESIAN_POINT('',(3.269124083745,0.921428571429));
#5002 = CARTESIAN_POINT('',(3.237274507004,0.921428571461));
#5003 = CARTESIAN_POINT('',(3.205391840431,0.921428571439));
#5004 = CARTESIAN_POINT('',(3.173492224879,0.921428571384));
#5005 = CARTESIAN_POINT('',(3.14159265359,0.921428571429));
#5006 = ( GEOMETRIC_REPRESENTATION_CONTEXT(2) 
PARAMETRIC_REPRESENTATION_CONTEXT() REPRESENTATION_CONTEXT('2D SPACE',''
  ) );
#5007 = ORIENTED_EDGE('',*,*,#2230,.T.);
#5008 = ORIENTED_EDGE('',*,*,#1176,.F.);
#5009 = ORIENTED_EDGE('',*,*,#1231,.F.);
#5010 = ORIENTED_EDGE('',*,*,#5011,.F.);
#5011 = EDGE_CURVE('',#4446,#1232,#5012,.T.);
#5012 = SURFACE_CURVE('',#5013,(#5028,#5046),.PCURVE_S1.);
#5013 = B_SPLINE_CURVE_WITH_KNOTS('',4,(#5014,#5015,#5016,#5017,#5018,
    #5019,#5020,#5021,#5022,#5023,#5024,#5025,#5026,#5027),
  .UNSPECIFIED.,.F.,.F.,(5,3,3,3,5),(0.,0.250001545686,0.500001994801,
    0.750001538299,1.),.UNSPECIFIED.);
#5014 = CARTESIAN_POINT('',(26.652159405561,-25.,24.0000001));
#5015 = CARTESIAN_POINT('',(27.157970808073,-33.74998320127,24.0000001)
  );
#5016 = CARTESIAN_POINT('',(27.663522961293,-42.49998143162,24.0000001)
  );
#5017 = CARTESIAN_POINT('',(28.168841897518,-51.24999316743,24.0000001)
  );
#5018 = CARTESIAN_POINT('',(29.179051112268,-68.75000293672,24.0000001)
  );
#5019 = CARTESIAN_POINT('',(29.68394144809,-77.50000096672,24.0000001));
#5020 = CARTESIAN_POINT('',(30.18863866384,-86.25001016237,24.0000001));
#5021 = CARTESIAN_POINT('',(31.197676341961,-103.7500173656,24.0000001)
  );
#5022 = CARTESIAN_POINT('',(31.702016843719,-112.5000153708,24.0000001)
  );
#5023 = CARTESIAN_POINT('',(32.206195610001,-121.2500227148,24.0000001)
  );
#5024 = CARTESIAN_POINT('',(33.214252364003,-138.7500167722,24.0000001)
  );
#5025 = CARTESIAN_POINT('',(33.718130379818,-147.5000034839,24.0000001)
  );
#5026 = CARTESIAN_POINT('',(34.221871582064,-156.2499980866,24.0000001)
  );
#5027 = CARTESIAN_POINT('',(34.725485975697,-164.9999999999,24.0000001)
  );
#5028 = PCURVE('',#1193,#5029);
#5029 = DEFINITIONAL_REPRESENTATION('',(#5030),#5045);
#5030 = B_SPLINE_CURVE_WITH_KNOTS('',4,(#5031,#5032,#5033,#5034,#5035,
    #5036,#5037,#5038,#5039,#5040,#5041,#5042,#5043,#5044),
  .UNSPECIFIED.,.F.,.F.,(5,3,3,3,5),(0.,0.250001545686,0.500001994801,
    0.750001538299,1.),.UNSPECIFIED.);
#5031 = CARTESIAN_POINT('',(-0.160690650347,0.));
#5032 = CARTESIAN_POINT('',(-0.157854112668,6.249988000913E-02));
#5033 = CARTESIAN_POINT('',(-0.155151659939,0.124999867369));
#5034 = CARTESIAN_POINT('',(-0.152569089644,0.187499951196));
#5035 = CARTESIAN_POINT('',(-0.14762221156,0.312500020977));
#5036 = CARTESIAN_POINT('',(-0.145257869821,0.375000006905));
#5037 = CARTESIAN_POINT('',(-0.142991833553,0.437500072588));
#5038 = CARTESIAN_POINT('',(-0.13863973632,0.56250012404));
#5039 = CARTESIAN_POINT('',(-0.136553652419,0.625000109792));
#5040 = CARTESIAN_POINT('',(-0.13454918868,0.687500162249));
#5041 = CARTESIAN_POINT('',(-0.130690430936,0.812500119802));
#5042 = CARTESIAN_POINT('',(-0.128836120852,0.875000024886));
#5043 = CARTESIAN_POINT('',(-0.127050323662,0.937499986333));
#5044 = CARTESIAN_POINT('',(-0.125327828969,1.));
#5045 = ( GEOMETRIC_REPRESENTATION_CONTEXT(2) 
PARAMETRIC_REPRESENTATION_CONTEXT() REPRESENTATION_CONTEXT('2D SPACE',''
  ) );
#5046 = PCURVE('',#1268,#5047);
#5047 = DEFINITIONAL_REPRESENTATION('',(#5048),#5063);
#5048 = B_SPLINE_CURVE_WITH_KNOTS('',4,(#5049,#5050,#5051,#5052,#5053,
    #5054,#5055,#5056,#5057,#5058,#5059,#5060,#5061,#5062),
  .UNSPECIFIED.,.F.,.F.,(5,3,3,3,5),(0.,0.250001545686,0.500001994801,
    0.750001538299,1.),.UNSPECIFIED.);
#5049 = CARTESIAN_POINT('',(96.652159405561,170.));
#5050 = CARTESIAN_POINT('',(97.157970808073,161.25001679873));
#5051 = CARTESIAN_POINT('',(97.663522961293,152.50001856838));
#5052 = CARTESIAN_POINT('',(98.168841897518,143.75000683257));
#5053 = CARTESIAN_POINT('',(99.179051112268,126.24999706328));
#5054 = CARTESIAN_POINT('',(99.68394144809,117.49999903328));
#5055 = CARTESIAN_POINT('',(100.18863866384,108.74998983763));
#5056 = CARTESIAN_POINT('',(101.19767634196,91.2499826344));
#5057 = CARTESIAN_POINT('',(101.70201684371,82.4999846292));
#5058 = CARTESIAN_POINT('',(102.20619561,73.7499772852));
#5059 = CARTESIAN_POINT('',(103.214252364,56.2499832278));
#5060 = CARTESIAN_POINT('',(103.71813037981,47.4999965161));
#5061 = CARTESIAN_POINT('',(104.22187158206,38.7500019134));
#5062 = CARTESIAN_POINT('',(104.72548597569,30.0000000001));
#5063 = ( GEOMETRIC_REPRESENTATION_CONTEXT(2) 
PARAMETRIC_REPRESENTATION_CONTEXT() REPRESENTATION_CONTEXT('2D SPACE',''
  ) );
#5064 = FACE_BOUND('',#5065,.F.);
#5065 = EDGE_LOOP('',(#5066,#5185,#5220,#5266));
#5066 = ORIENTED_EDGE('',*,*,#5067,.T.);
#5067 = EDGE_CURVE('',#5068,#5070,#5072,.T.);
#5068 = VERTEX_POINT('',#5069);
#5069 = CARTESIAN_POINT('',(25.,-38.,39.120379457905));
#5070 = VERTEX_POINT('',#5071);
#5071 = CARTESIAN_POINT('',(25.,-152.,49.433606095091));
#5072 = SURFACE_CURVE('',#5073,(#5100,#5130),.PCURVE_S1.);
#5073 = B_SPLINE_CURVE_WITH_KNOTS('',7,(#5074,#5075,#5076,#5077,#5078,
    #5079,#5080,#5081,#5082,#5083,#5084,#5085,#5086,#5087,#5088,#5089,
    #5090,#5091,#5092,#5093,#5094,#5095,#5096,#5097,#5098,#5099),
  .UNSPECIFIED.,.F.,.F.,(8,6,6,6,8),(0.,0.210643191292,0.423200999387,
    0.711659827811,1.),.UNSPECIFIED.);
#5074 = CARTESIAN_POINT('',(25.,-38.,39.120379457905));
#5075 = CARTESIAN_POINT('',(25.,-41.41992840577,39.532937300851));
#5076 = CARTESIAN_POINT('',(25.,-44.84164555482,39.930616066427));
#5077 = CARTESIAN_POINT('',(25.,-48.26481615616,40.315706556418));
#5078 = CARTESIAN_POINT('',(25.,-51.68920342008,40.689797068447));
#5079 = CARTESIAN_POINT('',(25.,-55.11462722881,41.054148337365));
#5080 = CARTESIAN_POINT('',(25.,-58.54095616772,41.4097663573));
#5081 = CARTESIAN_POINT('',(25.,-65.42638986642,42.108372695519));
#5082 = CARTESIAN_POINT('',(25.,-68.88549746786,42.451215639009));
#5083 = CARTESIAN_POINT('',(25.,-72.34531415911,42.786875852971));
#5084 = CARTESIAN_POINT('',(25.,-75.8057556853,43.116033573873));
#5085 = CARTESIAN_POINT('',(25.,-79.26675411644,43.439251450277));
#5086 = CARTESIAN_POINT('',(25.,-82.72825435232,43.75701093194));
#5087 = CARTESIAN_POINT('',(25.,-90.88838193876,44.494104495032));
#5088 = CARTESIAN_POINT('',(25.,-95.58738985078,44.909192101368));
#5089 = CARTESIAN_POINT('',(25.,-100.2871245871,45.316020715204));
#5090 = CARTESIAN_POINT('',(25.,-104.9874979498,45.7154040425));
#5091 = CARTESIAN_POINT('',(25.,-109.6884391317,46.108011895061));
#5092 = CARTESIAN_POINT('',(25.,-114.3898908286,46.494415525805));
#5093 = CARTESIAN_POINT('',(25.,-123.7917909314,47.255634052397));
#5094 = CARTESIAN_POINT('',(25.,-128.4922365702,47.630453704752));
#5095 = CARTESIAN_POINT('',(25.,-133.1930977869,48.000050262894));
#5096 = CARTESIAN_POINT('',(25.,-137.8943353443,48.364833028773));
#5097 = CARTESIAN_POINT('',(25.,-142.5959161636,48.72515375357));
#5098 = CARTESIAN_POINT('',(25.,-147.2978122194,49.081320799309));
#5099 = CARTESIAN_POINT('',(25.,-152.,49.433606095091));
#5100 = PCURVE('',#1193,#5101);
#5101 = DEFINITIONAL_REPRESENTATION('',(#5102),#5129);
#5102 = B_SPLINE_CURVE_WITH_KNOTS('',7,(#5103,#5104,#5105,#5106,#5107,
    #5108,#5109,#5110,#5111,#5112,#5113,#5114,#5115,#5116,#5117,#5118,
    #5119,#5120,#5121,#5122,#5123,#5124,#5125,#5126,#5127,#5128),
  .UNSPECIFIED.,.F.,.F.,(8,6,6,6,8),(0.,0.210643191292,0.423200999387,
    0.711659827811,1.),.UNSPECIFIED.);
#5103 = CARTESIAN_POINT('',(0.44842085522,9.285714285714E-02));
#5104 = CARTESIAN_POINT('',(0.463062314636,0.117285202898));
#5105 = CARTESIAN_POINT('',(0.476950946995,0.141726039677));
#5106 = CARTESIAN_POINT('',(0.490193261798,0.166177258258));
#5107 = CARTESIAN_POINT('',(0.502864156326,0.190637167286));
#5108 = CARTESIAN_POINT('',(0.515023556295,0.215104480206));
#5109 = CARTESIAN_POINT('',(0.526719721357,0.239578258341));
#5110 = CARTESIAN_POINT('',(0.549369015854,0.288759927617));
#5111 = CARTESIAN_POINT('',(0.560314386718,0.313467839056));
#5112 = CARTESIAN_POINT('',(0.570870709441,0.338180815422));
#5113 = CARTESIAN_POINT('',(0.581071255513,0.362898254895));
#5114 = CARTESIAN_POINT('',(0.59094381511,0.38761967226));
#5115 = CARTESIAN_POINT('',(0.600512349906,0.412344673945));
#5116 = CARTESIAN_POINT('',(0.622398439732,0.470631299563));
#5117 = CARTESIAN_POINT('',(0.634477561137,0.504195641791));
#5118 = CARTESIAN_POINT('',(0.646086785505,0.537765175622));
#5119 = CARTESIAN_POINT('',(0.657267574214,0.57133927107));
#5120 = CARTESIAN_POINT('',(0.668054480468,0.604917422369));
#5121 = CARTESIAN_POINT('',(0.678477251949,0.638499220205));
#5122 = CARTESIAN_POINT('',(0.698641746773,0.705655649511));
#5123 = CARTESIAN_POINT('',(0.708383759799,0.739230261216));
#5124 = CARTESIAN_POINT('',(0.717813275491,0.772807841335));
#5125 = CARTESIAN_POINT('',(0.726952148063,0.806388109602));
#5126 = CARTESIAN_POINT('',(0.73581933019,0.83997082974));
#5127 = CARTESIAN_POINT('',(0.744431556291,0.873555801567));
#5128 = CARTESIAN_POINT('',(0.752803801846,0.907142857143));
#5129 = ( GEOMETRIC_REPRESENTATION_CONTEXT(2) 
PARAMETRIC_REPRESENTATION_CONTEXT() REPRESENTATION_CONTEXT('2D SPACE',''
  ) );
#5130 = PCURVE('',#5131,#5162);
#5131 = B_SPLINE_SURFACE_WITH_KNOTS('',14,1,(
    (#5132,#5133)
    ,(#5134,#5135)
    ,(#5136,#5137)
    ,(#5138,#5139)
    ,(#5140,#5141)
    ,(#5142,#5143)
    ,(#5144,#5145)
    ,(#5146,#5147)
    ,(#5148,#5149)
    ,(#5150,#5151)
    ,(#5152,#5153)
    ,(#5154,#5155)
    ,(#5156,#5157)
    ,(#5158,#5159)
    ,(#5160,#5161
    )),.UNSPECIFIED.,.T.,.F.,.F.,(1,14,14,1),(2,2),(-6.28318530718,0.,
    6.28318530718,12.56637061436),(0.,1.),.UNSPECIFIED.);
#5132 = CARTESIAN_POINT('',(27.,-25.,28.0000001));
#5133 = CARTESIAN_POINT('',(35.,-165.,28.0000001));
#5134 = CARTESIAN_POINT('',(27.000000000005,-25.,39.219973862829));
#5135 = CARTESIAN_POINT('',(35.000000000002,-165.,42.361566516421));
#5136 = CARTESIAN_POINT('',(21.143312247597,-25.,50.439951767187));
#5137 = CARTESIAN_POINT('',(27.407997358017,-164.9999999999,
    56.723138233996));
#5138 = CARTESIAN_POINT('',(9.42992925566,-25.,58.820483764334));
#5139 = CARTESIAN_POINT('',(12.223982368388,-165.,67.450219190356));
#5140 = CARTESIAN_POINT('',(-6.38848659797,-25.,61.52243999564));
#5141 = CARTESIAN_POINT('',(-8.281371515756,-164.9999999999,
    70.908723166406));
#5142 = CARTESIAN_POINT('',(-22.80894283085,-25.,56.724421625271));
#5143 = CARTESIAN_POINT('',(-29.56714811429,-164.9999999999,
    64.767259652362));
#5144 = CARTESIAN_POINT('',(-35.34412594482,-25.,44.647131231589));
#5145 = CARTESIAN_POINT('',(-45.8164595578,-165.0000000002,
    49.308327948421));
#5146 = CARTESIAN_POINT('',(-40.06337225526,-25.,28.000000100349));
#5147 = CARTESIAN_POINT('',(-51.93400107198,-164.9999999996,
    28.000000100453));
#5148 = CARTESIAN_POINT('',(-35.34412594483,-25.,11.35286896778));
#5149 = CARTESIAN_POINT('',(-45.81645955778,-165.0000000003,
    6.69167225075));
#5150 = CARTESIAN_POINT('',(-22.80894283084,-25.,-0.72442142478));
#5151 = CARTESIAN_POINT('',(-29.56714811431,-164.9999999997,
    -8.76725945172));
#5152 = CARTESIAN_POINT('',(-6.388486597976,-25.,-5.52243979594));
#5153 = CARTESIAN_POINT('',(-8.281371515736,-165.0000000001,
    -14.9087229668));
#5154 = CARTESIAN_POINT('',(9.429929255664,-25.,-2.82048356418));
#5155 = CARTESIAN_POINT('',(12.223982368375,-164.9999999999,
    -11.45021899015));
#5156 = CARTESIAN_POINT('',(21.143312247596,-25.,5.56004843276));
#5157 = CARTESIAN_POINT('',(27.407997358023,-165.,-0.72313803407));
#5158 = CARTESIAN_POINT('',(27.000000000005,-25.,16.780026337184));
#5159 = CARTESIAN_POINT('',(35.,-164.9999999999,13.6384336836));
#5160 = CARTESIAN_POINT('',(27.,-25.,28.0000001));
#5161 = CARTESIAN_POINT('',(35.,-165.,28.0000001));
#5162 = DEFINITIONAL_REPRESENTATION('',(#5163),#5184);
#5163 = B_SPLINE_CURVE_WITH_KNOTS('',7,(#5164,#5165,#5166,#5167,#5168,
    #5169,#5170,#5171,#5172,#5173,#5174,#5175,#5176,#5177,#5178,#5179,
    #5180,#5181,#5182,#5183),.UNSPECIFIED.,.F.,.F.,(8,6,6,8),(0.,0.25,
    0.625,1.),.UNSPECIFIED.);
#5164 = CARTESIAN_POINT('',(0.44842085522,9.285714285714E-02));
#5165 = CARTESIAN_POINT('',(0.465797937842,0.121849369872));
#5166 = CARTESIAN_POINT('',(0.482114623017,0.150859589271));
#5167 = CARTESIAN_POINT('',(0.497548829665,0.179883802843));
#5168 = CARTESIAN_POINT('',(0.512216276406,0.208919451758));
#5169 = CARTESIAN_POINT('',(0.526208058969,0.237964395643));
#5170 = CARTESIAN_POINT('',(0.539595297751,0.267017882468));
#5171 = CARTESIAN_POINT('',(0.571698094301,0.33966924398));
#5172 = CARTESIAN_POINT('',(0.589731363086,0.383276166722));
#5173 = CARTESIAN_POINT('',(0.606732159472,0.426895597729));
#5174 = CARTESIAN_POINT('',(0.62283484259,0.470525366692));
#5175 = CARTESIAN_POINT('',(0.638141448904,0.51416392459));
#5176 = CARTESIAN_POINT('',(0.652736523247,0.557809990144));
#5177 = CARTESIAN_POINT('',(0.680638590296,0.645115287968));
#5178 = CARTESIAN_POINT('',(0.693945847859,0.688774514169));
#5179 = CARTESIAN_POINT('',(0.706677549461,0.732439376117));
#5180 = CARTESIAN_POINT('',(0.718887675338,0.776109150263));
#5181 = CARTESIAN_POINT('',(0.730620856221,0.819783276816));
#5182 = CARTESIAN_POINT('',(0.741915309413,0.863461307512));
#5183 = CARTESIAN_POINT('',(0.75280380635,0.907142857143));
#5184 = ( GEOMETRIC_REPRESENTATION_CONTEXT(2) 
PARAMETRIC_REPRESENTATION_CONTEXT() REPRESENTATION_CONTEXT('2D SPACE',''
  ) );
#5185 = ORIENTED_EDGE('',*,*,#5186,.F.);
#5186 = EDGE_CURVE('',#5187,#5070,#5189,.T.);
#5187 = VERTEX_POINT('',#5188);
#5188 = CARTESIAN_POINT('',(15.,-152.,56.184928879019));
#5189 = SURFACE_CURVE('',#5190,(#5198,#5209),.PCURVE_S1.);
#5190 = B_SPLINE_CURVE_WITH_KNOTS('',6,(#5191,#5192,#5193,#5194,#5195,
    #5196,#5197),.UNSPECIFIED.,.F.,.F.,(7,7),(0.,1.),
  .PIECEWISE_BEZIER_KNOTS.);
#5191 = CARTESIAN_POINT('',(15.,-152.,56.184928879019));
#5192 = CARTESIAN_POINT('',(16.846410342613,-152.,55.361975279681));
#5193 = CARTESIAN_POINT('',(18.636908761886,-152.,54.413547219408));
#5194 = CARTESIAN_POINT('',(20.35985664337,-152.,53.342144002021));
#5195 = CARTESIAN_POINT('',(22.003047607722,-152.,52.151348085875));
#5196 = CARTESIAN_POINT('',(23.553927656212,-152.,50.846168379475));
#5197 = CARTESIAN_POINT('',(25.,-152.,49.433606095091));
#5198 = PCURVE('',#1193,#5199);
#5199 = DEFINITIONAL_REPRESENTATION('',(#5200),#5208);
#5200 = B_SPLINE_CURVE_WITH_KNOTS('',6,(#5201,#5202,#5203,#5204,#5205,
    #5206,#5207),.UNSPECIFIED.,.F.,.F.,(7,7),(0.,1.),
  .PIECEWISE_BEZIER_KNOTS.);
#5201 = CARTESIAN_POINT('',(1.117573909154,0.907142857143));
#5202 = CARTESIAN_POINT('',(1.057622735583,0.907142857143));
#5203 = CARTESIAN_POINT('',(0.997386421915,0.907142857143));
#5204 = CARTESIAN_POINT('',(0.936817383804,0.907142857143));
#5205 = CARTESIAN_POINT('',(0.875879955083,0.907142857143));
#5206 = CARTESIAN_POINT('',(0.814545876118,0.907142857143));
#5207 = CARTESIAN_POINT('',(0.75280380635,0.907142857143));
#5208 = ( GEOMETRIC_REPRESENTATION_CONTEXT(2) 
PARAMETRIC_REPRESENTATION_CONTEXT() REPRESENTATION_CONTEXT('2D SPACE',''
  ) );
#5209 = PCURVE('',#5131,#5210);
#5210 = DEFINITIONAL_REPRESENTATION('',(#5211),#5219);
#5211 = B_SPLINE_CURVE_WITH_KNOTS('',6,(#5212,#5213,#5214,#5215,#5216,
    #5217,#5218),.UNSPECIFIED.,.F.,.F.,(7,7),(0.,1.),
  .PIECEWISE_BEZIER_KNOTS.);
#5212 = CARTESIAN_POINT('',(1.117573909154,0.907142857143));
#5213 = CARTESIAN_POINT('',(1.057622732894,0.907142857199));
#5214 = CARTESIAN_POINT('',(0.997386424823,0.907142857071));
#5215 = CARTESIAN_POINT('',(0.936817384862,0.907142857133));
#5216 = CARTESIAN_POINT('',(0.875879951216,0.907142857231));
#5217 = CARTESIAN_POINT('',(0.814545878501,0.90714285708));
#5218 = CARTESIAN_POINT('',(0.75280380635,0.907142857143));
#5219 = ( GEOMETRIC_REPRESENTATION_CONTEXT(2) 
PARAMETRIC_REPRESENTATION_CONTEXT() REPRESENTATION_CONTEXT('2D SPACE',''
  ) );
#5220 = ORIENTED_EDGE('',*,*,#5221,.F.);
#5221 = EDGE_CURVE('',#5222,#5187,#5224,.T.);
#5222 = VERTEX_POINT('',#5223);
#5223 = CARTESIAN_POINT('',(15.,-38.,49.577512086271));
#5224 = SURFACE_CURVE('',#5225,(#5238,#5254),.PCURVE_S1.);
#5225 = B_SPLINE_CURVE_WITH_KNOTS('',6,(#5226,#5227,#5228,#5229,#5230,
    #5231,#5232,#5233,#5234,#5235,#5236,#5237),.UNSPECIFIED.,.F.,.F.,(7,
    5,7),(0.,0.498808183887,1.),.UNSPECIFIED.);
#5226 = CARTESIAN_POINT('',(15.,-38.,49.577512086271));
#5227 = CARTESIAN_POINT('',(15.,-47.475983864,50.150061194379));
#5228 = CARTESIAN_POINT('',(15.,-56.95234129795,50.716437989107));
#5229 = CARTESIAN_POINT('',(15.,-66.42902093144,51.277418152385));
#5230 = CARTESIAN_POINT('',(15.,-75.90598366879,51.833595347851));
#5231 = CARTESIAN_POINT('',(15.,-85.38319812355,52.385458286743));
#5232 = CARTESIAN_POINT('',(15.,-104.383369711,53.483989485541));
#5233 = CARTESIAN_POINT('',(15.,-113.9063286081,54.030620635599));
#5234 = CARTESIAN_POINT('',(15.,-123.4294901382,54.573720635453));
#5235 = CARTESIAN_POINT('',(15.,-132.9528334677,55.113625387264));
#5236 = CARTESIAN_POINT('',(15.,-142.4763415523,55.650614039769));
#5237 = CARTESIAN_POINT('',(15.,-152.,56.184928879019));
#5238 = PCURVE('',#1193,#5239);
#5239 = DEFINITIONAL_REPRESENTATION('',(#5240),#5253);
#5240 = B_SPLINE_CURVE_WITH_KNOTS('',6,(#5241,#5242,#5243,#5244,#5245,
    #5246,#5247,#5248,#5249,#5250,#5251,#5252),.UNSPECIFIED.,.F.,.F.,(7,
    5,7),(0.,0.498808183887,1.),.UNSPECIFIED.);
#5241 = CARTESIAN_POINT('',(0.999551424389,9.285714285714E-02));
#5242 = CARTESIAN_POINT('',(1.012096145917,0.160542741886));
#5243 = CARTESIAN_POINT('',(1.023932400171,0.228231009271));
#5244 = CARTESIAN_POINT('',(1.035140721458,0.295921578082));
#5245 = CARTESIAN_POINT('',(1.045784604522,0.363614169063));
#5246 = CARTESIAN_POINT('',(1.055916680282,0.431308558025));
#5247 = CARTESIAN_POINT('',(1.075292826847,0.567024069365));
#5248 = CARTESIAN_POINT('',(1.084532436163,0.635045204344));
#5249 = CARTESIAN_POINT('',(1.093345692068,0.703067786702));
#5250 = CARTESIAN_POINT('',(1.101769988866,0.771091667627));
#5251 = CARTESIAN_POINT('',(1.10983685657,0.839116725374));
#5252 = CARTESIAN_POINT('',(1.117573905654,0.907142857143));
#5253 = ( GEOMETRIC_REPRESENTATION_CONTEXT(2) 
PARAMETRIC_REPRESENTATION_CONTEXT() REPRESENTATION_CONTEXT('2D SPACE',''
  ) );
#5254 = PCURVE('',#5131,#5255);
#5255 = DEFINITIONAL_REPRESENTATION('',(#5256),#5265);
#5256 = B_SPLINE_CURVE_WITH_KNOTS('',7,(#5257,#5258,#5259,#5260,#5261,
    #5262,#5263,#5264),.UNSPECIFIED.,.F.,.F.,(8,8),(0.,1.),
  .PIECEWISE_BEZIER_KNOTS.);
#5257 = CARTESIAN_POINT('',(0.999551428366,9.285714285714E-02));
#5258 = CARTESIAN_POINT('',(1.021108048289,0.209166837411));
#5259 = CARTESIAN_POINT('',(1.040630717394,0.325484195907));
#5260 = CARTESIAN_POINT('',(1.058490721775,0.441807514541));
#5261 = CARTESIAN_POINT('',(1.074939265803,0.558135732385));
#5262 = CARTESIAN_POINT('',(1.090172048455,0.674468079168));
#5263 = CARTESIAN_POINT('',(1.104341932749,0.79080394023));
#5264 = CARTESIAN_POINT('',(1.117573909154,0.907142857143));
#5265 = ( GEOMETRIC_REPRESENTATION_CONTEXT(2) 
PARAMETRIC_REPRESENTATION_CONTEXT() REPRESENTATION_CONTEXT('2D SPACE',''
  ) );
#5266 = ORIENTED_EDGE('',*,*,#5267,.T.);
#5267 = EDGE_CURVE('',#5222,#5068,#5268,.T.);
#5268 = SURFACE_CURVE('',#5269,(#5278,#5290),.PCURVE_S1.);
#5269 = B_SPLINE_CURVE_WITH_KNOTS('',7,(#5270,#5271,#5272,#5273,#5274,
    #5275,#5276,#5277),.UNSPECIFIED.,.F.,.F.,(8,8),(0.,1.),
  .PIECEWISE_BEZIER_KNOTS.);
#5270 = CARTESIAN_POINT('',(15.,-38.,49.577512086271));
#5271 = CARTESIAN_POINT('',(16.799734019039,-38.,48.508037207839));
#5272 = CARTESIAN_POINT('',(18.507046236416,-38.,47.281935102388));
#5273 = CARTESIAN_POINT('',(20.102952547452,-38.,45.905566180132));
#5274 = CARTESIAN_POINT('',(21.568327318086,-38.,44.387725709041));
#5275 = CARTESIAN_POINT('',(22.884479524033,-38.,42.740131345253));
#5276 = CARTESIAN_POINT('',(24.033487178503,-38.,40.977757834155));
#5277 = CARTESIAN_POINT('',(25.,-38.,39.120379457905));
#5278 = PCURVE('',#1193,#5279);
#5279 = DEFINITIONAL_REPRESENTATION('',(#5280),#5289);
#5280 = B_SPLINE_CURVE_WITH_KNOTS('',7,(#5281,#5282,#5283,#5284,#5285,
    #5286,#5287,#5288),.UNSPECIFIED.,.F.,.F.,(8,8),(0.,1.),
  .PIECEWISE_BEZIER_KNOTS.);
#5281 = CARTESIAN_POINT('',(0.999551424389,9.285714285714E-02));
#5282 = CARTESIAN_POINT('',(0.922435668244,9.285714285714E-02));
#5283 = CARTESIAN_POINT('',(0.844820730518,9.285714285714E-02));
#5284 = CARTESIAN_POINT('',(0.766667707284,9.285714285714E-02));
#5285 = CARTESIAN_POINT('',(0.687947807829,9.285714285714E-02));
#5286 = CARTESIAN_POINT('',(0.608649171257,9.285714285714E-02));
#5287 = CARTESIAN_POINT('',(0.528777944791,9.285714285714E-02));
#5288 = CARTESIAN_POINT('',(0.44842085522,9.285714285714E-02));
#5289 = ( GEOMETRIC_REPRESENTATION_CONTEXT(2) 
PARAMETRIC_REPRESENTATION_CONTEXT() REPRESENTATION_CONTEXT('2D SPACE',''
  ) );
#5290 = PCURVE('',#5131,#5291);
#5291 = DEFINITIONAL_REPRESENTATION('',(#5292),#5301);
#5292 = B_SPLINE_CURVE_WITH_KNOTS('',7,(#5293,#5294,#5295,#5296,#5297,
    #5298,#5299,#5300),.UNSPECIFIED.,.F.,.F.,(8,8),(0.,1.),
  .PIECEWISE_BEZIER_KNOTS.);
#5293 = CARTESIAN_POINT('',(0.999551428366,9.285714285714E-02));
#5294 = CARTESIAN_POINT('',(0.92243567885,9.285714278249E-02));
#5295 = CARTESIAN_POINT('',(0.844820713681,9.285714298292E-02));
#5296 = CARTESIAN_POINT('',(0.766667711125,9.285714282735E-02));
#5297 = CARTESIAN_POINT('',(0.687947824302,9.285714270947E-02));
#5298 = CARTESIAN_POINT('',(0.608649150325,9.285714305953E-02));
#5299 = CARTESIAN_POINT('',(0.528777954577,9.285714275557E-02));
#5300 = CARTESIAN_POINT('',(0.44842085522,9.285714285714E-02));
#5301 = ( GEOMETRIC_REPRESENTATION_CONTEXT(2) 
PARAMETRIC_REPRESENTATION_CONTEXT() REPRESENTATION_CONTEXT('2D SPACE',''
  ) );
#5302 = FACE_BOUND('',#5303,.F.);
#5303 = EDGE_LOOP('',(#5304,#5423,#5461,#5507));
#5304 = ORIENTED_EDGE('',*,*,#5305,.F.);
#5305 = EDGE_CURVE('',#5306,#5308,#5310,.T.);
#5306 = VERTEX_POINT('',#5307);
#5307 = CARTESIAN_POINT('',(-25.,-38.,39.120379470878));
#5308 = VERTEX_POINT('',#5309);
#5309 = CARTESIAN_POINT('',(-25.,-152.,49.433606128835));
#5310 = SURFACE_CURVE('',#5311,(#5338,#5368),.PCURVE_S1.);
#5311 = B_SPLINE_CURVE_WITH_KNOTS('',7,(#5312,#5313,#5314,#5315,#5316,
    #5317,#5318,#5319,#5320,#5321,#5322,#5323,#5324,#5325,#5326,#5327,
    #5328,#5329,#5330,#5331,#5332,#5333,#5334,#5335,#5336,#5337),
  .UNSPECIFIED.,.F.,.F.,(8,6,6,6,8),(0.,0.210643191317,0.423200999413,
    0.711659827827,1.),.UNSPECIFIED.);
#5312 = CARTESIAN_POINT('',(-25.,-38.,39.120379470878));
#5313 = CARTESIAN_POINT('',(-25.,-41.41992840545,39.532937320554));
#5314 = CARTESIAN_POINT('',(-25.,-44.84164555435,39.930616091873));
#5315 = CARTESIAN_POINT('',(-25.,-48.26481615563,40.315706586724));
#5316 = CARTESIAN_POINT('',(-25.,-51.68920341961,40.689797102856));
#5317 = CARTESIAN_POINT('',(-25.,-55.11462722848,41.054148375205));
#5318 = CARTESIAN_POINT('',(-25.,-58.54095616759,41.409766397988));
#5319 = CARTESIAN_POINT('',(-25.,-65.42638986643,42.108372740864));
#5320 = CARTESIAN_POINT('',(-25.,-68.88549746779,42.451215686155));
#5321 = CARTESIAN_POINT('',(-25.,-72.34531415903,42.786875901477));
#5322 = CARTESIAN_POINT('',(-25.,-75.80575568523,43.116033623358));
#5323 = CARTESIAN_POINT('',(-25.,-79.26675411641,43.439251500415));
#5324 = CARTESIAN_POINT('',(-25.,-82.72825435237,43.757010982452));
#5325 = CARTESIAN_POINT('',(-25.,-90.88838193882,44.494104545836));
#5326 = CARTESIAN_POINT('',(-25.,-95.58738985079,44.909192151888));
#5327 = CARTESIAN_POINT('',(-25.,-100.2871245871,45.316020765096));
#5328 = CARTESIAN_POINT('',(-25.,-104.9874979498,45.715404091492));
#5329 = CARTESIAN_POINT('',(-25.,-109.6884391317,46.10801194294));
#5330 = CARTESIAN_POINT('',(-25.,-114.3898908287,46.494415572408));
#5331 = CARTESIAN_POINT('',(-25.,-123.7917909315,47.255634096188));
#5332 = CARTESIAN_POINT('',(-25.,-128.4922365703,47.630453747006));
#5333 = CARTESIAN_POINT('',(-25.,-133.1930977869,48.000050303526));
#5334 = CARTESIAN_POINT('',(-25.,-137.8943353443,48.364833067721));
#5335 = CARTESIAN_POINT('',(-25.,-142.5959161636,48.725153790797));
#5336 = CARTESIAN_POINT('',(-25.,-147.2978122194,49.081320834797));
#5337 = CARTESIAN_POINT('',(-25.,-152.,49.433606128835));
#5338 = PCURVE('',#1193,#5339);
#5339 = DEFINITIONAL_REPRESENTATION('',(#5340),#5367);
#5340 = B_SPLINE_CURVE_WITH_KNOTS('',7,(#5341,#5342,#5343,#5344,#5345,
    #5346,#5347,#5348,#5349,#5350,#5351,#5352,#5353,#5354,#5355,#5356,
    #5357,#5358,#5359,#5360,#5361,#5362,#5363,#5364,#5365,#5366),
  .UNSPECIFIED.,.F.,.F.,(8,6,6,6,8),(0.,0.210643191317,0.423200999413,
    0.711659827827,1.),.UNSPECIFIED.);
#5341 = CARTESIAN_POINT('',(2.693171797775,9.285714285714E-02));
#5342 = CARTESIAN_POINT('',(2.678530338338,0.117285202896));
#5343 = CARTESIAN_POINT('',(2.664641705969,0.141726039674));
#5344 = CARTESIAN_POINT('',(2.651399391165,0.166177258255));
#5345 = CARTESIAN_POINT('',(2.638728496642,0.190637167283));
#5346 = CARTESIAN_POINT('',(2.626569096684,0.215104480203));
#5347 = CARTESIAN_POINT('',(2.614872931636,0.23957825834));
#5348 = CARTESIAN_POINT('',(2.592223637173,0.288759927617));
#5349 = CARTESIAN_POINT('',(2.581278266329,0.313467839056));
#5350 = CARTESIAN_POINT('',(2.570721943628,0.338180815422));
#5351 = CARTESIAN_POINT('',(2.56052139758,0.362898254895));
#5352 = CARTESIAN_POINT('',(2.550648838006,0.38761967226));
#5353 = CARTESIAN_POINT('',(2.541080303234,0.412344673946));
#5354 = CARTESIAN_POINT('',(2.519194213465,0.470631299563));
#5355 = CARTESIAN_POINT('',(2.507115092094,0.504195641791));
#5356 = CARTESIAN_POINT('',(2.495505867758,0.537765175623));
#5357 = CARTESIAN_POINT('',(2.484325079081,0.57133927107));
#5358 = CARTESIAN_POINT('',(2.473538172857,0.60491742237));
#5359 = CARTESIAN_POINT('',(2.463115401405,0.638499220205));
#5360 = CARTESIAN_POINT('',(2.442950906637,0.705655649511));
#5361 = CARTESIAN_POINT('',(2.433208893637,0.739230261217));
#5362 = CARTESIAN_POINT('',(2.42377937797,0.772807841336));
#5363 = CARTESIAN_POINT('',(2.414640505422,0.806388109603));
#5364 = CARTESIAN_POINT('',(2.405773323317,0.83997082974));
#5365 = CARTESIAN_POINT('',(2.397161097237,0.873555801568));
#5366 = CARTESIAN_POINT('',(2.388788851701,0.907142857143));
#5367 = ( GEOMETRIC_REPRESENTATION_CONTEXT(2) 
PARAMETRIC_REPRESENTATION_CONTEXT() REPRESENTATION_CONTEXT('2D SPACE',''
  ) );
#5368 = PCURVE('',#5369,#5400);
#5369 = B_SPLINE_SURFACE_WITH_KNOTS('',14,1,(
    (#5370,#5371)
    ,(#5372,#5373)
    ,(#5374,#5375)
    ,(#5376,#5377)
    ,(#5378,#5379)
    ,(#5380,#5381)
    ,(#5382,#5383)
    ,(#5384,#5385)
    ,(#5386,#5387)
    ,(#5388,#5389)
    ,(#5390,#5391)
    ,(#5392,#5393)
    ,(#5394,#5395)
    ,(#5396,#5397)
    ,(#5398,#5399
    )),.UNSPECIFIED.,.T.,.F.,.F.,(1,14,14,1),(2,2),(-6.28318530718,0.,
    6.28318530718,12.56637061436),(0.,1.),.UNSPECIFIED.);
#5370 = CARTESIAN_POINT('',(27.,-25.,28.0000001));
#5371 = CARTESIAN_POINT('',(35.,-165.,28.0000001));
#5372 = CARTESIAN_POINT('',(27.000000000005,-25.,39.219973862829));
#5373 = CARTESIAN_POINT('',(35.000000000002,-165.,42.361566516421));
#5374 = CARTESIAN_POINT('',(21.143312247597,-25.,50.439951767187));
#5375 = CARTESIAN_POINT('',(27.407997358017,-164.9999999999,
    56.723138233996));
#5376 = CARTESIAN_POINT('',(9.42992925566,-25.,58.820483764334));
#5377 = CARTESIAN_POINT('',(12.223982368388,-165.,67.450219190356));
#5378 = CARTESIAN_POINT('',(-6.38848659797,-25.,61.52243999564));
#5379 = CARTESIAN_POINT('',(-8.281371515756,-164.9999999999,
    70.908723166406));
#5380 = CARTESIAN_POINT('',(-22.80894283085,-25.,56.724421625271));
#5381 = CARTESIAN_POINT('',(-29.56714811429,-164.9999999999,
    64.767259652362));
#5382 = CARTESIAN_POINT('',(-35.34412594482,-25.,44.647131231589));
#5383 = CARTESIAN_POINT('',(-45.8164595578,-165.0000000002,
    49.308327948421));
#5384 = CARTESIAN_POINT('',(-40.06337225526,-25.,28.000000100349));
#5385 = CARTESIAN_POINT('',(-51.93400107198,-164.9999999996,
    28.000000100453));
#5386 = CARTESIAN_POINT('',(-35.34412594483,-25.,11.35286896778));
#5387 = CARTESIAN_POINT('',(-45.81645955778,-165.0000000003,
    6.69167225075));
#5388 = CARTESIAN_POINT('',(-22.80894283084,-25.,-0.72442142478));
#5389 = CARTESIAN_POINT('',(-29.56714811431,-164.9999999997,
    -8.76725945172));
#5390 = CARTESIAN_POINT('',(-6.388486597976,-25.,-5.52243979594));
#5391 = CARTESIAN_POINT('',(-8.281371515736,-165.0000000001,
    -14.9087229668));
#5392 = CARTESIAN_POINT('',(9.429929255664,-25.,-2.82048356418));
#5393 = CARTESIAN_POINT('',(12.223982368375,-164.9999999999,
    -11.45021899015));
#5394 = CARTESIAN_POINT('',(21.143312247596,-25.,5.56004843276));
#5395 = CARTESIAN_POINT('',(27.407997358023,-165.,-0.72313803407));
#5396 = CARTESIAN_POINT('',(27.000000000005,-25.,16.780026337184));
#5397 = CARTESIAN_POINT('',(35.,-164.9999999999,13.6384336836));
#5398 = CARTESIAN_POINT('',(27.,-25.,28.0000001));
#5399 = CARTESIAN_POINT('',(35.,-165.,28.0000001));
#5400 = DEFINITIONAL_REPRESENTATION('',(#5401),#5422);
#5401 = B_SPLINE_CURVE_WITH_KNOTS('',7,(#5402,#5403,#5404,#5405,#5406,
    #5407,#5408,#5409,#5410,#5411,#5412,#5413,#5414,#5415,#5416,#5417,
    #5418,#5419,#5420,#5421),.UNSPECIFIED.,.F.,.F.,(8,6,6,8),(0.,0.25,
    0.625,1.),.UNSPECIFIED.);
#5402 = CARTESIAN_POINT('',(2.693171797776,9.285714285714E-02));
#5403 = CARTESIAN_POINT('',(2.675794715125,0.121849369865));
#5404 = CARTESIAN_POINT('',(2.659478029987,0.150859589263));
#5405 = CARTESIAN_POINT('',(2.644043823232,0.179883802822));
#5406 = CARTESIAN_POINT('',(2.629376376644,0.208919451746));
#5407 = CARTESIAN_POINT('',(2.615384593983,0.23796439562));
#5408 = CARTESIAN_POINT('',(2.60199735528,0.26701788245));
#5409 = CARTESIAN_POINT('',(2.569894558779,0.339669243958));
#5410 = CARTESIAN_POINT('',(2.551861290033,0.3832761667));
#5411 = CARTESIAN_POINT('',(2.534860493692,0.426895597707));
#5412 = CARTESIAN_POINT('',(2.518757810617,0.470525366672));
#5413 = CARTESIAN_POINT('',(2.503451204344,0.514163924572));
#5414 = CARTESIAN_POINT('',(2.488856130042,0.557809990127));
#5415 = CARTESIAN_POINT('',(2.460954063068,0.645115287956));
#5416 = CARTESIAN_POINT('',(2.447646805542,0.688774514157));
#5417 = CARTESIAN_POINT('',(2.434915103973,0.732439376109));
#5418 = CARTESIAN_POINT('',(2.422704978128,0.776109150257));
#5419 = CARTESIAN_POINT('',(2.410971797276,0.819783276811));
#5420 = CARTESIAN_POINT('',(2.39967734411,0.86346130751));
#5421 = CARTESIAN_POINT('',(2.388788847198,0.907142857143));
#5422 = ( GEOMETRIC_REPRESENTATION_CONTEXT(2) 
PARAMETRIC_REPRESENTATION_CONTEXT() REPRESENTATION_CONTEXT('2D SPACE',''
  ) );
#5423 = ORIENTED_EDGE('',*,*,#5424,.T.);
#5424 = EDGE_CURVE('',#5306,#5425,#5427,.T.);
#5425 = VERTEX_POINT('',#5426);
#5426 = CARTESIAN_POINT('',(-15.,-38.,49.577512078033));
#5427 = SURFACE_CURVE('',#5428,(#5437,#5449),.PCURVE_S1.);
#5428 = B_SPLINE_CURVE_WITH_KNOTS('',7,(#5429,#5430,#5431,#5432,#5433,
    #5434,#5435,#5436),.UNSPECIFIED.,.F.,.F.,(8,8),(0.,1.),
  .PIECEWISE_BEZIER_KNOTS.);
#5429 = CARTESIAN_POINT('',(-25.,-38.,39.120379470878));
#5430 = CARTESIAN_POINT('',(-24.03348719347,-38.,40.977757855022));
#5431 = CARTESIAN_POINT('',(-22.88447954966,-38.,42.740131372806));
#5432 = CARTESIAN_POINT('',(-21.56832734214,-38.,44.387725733015));
#5433 = CARTESIAN_POINT('',(-20.10295256038,-38.,45.90556619329));
#5434 = CARTESIAN_POINT('',(-18.50704624037,-38.,47.281935105653));
#5435 = CARTESIAN_POINT('',(-16.79973401831,-38.,48.508037203843));
#5436 = CARTESIAN_POINT('',(-15.,-38.,49.577512078033));
#5437 = PCURVE('',#1193,#5438);
#5438 = DEFINITIONAL_REPRESENTATION('',(#5439),#5448);
#5439 = B_SPLINE_CURVE_WITH_KNOTS('',7,(#5440,#5441,#5442,#5443,#5444,
    #5445,#5446,#5447),.UNSPECIFIED.,.F.,.F.,(8,8),(0.,1.),
  .PIECEWISE_BEZIER_KNOTS.);
#5440 = CARTESIAN_POINT('',(2.693171797775,9.285714285714E-02));
#5441 = CARTESIAN_POINT('',(2.612814709325,9.285714285714E-02));
#5442 = CARTESIAN_POINT('',(2.53294348348,9.285714285714E-02));
#5443 = CARTESIAN_POINT('',(2.453644846802,9.285714285714E-02));
#5444 = CARTESIAN_POINT('',(2.374924946966,9.285714285714E-02));
#5445 = CARTESIAN_POINT('',(2.296771923427,9.285714285714E-02));
#5446 = CARTESIAN_POINT('',(2.219156985548,9.285714285714E-02));
#5447 = CARTESIAN_POINT('',(2.142041229423,9.285714285714E-02));
#5448 = ( GEOMETRIC_REPRESENTATION_CONTEXT(2) 
PARAMETRIC_REPRESENTATION_CONTEXT() REPRESENTATION_CONTEXT('2D SPACE',''
  ) );
#5449 = PCURVE('',#5369,#5450);
#5450 = DEFINITIONAL_REPRESENTATION('',(#5451),#5460);
#5451 = B_SPLINE_CURVE_WITH_KNOTS('',7,(#5452,#5453,#5454,#5455,#5456,
    #5457,#5458,#5459),.UNSPECIFIED.,.F.,.F.,(8,8),(0.,1.),
  .PIECEWISE_BEZIER_KNOTS.);
#5452 = CARTESIAN_POINT('',(2.693171797776,9.285714285714E-02));
#5453 = CARTESIAN_POINT('',(2.612814699544,9.285714275551E-02));
#5454 = CARTESIAN_POINT('',(2.532943504401,9.285714306037E-02));
#5455 = CARTESIAN_POINT('',(2.45364483034,9.285714270787E-02));
#5456 = CARTESIAN_POINT('',(2.374924943105,9.285714282824E-02));
#5457 = CARTESIAN_POINT('',(2.29677194026,9.285714298255E-02));
#5458 = CARTESIAN_POINT('',(2.219156974948,9.285714278262E-02));
#5459 = CARTESIAN_POINT('',(2.142041225448,9.285714285714E-02));
#5460 = ( GEOMETRIC_REPRESENTATION_CONTEXT(2) 
PARAMETRIC_REPRESENTATION_CONTEXT() REPRESENTATION_CONTEXT('2D SPACE',''
  ) );
#5461 = ORIENTED_EDGE('',*,*,#5462,.T.);
#5462 = EDGE_CURVE('',#5425,#5463,#5465,.T.);
#5463 = VERTEX_POINT('',#5464);
#5464 = CARTESIAN_POINT('',(-15.,-152.,56.184928868163));
#5465 = SURFACE_CURVE('',#5466,(#5479,#5495),.PCURVE_S1.);
#5466 = B_SPLINE_CURVE_WITH_KNOTS('',6,(#5467,#5468,#5469,#5470,#5471,
    #5472,#5473,#5474,#5475,#5476,#5477,#5478),.UNSPECIFIED.,.F.,.F.,(7,
    5,7),(0.,0.498808183886,1.),.UNSPECIFIED.);
#5467 = CARTESIAN_POINT('',(-15.,-38.,49.577512078033));
#5468 = CARTESIAN_POINT('',(-15.,-47.47598386403,50.150061185371));
#5469 = CARTESIAN_POINT('',(-15.,-56.95234129796,50.716437979494));
#5470 = CARTESIAN_POINT('',(-15.,-66.4290209315,51.277418142314));
#5471 = CARTESIAN_POINT('',(-15.,-75.9059836688,51.833595337432));
#5472 = CARTESIAN_POINT('',(-15.,-85.38319812357,52.385458276078));
#5473 = CARTESIAN_POINT('',(-15.,-104.383369711,53.483989474545));
#5474 = CARTESIAN_POINT('',(-15.,-113.9063286081,54.030620624519));
#5475 = CARTESIAN_POINT('',(-15.,-123.4294901382,54.573720624357));
#5476 = CARTESIAN_POINT('',(-15.,-132.9528334678,55.113625376207));
#5477 = CARTESIAN_POINT('',(-15.,-142.4763415523,55.650614028793));
#5478 = CARTESIAN_POINT('',(-15.,-152.,56.184928868163));
#5479 = PCURVE('',#1193,#5480);
#5480 = DEFINITIONAL_REPRESENTATION('',(#5481),#5494);
#5481 = B_SPLINE_CURVE_WITH_KNOTS('',6,(#5482,#5483,#5484,#5485,#5486,
    #5487,#5488,#5489,#5490,#5491,#5492,#5493),.UNSPECIFIED.,.F.,.F.,(7,
    5,7),(0.,0.498808183886,1.),.UNSPECIFIED.);
#5482 = CARTESIAN_POINT('',(2.142041229423,9.285714285714E-02));
#5483 = CARTESIAN_POINT('',(2.129496507894,0.160542741886));
#5484 = CARTESIAN_POINT('',(2.117660253637,0.228231009271));
#5485 = CARTESIAN_POINT('',(2.106451932346,0.295921578082));
#5486 = CARTESIAN_POINT('',(2.095808049276,0.363614169063));
#5487 = CARTESIAN_POINT('',(2.085675973511,0.431308558026));
#5488 = CARTESIAN_POINT('',(2.066299826935,0.567024069365));
#5489 = CARTESIAN_POINT('',(2.057060217613,0.635045204344));
#5490 = CARTESIAN_POINT('',(2.048246961702,0.703067786702));
#5491 = CARTESIAN_POINT('',(2.039822664898,0.771091667627));
#5492 = CARTESIAN_POINT('',(2.031755797188,0.839116725374));
#5493 = CARTESIAN_POINT('',(2.024018748098,0.907142857143));
#5494 = ( GEOMETRIC_REPRESENTATION_CONTEXT(2) 
PARAMETRIC_REPRESENTATION_CONTEXT() REPRESENTATION_CONTEXT('2D SPACE',''
  ) );
#5495 = PCURVE('',#5369,#5496);
#5496 = DEFINITIONAL_REPRESENTATION('',(#5497),#5506);
#5497 = B_SPLINE_CURVE_WITH_KNOTS('',7,(#5498,#5499,#5500,#5501,#5502,
    #5503,#5504,#5505),.UNSPECIFIED.,.F.,.F.,(8,8),(0.,1.),
  .PIECEWISE_BEZIER_KNOTS.);
#5498 = CARTESIAN_POINT('',(2.142041225448,9.285714285714E-02));
#5499 = CARTESIAN_POINT('',(2.120484605524,0.209166837412));
#5500 = CARTESIAN_POINT('',(2.100961936422,0.325484195902));
#5501 = CARTESIAN_POINT('',(2.08310193201,0.441807514553));
#5502 = CARTESIAN_POINT('',(2.066653387972,0.558135732374));
#5503 = CARTESIAN_POINT('',(2.05142060531,0.674468079174));
#5504 = CARTESIAN_POINT('',(2.037250721019,0.790803940229));
#5505 = CARTESIAN_POINT('',(2.024018744598,0.907142857143));
#5506 = ( GEOMETRIC_REPRESENTATION_CONTEXT(2) 
PARAMETRIC_REPRESENTATION_CONTEXT() REPRESENTATION_CONTEXT('2D SPACE',''
  ) );
#5507 = ORIENTED_EDGE('',*,*,#5508,.F.);
#5508 = EDGE_CURVE('',#5308,#5463,#5509,.T.);
#5509 = SURFACE_CURVE('',#5510,(#5518,#5529),.PCURVE_S1.);
#5510 = B_SPLINE_CURVE_WITH_KNOTS('',6,(#5511,#5512,#5513,#5514,#5515,
    #5516,#5517),.UNSPECIFIED.,.F.,.F.,(7,7),(0.,1.),
  .PIECEWISE_BEZIER_KNOTS.);
#5511 = CARTESIAN_POINT('',(-25.,-152.,49.433606128835));
#5512 = CARTESIAN_POINT('',(-23.55392765205,-152.,50.84616840256));
#5513 = CARTESIAN_POINT('',(-22.00304759903,-152.,52.151348095984));
#5514 = CARTESIAN_POINT('',(-20.3598566324,-152.,53.342144000784));
#5515 = CARTESIAN_POINT('',(-18.63690875263,-152.,54.413547211381));
#5516 = CARTESIAN_POINT('',(-16.84641033772,-152.,55.361975268802));
#5517 = CARTESIAN_POINT('',(-15.,-152.,56.184928868163));
#5518 = PCURVE('',#1193,#5519);
#5519 = DEFINITIONAL_REPRESENTATION('',(#5520),#5528);
#5520 = B_SPLINE_CURVE_WITH_KNOTS('',6,(#5521,#5522,#5523,#5524,#5525,
    #5526,#5527),.UNSPECIFIED.,.F.,.F.,(7,7),(0.,1.),
  .PIECEWISE_BEZIER_KNOTS.);
#5521 = CARTESIAN_POINT('',(2.388788847198,0.907142857143));
#5522 = CARTESIAN_POINT('',(2.327046777397,0.907142857143));
#5523 = CARTESIAN_POINT('',(2.265712698371,0.907142857143));
#5524 = CARTESIAN_POINT('',(2.204775269642,0.907142857143));
#5525 = CARTESIAN_POINT('',(2.144206231607,0.907142857143));
#5526 = CARTESIAN_POINT('',(2.083969918058,0.907142857143));
#5527 = CARTESIAN_POINT('',(2.024018744598,0.907142857143));
#5528 = ( GEOMETRIC_REPRESENTATION_CONTEXT(2) 
PARAMETRIC_REPRESENTATION_CONTEXT() REPRESENTATION_CONTEXT('2D SPACE',''
  ) );
#5529 = PCURVE('',#5369,#5530);
#5530 = DEFINITIONAL_REPRESENTATION('',(#5531),#5539);
#5531 = B_SPLINE_CURVE_WITH_KNOTS('',6,(#5532,#5533,#5534,#5535,#5536,
    #5537,#5538),.UNSPECIFIED.,.F.,.F.,(7,7),(0.,1.),
  .PIECEWISE_BEZIER_KNOTS.);
#5532 = CARTESIAN_POINT('',(2.388788847198,0.907142857143));
#5533 = CARTESIAN_POINT('',(2.327046775014,0.907142857079));
#5534 = CARTESIAN_POINT('',(2.265712702243,0.907142857232));
#5535 = CARTESIAN_POINT('',(2.204775268583,0.90714285713));
#5536 = CARTESIAN_POINT('',(2.144206228703,0.907142857072));
#5537 = CARTESIAN_POINT('',(2.083969920747,0.907142857199));
#5538 = CARTESIAN_POINT('',(2.024018744598,0.907142857143));
#5539 = ( GEOMETRIC_REPRESENTATION_CONTEXT(2) 
PARAMETRIC_REPRESENTATION_CONTEXT() REPRESENTATION_CONTEXT('2D SPACE',''
  ) );
#5540 = ADVANCED_FACE('',(#5541,#5917,#6011),#1268,.F.);
#5541 = FACE_BOUND('',#5542,.F.);
#5542 = EDGE_LOOP('',(#5543,#5544,#5567,#5595,#5618,#5642,#5663,#5664,
    #5687,#5715,#5738,#5762,#5783,#5784,#5805,#5806,#5860,#5861,#5915,
    #5916));
#5543 = ORIENTED_EDGE('',*,*,#1283,.F.);
#5544 = ORIENTED_EDGE('',*,*,#5545,.T.);
#5545 = EDGE_CURVE('',#1284,#5546,#5548,.T.);
#5546 = VERTEX_POINT('',#5547);
#5547 = CARTESIAN_POINT('',(44.,-154.,24.0000001));
#5548 = SURFACE_CURVE('',#5549,(#5553,#5560),.PCURVE_S1.);
#5549 = LINE('',#5550,#5551);
#5550 = CARTESIAN_POINT('',(23.,-154.,24.0000001));
#5551 = VECTOR('',#5552,1.);
#5552 = DIRECTION('',(1.,0.,0.));
#5553 = PCURVE('',#1268,#5554);
#5554 = DEFINITIONAL_REPRESENTATION('',(#5555),#5559);
#5555 = LINE('',#5556,#5557);
#5556 = CARTESIAN_POINT('',(93.,41.));
#5557 = VECTOR('',#5558,1.);
#5558 = DIRECTION('',(1.,0.));
#5559 = ( GEOMETRIC_REPRESENTATION_CONTEXT(2) 
PARAMETRIC_REPRESENTATION_CONTEXT() REPRESENTATION_CONTEXT('2D SPACE',''
  ) );
#5560 = PCURVE('',#1357,#5561);
#5561 = DEFINITIONAL_REPRESENTATION('',(#5562),#5566);
#5562 = LINE('',#5563,#5564);
#5563 = CARTESIAN_POINT('',(0.,0.));
#5564 = VECTOR('',#5565,1.);
#5565 = DIRECTION('',(0.,1.));
#5566 = ( GEOMETRIC_REPRESENTATION_CONTEXT(2) 
PARAMETRIC_REPRESENTATION_CONTEXT() REPRESENTATION_CONTEXT('2D SPACE',''
  ) );
#5567 = ORIENTED_EDGE('',*,*,#5568,.F.);
#5568 = EDGE_CURVE('',#5569,#5546,#5571,.T.);
#5569 = VERTEX_POINT('',#5570);
#5570 = CARTESIAN_POINT('',(47.,-151.,24.0000001));
#5571 = SURFACE_CURVE('',#5572,(#5577,#5588),.PCURVE_S1.);
#5572 = CIRCLE('',#5573,3.);
#5573 = AXIS2_PLACEMENT_3D('',#5574,#5575,#5576);
#5574 = CARTESIAN_POINT('',(44.,-151.,24.0000001));
#5575 = DIRECTION('',(-0.,-0.,-1.));
#5576 = DIRECTION('',(0.,-1.,0.));
#5577 = PCURVE('',#1268,#5578);
#5578 = DEFINITIONAL_REPRESENTATION('',(#5579),#5587);
#5579 = ( BOUNDED_CURVE() B_SPLINE_CURVE(2,(#5580,#5581,#5582,#5583,
#5584,#5585,#5586),.UNSPECIFIED.,.T.,.F.) B_SPLINE_CURVE_WITH_KNOTS((1,2
    ,2,2,2,1),(-2.094395102393,0.,2.094395102393,4.188790204786,
6.28318530718,8.377580409573),.UNSPECIFIED.) CURVE() 
GEOMETRIC_REPRESENTATION_ITEM() RATIONAL_B_SPLINE_CURVE((1.,0.5,1.,0.5,
1.,0.5,1.)) REPRESENTATION_ITEM('') );
#5580 = CARTESIAN_POINT('',(114.,41.));
#5581 = CARTESIAN_POINT('',(108.80384757729,41.));
#5582 = CARTESIAN_POINT('',(111.40192378864,45.5));
#5583 = CARTESIAN_POINT('',(114.,50.));
#5584 = CARTESIAN_POINT('',(116.59807621135,45.5));
#5585 = CARTESIAN_POINT('',(119.1961524227,41.));
#5586 = CARTESIAN_POINT('',(114.,41.));
#5587 = ( GEOMETRIC_REPRESENTATION_CONTEXT(2) 
PARAMETRIC_REPRESENTATION_CONTEXT() REPRESENTATION_CONTEXT('2D SPACE',''
  ) );
#5588 = PCURVE('',#1421,#5589);
#5589 = DEFINITIONAL_REPRESENTATION('',(#5590),#5594);
#5590 = LINE('',#5591,#5592);
#5591 = CARTESIAN_POINT('',(10.995574287565,0.));
#5592 = VECTOR('',#5593,1.);
#5593 = DIRECTION('',(-1.,0.));
#5594 = ( GEOMETRIC_REPRESENTATION_CONTEXT(2) 
PARAMETRIC_REPRESENTATION_CONTEXT() REPRESENTATION_CONTEXT('2D SPACE',''
  ) );
#5595 = ORIENTED_EDGE('',*,*,#5596,.T.);
#5596 = EDGE_CURVE('',#5569,#5597,#5599,.T.);
#5597 = VERTEX_POINT('',#5598);
#5598 = CARTESIAN_POINT('',(47.,-129.,24.0000001));
#5599 = SURFACE_CURVE('',#5600,(#5604,#5611),.PCURVE_S1.);
#5600 = LINE('',#5601,#5602);
#5601 = CARTESIAN_POINT('',(47.,-154.,24.0000001));
#5602 = VECTOR('',#5603,1.);
#5603 = DIRECTION('',(0.,1.,0.));
#5604 = PCURVE('',#1268,#5605);
#5605 = DEFINITIONAL_REPRESENTATION('',(#5606),#5610);
#5606 = LINE('',#5607,#5608);
#5607 = CARTESIAN_POINT('',(117.,41.));
#5608 = VECTOR('',#5609,1.);
#5609 = DIRECTION('',(0.,1.));
#5610 = ( GEOMETRIC_REPRESENTATION_CONTEXT(2) 
PARAMETRIC_REPRESENTATION_CONTEXT() REPRESENTATION_CONTEXT('2D SPACE',''
  ) );
#5611 = PCURVE('',#1449,#5612);
#5612 = DEFINITIONAL_REPRESENTATION('',(#5613),#5617);
#5613 = LINE('',#5614,#5615);
#5614 = CARTESIAN_POINT('',(0.,0.));
#5615 = VECTOR('',#5616,1.);
#5616 = DIRECTION('',(0.,-1.));
#5617 = ( GEOMETRIC_REPRESENTATION_CONTEXT(2) 
PARAMETRIC_REPRESENTATION_CONTEXT() REPRESENTATION_CONTEXT('2D SPACE',''
  ) );
#5618 = ORIENTED_EDGE('',*,*,#5619,.T.);
#5619 = EDGE_CURVE('',#5597,#5620,#5622,.T.);
#5620 = VERTEX_POINT('',#5621);
#5621 = CARTESIAN_POINT('',(44.,-126.,24.0000001));
#5622 = SURFACE_CURVE('',#5623,(#5628,#5635),.PCURVE_S1.);
#5623 = CIRCLE('',#5624,3.);
#5624 = AXIS2_PLACEMENT_3D('',#5625,#5626,#5627);
#5625 = CARTESIAN_POINT('',(44.,-129.,24.0000001));
#5626 = DIRECTION('',(0.,0.,1.));
#5627 = DIRECTION('',(0.,-1.,0.));
#5628 = PCURVE('',#1268,#5629);
#5629 = DEFINITIONAL_REPRESENTATION('',(#5630),#5634);
#5630 = CIRCLE('',#5631,3.);
#5631 = AXIS2_PLACEMENT_2D('',#5632,#5633);
#5632 = CARTESIAN_POINT('',(114.,66.));
#5633 = DIRECTION('',(0.,-1.));
#5634 = ( GEOMETRIC_REPRESENTATION_CONTEXT(2) 
PARAMETRIC_REPRESENTATION_CONTEXT() REPRESENTATION_CONTEXT('2D SPACE',''
  ) );
#5635 = PCURVE('',#1478,#5636);
#5636 = DEFINITIONAL_REPRESENTATION('',(#5637),#5641);
#5637 = LINE('',#5638,#5639);
#5638 = CARTESIAN_POINT('',(-1.570796326795,0.));
#5639 = VECTOR('',#5640,1.);
#5640 = DIRECTION('',(1.,0.));
#5641 = ( GEOMETRIC_REPRESENTATION_CONTEXT(2) 
PARAMETRIC_REPRESENTATION_CONTEXT() REPRESENTATION_CONTEXT('2D SPACE',''
  ) );
#5642 = ORIENTED_EDGE('',*,*,#5643,.F.);
#5643 = EDGE_CURVE('',#1636,#5620,#5644,.T.);
#5644 = SURFACE_CURVE('',#5645,(#5649,#5656),.PCURVE_S1.);
#5645 = LINE('',#5646,#5647);
#5646 = CARTESIAN_POINT('',(23.,-126.,24.0000001));
#5647 = VECTOR('',#5648,1.);
#5648 = DIRECTION('',(1.,0.,0.));
#5649 = PCURVE('',#1268,#5650);
#5650 = DEFINITIONAL_REPRESENTATION('',(#5651),#5655);
#5651 = LINE('',#5652,#5653);
#5652 = CARTESIAN_POINT('',(93.,69.));
#5653 = VECTOR('',#5654,1.);
#5654 = DIRECTION('',(1.,0.));
#5655 = ( GEOMETRIC_REPRESENTATION_CONTEXT(2) 
PARAMETRIC_REPRESENTATION_CONTEXT() REPRESENTATION_CONTEXT('2D SPACE',''
  ) );
#5656 = PCURVE('',#1504,#5657);
#5657 = DEFINITIONAL_REPRESENTATION('',(#5658),#5662);
#5658 = LINE('',#5659,#5660);
#5659 = CARTESIAN_POINT('',(0.,0.));
#5660 = VECTOR('',#5661,1.);
#5661 = DIRECTION('',(0.,1.));
#5662 = ( GEOMETRIC_REPRESENTATION_CONTEXT(2) 
PARAMETRIC_REPRESENTATION_CONTEXT() REPRESENTATION_CONTEXT('2D SPACE',''
  ) );
#5663 = ORIENTED_EDGE('',*,*,#1633,.F.);
#5664 = ORIENTED_EDGE('',*,*,#5665,.T.);
#5665 = EDGE_CURVE('',#1634,#5666,#5668,.T.);
#5666 = VERTEX_POINT('',#5667);
#5667 = CARTESIAN_POINT('',(44.,-74.,24.0000001));
#5668 = SURFACE_CURVE('',#5669,(#5673,#5680),.PCURVE_S1.);
#5669 = LINE('',#5670,#5671);
#5670 = CARTESIAN_POINT('',(23.,-74.,24.0000001));
#5671 = VECTOR('',#5672,1.);
#5672 = DIRECTION('',(1.,0.,0.));
#5673 = PCURVE('',#1268,#5674);
#5674 = DEFINITIONAL_REPRESENTATION('',(#5675),#5679);
#5675 = LINE('',#5676,#5677);
#5676 = CARTESIAN_POINT('',(93.,121.));
#5677 = VECTOR('',#5678,1.);
#5678 = DIRECTION('',(1.,0.));
#5679 = ( GEOMETRIC_REPRESENTATION_CONTEXT(2) 
PARAMETRIC_REPRESENTATION_CONTEXT() REPRESENTATION_CONTEXT('2D SPACE',''
  ) );
#5680 = PCURVE('',#1715,#5681);
#5681 = DEFINITIONAL_REPRESENTATION('',(#5682),#5686);
#5682 = LINE('',#5683,#5684);
#5683 = CARTESIAN_POINT('',(0.,0.));
#5684 = VECTOR('',#5685,1.);
#5685 = DIRECTION('',(0.,1.));
#5686 = ( GEOMETRIC_REPRESENTATION_CONTEXT(2) 
PARAMETRIC_REPRESENTATION_CONTEXT() REPRESENTATION_CONTEXT('2D SPACE',''
  ) );
#5687 = ORIENTED_EDGE('',*,*,#5688,.F.);
#5688 = EDGE_CURVE('',#5689,#5666,#5691,.T.);
#5689 = VERTEX_POINT('',#5690);
#5690 = CARTESIAN_POINT('',(47.,-71.,24.0000001));
#5691 = SURFACE_CURVE('',#5692,(#5697,#5708),.PCURVE_S1.);
#5692 = CIRCLE('',#5693,3.);
#5693 = AXIS2_PLACEMENT_3D('',#5694,#5695,#5696);
#5694 = CARTESIAN_POINT('',(44.,-71.,24.0000001));
#5695 = DIRECTION('',(-0.,-0.,-1.));
#5696 = DIRECTION('',(0.,-1.,0.));
#5697 = PCURVE('',#1268,#5698);
#5698 = DEFINITIONAL_REPRESENTATION('',(#5699),#5707);
#5699 = ( BOUNDED_CURVE() B_SPLINE_CURVE(2,(#5700,#5701,#5702,#5703,
#5704,#5705,#5706),.UNSPECIFIED.,.T.,.F.) B_SPLINE_CURVE_WITH_KNOTS((1,2
    ,2,2,2,1),(-2.094395102393,0.,2.094395102393,4.188790204786,
6.28318530718,8.377580409573),.UNSPECIFIED.) CURVE() 
GEOMETRIC_REPRESENTATION_ITEM() RATIONAL_B_SPLINE_CURVE((1.,0.5,1.,0.5,
1.,0.5,1.)) REPRESENTATION_ITEM('') );
#5700 = CARTESIAN_POINT('',(114.,121.));
#5701 = CARTESIAN_POINT('',(108.80384757729,121.));
#5702 = CARTESIAN_POINT('',(111.40192378864,125.5));
#5703 = CARTESIAN_POINT('',(114.,130.));
#5704 = CARTESIAN_POINT('',(116.59807621135,125.5));
#5705 = CARTESIAN_POINT('',(119.1961524227,121.));
#5706 = CARTESIAN_POINT('',(114.,121.));
#5707 = ( GEOMETRIC_REPRESENTATION_CONTEXT(2) 
PARAMETRIC_REPRESENTATION_CONTEXT() REPRESENTATION_CONTEXT('2D SPACE',''
  ) );
#5708 = PCURVE('',#1817,#5709);
#5709 = DEFINITIONAL_REPRESENTATION('',(#5710),#5714);
#5710 = LINE('',#5711,#5712);
#5711 = CARTESIAN_POINT('',(10.995574287565,0.));
#5712 = VECTOR('',#5713,1.);
#5713 = DIRECTION('',(-1.,0.));
#5714 = ( GEOMETRIC_REPRESENTATION_CONTEXT(2) 
PARAMETRIC_REPRESENTATION_CONTEXT() REPRESENTATION_CONTEXT('2D SPACE',''
  ) );
#5715 = ORIENTED_EDGE('',*,*,#5716,.T.);
#5716 = EDGE_CURVE('',#5689,#5717,#5719,.T.);
#5717 = VERTEX_POINT('',#5718);
#5718 = CARTESIAN_POINT('',(47.,-49.,24.0000001));
#5719 = SURFACE_CURVE('',#5720,(#5724,#5731),.PCURVE_S1.);
#5720 = LINE('',#5721,#5722);
#5721 = CARTESIAN_POINT('',(47.,-74.,24.0000001));
#5722 = VECTOR('',#5723,1.);
#5723 = DIRECTION('',(0.,1.,0.));
#5724 = PCURVE('',#1268,#5725);
#5725 = DEFINITIONAL_REPRESENTATION('',(#5726),#5730);
#5726 = LINE('',#5727,#5728);
#5727 = CARTESIAN_POINT('',(117.,121.));
#5728 = VECTOR('',#5729,1.);
#5729 = DIRECTION('',(0.,1.));
#5730 = ( GEOMETRIC_REPRESENTATION_CONTEXT(2) 
PARAMETRIC_REPRESENTATION_CONTEXT() REPRESENTATION_CONTEXT('2D SPACE',''
  ) );
#5731 = PCURVE('',#1845,#5732);
#5732 = DEFINITIONAL_REPRESENTATION('',(#5733),#5737);
#5733 = LINE('',#5734,#5735);
#5734 = CARTESIAN_POINT('',(0.,0.));
#5735 = VECTOR('',#5736,1.);
#5736 = DIRECTION('',(0.,-1.));
#5737 = ( GEOMETRIC_REPRESENTATION_CONTEXT(2) 
PARAMETRIC_REPRESENTATION_CONTEXT() REPRESENTATION_CONTEXT('2D SPACE',''
  ) );
#5738 = ORIENTED_EDGE('',*,*,#5739,.T.);
#5739 = EDGE_CURVE('',#5717,#5740,#5742,.T.);
#5740 = VERTEX_POINT('',#5741);
#5741 = CARTESIAN_POINT('',(44.,-46.,24.0000001));
#5742 = SURFACE_CURVE('',#5743,(#5748,#5755),.PCURVE_S1.);
#5743 = CIRCLE('',#5744,3.);
#5744 = AXIS2_PLACEMENT_3D('',#5745,#5746,#5747);
#5745 = CARTESIAN_POINT('',(44.,-49.,24.0000001));
#5746 = DIRECTION('',(0.,0.,1.));
#5747 = DIRECTION('',(0.,-1.,0.));
#5748 = PCURVE('',#1268,#5749);
#5749 = DEFINITIONAL_REPRESENTATION('',(#5750),#5754);
#5750 = CIRCLE('',#5751,3.);
#5751 = AXIS2_PLACEMENT_2D('',#5752,#5753);
#5752 = CARTESIAN_POINT('',(114.,146.));
#5753 = DIRECTION('',(0.,-1.));
#5754 = ( GEOMETRIC_REPRESENTATION_CONTEXT(2) 
PARAMETRIC_REPRESENTATION_CONTEXT() REPRESENTATION_CONTEXT('2D SPACE',''
  ) );
#5755 = PCURVE('',#1874,#5756);
#5756 = DEFINITIONAL_REPRESENTATION('',(#5757),#5761);
#5757 = LINE('',#5758,#5759);
#5758 = CARTESIAN_POINT('',(-1.570796326795,0.));
#5759 = VECTOR('',#5760,1.);
#5760 = DIRECTION('',(1.,0.));
#5761 = ( GEOMETRIC_REPRESENTATION_CONTEXT(2) 
PARAMETRIC_REPRESENTATION_CONTEXT() REPRESENTATION_CONTEXT('2D SPACE',''
  ) );
#5762 = ORIENTED_EDGE('',*,*,#5763,.F.);
#5763 = EDGE_CURVE('',#2032,#5740,#5764,.T.);
#5764 = SURFACE_CURVE('',#5765,(#5769,#5776),.PCURVE_S1.);
#5765 = LINE('',#5766,#5767);
#5766 = CARTESIAN_POINT('',(23.,-46.,24.0000001));
#5767 = VECTOR('',#5768,1.);
#5768 = DIRECTION('',(1.,0.,0.));
#5769 = PCURVE('',#1268,#5770);
#5770 = DEFINITIONAL_REPRESENTATION('',(#5771),#5775);
#5771 = LINE('',#5772,#5773);
#5772 = CARTESIAN_POINT('',(93.,149.));
#5773 = VECTOR('',#5774,1.);
#5774 = DIRECTION('',(1.,0.));
#5775 = ( GEOMETRIC_REPRESENTATION_CONTEXT(2) 
PARAMETRIC_REPRESENTATION_CONTEXT() REPRESENTATION_CONTEXT('2D SPACE',''
  ) );
#5776 = PCURVE('',#1900,#5777);
#5777 = DEFINITIONAL_REPRESENTATION('',(#5778),#5782);
#5778 = LINE('',#5779,#5780);
#5779 = CARTESIAN_POINT('',(0.,0.));
#5780 = VECTOR('',#5781,1.);
#5781 = DIRECTION('',(0.,1.));
#5782 = ( GEOMETRIC_REPRESENTATION_CONTEXT(2) 
PARAMETRIC_REPRESENTATION_CONTEXT() REPRESENTATION_CONTEXT('2D SPACE',''
  ) );
#5783 = ORIENTED_EDGE('',*,*,#2029,.F.);
#5784 = ORIENTED_EDGE('',*,*,#5785,.T.);
#5785 = EDGE_CURVE('',#2030,#4736,#5786,.T.);
#5786 = SURFACE_CURVE('',#5787,(#5791,#5798),.PCURVE_S1.);
#5787 = LINE('',#5788,#5789);
#5788 = CARTESIAN_POINT('',(-35.,-25.,24.0000001));
#5789 = VECTOR('',#5790,1.);
#5790 = DIRECTION('',(-1.,0.,0.));
#5791 = PCURVE('',#1268,#5792);
#5792 = DEFINITIONAL_REPRESENTATION('',(#5793),#5797);
#5793 = LINE('',#5794,#5795);
#5794 = CARTESIAN_POINT('',(35.,170.));
#5795 = VECTOR('',#5796,1.);
#5796 = DIRECTION('',(-1.,0.));
#5797 = ( GEOMETRIC_REPRESENTATION_CONTEXT(2) 
PARAMETRIC_REPRESENTATION_CONTEXT() REPRESENTATION_CONTEXT('2D SPACE',''
  ) );
#5798 = PCURVE('',#2213,#5799);
#5799 = DEFINITIONAL_REPRESENTATION('',(#5800),#5804);
#5800 = LINE('',#5801,#5802);
#5801 = CARTESIAN_POINT('',(-35.26073574085,-3.9999999));
#5802 = VECTOR('',#5803,1.);
#5803 = DIRECTION('',(-1.,0.));
#5804 = ( GEOMETRIC_REPRESENTATION_CONTEXT(2) 
PARAMETRIC_REPRESENTATION_CONTEXT() REPRESENTATION_CONTEXT('2D SPACE',''
  ) );
#5805 = ORIENTED_EDGE('',*,*,#4735,.T.);
#5806 = ORIENTED_EDGE('',*,*,#5807,.T.);
#5807 = EDGE_CURVE('',#4705,#4561,#5808,.T.);
#5808 = SURFACE_CURVE('',#5809,(#5824,#5842),.PCURVE_S1.);
#5809 = B_SPLINE_CURVE_WITH_KNOTS('',4,(#5810,#5811,#5812,#5813,#5814,
    #5815,#5816,#5817,#5818,#5819,#5820,#5821,#5822,#5823),
  .UNSPECIFIED.,.F.,.F.,(5,3,3,3,5),(0.,0.250001545686,0.500001994801,
    0.750001538299,1.),.UNSPECIFIED.);
#5810 = CARTESIAN_POINT('',(26.652159405561,-25.,24.0000001));
#5811 = CARTESIAN_POINT('',(27.157970808073,-33.74998320127,24.0000001)
  );
#5812 = CARTESIAN_POINT('',(27.663522961293,-42.49998143162,24.0000001)
  );
#5813 = CARTESIAN_POINT('',(28.168841897519,-51.24999316743,24.0000001)
  );
#5814 = CARTESIAN_POINT('',(29.179051112268,-68.75000293672,24.0000001)
  );
#5815 = CARTESIAN_POINT('',(29.68394144809,-77.50000096672,24.0000001));
#5816 = CARTESIAN_POINT('',(30.18863866384,-86.25001016237,24.0000001));
#5817 = CARTESIAN_POINT('',(31.197676341961,-103.7500173656,24.0000001)
  );
#5818 = CARTESIAN_POINT('',(31.702016843719,-112.5000153708,24.0000001)
  );
#5819 = CARTESIAN_POINT('',(32.206195610001,-121.2500227148,24.0000001)
  );
#5820 = CARTESIAN_POINT('',(33.214252364003,-138.7500167722,24.0000001)
  );
#5821 = CARTESIAN_POINT('',(33.718130379818,-147.5000034839,24.0000001)
  );
#5822 = CARTESIAN_POINT('',(34.221871582064,-156.2499980866,24.0000001)
  );
#5823 = CARTESIAN_POINT('',(34.725485975697,-164.9999999999,24.0000001)
  );
#5824 = PCURVE('',#1268,#5825);
#5825 = DEFINITIONAL_REPRESENTATION('',(#5826),#5841);
#5826 = B_SPLINE_CURVE_WITH_KNOTS('',4,(#5827,#5828,#5829,#5830,#5831,
    #5832,#5833,#5834,#5835,#5836,#5837,#5838,#5839,#5840),
  .UNSPECIFIED.,.F.,.F.,(5,3,3,3,5),(0.,0.250001545686,0.500001994801,
    0.750001538299,1.),.UNSPECIFIED.);
#5827 = CARTESIAN_POINT('',(96.652159405561,170.));
#5828 = CARTESIAN_POINT('',(97.157970808073,161.25001679873));
#5829 = CARTESIAN_POINT('',(97.663522961293,152.50001856838));
#5830 = CARTESIAN_POINT('',(98.168841897519,143.75000683257));
#5831 = CARTESIAN_POINT('',(99.179051112268,126.24999706328));
#5832 = CARTESIAN_POINT('',(99.68394144809,117.49999903328));
#5833 = CARTESIAN_POINT('',(100.18863866384,108.74998983763));
#5834 = CARTESIAN_POINT('',(101.19767634196,91.2499826344));
#5835 = CARTESIAN_POINT('',(101.70201684371,82.4999846292));
#5836 = CARTESIAN_POINT('',(102.20619561,73.7499772852));
#5837 = CARTESIAN_POINT('',(103.214252364,56.2499832278));
#5838 = CARTESIAN_POINT('',(103.71813037981,47.4999965161));
#5839 = CARTESIAN_POINT('',(104.22187158206,38.7500019134));
#5840 = CARTESIAN_POINT('',(104.72548597569,30.0000000001));
#5841 = ( GEOMETRIC_REPRESENTATION_CONTEXT(2) 
PARAMETRIC_REPRESENTATION_CONTEXT() REPRESENTATION_CONTEXT('2D SPACE',''
  ) );
#5842 = PCURVE('',#4638,#5843);
#5843 = DEFINITIONAL_REPRESENTATION('',(#5844),#5859);
#5844 = B_SPLINE_CURVE_WITH_KNOTS('',4,(#5845,#5846,#5847,#5848,#5849,
    #5850,#5851,#5852,#5853,#5854,#5855,#5856,#5857,#5858),
  .UNSPECIFIED.,.F.,.F.,(5,3,3,3,5),(0.,0.250001545686,0.500001994801,
    0.750001538299,1.),.UNSPECIFIED.);
#5845 = CARTESIAN_POINT('',(6.122494656833,0.));
#5846 = CARTESIAN_POINT('',(6.125331194512,6.249988000914E-02));
#5847 = CARTESIAN_POINT('',(6.128033647241,0.124999867369));
#5848 = CARTESIAN_POINT('',(6.130616217536,0.187499951196));
#5849 = CARTESIAN_POINT('',(6.13556309562,0.312500020977));
#5850 = CARTESIAN_POINT('',(6.137927437359,0.375000006905));
#5851 = CARTESIAN_POINT('',(6.140193473627,0.437500072588));
#5852 = CARTESIAN_POINT('',(6.14454557086,0.56250012404));
#5853 = CARTESIAN_POINT('',(6.146631654761,0.625000109792));
#5854 = CARTESIAN_POINT('',(6.1486361185,0.687500162249));
#5855 = CARTESIAN_POINT('',(6.152494876244,0.812500119802));
#5856 = CARTESIAN_POINT('',(6.154349186328,0.875000024886));
#5857 = CARTESIAN_POINT('',(6.156134983518,0.937499986333));
#5858 = CARTESIAN_POINT('',(6.157857478211,1.));
#5859 = ( GEOMETRIC_REPRESENTATION_CONTEXT(2) 
PARAMETRIC_REPRESENTATION_CONTEXT() REPRESENTATION_CONTEXT('2D SPACE',''
  ) );
#5860 = ORIENTED_EDGE('',*,*,#4560,.T.);
#5861 = ORIENTED_EDGE('',*,*,#5862,.T.);
#5862 = EDGE_CURVE('',#4532,#4446,#5863,.T.);
#5863 = SURFACE_CURVE('',#5864,(#5879,#5897),.PCURVE_S1.);
#5864 = B_SPLINE_CURVE_WITH_KNOTS('',4,(#5865,#5866,#5867,#5868,#5869,
    #5870,#5871,#5872,#5873,#5874,#5875,#5876,#5877,#5878),
  .UNSPECIFIED.,.F.,.F.,(5,3,3,3,5),(0.,0.250001545686,0.500001994801,
    0.750001538299,1.),.UNSPECIFIED.);
#5865 = CARTESIAN_POINT('',(26.652159405561,-25.,24.0000001));
#5866 = CARTESIAN_POINT('',(27.157970808073,-33.74998320127,24.0000001)
  );
#5867 = CARTESIAN_POINT('',(27.663522961293,-42.49998143162,24.0000001)
  );
#5868 = CARTESIAN_POINT('',(28.168841897519,-51.24999316743,24.0000001)
  );
#5869 = CARTESIAN_POINT('',(29.179051112268,-68.75000293672,24.0000001)
  );
#5870 = CARTESIAN_POINT('',(29.68394144809,-77.50000096672,24.0000001));
#5871 = CARTESIAN_POINT('',(30.18863866384,-86.25001016237,24.0000001));
#5872 = CARTESIAN_POINT('',(31.197676341961,-103.7500173656,24.0000001)
  );
#5873 = CARTESIAN_POINT('',(31.702016843719,-112.5000153708,24.0000001)
  );
#5874 = CARTESIAN_POINT('',(32.206195610001,-121.2500227148,24.0000001)
  );
#5875 = CARTESIAN_POINT('',(33.214252364003,-138.7500167722,24.0000001)
  );
#5876 = CARTESIAN_POINT('',(33.718130379818,-147.5000034839,24.0000001)
  );
#5877 = CARTESIAN_POINT('',(34.221871582064,-156.2499980866,24.0000001)
  );
#5878 = CARTESIAN_POINT('',(34.725485975697,-164.9999999999,24.0000001)
  );
#5879 = PCURVE('',#1268,#5880);
#5880 = DEFINITIONAL_REPRESENTATION('',(#5881),#5896);
#5881 = B_SPLINE_CURVE_WITH_KNOTS('',4,(#5882,#5883,#5884,#5885,#5886,
    #5887,#5888,#5889,#5890,#5891,#5892,#5893,#5894,#5895),
  .UNSPECIFIED.,.F.,.F.,(5,3,3,3,5),(0.,0.250001545686,0.500001994801,
    0.750001538299,1.),.UNSPECIFIED.);
#5882 = CARTESIAN_POINT('',(96.652159405561,170.));
#5883 = CARTESIAN_POINT('',(97.157970808073,161.25001679873));
#5884 = CARTESIAN_POINT('',(97.663522961293,152.50001856838));
#5885 = CARTESIAN_POINT('',(98.168841897519,143.75000683257));
#5886 = CARTESIAN_POINT('',(99.179051112268,126.24999706328));
#5887 = CARTESIAN_POINT('',(99.68394144809,117.49999903328));
#5888 = CARTESIAN_POINT('',(100.18863866384,108.74998983763));
#5889 = CARTESIAN_POINT('',(101.19767634196,91.2499826344));
#5890 = CARTESIAN_POINT('',(101.70201684371,82.4999846292));
#5891 = CARTESIAN_POINT('',(102.20619561,73.7499772852));
#5892 = CARTESIAN_POINT('',(103.214252364,56.2499832278));
#5893 = CARTESIAN_POINT('',(103.71813037981,47.4999965161));
#5894 = CARTESIAN_POINT('',(104.22187158206,38.7500019134));
#5895 = CARTESIAN_POINT('',(104.72548597569,30.0000000001));
#5896 = ( GEOMETRIC_REPRESENTATION_CONTEXT(2) 
PARAMETRIC_REPRESENTATION_CONTEXT() REPRESENTATION_CONTEXT('2D SPACE',''
  ) );
#5897 = PCURVE('',#4465,#5898);
#5898 = DEFINITIONAL_REPRESENTATION('',(#5899),#5914);
#5899 = B_SPLINE_CURVE_WITH_KNOTS('',4,(#5900,#5901,#5902,#5903,#5904,
    #5905,#5906,#5907,#5908,#5909,#5910,#5911,#5912,#5913),
  .UNSPECIFIED.,.F.,.F.,(5,3,3,3,5),(0.,0.250001545686,0.500001994801,
    0.750001538299,1.),.UNSPECIFIED.);
#5900 = CARTESIAN_POINT('',(6.122494656833,0.));
#5901 = CARTESIAN_POINT('',(6.125331194512,6.249988000914E-02));
#5902 = CARTESIAN_POINT('',(6.128033647241,0.124999867369));
#5903 = CARTESIAN_POINT('',(6.130616217536,0.187499951196));
#5904 = CARTESIAN_POINT('',(6.13556309562,0.312500020977));
#5905 = CARTESIAN_POINT('',(6.137927437359,0.375000006905));
#5906 = CARTESIAN_POINT('',(6.140193473627,0.437500072588));
#5907 = CARTESIAN_POINT('',(6.14454557086,0.56250012404));
#5908 = CARTESIAN_POINT('',(6.146631654761,0.625000109792));
#5909 = CARTESIAN_POINT('',(6.1486361185,0.687500162249));
#5910 = CARTESIAN_POINT('',(6.152494876244,0.812500119802));
#5911 = CARTESIAN_POINT('',(6.154349186328,0.875000024886));
#5912 = CARTESIAN_POINT('',(6.156134983518,0.937499986333));
#5913 = CARTESIAN_POINT('',(6.157857478211,1.));
#5914 = ( GEOMETRIC_REPRESENTATION_CONTEXT(2) 
PARAMETRIC_REPRESENTATION_CONTEXT() REPRESENTATION_CONTEXT('2D SPACE',''
  ) );
#5915 = ORIENTED_EDGE('',*,*,#5011,.T.);
#5916 = ORIENTED_EDGE('',*,*,#1254,.F.);
#5917 = FACE_BOUND('',#5918,.F.);
#5918 = EDGE_LOOP('',(#5919,#5944,#5967,#5990));
#5919 = ORIENTED_EDGE('',*,*,#5920,.T.);
#5920 = EDGE_CURVE('',#5921,#5923,#5925,.T.);
#5921 = VERTEX_POINT('',#5922);
#5922 = CARTESIAN_POINT('',(43.75,-151.,24.0000001));
#5923 = VERTEX_POINT('',#5924);
#5924 = CARTESIAN_POINT('',(40.25,-151.,24.0000001));
#5925 = SURFACE_CURVE('',#5926,(#5930,#5937),.PCURVE_S1.);
#5926 = LINE('',#5927,#5928);
#5927 = CARTESIAN_POINT('',(-14.875,-151.,24.0000001));
#5928 = VECTOR('',#5929,1.);
#5929 = DIRECTION('',(-1.,0.,0.));
#5930 = PCURVE('',#1268,#5931);
#5931 = DEFINITIONAL_REPRESENTATION('',(#5932),#5936);
#5932 = LINE('',#5933,#5934);
#5933 = CARTESIAN_POINT('',(55.125,44.));
#5934 = VECTOR('',#5935,1.);
#5935 = DIRECTION('',(-1.,0.));
#5936 = ( GEOMETRIC_REPRESENTATION_CONTEXT(2) 
PARAMETRIC_REPRESENTATION_CONTEXT() REPRESENTATION_CONTEXT('2D SPACE',''
  ) );
#5937 = PCURVE('',#1536,#5938);
#5938 = DEFINITIONAL_REPRESENTATION('',(#5939),#5943);
#5939 = LINE('',#5940,#5941);
#5940 = CARTESIAN_POINT('',(2.,-55.125));
#5941 = VECTOR('',#5942,1.);
#5942 = DIRECTION('',(0.,-1.));
#5943 = ( GEOMETRIC_REPRESENTATION_CONTEXT(2) 
PARAMETRIC_REPRESENTATION_CONTEXT() REPRESENTATION_CONTEXT('2D SPACE',''
  ) );
#5944 = ORIENTED_EDGE('',*,*,#5945,.T.);
#5945 = EDGE_CURVE('',#5923,#5946,#5948,.T.);
#5946 = VERTEX_POINT('',#5947);
#5947 = CARTESIAN_POINT('',(40.25,-129.,24.0000001));
#5948 = SURFACE_CURVE('',#5949,(#5953,#5960),.PCURVE_S1.);
#5949 = LINE('',#5950,#5951);
#5950 = CARTESIAN_POINT('',(40.25,-173.,24.0000001));
#5951 = VECTOR('',#5952,1.);
#5952 = DIRECTION('',(0.,1.,0.));
#5953 = PCURVE('',#1268,#5954);
#5954 = DEFINITIONAL_REPRESENTATION('',(#5955),#5959);
#5955 = LINE('',#5956,#5957);
#5956 = CARTESIAN_POINT('',(110.25,22.));
#5957 = VECTOR('',#5958,1.);
#5958 = DIRECTION('',(0.,1.));
#5959 = ( GEOMETRIC_REPRESENTATION_CONTEXT(2) 
PARAMETRIC_REPRESENTATION_CONTEXT() REPRESENTATION_CONTEXT('2D SPACE',''
  ) );
#5960 = PCURVE('',#1564,#5961);
#5961 = DEFINITIONAL_REPRESENTATION('',(#5962),#5966);
#5962 = LINE('',#5963,#5964);
#5963 = CARTESIAN_POINT('',(2.,22.));
#5964 = VECTOR('',#5965,1.);
#5965 = DIRECTION('',(0.,-1.));
#5966 = ( GEOMETRIC_REPRESENTATION_CONTEXT(2) 
PARAMETRIC_REPRESENTATION_CONTEXT() REPRESENTATION_CONTEXT('2D SPACE',''
  ) );
#5967 = ORIENTED_EDGE('',*,*,#5968,.F.);
#5968 = EDGE_CURVE('',#5969,#5946,#5971,.T.);
#5969 = VERTEX_POINT('',#5970);
#5970 = CARTESIAN_POINT('',(43.75,-129.,24.0000001));
#5971 = SURFACE_CURVE('',#5972,(#5976,#5983),.PCURVE_S1.);
#5972 = LINE('',#5973,#5974);
#5973 = CARTESIAN_POINT('',(-14.875,-129.,24.0000001));
#5974 = VECTOR('',#5975,1.);
#5975 = DIRECTION('',(-1.,0.,0.));
#5976 = PCURVE('',#1268,#5977);
#5977 = DEFINITIONAL_REPRESENTATION('',(#5978),#5982);
#5978 = LINE('',#5979,#5980);
#5979 = CARTESIAN_POINT('',(55.125,66.));
#5980 = VECTOR('',#5981,1.);
#5981 = DIRECTION('',(-1.,0.));
#5982 = ( GEOMETRIC_REPRESENTATION_CONTEXT(2) 
PARAMETRIC_REPRESENTATION_CONTEXT() REPRESENTATION_CONTEXT('2D SPACE',''
  ) );
#5983 = PCURVE('',#1592,#5984);
#5984 = DEFINITIONAL_REPRESENTATION('',(#5985),#5989);
#5985 = LINE('',#5986,#5987);
#5986 = CARTESIAN_POINT('',(2.,-55.125));
#5987 = VECTOR('',#5988,1.);
#5988 = DIRECTION('',(0.,-1.));
#5989 = ( GEOMETRIC_REPRESENTATION_CONTEXT(2) 
PARAMETRIC_REPRESENTATION_CONTEXT() REPRESENTATION_CONTEXT('2D SPACE',''
  ) );
#5990 = ORIENTED_EDGE('',*,*,#5991,.F.);
#5991 = EDGE_CURVE('',#5921,#5969,#5992,.T.);
#5992 = SURFACE_CURVE('',#5993,(#5997,#6004),.PCURVE_S1.);
#5993 = LINE('',#5994,#5995);
#5994 = CARTESIAN_POINT('',(43.75,-173.,24.0000001));
#5995 = VECTOR('',#5996,1.);
#5996 = DIRECTION('',(0.,1.,0.));
#5997 = PCURVE('',#1268,#5998);
#5998 = DEFINITIONAL_REPRESENTATION('',(#5999),#6003);
#5999 = LINE('',#6000,#6001);
#6000 = CARTESIAN_POINT('',(113.75,22.));
#6001 = VECTOR('',#6002,1.);
#6002 = DIRECTION('',(0.,1.));
#6003 = ( GEOMETRIC_REPRESENTATION_CONTEXT(2) 
PARAMETRIC_REPRESENTATION_CONTEXT() REPRESENTATION_CONTEXT('2D SPACE',''
  ) );
#6004 = PCURVE('',#1618,#6005);
#6005 = DEFINITIONAL_REPRESENTATION('',(#6006),#6010);
#6006 = LINE('',#6007,#6008);
#6007 = CARTESIAN_POINT('',(2.,22.));
#6008 = VECTOR('',#6009,1.);
#6009 = DIRECTION('',(0.,-1.));
#6010 = ( GEOMETRIC_REPRESENTATION_CONTEXT(2) 
PARAMETRIC_REPRESENTATION_CONTEXT() REPRESENTATION_CONTEXT('2D SPACE',''
  ) );
#6011 = FACE_BOUND('',#6012,.F.);
#6012 = EDGE_LOOP('',(#6013,#6038,#6061,#6084));
#6013 = ORIENTED_EDGE('',*,*,#6014,.F.);
#6014 = EDGE_CURVE('',#6015,#6017,#6019,.T.);
#6015 = VERTEX_POINT('',#6016);
#6016 = CARTESIAN_POINT('',(43.75,-49.,24.0000001));
#6017 = VERTEX_POINT('',#6018);
#6018 = CARTESIAN_POINT('',(40.25,-49.,24.0000001));
#6019 = SURFACE_CURVE('',#6020,(#6024,#6031),.PCURVE_S1.);
#6020 = LINE('',#6021,#6022);
#6021 = CARTESIAN_POINT('',(-14.875,-49.,24.0000001));
#6022 = VECTOR('',#6023,1.);
#6023 = DIRECTION('',(-1.,0.,0.));
#6024 = PCURVE('',#1268,#6025);
#6025 = DEFINITIONAL_REPRESENTATION('',(#6026),#6030);
#6026 = LINE('',#6027,#6028);
#6027 = CARTESIAN_POINT('',(55.125,146.));
#6028 = VECTOR('',#6029,1.);
#6029 = DIRECTION('',(-1.,0.));
#6030 = ( GEOMETRIC_REPRESENTATION_CONTEXT(2) 
PARAMETRIC_REPRESENTATION_CONTEXT() REPRESENTATION_CONTEXT('2D SPACE',''
  ) );
#6031 = PCURVE('',#1988,#6032);
#6032 = DEFINITIONAL_REPRESENTATION('',(#6033),#6037);
#6033 = LINE('',#6034,#6035);
#6034 = CARTESIAN_POINT('',(2.,-55.125));
#6035 = VECTOR('',#6036,1.);
#6036 = DIRECTION('',(0.,-1.));
#6037 = ( GEOMETRIC_REPRESENTATION_CONTEXT(2) 
PARAMETRIC_REPRESENTATION_CONTEXT() REPRESENTATION_CONTEXT('2D SPACE',''
  ) );
#6038 = ORIENTED_EDGE('',*,*,#6039,.F.);
#6039 = EDGE_CURVE('',#6040,#6015,#6042,.T.);
#6040 = VERTEX_POINT('',#6041);
#6041 = CARTESIAN_POINT('',(43.75,-71.,24.0000001));
#6042 = SURFACE_CURVE('',#6043,(#6047,#6054),.PCURVE_S1.);
#6043 = LINE('',#6044,#6045);
#6044 = CARTESIAN_POINT('',(43.75,-133.,24.0000001));
#6045 = VECTOR('',#6046,1.);
#6046 = DIRECTION('',(0.,1.,0.));
#6047 = PCURVE('',#1268,#6048);
#6048 = DEFINITIONAL_REPRESENTATION('',(#6049),#6053);
#6049 = LINE('',#6050,#6051);
#6050 = CARTESIAN_POINT('',(113.75,62.));
#6051 = VECTOR('',#6052,1.);
#6052 = DIRECTION('',(0.,1.));
#6053 = ( GEOMETRIC_REPRESENTATION_CONTEXT(2) 
PARAMETRIC_REPRESENTATION_CONTEXT() REPRESENTATION_CONTEXT('2D SPACE',''
  ) );
#6054 = PCURVE('',#2014,#6055);
#6055 = DEFINITIONAL_REPRESENTATION('',(#6056),#6060);
#6056 = LINE('',#6057,#6058);
#6057 = CARTESIAN_POINT('',(2.,62.));
#6058 = VECTOR('',#6059,1.);
#6059 = DIRECTION('',(0.,-1.));
#6060 = ( GEOMETRIC_REPRESENTATION_CONTEXT(2) 
PARAMETRIC_REPRESENTATION_CONTEXT() REPRESENTATION_CONTEXT('2D SPACE',''
  ) );
#6061 = ORIENTED_EDGE('',*,*,#6062,.T.);
#6062 = EDGE_CURVE('',#6040,#6063,#6065,.T.);
#6063 = VERTEX_POINT('',#6064);
#6064 = CARTESIAN_POINT('',(40.25,-71.,24.0000001));
#6065 = SURFACE_CURVE('',#6066,(#6070,#6077),.PCURVE_S1.);
#6066 = LINE('',#6067,#6068);
#6067 = CARTESIAN_POINT('',(-14.875,-71.,24.0000001));
#6068 = VECTOR('',#6069,1.);
#6069 = DIRECTION('',(-1.,0.,0.));
#6070 = PCURVE('',#1268,#6071);
#6071 = DEFINITIONAL_REPRESENTATION('',(#6072),#6076);
#6072 = LINE('',#6073,#6074);
#6073 = CARTESIAN_POINT('',(55.125,124.));
#6074 = VECTOR('',#6075,1.);
#6075 = DIRECTION('',(-1.,0.));
#6076 = ( GEOMETRIC_REPRESENTATION_CONTEXT(2) 
PARAMETRIC_REPRESENTATION_CONTEXT() REPRESENTATION_CONTEXT('2D SPACE',''
  ) );
#6077 = PCURVE('',#1932,#6078);
#6078 = DEFINITIONAL_REPRESENTATION('',(#6079),#6083);
#6079 = LINE('',#6080,#6081);
#6080 = CARTESIAN_POINT('',(2.,-55.125));
#6081 = VECTOR('',#6082,1.);
#6082 = DIRECTION('',(0.,-1.));
#6083 = ( GEOMETRIC_REPRESENTATION_CONTEXT(2) 
PARAMETRIC_REPRESENTATION_CONTEXT() REPRESENTATION_CONTEXT('2D SPACE',''
  ) );
#6084 = ORIENTED_EDGE('',*,*,#6085,.T.);
#6085 = EDGE_CURVE('',#6063,#6017,#6086,.T.);
#6086 = SURFACE_CURVE('',#6087,(#6091,#6098),.PCURVE_S1.);
#6087 = LINE('',#6088,#6089);
#6088 = CARTESIAN_POINT('',(40.25,-133.,24.0000001));
#6089 = VECTOR('',#6090,1.);
#6090 = DIRECTION('',(0.,1.,0.));
#6091 = PCURVE('',#1268,#6092);
#6092 = DEFINITIONAL_REPRESENTATION('',(#6093),#6097);
#6093 = LINE('',#6094,#6095);
#6094 = CARTESIAN_POINT('',(110.25,62.));
#6095 = VECTOR('',#6096,1.);
#6096 = DIRECTION('',(0.,1.));
#6097 = ( GEOMETRIC_REPRESENTATION_CONTEXT(2) 
PARAMETRIC_REPRESENTATION_CONTEXT() REPRESENTATION_CONTEXT('2D SPACE',''
  ) );
#6098 = PCURVE('',#1960,#6099);
#6099 = DEFINITIONAL_REPRESENTATION('',(#6100),#6104);
#6100 = LINE('',#6101,#6102);
#6101 = CARTESIAN_POINT('',(2.,62.));
#6102 = VECTOR('',#6103,1.);
#6103 = DIRECTION('',(0.,-1.));
#6104 = ( GEOMETRIC_REPRESENTATION_CONTEXT(2) 
PARAMETRIC_REPRESENTATION_CONTEXT() REPRESENTATION_CONTEXT('2D SPACE',''
  ) );
#6105 = ADVANCED_FACE('',(#6106),#1357,.F.);
#6106 = FACE_BOUND('',#6107,.F.);
#6107 = EDGE_LOOP('',(#6108,#6109,#6110,#6111));
#6108 = ORIENTED_EDGE('',*,*,#5545,.F.);
#6109 = ORIENTED_EDGE('',*,*,#1339,.F.);
#6110 = ORIENTED_EDGE('',*,*,#1377,.T.);
#6111 = ORIENTED_EDGE('',*,*,#6112,.F.);
#6112 = EDGE_CURVE('',#5546,#1378,#6113,.T.);
#6113 = SURFACE_CURVE('',#6114,(#6118,#6125),.PCURVE_S1.);
#6114 = LINE('',#6115,#6116);
#6115 = CARTESIAN_POINT('',(44.,-154.,24.0000001));
#6116 = VECTOR('',#6117,1.);
#6117 = DIRECTION('',(0.,0.,1.));
#6118 = PCURVE('',#1357,#6119);
#6119 = DEFINITIONAL_REPRESENTATION('',(#6120),#6124);
#6120 = LINE('',#6121,#6122);
#6121 = CARTESIAN_POINT('',(0.,21.));
#6122 = VECTOR('',#6123,1.);
#6123 = DIRECTION('',(1.,0.));
#6124 = ( GEOMETRIC_REPRESENTATION_CONTEXT(2) 
PARAMETRIC_REPRESENTATION_CONTEXT() REPRESENTATION_CONTEXT('2D SPACE',''
  ) );
#6125 = PCURVE('',#1421,#6126);
#6126 = DEFINITIONAL_REPRESENTATION('',(#6127),#6131);
#6127 = LINE('',#6128,#6129);
#6128 = CARTESIAN_POINT('',(4.712388980385,0.));
#6129 = VECTOR('',#6130,1.);
#6130 = DIRECTION('',(-0.,1.));
#6131 = ( GEOMETRIC_REPRESENTATION_CONTEXT(2) 
PARAMETRIC_REPRESENTATION_CONTEXT() REPRESENTATION_CONTEXT('2D SPACE',''
  ) );
#6132 = ADVANCED_FACE('',(#6133),#1421,.T.);
#6133 = FACE_BOUND('',#6134,.T.);
#6134 = EDGE_LOOP('',(#6135,#6156,#6157,#6158));
#6135 = ORIENTED_EDGE('',*,*,#6136,.T.);
#6136 = EDGE_CURVE('',#5569,#1401,#6137,.T.);
#6137 = SURFACE_CURVE('',#6138,(#6142,#6149),.PCURVE_S1.);
#6138 = LINE('',#6139,#6140);
#6139 = CARTESIAN_POINT('',(47.,-151.,24.0000001));
#6140 = VECTOR('',#6141,1.);
#6141 = DIRECTION('',(0.,0.,1.));
#6142 = PCURVE('',#1421,#6143);
#6143 = DEFINITIONAL_REPRESENTATION('',(#6144),#6148);
#6144 = LINE('',#6145,#6146);
#6145 = CARTESIAN_POINT('',(6.28318530718,0.));
#6146 = VECTOR('',#6147,1.);
#6147 = DIRECTION('',(-0.,1.));
#6148 = ( GEOMETRIC_REPRESENTATION_CONTEXT(2) 
PARAMETRIC_REPRESENTATION_CONTEXT() REPRESENTATION_CONTEXT('2D SPACE',''
  ) );
#6149 = PCURVE('',#1449,#6150);
#6150 = DEFINITIONAL_REPRESENTATION('',(#6151),#6155);
#6151 = LINE('',#6152,#6153);
#6152 = CARTESIAN_POINT('',(0.,-3.));
#6153 = VECTOR('',#6154,1.);
#6154 = DIRECTION('',(1.,0.));
#6155 = ( GEOMETRIC_REPRESENTATION_CONTEXT(2) 
PARAMETRIC_REPRESENTATION_CONTEXT() REPRESENTATION_CONTEXT('2D SPACE',''
  ) );
#6156 = ORIENTED_EDGE('',*,*,#1400,.T.);
#6157 = ORIENTED_EDGE('',*,*,#6112,.F.);
#6158 = ORIENTED_EDGE('',*,*,#5568,.F.);
#6159 = ADVANCED_FACE('',(#6160),#1449,.T.);
#6160 = FACE_BOUND('',#6161,.T.);
#6161 = EDGE_LOOP('',(#6162,#6163,#6164,#6165));
#6162 = ORIENTED_EDGE('',*,*,#1433,.F.);
#6163 = ORIENTED_EDGE('',*,*,#6136,.F.);
#6164 = ORIENTED_EDGE('',*,*,#5596,.T.);
#6165 = ORIENTED_EDGE('',*,*,#6166,.T.);
#6166 = EDGE_CURVE('',#5597,#1434,#6167,.T.);
#6167 = SURFACE_CURVE('',#6168,(#6172,#6179),.PCURVE_S1.);
#6168 = LINE('',#6169,#6170);
#6169 = CARTESIAN_POINT('',(47.,-129.,24.0000001));
#6170 = VECTOR('',#6171,1.);
#6171 = DIRECTION('',(0.,0.,1.));
#6172 = PCURVE('',#1449,#6173);
#6173 = DEFINITIONAL_REPRESENTATION('',(#6174),#6178);
#6174 = LINE('',#6175,#6176);
#6175 = CARTESIAN_POINT('',(0.,-25.));
#6176 = VECTOR('',#6177,1.);
#6177 = DIRECTION('',(1.,0.));
#6178 = ( GEOMETRIC_REPRESENTATION_CONTEXT(2) 
PARAMETRIC_REPRESENTATION_CONTEXT() REPRESENTATION_CONTEXT('2D SPACE',''
  ) );
#6179 = PCURVE('',#1478,#6180);
#6180 = DEFINITIONAL_REPRESENTATION('',(#6181),#6185);
#6181 = LINE('',#6182,#6183);
#6182 = CARTESIAN_POINT('',(0.,0.));
#6183 = VECTOR('',#6184,1.);
#6184 = DIRECTION('',(0.,1.));
#6185 = ( GEOMETRIC_REPRESENTATION_CONTEXT(2) 
PARAMETRIC_REPRESENTATION_CONTEXT() REPRESENTATION_CONTEXT('2D SPACE',''
  ) );
#6186 = ADVANCED_FACE('',(#6187),#1478,.T.);
#6187 = FACE_BOUND('',#6188,.T.);
#6188 = EDGE_LOOP('',(#6189,#6190,#6211,#6212));
#6189 = ORIENTED_EDGE('',*,*,#5619,.T.);
#6190 = ORIENTED_EDGE('',*,*,#6191,.T.);
#6191 = EDGE_CURVE('',#5620,#1462,#6192,.T.);
#6192 = SURFACE_CURVE('',#6193,(#6197,#6204),.PCURVE_S1.);
#6193 = LINE('',#6194,#6195);
#6194 = CARTESIAN_POINT('',(44.,-126.,24.0000001));
#6195 = VECTOR('',#6196,1.);
#6196 = DIRECTION('',(0.,0.,1.));
#6197 = PCURVE('',#1478,#6198);
#6198 = DEFINITIONAL_REPRESENTATION('',(#6199),#6203);
#6199 = LINE('',#6200,#6201);
#6200 = CARTESIAN_POINT('',(1.570796326795,0.));
#6201 = VECTOR('',#6202,1.);
#6202 = DIRECTION('',(0.,1.));
#6203 = ( GEOMETRIC_REPRESENTATION_CONTEXT(2) 
PARAMETRIC_REPRESENTATION_CONTEXT() REPRESENTATION_CONTEXT('2D SPACE',''
  ) );
#6204 = PCURVE('',#1504,#6205);
#6205 = DEFINITIONAL_REPRESENTATION('',(#6206),#6210);
#6206 = LINE('',#6207,#6208);
#6207 = CARTESIAN_POINT('',(0.,21.));
#6208 = VECTOR('',#6209,1.);
#6209 = DIRECTION('',(1.,0.));
#6210 = ( GEOMETRIC_REPRESENTATION_CONTEXT(2) 
PARAMETRIC_REPRESENTATION_CONTEXT() REPRESENTATION_CONTEXT('2D SPACE',''
  ) );
#6211 = ORIENTED_EDGE('',*,*,#1461,.F.);
#6212 = ORIENTED_EDGE('',*,*,#6166,.F.);
#6213 = ADVANCED_FACE('',(#6214),#1504,.T.);
#6214 = FACE_BOUND('',#6215,.T.);
#6215 = EDGE_LOOP('',(#6216,#6217,#6218,#6219));
#6216 = ORIENTED_EDGE('',*,*,#5643,.F.);
#6217 = ORIENTED_EDGE('',*,*,#1733,.F.);
#6218 = ORIENTED_EDGE('',*,*,#1490,.T.);
#6219 = ORIENTED_EDGE('',*,*,#6191,.F.);
#6220 = ADVANCED_FACE('',(#6221),#1536,.T.);
#6221 = FACE_BOUND('',#6222,.T.);
#6222 = EDGE_LOOP('',(#6223,#6244,#6245,#6266));
#6223 = ORIENTED_EDGE('',*,*,#6224,.F.);
#6224 = EDGE_CURVE('',#5921,#1519,#6225,.T.);
#6225 = SURFACE_CURVE('',#6226,(#6230,#6237),.PCURVE_S1.);
#6226 = LINE('',#6227,#6228);
#6227 = CARTESIAN_POINT('',(43.75,-151.,22.0000001));
#6228 = VECTOR('',#6229,1.);
#6229 = DIRECTION('',(0.,0.,1.));
#6230 = PCURVE('',#1536,#6231);
#6231 = DEFINITIONAL_REPRESENTATION('',(#6232),#6236);
#6232 = LINE('',#6233,#6234);
#6233 = CARTESIAN_POINT('',(0.,3.5));
#6234 = VECTOR('',#6235,1.);
#6235 = DIRECTION('',(1.,0.));
#6236 = ( GEOMETRIC_REPRESENTATION_CONTEXT(2) 
PARAMETRIC_REPRESENTATION_CONTEXT() REPRESENTATION_CONTEXT('2D SPACE',''
  ) );
#6237 = PCURVE('',#1618,#6238);
#6238 = DEFINITIONAL_REPRESENTATION('',(#6239),#6243);
#6239 = LINE('',#6240,#6241);
#6240 = CARTESIAN_POINT('',(0.,0.));
#6241 = VECTOR('',#6242,1.);
#6242 = DIRECTION('',(1.,0.));
#6243 = ( GEOMETRIC_REPRESENTATION_CONTEXT(2) 
PARAMETRIC_REPRESENTATION_CONTEXT() REPRESENTATION_CONTEXT('2D SPACE',''
  ) );
#6244 = ORIENTED_EDGE('',*,*,#5920,.T.);
#6245 = ORIENTED_EDGE('',*,*,#6246,.T.);
#6246 = EDGE_CURVE('',#5923,#1521,#6247,.T.);
#6247 = SURFACE_CURVE('',#6248,(#6252,#6259),.PCURVE_S1.);
#6248 = LINE('',#6249,#6250);
#6249 = CARTESIAN_POINT('',(40.25,-151.,22.0000001));
#6250 = VECTOR('',#6251,1.);
#6251 = DIRECTION('',(0.,0.,1.));
#6252 = PCURVE('',#1536,#6253);
#6253 = DEFINITIONAL_REPRESENTATION('',(#6254),#6258);
#6254 = LINE('',#6255,#6256);
#6255 = CARTESIAN_POINT('',(0.,0.));
#6256 = VECTOR('',#6257,1.);
#6257 = DIRECTION('',(1.,0.));
#6258 = ( GEOMETRIC_REPRESENTATION_CONTEXT(2) 
PARAMETRIC_REPRESENTATION_CONTEXT() REPRESENTATION_CONTEXT('2D SPACE',''
  ) );
#6259 = PCURVE('',#1564,#6260);
#6260 = DEFINITIONAL_REPRESENTATION('',(#6261),#6265);
#6261 = LINE('',#6262,#6263);
#6262 = CARTESIAN_POINT('',(0.,0.));
#6263 = VECTOR('',#6264,1.);
#6264 = DIRECTION('',(1.,0.));
#6265 = ( GEOMETRIC_REPRESENTATION_CONTEXT(2) 
PARAMETRIC_REPRESENTATION_CONTEXT() REPRESENTATION_CONTEXT('2D SPACE',''
  ) );
#6266 = ORIENTED_EDGE('',*,*,#1518,.F.);
#6267 = ADVANCED_FACE('',(#6268),#1564,.T.);
#6268 = FACE_BOUND('',#6269,.T.);
#6269 = EDGE_LOOP('',(#6270,#6271,#6272,#6293));
#6270 = ORIENTED_EDGE('',*,*,#6246,.F.);
#6271 = ORIENTED_EDGE('',*,*,#5945,.T.);
#6272 = ORIENTED_EDGE('',*,*,#6273,.T.);
#6273 = EDGE_CURVE('',#5946,#1549,#6274,.T.);
#6274 = SURFACE_CURVE('',#6275,(#6279,#6286),.PCURVE_S1.);
#6275 = LINE('',#6276,#6277);
#6276 = CARTESIAN_POINT('',(40.25,-129.,22.0000001));
#6277 = VECTOR('',#6278,1.);
#6278 = DIRECTION('',(0.,0.,1.));
#6279 = PCURVE('',#1564,#6280);
#6280 = DEFINITIONAL_REPRESENTATION('',(#6281),#6285);
#6281 = LINE('',#6282,#6283);
#6282 = CARTESIAN_POINT('',(0.,-22.));
#6283 = VECTOR('',#6284,1.);
#6284 = DIRECTION('',(1.,0.));
#6285 = ( GEOMETRIC_REPRESENTATION_CONTEXT(2) 
PARAMETRIC_REPRESENTATION_CONTEXT() REPRESENTATION_CONTEXT('2D SPACE',''
  ) );
#6286 = PCURVE('',#1592,#6287);
#6287 = DEFINITIONAL_REPRESENTATION('',(#6288),#6292);
#6288 = LINE('',#6289,#6290);
#6289 = CARTESIAN_POINT('',(0.,0.));
#6290 = VECTOR('',#6291,1.);
#6291 = DIRECTION('',(1.,0.));
#6292 = ( GEOMETRIC_REPRESENTATION_CONTEXT(2) 
PARAMETRIC_REPRESENTATION_CONTEXT() REPRESENTATION_CONTEXT('2D SPACE',''
  ) );
#6293 = ORIENTED_EDGE('',*,*,#1548,.F.);
#6294 = ADVANCED_FACE('',(#6295),#1592,.F.);
#6295 = FACE_BOUND('',#6296,.F.);
#6296 = EDGE_LOOP('',(#6297,#6318,#6319,#6320));
#6297 = ORIENTED_EDGE('',*,*,#6298,.F.);
#6298 = EDGE_CURVE('',#5969,#1577,#6299,.T.);
#6299 = SURFACE_CURVE('',#6300,(#6304,#6311),.PCURVE_S1.);
#6300 = LINE('',#6301,#6302);
#6301 = CARTESIAN_POINT('',(43.75,-129.,22.0000001));
#6302 = VECTOR('',#6303,1.);
#6303 = DIRECTION('',(0.,0.,1.));
#6304 = PCURVE('',#1592,#6305);
#6305 = DEFINITIONAL_REPRESENTATION('',(#6306),#6310);
#6306 = LINE('',#6307,#6308);
#6307 = CARTESIAN_POINT('',(0.,3.5));
#6308 = VECTOR('',#6309,1.);
#6309 = DIRECTION('',(1.,0.));
#6310 = ( GEOMETRIC_REPRESENTATION_CONTEXT(2) 
PARAMETRIC_REPRESENTATION_CONTEXT() REPRESENTATION_CONTEXT('2D SPACE',''
  ) );
#6311 = PCURVE('',#1618,#6312);
#6312 = DEFINITIONAL_REPRESENTATION('',(#6313),#6317);
#6313 = LINE('',#6314,#6315);
#6314 = CARTESIAN_POINT('',(0.,-22.));
#6315 = VECTOR('',#6316,1.);
#6316 = DIRECTION('',(1.,0.));
#6317 = ( GEOMETRIC_REPRESENTATION_CONTEXT(2) 
PARAMETRIC_REPRESENTATION_CONTEXT() REPRESENTATION_CONTEXT('2D SPACE',''
  ) );
#6318 = ORIENTED_EDGE('',*,*,#5968,.T.);
#6319 = ORIENTED_EDGE('',*,*,#6273,.T.);
#6320 = ORIENTED_EDGE('',*,*,#1576,.F.);
#6321 = ADVANCED_FACE('',(#6322),#1618,.F.);
#6322 = FACE_BOUND('',#6323,.F.);
#6323 = EDGE_LOOP('',(#6324,#6325,#6326,#6327));
#6324 = ORIENTED_EDGE('',*,*,#6224,.F.);
#6325 = ORIENTED_EDGE('',*,*,#5991,.T.);
#6326 = ORIENTED_EDGE('',*,*,#6298,.T.);
#6327 = ORIENTED_EDGE('',*,*,#1604,.F.);
#6328 = ADVANCED_FACE('',(#6329),#1715,.F.);
#6329 = FACE_BOUND('',#6330,.F.);
#6330 = EDGE_LOOP('',(#6331,#6332,#6333,#6334));
#6331 = ORIENTED_EDGE('',*,*,#5665,.F.);
#6332 = ORIENTED_EDGE('',*,*,#1691,.F.);
#6333 = ORIENTED_EDGE('',*,*,#1773,.T.);
#6334 = ORIENTED_EDGE('',*,*,#6335,.F.);
#6335 = EDGE_CURVE('',#5666,#1774,#6336,.T.);
#6336 = SURFACE_CURVE('',#6337,(#6341,#6348),.PCURVE_S1.);
#6337 = LINE('',#6338,#6339);
#6338 = CARTESIAN_POINT('',(44.,-74.,24.0000001));
#6339 = VECTOR('',#6340,1.);
#6340 = DIRECTION('',(0.,0.,1.));
#6341 = PCURVE('',#1715,#6342);
#6342 = DEFINITIONAL_REPRESENTATION('',(#6343),#6347);
#6343 = LINE('',#6344,#6345);
#6344 = CARTESIAN_POINT('',(0.,21.));
#6345 = VECTOR('',#6346,1.);
#6346 = DIRECTION('',(1.,0.));
#6347 = ( GEOMETRIC_REPRESENTATION_CONTEXT(2) 
PARAMETRIC_REPRESENTATION_CONTEXT() REPRESENTATION_CONTEXT('2D SPACE',''
  ) );
#6348 = PCURVE('',#1817,#6349);
#6349 = DEFINITIONAL_REPRESENTATION('',(#6350),#6354);
#6350 = LINE('',#6351,#6352);
#6351 = CARTESIAN_POINT('',(4.712388980385,0.));
#6352 = VECTOR('',#6353,1.);
#6353 = DIRECTION('',(-0.,1.));
#6354 = ( GEOMETRIC_REPRESENTATION_CONTEXT(2) 
PARAMETRIC_REPRESENTATION_CONTEXT() REPRESENTATION_CONTEXT('2D SPACE',''
  ) );
#6355 = ADVANCED_FACE('',(#6356),#1817,.T.);
#6356 = FACE_BOUND('',#6357,.T.);
#6357 = EDGE_LOOP('',(#6358,#6379,#6380,#6381));
#6358 = ORIENTED_EDGE('',*,*,#6359,.T.);
#6359 = EDGE_CURVE('',#5689,#1797,#6360,.T.);
#6360 = SURFACE_CURVE('',#6361,(#6365,#6372),.PCURVE_S1.);
#6361 = LINE('',#6362,#6363);
#6362 = CARTESIAN_POINT('',(47.,-71.,24.0000001));
#6363 = VECTOR('',#6364,1.);
#6364 = DIRECTION('',(0.,0.,1.));
#6365 = PCURVE('',#1817,#6366);
#6366 = DEFINITIONAL_REPRESENTATION('',(#6367),#6371);
#6367 = LINE('',#6368,#6369);
#6368 = CARTESIAN_POINT('',(6.28318530718,0.));
#6369 = VECTOR('',#6370,1.);
#6370 = DIRECTION('',(-0.,1.));
#6371 = ( GEOMETRIC_REPRESENTATION_CONTEXT(2) 
PARAMETRIC_REPRESENTATION_CONTEXT() REPRESENTATION_CONTEXT('2D SPACE',''
  ) );
#6372 = PCURVE('',#1845,#6373);
#6373 = DEFINITIONAL_REPRESENTATION('',(#6374),#6378);
#6374 = LINE('',#6375,#6376);
#6375 = CARTESIAN_POINT('',(0.,-3.));
#6376 = VECTOR('',#6377,1.);
#6377 = DIRECTION('',(1.,0.));
#6378 = ( GEOMETRIC_REPRESENTATION_CONTEXT(2) 
PARAMETRIC_REPRESENTATION_CONTEXT() REPRESENTATION_CONTEXT('2D SPACE',''
  ) );
#6379 = ORIENTED_EDGE('',*,*,#1796,.T.);
#6380 = ORIENTED_EDGE('',*,*,#6335,.F.);
#6381 = ORIENTED_EDGE('',*,*,#5688,.F.);
#6382 = ADVANCED_FACE('',(#6383),#1845,.T.);
#6383 = FACE_BOUND('',#6384,.T.);
#6384 = EDGE_LOOP('',(#6385,#6386,#6387,#6388));
#6385 = ORIENTED_EDGE('',*,*,#1829,.F.);
#6386 = ORIENTED_EDGE('',*,*,#6359,.F.);
#6387 = ORIENTED_EDGE('',*,*,#5716,.T.);
#6388 = ORIENTED_EDGE('',*,*,#6389,.T.);
#6389 = EDGE_CURVE('',#5717,#1830,#6390,.T.);
#6390 = SURFACE_CURVE('',#6391,(#6395,#6402),.PCURVE_S1.);
#6391 = LINE('',#6392,#6393);
#6392 = CARTESIAN_POINT('',(47.,-49.,24.0000001));
#6393 = VECTOR('',#6394,1.);
#6394 = DIRECTION('',(0.,0.,1.));
#6395 = PCURVE('',#1845,#6396);
#6396 = DEFINITIONAL_REPRESENTATION('',(#6397),#6401);
#6397 = LINE('',#6398,#6399);
#6398 = CARTESIAN_POINT('',(0.,-25.));
#6399 = VECTOR('',#6400,1.);
#6400 = DIRECTION('',(1.,0.));
#6401 = ( GEOMETRIC_REPRESENTATION_CONTEXT(2) 
PARAMETRIC_REPRESENTATION_CONTEXT() REPRESENTATION_CONTEXT('2D SPACE',''
  ) );
#6402 = PCURVE('',#1874,#6403);
#6403 = DEFINITIONAL_REPRESENTATION('',(#6404),#6408);
#6404 = LINE('',#6405,#6406);
#6405 = CARTESIAN_POINT('',(0.,0.));
#6406 = VECTOR('',#6407,1.);
#6407 = DIRECTION('',(0.,1.));
#6408 = ( GEOMETRIC_REPRESENTATION_CONTEXT(2) 
PARAMETRIC_REPRESENTATION_CONTEXT() REPRESENTATION_CONTEXT('2D SPACE',''
  ) );
#6409 = ADVANCED_FACE('',(#6410),#1874,.T.);
#6410 = FACE_BOUND('',#6411,.T.);
#6411 = EDGE_LOOP('',(#6412,#6413,#6434,#6435));
#6412 = ORIENTED_EDGE('',*,*,#5739,.T.);
#6413 = ORIENTED_EDGE('',*,*,#6414,.T.);
#6414 = EDGE_CURVE('',#5740,#1858,#6415,.T.);
#6415 = SURFACE_CURVE('',#6416,(#6420,#6427),.PCURVE_S1.);
#6416 = LINE('',#6417,#6418);
#6417 = CARTESIAN_POINT('',(44.,-46.,24.0000001));
#6418 = VECTOR('',#6419,1.);
#6419 = DIRECTION('',(0.,0.,1.));
#6420 = PCURVE('',#1874,#6421);
#6421 = DEFINITIONAL_REPRESENTATION('',(#6422),#6426);
#6422 = LINE('',#6423,#6424);
#6423 = CARTESIAN_POINT('',(1.570796326795,0.));
#6424 = VECTOR('',#6425,1.);
#6425 = DIRECTION('',(0.,1.));
#6426 = ( GEOMETRIC_REPRESENTATION_CONTEXT(2) 
PARAMETRIC_REPRESENTATION_CONTEXT() REPRESENTATION_CONTEXT('2D SPACE',''
  ) );
#6427 = PCURVE('',#1900,#6428);
#6428 = DEFINITIONAL_REPRESENTATION('',(#6429),#6433);
#6429 = LINE('',#6430,#6431);
#6430 = CARTESIAN_POINT('',(0.,21.));
#6431 = VECTOR('',#6432,1.);
#6432 = DIRECTION('',(1.,0.));
#6433 = ( GEOMETRIC_REPRESENTATION_CONTEXT(2) 
PARAMETRIC_REPRESENTATION_CONTEXT() REPRESENTATION_CONTEXT('2D SPACE',''
  ) );
#6434 = ORIENTED_EDGE('',*,*,#1857,.F.);
#6435 = ORIENTED_EDGE('',*,*,#6389,.F.);
#6436 = ADVANCED_FACE('',(#6437),#1900,.T.);
#6437 = FACE_BOUND('',#6438,.T.);
#6438 = EDGE_LOOP('',(#6439,#6440,#6441,#6442));
#6439 = ORIENTED_EDGE('',*,*,#5763,.F.);
#6440 = ORIENTED_EDGE('',*,*,#2108,.F.);
#6441 = ORIENTED_EDGE('',*,*,#1886,.T.);
#6442 = ORIENTED_EDGE('',*,*,#6414,.F.);
#6443 = ADVANCED_FACE('',(#6444),#1932,.T.);
#6444 = FACE_BOUND('',#6445,.T.);
#6445 = EDGE_LOOP('',(#6446,#6467,#6468,#6489));
#6446 = ORIENTED_EDGE('',*,*,#6447,.F.);
#6447 = EDGE_CURVE('',#6040,#1915,#6448,.T.);
#6448 = SURFACE_CURVE('',#6449,(#6453,#6460),.PCURVE_S1.);
#6449 = LINE('',#6450,#6451);
#6450 = CARTESIAN_POINT('',(43.75,-71.,22.0000001));
#6451 = VECTOR('',#6452,1.);
#6452 = DIRECTION('',(0.,0.,1.));
#6453 = PCURVE('',#1932,#6454);
#6454 = DEFINITIONAL_REPRESENTATION('',(#6455),#6459);
#6455 = LINE('',#6456,#6457);
#6456 = CARTESIAN_POINT('',(0.,3.5));
#6457 = VECTOR('',#6458,1.);
#6458 = DIRECTION('',(1.,0.));
#6459 = ( GEOMETRIC_REPRESENTATION_CONTEXT(2) 
PARAMETRIC_REPRESENTATION_CONTEXT() REPRESENTATION_CONTEXT('2D SPACE',''
  ) );
#6460 = PCURVE('',#2014,#6461);
#6461 = DEFINITIONAL_REPRESENTATION('',(#6462),#6466);
#6462 = LINE('',#6463,#6464);
#6463 = CARTESIAN_POINT('',(0.,0.));
#6464 = VECTOR('',#6465,1.);
#6465 = DIRECTION('',(1.,0.));
#6466 = ( GEOMETRIC_REPRESENTATION_CONTEXT(2) 
PARAMETRIC_REPRESENTATION_CONTEXT() REPRESENTATION_CONTEXT('2D SPACE',''
  ) );
#6467 = ORIENTED_EDGE('',*,*,#6062,.T.);
#6468 = ORIENTED_EDGE('',*,*,#6469,.T.);
#6469 = EDGE_CURVE('',#6063,#1917,#6470,.T.);
#6470 = SURFACE_CURVE('',#6471,(#6475,#6482),.PCURVE_S1.);
#6471 = LINE('',#6472,#6473);
#6472 = CARTESIAN_POINT('',(40.25,-71.,22.0000001));
#6473 = VECTOR('',#6474,1.);
#6474 = DIRECTION('',(0.,0.,1.));
#6475 = PCURVE('',#1932,#6476);
#6476 = DEFINITIONAL_REPRESENTATION('',(#6477),#6481);
#6477 = LINE('',#6478,#6479);
#6478 = CARTESIAN_POINT('',(0.,0.));
#6479 = VECTOR('',#6480,1.);
#6480 = DIRECTION('',(1.,0.));
#6481 = ( GEOMETRIC_REPRESENTATION_CONTEXT(2) 
PARAMETRIC_REPRESENTATION_CONTEXT() REPRESENTATION_CONTEXT('2D SPACE',''
  ) );
#6482 = PCURVE('',#1960,#6483);
#6483 = DEFINITIONAL_REPRESENTATION('',(#6484),#6488);
#6484 = LINE('',#6485,#6486);
#6485 = CARTESIAN_POINT('',(0.,0.));
#6486 = VECTOR('',#6487,1.);
#6487 = DIRECTION('',(1.,0.));
#6488 = ( GEOMETRIC_REPRESENTATION_CONTEXT(2) 
PARAMETRIC_REPRESENTATION_CONTEXT() REPRESENTATION_CONTEXT('2D SPACE',''
  ) );
#6489 = ORIENTED_EDGE('',*,*,#1914,.F.);
#6490 = ADVANCED_FACE('',(#6491),#1960,.T.);
#6491 = FACE_BOUND('',#6492,.T.);
#6492 = EDGE_LOOP('',(#6493,#6494,#6495,#6516));
#6493 = ORIENTED_EDGE('',*,*,#6469,.F.);
#6494 = ORIENTED_EDGE('',*,*,#6085,.T.);
#6495 = ORIENTED_EDGE('',*,*,#6496,.T.);
#6496 = EDGE_CURVE('',#6017,#1945,#6497,.T.);
#6497 = SURFACE_CURVE('',#6498,(#6502,#6509),.PCURVE_S1.);
#6498 = LINE('',#6499,#6500);
#6499 = CARTESIAN_POINT('',(40.25,-49.,22.0000001));
#6500 = VECTOR('',#6501,1.);
#6501 = DIRECTION('',(0.,0.,1.));
#6502 = PCURVE('',#1960,#6503);
#6503 = DEFINITIONAL_REPRESENTATION('',(#6504),#6508);
#6504 = LINE('',#6505,#6506);
#6505 = CARTESIAN_POINT('',(0.,-22.));
#6506 = VECTOR('',#6507,1.);
#6507 = DIRECTION('',(1.,0.));
#6508 = ( GEOMETRIC_REPRESENTATION_CONTEXT(2) 
PARAMETRIC_REPRESENTATION_CONTEXT() REPRESENTATION_CONTEXT('2D SPACE',''
  ) );
#6509 = PCURVE('',#1988,#6510);
#6510 = DEFINITIONAL_REPRESENTATION('',(#6511),#6515);
#6511 = LINE('',#6512,#6513);
#6512 = CARTESIAN_POINT('',(0.,0.));
#6513 = VECTOR('',#6514,1.);
#6514 = DIRECTION('',(1.,0.));
#6515 = ( GEOMETRIC_REPRESENTATION_CONTEXT(2) 
PARAMETRIC_REPRESENTATION_CONTEXT() REPRESENTATION_CONTEXT('2D SPACE',''
  ) );
#6516 = ORIENTED_EDGE('',*,*,#1944,.F.);
#6517 = ADVANCED_FACE('',(#6518),#1988,.F.);
#6518 = FACE_BOUND('',#6519,.F.);
#6519 = EDGE_LOOP('',(#6520,#6541,#6542,#6543));
#6520 = ORIENTED_EDGE('',*,*,#6521,.F.);
#6521 = EDGE_CURVE('',#6015,#1973,#6522,.T.);
#6522 = SURFACE_CURVE('',#6523,(#6527,#6534),.PCURVE_S1.);
#6523 = LINE('',#6524,#6525);
#6524 = CARTESIAN_POINT('',(43.75,-49.,22.0000001));
#6525 = VECTOR('',#6526,1.);
#6526 = DIRECTION('',(0.,0.,1.));
#6527 = PCURVE('',#1988,#6528);
#6528 = DEFINITIONAL_REPRESENTATION('',(#6529),#6533);
#6529 = LINE('',#6530,#6531);
#6530 = CARTESIAN_POINT('',(0.,3.5));
#6531 = VECTOR('',#6532,1.);
#6532 = DIRECTION('',(1.,0.));
#6533 = ( GEOMETRIC_REPRESENTATION_CONTEXT(2) 
PARAMETRIC_REPRESENTATION_CONTEXT() REPRESENTATION_CONTEXT('2D SPACE',''
  ) );
#6534 = PCURVE('',#2014,#6535);
#6535 = DEFINITIONAL_REPRESENTATION('',(#6536),#6540);
#6536 = LINE('',#6537,#6538);
#6537 = CARTESIAN_POINT('',(0.,-22.));
#6538 = VECTOR('',#6539,1.);
#6539 = DIRECTION('',(1.,0.));
#6540 = ( GEOMETRIC_REPRESENTATION_CONTEXT(2) 
PARAMETRIC_REPRESENTATION_CONTEXT() REPRESENTATION_CONTEXT('2D SPACE',''
  ) );
#6541 = ORIENTED_EDGE('',*,*,#6014,.T.);
#6542 = ORIENTED_EDGE('',*,*,#6496,.T.);
#6543 = ORIENTED_EDGE('',*,*,#1972,.F.);
#6544 = ADVANCED_FACE('',(#6545),#2014,.F.);
#6545 = FACE_BOUND('',#6546,.F.);
#6546 = EDGE_LOOP('',(#6547,#6548,#6549,#6550));
#6547 = ORIENTED_EDGE('',*,*,#6447,.F.);
#6548 = ORIENTED_EDGE('',*,*,#6039,.T.);
#6549 = ORIENTED_EDGE('',*,*,#6521,.T.);
#6550 = ORIENTED_EDGE('',*,*,#2000,.F.);
#6551 = ADVANCED_FACE('',(#6552),#2164,.F.);
#6552 = FACE_BOUND('',#6553,.F.);
#6553 = EDGE_LOOP('',(#6554));
#6554 = ORIENTED_EDGE('',*,*,#2147,.T.);
#6555 = ADVANCED_FACE('',(#6556),#2213,.T.);
#6556 = FACE_BOUND('',#6557,.T.);
#6557 = EDGE_LOOP('',(#6558,#6559,#6560,#6561,#6562));
#6558 = ORIENTED_EDGE('',*,*,#2572,.T.);
#6559 = ORIENTED_EDGE('',*,*,#2198,.T.);
#6560 = ORIENTED_EDGE('',*,*,#5785,.T.);
#6561 = ORIENTED_EDGE('',*,*,#4791,.T.);
#6562 = ORIENTED_EDGE('',*,*,#4814,.T.);
#6563 = ADVANCED_FACE('',(#6564),#2324,.F.);
#6564 = FACE_BOUND('',#6565,.F.);
#6565 = EDGE_LOOP('',(#6566,#6567,#6568,#6569));
#6566 = ORIENTED_EDGE('',*,*,#4925,.F.);
#6567 = ORIENTED_EDGE('',*,*,#2286,.T.);
#6568 = ORIENTED_EDGE('',*,*,#4981,.T.);
#6569 = ORIENTED_EDGE('',*,*,#4954,.F.);
#6570 = ADVANCED_FACE('',(#6571),#2467,.F.);
#6571 = FACE_BOUND('',#6572,.F.);
#6572 = EDGE_LOOP('',(#6573,#6574,#6575,#6576));
#6573 = ORIENTED_EDGE('',*,*,#4837,.F.);
#6574 = ORIENTED_EDGE('',*,*,#2429,.T.);
#6575 = ORIENTED_EDGE('',*,*,#4895,.T.);
#6576 = ORIENTED_EDGE('',*,*,#4868,.F.);
#6577 = ADVANCED_FACE('',(#6578),#2638,.T.);
#6578 = FACE_BOUND('',#6579,.T.);
#6579 = EDGE_LOOP('',(#6580,#6601,#6602,#6603));
#6580 = ORIENTED_EDGE('',*,*,#6581,.T.);
#6581 = EDGE_CURVE('',#2618,#3148,#6582,.T.);
#6582 = SURFACE_CURVE('',#6583,(#6587,#6594),.PCURVE_S1.);
#6583 = LINE('',#6584,#6585);
#6584 = CARTESIAN_POINT('',(-47.,-49.,24.0000001));
#6585 = VECTOR('',#6586,1.);
#6586 = DIRECTION('',(0.,0.,1.));
#6587 = PCURVE('',#2638,#6588);
#6588 = DEFINITIONAL_REPRESENTATION('',(#6589),#6593);
#6589 = LINE('',#6590,#6591);
#6590 = CARTESIAN_POINT('',(6.28318530718,0.));
#6591 = VECTOR('',#6592,1.);
#6592 = DIRECTION('',(-0.,1.));
#6593 = ( GEOMETRIC_REPRESENTATION_CONTEXT(2) 
PARAMETRIC_REPRESENTATION_CONTEXT() REPRESENTATION_CONTEXT('2D SPACE',''
  ) );
#6594 = PCURVE('',#2666,#6595);
#6595 = DEFINITIONAL_REPRESENTATION('',(#6596),#6600);
#6596 = LINE('',#6597,#6598);
#6597 = CARTESIAN_POINT('',(0.,-25.));
#6598 = VECTOR('',#6599,1.);
#6599 = DIRECTION('',(1.,0.));
#6600 = ( GEOMETRIC_REPRESENTATION_CONTEXT(2) 
PARAMETRIC_REPRESENTATION_CONTEXT() REPRESENTATION_CONTEXT('2D SPACE',''
  ) );
#6601 = ORIENTED_EDGE('',*,*,#3217,.T.);
#6602 = ORIENTED_EDGE('',*,*,#3097,.F.);
#6603 = ORIENTED_EDGE('',*,*,#2617,.F.);
#6604 = ADVANCED_FACE('',(#6605),#2666,.F.);
#6605 = FACE_BOUND('',#6606,.F.);
#6606 = EDGE_LOOP('',(#6607,#6608,#6629,#6630));
#6607 = ORIENTED_EDGE('',*,*,#3145,.F.);
#6608 = ORIENTED_EDGE('',*,*,#6609,.F.);
#6609 = EDGE_CURVE('',#2651,#3146,#6610,.T.);
#6610 = SURFACE_CURVE('',#6611,(#6615,#6622),.PCURVE_S1.);
#6611 = LINE('',#6612,#6613);
#6612 = CARTESIAN_POINT('',(-47.,-71.,24.0000001));
#6613 = VECTOR('',#6614,1.);
#6614 = DIRECTION('',(0.,0.,1.));
#6615 = PCURVE('',#2666,#6616);
#6616 = DEFINITIONAL_REPRESENTATION('',(#6617),#6621);
#6617 = LINE('',#6618,#6619);
#6618 = CARTESIAN_POINT('',(0.,-3.));
#6619 = VECTOR('',#6620,1.);
#6620 = DIRECTION('',(1.,0.));
#6621 = ( GEOMETRIC_REPRESENTATION_CONTEXT(2) 
PARAMETRIC_REPRESENTATION_CONTEXT() REPRESENTATION_CONTEXT('2D SPACE',''
  ) );
#6622 = PCURVE('',#2695,#6623);
#6623 = DEFINITIONAL_REPRESENTATION('',(#6624),#6628);
#6624 = LINE('',#6625,#6626);
#6625 = CARTESIAN_POINT('',(0.,0.));
#6626 = VECTOR('',#6627,1.);
#6627 = DIRECTION('',(0.,1.));
#6628 = ( GEOMETRIC_REPRESENTATION_CONTEXT(2) 
PARAMETRIC_REPRESENTATION_CONTEXT() REPRESENTATION_CONTEXT('2D SPACE',''
  ) );
#6629 = ORIENTED_EDGE('',*,*,#2650,.T.);
#6630 = ORIENTED_EDGE('',*,*,#6581,.T.);
#6631 = ADVANCED_FACE('',(#6632),#2695,.T.);
#6632 = FACE_BOUND('',#6633,.T.);
#6633 = EDGE_LOOP('',(#6634,#6635,#6636,#6637));
#6634 = ORIENTED_EDGE('',*,*,#2678,.T.);
#6635 = ORIENTED_EDGE('',*,*,#3341,.T.);
#6636 = ORIENTED_EDGE('',*,*,#3170,.F.);
#6637 = ORIENTED_EDGE('',*,*,#6609,.F.);
#6638 = ADVANCED_FACE('',(#6639),#2773,.T.);
#6639 = FACE_BOUND('',#6640,.T.);
#6640 = EDGE_LOOP('',(#6641,#6662,#6663,#6664));
#6641 = ORIENTED_EDGE('',*,*,#6642,.T.);
#6642 = EDGE_CURVE('',#2753,#3419,#6643,.T.);
#6643 = SURFACE_CURVE('',#6644,(#6648,#6655),.PCURVE_S1.);
#6644 = LINE('',#6645,#6646);
#6645 = CARTESIAN_POINT('',(-47.,-129.,24.0000001));
#6646 = VECTOR('',#6647,1.);
#6647 = DIRECTION('',(0.,0.,1.));
#6648 = PCURVE('',#2773,#6649);
#6649 = DEFINITIONAL_REPRESENTATION('',(#6650),#6654);
#6650 = LINE('',#6651,#6652);
#6651 = CARTESIAN_POINT('',(6.28318530718,0.));
#6652 = VECTOR('',#6653,1.);
#6653 = DIRECTION('',(-0.,1.));
#6654 = ( GEOMETRIC_REPRESENTATION_CONTEXT(2) 
PARAMETRIC_REPRESENTATION_CONTEXT() REPRESENTATION_CONTEXT('2D SPACE',''
  ) );
#6655 = PCURVE('',#2801,#6656);
#6656 = DEFINITIONAL_REPRESENTATION('',(#6657),#6661);
#6657 = LINE('',#6658,#6659);
#6658 = CARTESIAN_POINT('',(0.,-25.));
#6659 = VECTOR('',#6660,1.);
#6660 = DIRECTION('',(1.,0.));
#6661 = ( GEOMETRIC_REPRESENTATION_CONTEXT(2) 
PARAMETRIC_REPRESENTATION_CONTEXT() REPRESENTATION_CONTEXT('2D SPACE',''
  ) );
#6662 = ORIENTED_EDGE('',*,*,#3488,.T.);
#6663 = ORIENTED_EDGE('',*,*,#3368,.F.);
#6664 = ORIENTED_EDGE('',*,*,#2752,.F.);
#6665 = ADVANCED_FACE('',(#6666),#2801,.F.);
#6666 = FACE_BOUND('',#6667,.F.);
#6667 = EDGE_LOOP('',(#6668,#6669,#6690,#6691));
#6668 = ORIENTED_EDGE('',*,*,#3416,.F.);
#6669 = ORIENTED_EDGE('',*,*,#6670,.F.);
#6670 = EDGE_CURVE('',#2786,#3417,#6671,.T.);
#6671 = SURFACE_CURVE('',#6672,(#6676,#6683),.PCURVE_S1.);
#6672 = LINE('',#6673,#6674);
#6673 = CARTESIAN_POINT('',(-47.,-151.,24.0000001));
#6674 = VECTOR('',#6675,1.);
#6675 = DIRECTION('',(0.,0.,1.));
#6676 = PCURVE('',#2801,#6677);
#6677 = DEFINITIONAL_REPRESENTATION('',(#6678),#6682);
#6678 = LINE('',#6679,#6680);
#6679 = CARTESIAN_POINT('',(0.,-3.));
#6680 = VECTOR('',#6681,1.);
#6681 = DIRECTION('',(1.,0.));
#6682 = ( GEOMETRIC_REPRESENTATION_CONTEXT(2) 
PARAMETRIC_REPRESENTATION_CONTEXT() REPRESENTATION_CONTEXT('2D SPACE',''
  ) );
#6683 = PCURVE('',#2830,#6684);
#6684 = DEFINITIONAL_REPRESENTATION('',(#6685),#6689);
#6685 = LINE('',#6686,#6687);
#6686 = CARTESIAN_POINT('',(0.,0.));
#6687 = VECTOR('',#6688,1.);
#6688 = DIRECTION('',(0.,1.));
#6689 = ( GEOMETRIC_REPRESENTATION_CONTEXT(2) 
PARAMETRIC_REPRESENTATION_CONTEXT() REPRESENTATION_CONTEXT('2D SPACE',''
  ) );
#6690 = ORIENTED_EDGE('',*,*,#2785,.T.);
#6691 = ORIENTED_EDGE('',*,*,#6642,.T.);
#6692 = ADVANCED_FACE('',(#6693),#2830,.T.);
#6693 = FACE_BOUND('',#6694,.T.);
#6694 = EDGE_LOOP('',(#6695,#6696,#6697,#6698));
#6695 = ORIENTED_EDGE('',*,*,#2813,.T.);
#6696 = ORIENTED_EDGE('',*,*,#3612,.T.);
#6697 = ORIENTED_EDGE('',*,*,#3441,.F.);
#6698 = ORIENTED_EDGE('',*,*,#6670,.F.);
#6699 = ADVANCED_FACE('',(#6700),#2885,.T.);
#6700 = FACE_BOUND('',#6701,.T.);
#6701 = EDGE_LOOP('',(#6702,#6723,#6724,#6745));
#6702 = ORIENTED_EDGE('',*,*,#6703,.F.);
#6703 = EDGE_CURVE('',#2868,#3517,#6704,.T.);
#6704 = SURFACE_CURVE('',#6705,(#6709,#6716),.PCURVE_S1.);
#6705 = LINE('',#6706,#6707);
#6706 = CARTESIAN_POINT('',(-40.25,-151.,22.0000001));
#6707 = VECTOR('',#6708,1.);
#6708 = DIRECTION('',(0.,0.,1.));
#6709 = PCURVE('',#2885,#6710);
#6710 = DEFINITIONAL_REPRESENTATION('',(#6711),#6715);
#6711 = LINE('',#6712,#6713);
#6712 = CARTESIAN_POINT('',(0.,3.5));
#6713 = VECTOR('',#6714,1.);
#6714 = DIRECTION('',(1.,0.));
#6715 = ( GEOMETRIC_REPRESENTATION_CONTEXT(2) 
PARAMETRIC_REPRESENTATION_CONTEXT() REPRESENTATION_CONTEXT('2D SPACE',''
  ) );
#6716 = PCURVE('',#2967,#6717);
#6717 = DEFINITIONAL_REPRESENTATION('',(#6718),#6722);
#6718 = LINE('',#6719,#6720);
#6719 = CARTESIAN_POINT('',(0.,0.));
#6720 = VECTOR('',#6721,1.);
#6721 = DIRECTION('',(1.,0.));
#6722 = ( GEOMETRIC_REPRESENTATION_CONTEXT(2) 
PARAMETRIC_REPRESENTATION_CONTEXT() REPRESENTATION_CONTEXT('2D SPACE',''
  ) );
#6723 = ORIENTED_EDGE('',*,*,#2867,.T.);
#6724 = ORIENTED_EDGE('',*,*,#6725,.T.);
#6725 = EDGE_CURVE('',#2870,#3519,#6726,.T.);
#6726 = SURFACE_CURVE('',#6727,(#6731,#6738),.PCURVE_S1.);
#6727 = LINE('',#6728,#6729);
#6728 = CARTESIAN_POINT('',(-43.75,-151.,22.0000001));
#6729 = VECTOR('',#6730,1.);
#6730 = DIRECTION('',(0.,0.,1.));
#6731 = PCURVE('',#2885,#6732);
#6732 = DEFINITIONAL_REPRESENTATION('',(#6733),#6737);
#6733 = LINE('',#6734,#6735);
#6734 = CARTESIAN_POINT('',(0.,0.));
#6735 = VECTOR('',#6736,1.);
#6736 = DIRECTION('',(1.,0.));
#6737 = ( GEOMETRIC_REPRESENTATION_CONTEXT(2) 
PARAMETRIC_REPRESENTATION_CONTEXT() REPRESENTATION_CONTEXT('2D SPACE',''
  ) );
#6738 = PCURVE('',#2913,#6739);
#6739 = DEFINITIONAL_REPRESENTATION('',(#6740),#6744);
#6740 = LINE('',#6741,#6742);
#6741 = CARTESIAN_POINT('',(0.,0.));
#6742 = VECTOR('',#6743,1.);
#6743 = DIRECTION('',(1.,0.));
#6744 = ( GEOMETRIC_REPRESENTATION_CONTEXT(2) 
PARAMETRIC_REPRESENTATION_CONTEXT() REPRESENTATION_CONTEXT('2D SPACE',''
  ) );
#6745 = ORIENTED_EDGE('',*,*,#3516,.F.);
#6746 = ADVANCED_FACE('',(#6747),#2913,.T.);
#6747 = FACE_BOUND('',#6748,.T.);
#6748 = EDGE_LOOP('',(#6749,#6750,#6751,#6772));
#6749 = ORIENTED_EDGE('',*,*,#6725,.F.);
#6750 = ORIENTED_EDGE('',*,*,#2897,.T.);
#6751 = ORIENTED_EDGE('',*,*,#6752,.T.);
#6752 = EDGE_CURVE('',#2898,#3542,#6753,.T.);
#6753 = SURFACE_CURVE('',#6754,(#6758,#6765),.PCURVE_S1.);
#6754 = LINE('',#6755,#6756);
#6755 = CARTESIAN_POINT('',(-43.75,-129.,22.0000001));
#6756 = VECTOR('',#6757,1.);
#6757 = DIRECTION('',(0.,0.,1.));
#6758 = PCURVE('',#2913,#6759);
#6759 = DEFINITIONAL_REPRESENTATION('',(#6760),#6764);
#6760 = LINE('',#6761,#6762);
#6761 = CARTESIAN_POINT('',(0.,-22.));
#6762 = VECTOR('',#6763,1.);
#6763 = DIRECTION('',(1.,0.));
#6764 = ( GEOMETRIC_REPRESENTATION_CONTEXT(2) 
PARAMETRIC_REPRESENTATION_CONTEXT() REPRESENTATION_CONTEXT('2D SPACE',''
  ) );
#6765 = PCURVE('',#2941,#6766);
#6766 = DEFINITIONAL_REPRESENTATION('',(#6767),#6771);
#6767 = LINE('',#6768,#6769);
#6768 = CARTESIAN_POINT('',(0.,0.));
#6769 = VECTOR('',#6770,1.);
#6770 = DIRECTION('',(1.,0.));
#6771 = ( GEOMETRIC_REPRESENTATION_CONTEXT(2) 
PARAMETRIC_REPRESENTATION_CONTEXT() REPRESENTATION_CONTEXT('2D SPACE',''
  ) );
#6772 = ORIENTED_EDGE('',*,*,#3541,.F.);
#6773 = ADVANCED_FACE('',(#6774),#2941,.F.);
#6774 = FACE_BOUND('',#6775,.F.);
#6775 = EDGE_LOOP('',(#6776,#6797,#6798,#6799));
#6776 = ORIENTED_EDGE('',*,*,#6777,.F.);
#6777 = EDGE_CURVE('',#2926,#3565,#6778,.T.);
#6778 = SURFACE_CURVE('',#6779,(#6783,#6790),.PCURVE_S1.);
#6779 = LINE('',#6780,#6781);
#6780 = CARTESIAN_POINT('',(-40.25,-129.,22.0000001));
#6781 = VECTOR('',#6782,1.);
#6782 = DIRECTION('',(0.,0.,1.));
#6783 = PCURVE('',#2941,#6784);
#6784 = DEFINITIONAL_REPRESENTATION('',(#6785),#6789);
#6785 = LINE('',#6786,#6787);
#6786 = CARTESIAN_POINT('',(0.,3.5));
#6787 = VECTOR('',#6788,1.);
#6788 = DIRECTION('',(1.,0.));
#6789 = ( GEOMETRIC_REPRESENTATION_CONTEXT(2) 
PARAMETRIC_REPRESENTATION_CONTEXT() REPRESENTATION_CONTEXT('2D SPACE',''
  ) );
#6790 = PCURVE('',#2967,#6791);
#6791 = DEFINITIONAL_REPRESENTATION('',(#6792),#6796);
#6792 = LINE('',#6793,#6794);
#6793 = CARTESIAN_POINT('',(0.,-22.));
#6794 = VECTOR('',#6795,1.);
#6795 = DIRECTION('',(1.,0.));
#6796 = ( GEOMETRIC_REPRESENTATION_CONTEXT(2) 
PARAMETRIC_REPRESENTATION_CONTEXT() REPRESENTATION_CONTEXT('2D SPACE',''
  ) );
#6797 = ORIENTED_EDGE('',*,*,#2925,.T.);
#6798 = ORIENTED_EDGE('',*,*,#6752,.T.);
#6799 = ORIENTED_EDGE('',*,*,#3564,.F.);
#6800 = ADVANCED_FACE('',(#6801),#2967,.F.);
#6801 = FACE_BOUND('',#6802,.F.);
#6802 = EDGE_LOOP('',(#6803,#6804,#6805,#6806));
#6803 = ORIENTED_EDGE('',*,*,#6703,.F.);
#6804 = ORIENTED_EDGE('',*,*,#2953,.T.);
#6805 = ORIENTED_EDGE('',*,*,#6777,.T.);
#6806 = ORIENTED_EDGE('',*,*,#3587,.F.);
#6807 = ADVANCED_FACE('',(#6808),#2999,.F.);
#6808 = FACE_BOUND('',#6809,.F.);
#6809 = EDGE_LOOP('',(#6810,#6831,#6832,#6853));
#6810 = ORIENTED_EDGE('',*,*,#6811,.F.);
#6811 = EDGE_CURVE('',#2982,#3294,#6812,.T.);
#6812 = SURFACE_CURVE('',#6813,(#6817,#6824),.PCURVE_S1.);
#6813 = LINE('',#6814,#6815);
#6814 = CARTESIAN_POINT('',(-40.25,-49.,22.0000001));
#6815 = VECTOR('',#6816,1.);
#6816 = DIRECTION('',(0.,0.,1.));
#6817 = PCURVE('',#2999,#6818);
#6818 = DEFINITIONAL_REPRESENTATION('',(#6819),#6823);
#6819 = LINE('',#6820,#6821);
#6820 = CARTESIAN_POINT('',(0.,3.5));
#6821 = VECTOR('',#6822,1.);
#6822 = DIRECTION('',(1.,0.));
#6823 = ( GEOMETRIC_REPRESENTATION_CONTEXT(2) 
PARAMETRIC_REPRESENTATION_CONTEXT() REPRESENTATION_CONTEXT('2D SPACE',''
  ) );
#6824 = PCURVE('',#3027,#6825);
#6825 = DEFINITIONAL_REPRESENTATION('',(#6826),#6830);
#6826 = LINE('',#6827,#6828);
#6827 = CARTESIAN_POINT('',(0.,-22.));
#6828 = VECTOR('',#6829,1.);
#6829 = DIRECTION('',(1.,0.));
#6830 = ( GEOMETRIC_REPRESENTATION_CONTEXT(2) 
PARAMETRIC_REPRESENTATION_CONTEXT() REPRESENTATION_CONTEXT('2D SPACE',''
  ) );
#6831 = ORIENTED_EDGE('',*,*,#2981,.T.);
#6832 = ORIENTED_EDGE('',*,*,#6833,.T.);
#6833 = EDGE_CURVE('',#2984,#3271,#6834,.T.);
#6834 = SURFACE_CURVE('',#6835,(#6839,#6846),.PCURVE_S1.);
#6835 = LINE('',#6836,#6837);
#6836 = CARTESIAN_POINT('',(-43.75,-49.,22.0000001));
#6837 = VECTOR('',#6838,1.);
#6838 = DIRECTION('',(0.,0.,1.));
#6839 = PCURVE('',#2999,#6840);
#6840 = DEFINITIONAL_REPRESENTATION('',(#6841),#6845);
#6841 = LINE('',#6842,#6843);
#6842 = CARTESIAN_POINT('',(0.,0.));
#6843 = VECTOR('',#6844,1.);
#6844 = DIRECTION('',(1.,0.));
#6845 = ( GEOMETRIC_REPRESENTATION_CONTEXT(2) 
PARAMETRIC_REPRESENTATION_CONTEXT() REPRESENTATION_CONTEXT('2D SPACE',''
  ) );
#6846 = PCURVE('',#3081,#6847);
#6847 = DEFINITIONAL_REPRESENTATION('',(#6848),#6852);
#6848 = LINE('',#6849,#6850);
#6849 = CARTESIAN_POINT('',(0.,-22.));
#6850 = VECTOR('',#6851,1.);
#6851 = DIRECTION('',(1.,0.));
#6852 = ( GEOMETRIC_REPRESENTATION_CONTEXT(2) 
PARAMETRIC_REPRESENTATION_CONTEXT() REPRESENTATION_CONTEXT('2D SPACE',''
  ) );
#6853 = ORIENTED_EDGE('',*,*,#3293,.F.);
#6854 = ADVANCED_FACE('',(#6855),#3027,.F.);
#6855 = FACE_BOUND('',#6856,.F.);
#6856 = EDGE_LOOP('',(#6857,#6878,#6879,#6880));
#6857 = ORIENTED_EDGE('',*,*,#6858,.F.);
#6858 = EDGE_CURVE('',#3012,#3246,#6859,.T.);
#6859 = SURFACE_CURVE('',#6860,(#6864,#6871),.PCURVE_S1.);
#6860 = LINE('',#6861,#6862);
#6861 = CARTESIAN_POINT('',(-40.25,-71.,22.0000001));
#6862 = VECTOR('',#6863,1.);
#6863 = DIRECTION('',(0.,0.,1.));
#6864 = PCURVE('',#3027,#6865);
#6865 = DEFINITIONAL_REPRESENTATION('',(#6866),#6870);
#6866 = LINE('',#6867,#6868);
#6867 = CARTESIAN_POINT('',(0.,0.));
#6868 = VECTOR('',#6869,1.);
#6869 = DIRECTION('',(1.,0.));
#6870 = ( GEOMETRIC_REPRESENTATION_CONTEXT(2) 
PARAMETRIC_REPRESENTATION_CONTEXT() REPRESENTATION_CONTEXT('2D SPACE',''
  ) );
#6871 = PCURVE('',#3055,#6872);
#6872 = DEFINITIONAL_REPRESENTATION('',(#6873),#6877);
#6873 = LINE('',#6874,#6875);
#6874 = CARTESIAN_POINT('',(0.,3.5));
#6875 = VECTOR('',#6876,1.);
#6876 = DIRECTION('',(1.,0.));
#6877 = ( GEOMETRIC_REPRESENTATION_CONTEXT(2) 
PARAMETRIC_REPRESENTATION_CONTEXT() REPRESENTATION_CONTEXT('2D SPACE',''
  ) );
#6878 = ORIENTED_EDGE('',*,*,#3011,.T.);
#6879 = ORIENTED_EDGE('',*,*,#6811,.T.);
#6880 = ORIENTED_EDGE('',*,*,#3316,.F.);
#6881 = ADVANCED_FACE('',(#6882),#3055,.T.);
#6882 = FACE_BOUND('',#6883,.T.);
#6883 = EDGE_LOOP('',(#6884,#6885,#6886,#6907));
#6884 = ORIENTED_EDGE('',*,*,#6858,.F.);
#6885 = ORIENTED_EDGE('',*,*,#3039,.T.);
#6886 = ORIENTED_EDGE('',*,*,#6887,.T.);
#6887 = EDGE_CURVE('',#3040,#3248,#6888,.T.);
#6888 = SURFACE_CURVE('',#6889,(#6893,#6900),.PCURVE_S1.);
#6889 = LINE('',#6890,#6891);
#6890 = CARTESIAN_POINT('',(-43.75,-71.,22.0000001));
#6891 = VECTOR('',#6892,1.);
#6892 = DIRECTION('',(0.,0.,1.));
#6893 = PCURVE('',#3055,#6894);
#6894 = DEFINITIONAL_REPRESENTATION('',(#6895),#6899);
#6895 = LINE('',#6896,#6897);
#6896 = CARTESIAN_POINT('',(0.,0.));
#6897 = VECTOR('',#6898,1.);
#6898 = DIRECTION('',(1.,0.));
#6899 = ( GEOMETRIC_REPRESENTATION_CONTEXT(2) 
PARAMETRIC_REPRESENTATION_CONTEXT() REPRESENTATION_CONTEXT('2D SPACE',''
  ) );
#6900 = PCURVE('',#3081,#6901);
#6901 = DEFINITIONAL_REPRESENTATION('',(#6902),#6906);
#6902 = LINE('',#6903,#6904);
#6903 = CARTESIAN_POINT('',(0.,0.));
#6904 = VECTOR('',#6905,1.);
#6905 = DIRECTION('',(1.,0.));
#6906 = ( GEOMETRIC_REPRESENTATION_CONTEXT(2) 
PARAMETRIC_REPRESENTATION_CONTEXT() REPRESENTATION_CONTEXT('2D SPACE',''
  ) );
#6907 = ORIENTED_EDGE('',*,*,#3245,.F.);
#6908 = ADVANCED_FACE('',(#6909),#3081,.T.);
#6909 = FACE_BOUND('',#6910,.T.);
#6910 = EDGE_LOOP('',(#6911,#6912,#6913,#6914));
#6911 = ORIENTED_EDGE('',*,*,#6887,.F.);
#6912 = ORIENTED_EDGE('',*,*,#3067,.T.);
#6913 = ORIENTED_EDGE('',*,*,#6833,.T.);
#6914 = ORIENTED_EDGE('',*,*,#3270,.F.);
#6915 = ADVANCED_FACE('',(#6916,#7197,#7311),#3701,.F.);
#6916 = FACE_BOUND('',#6917,.F.);
#6917 = EDGE_LOOP('',(#6918,#6948,#6977,#6998,#6999,#7000,#7001,#7022,
    #7023,#7024,#7025,#7048,#7081,#7109,#7138,#7166));
#6918 = ORIENTED_EDGE('',*,*,#6919,.F.);
#6919 = EDGE_CURVE('',#6920,#6922,#6924,.T.);
#6920 = VERTEX_POINT('',#6921);
#6921 = CARTESIAN_POINT('',(-44.,-58.,64.0000001));
#6922 = VERTEX_POINT('',#6923);
#6923 = CARTESIAN_POINT('',(-44.,-32.,64.0000001));
#6924 = SURFACE_CURVE('',#6925,(#6929,#6936),.PCURVE_S1.);
#6925 = LINE('',#6926,#6927);
#6926 = CARTESIAN_POINT('',(-44.,-61.,64.0000001));
#6927 = VECTOR('',#6928,1.);
#6928 = DIRECTION('',(0.,1.,0.));
#6929 = PCURVE('',#3701,#6930);
#6930 = DEFINITIONAL_REPRESENTATION('',(#6931),#6935);
#6931 = LINE('',#6932,#6933);
#6932 = CARTESIAN_POINT('',(0.,0.));
#6933 = VECTOR('',#6934,1.);
#6934 = DIRECTION('',(0.,1.));
#6935 = ( GEOMETRIC_REPRESENTATION_CONTEXT(2) 
PARAMETRIC_REPRESENTATION_CONTEXT() REPRESENTATION_CONTEXT('2D SPACE',''
  ) );
#6936 = PCURVE('',#6937,#6942);
#6937 = PLANE('',#6938);
#6938 = AXIS2_PLACEMENT_3D('',#6939,#6940,#6941);
#6939 = CARTESIAN_POINT('',(-44.,-61.,64.0000001));
#6940 = DIRECTION('',(1.,0.,0.));
#6941 = DIRECTION('',(0.,0.,1.));
#6942 = DEFINITIONAL_REPRESENTATION('',(#6943),#6947);
#6943 = LINE('',#6944,#6945);
#6944 = CARTESIAN_POINT('',(0.,0.));
#6945 = VECTOR('',#6946,1.);
#6946 = DIRECTION('',(0.,-1.));
#6947 = ( GEOMETRIC_REPRESENTATION_CONTEXT(2) 
PARAMETRIC_REPRESENTATION_CONTEXT() REPRESENTATION_CONTEXT('2D SPACE',''
  ) );
#6948 = ORIENTED_EDGE('',*,*,#6949,.T.);
#6949 = EDGE_CURVE('',#6920,#6950,#6952,.T.);
#6950 = VERTEX_POINT('',#6951);
#6951 = CARTESIAN_POINT('',(-41.,-61.,64.0000001));
#6952 = SURFACE_CURVE('',#6953,(#6958,#6965),.PCURVE_S1.);
#6953 = CIRCLE('',#6954,3.);
#6954 = AXIS2_PLACEMENT_3D('',#6955,#6956,#6957);
#6955 = CARTESIAN_POINT('',(-41.,-58.,64.0000001));
#6956 = DIRECTION('',(0.,0.,1.));
#6957 = DIRECTION('',(0.,-1.,0.));
#6958 = PCURVE('',#3701,#6959);
#6959 = DEFINITIONAL_REPRESENTATION('',(#6960),#6964);
#6960 = CIRCLE('',#6961,3.);
#6961 = AXIS2_PLACEMENT_2D('',#6962,#6963);
#6962 = CARTESIAN_POINT('',(3.,3.));
#6963 = DIRECTION('',(0.,-1.));
#6964 = ( GEOMETRIC_REPRESENTATION_CONTEXT(2) 
PARAMETRIC_REPRESENTATION_CONTEXT() REPRESENTATION_CONTEXT('2D SPACE',''
  ) );
#6965 = PCURVE('',#6966,#6971);
#6966 = CYLINDRICAL_SURFACE('',#6967,3.);
#6967 = AXIS2_PLACEMENT_3D('',#6968,#6969,#6970);
#6968 = CARTESIAN_POINT('',(-41.,-58.,64.0000001));
#6969 = DIRECTION('',(0.,0.,1.));
#6970 = DIRECTION('',(-1.,-0.,0.));
#6971 = DEFINITIONAL_REPRESENTATION('',(#6972),#6976);
#6972 = LINE('',#6973,#6974);
#6973 = CARTESIAN_POINT('',(-4.712388980385,0.));
#6974 = VECTOR('',#6975,1.);
#6975 = DIRECTION('',(1.,0.));
#6976 = ( GEOMETRIC_REPRESENTATION_CONTEXT(2) 
PARAMETRIC_REPRESENTATION_CONTEXT() REPRESENTATION_CONTEXT('2D SPACE',''
  ) );
#6977 = ORIENTED_EDGE('',*,*,#6978,.T.);
#6978 = EDGE_CURVE('',#6950,#3686,#6979,.T.);
#6979 = SURFACE_CURVE('',#6980,(#6984,#6991),.PCURVE_S1.);
#6980 = LINE('',#6981,#6982);
#6981 = CARTESIAN_POINT('',(-44.,-61.,64.0000001));
#6982 = VECTOR('',#6983,1.);
#6983 = DIRECTION('',(1.,0.,0.));
#6984 = PCURVE('',#3701,#6985);
#6985 = DEFINITIONAL_REPRESENTATION('',(#6986),#6990);
#6986 = LINE('',#6987,#6988);
#6987 = CARTESIAN_POINT('',(0.,0.));
#6988 = VECTOR('',#6989,1.);
#6989 = DIRECTION('',(1.,0.));
#6990 = ( GEOMETRIC_REPRESENTATION_CONTEXT(2) 
PARAMETRIC_REPRESENTATION_CONTEXT() REPRESENTATION_CONTEXT('2D SPACE',''
  ) );
#6991 = PCURVE('',#3729,#6992);
#6992 = DEFINITIONAL_REPRESENTATION('',(#6993),#6997);
#6993 = LINE('',#6994,#6995);
#6994 = CARTESIAN_POINT('',(0.,0.));
#6995 = VECTOR('',#6996,1.);
#6996 = DIRECTION('',(0.,1.));
#6997 = ( GEOMETRIC_REPRESENTATION_CONTEXT(2) 
PARAMETRIC_REPRESENTATION_CONTEXT() REPRESENTATION_CONTEXT('2D SPACE',''
  ) );
#6998 = ORIENTED_EDGE('',*,*,#3685,.F.);
#6999 = ORIENTED_EDGE('',*,*,#3851,.T.);
#7000 = ORIENTED_EDGE('',*,*,#3900,.T.);
#7001 = ORIENTED_EDGE('',*,*,#7002,.T.);
#7002 = EDGE_CURVE('',#3901,#4101,#7003,.T.);
#7003 = SURFACE_CURVE('',#7004,(#7008,#7015),.PCURVE_S1.);
#7004 = LINE('',#7005,#7006);
#7005 = CARTESIAN_POINT('',(-44.,-61.,64.0000001));
#7006 = VECTOR('',#7007,1.);
#7007 = DIRECTION('',(1.,0.,0.));
#7008 = PCURVE('',#3701,#7009);
#7009 = DEFINITIONAL_REPRESENTATION('',(#7010),#7014);
#7010 = LINE('',#7011,#7012);
#7011 = CARTESIAN_POINT('',(0.,0.));
#7012 = VECTOR('',#7013,1.);
#7013 = DIRECTION('',(1.,0.));
#7014 = ( GEOMETRIC_REPRESENTATION_CONTEXT(2) 
PARAMETRIC_REPRESENTATION_CONTEXT() REPRESENTATION_CONTEXT('2D SPACE',''
  ) );
#7015 = PCURVE('',#3939,#7016);
#7016 = DEFINITIONAL_REPRESENTATION('',(#7017),#7021);
#7017 = LINE('',#7018,#7019);
#7018 = CARTESIAN_POINT('',(0.,0.));
#7019 = VECTOR('',#7020,1.);
#7020 = DIRECTION('',(0.,1.));
#7021 = ( GEOMETRIC_REPRESENTATION_CONTEXT(2) 
PARAMETRIC_REPRESENTATION_CONTEXT() REPRESENTATION_CONTEXT('2D SPACE',''
  ) );
#7022 = ORIENTED_EDGE('',*,*,#4100,.F.);
#7023 = ORIENTED_EDGE('',*,*,#4241,.T.);
#7024 = ORIENTED_EDGE('',*,*,#4290,.T.);
#7025 = ORIENTED_EDGE('',*,*,#7026,.T.);
#7026 = EDGE_CURVE('',#4291,#7027,#7029,.T.);
#7027 = VERTEX_POINT('',#7028);
#7028 = CARTESIAN_POINT('',(41.,-61.,64.0000001));
#7029 = SURFACE_CURVE('',#7030,(#7034,#7041),.PCURVE_S1.);
#7030 = LINE('',#7031,#7032);
#7031 = CARTESIAN_POINT('',(-44.,-61.,64.0000001));
#7032 = VECTOR('',#7033,1.);
#7033 = DIRECTION('',(1.,0.,0.));
#7034 = PCURVE('',#3701,#7035);
#7035 = DEFINITIONAL_REPRESENTATION('',(#7036),#7040);
#7036 = LINE('',#7037,#7038);
#7037 = CARTESIAN_POINT('',(0.,0.));
#7038 = VECTOR('',#7039,1.);
#7039 = DIRECTION('',(1.,0.));
#7040 = ( GEOMETRIC_REPRESENTATION_CONTEXT(2) 
PARAMETRIC_REPRESENTATION_CONTEXT() REPRESENTATION_CONTEXT('2D SPACE',''
  ) );
#7041 = PCURVE('',#4329,#7042);
#7042 = DEFINITIONAL_REPRESENTATION('',(#7043),#7047);
#7043 = LINE('',#7044,#7045);
#7044 = CARTESIAN_POINT('',(0.,0.));
#7045 = VECTOR('',#7046,1.);
#7046 = DIRECTION('',(0.,1.));
#7047 = ( GEOMETRIC_REPRESENTATION_CONTEXT(2) 
PARAMETRIC_REPRESENTATION_CONTEXT() REPRESENTATION_CONTEXT('2D SPACE',''
  ) );
#7048 = ORIENTED_EDGE('',*,*,#7049,.F.);
#7049 = EDGE_CURVE('',#7050,#7027,#7052,.T.);
#7050 = VERTEX_POINT('',#7051);
#7051 = CARTESIAN_POINT('',(44.,-58.,64.0000001));
#7052 = SURFACE_CURVE('',#7053,(#7058,#7069),.PCURVE_S1.);
#7053 = CIRCLE('',#7054,3.);
#7054 = AXIS2_PLACEMENT_3D('',#7055,#7056,#7057);
#7055 = CARTESIAN_POINT('',(41.,-58.,64.0000001));
#7056 = DIRECTION('',(-0.,-0.,-1.));
#7057 = DIRECTION('',(0.,-1.,0.));
#7058 = PCURVE('',#3701,#7059);
#7059 = DEFINITIONAL_REPRESENTATION('',(#7060),#7068);
#7060 = ( BOUNDED_CURVE() B_SPLINE_CURVE(2,(#7061,#7062,#7063,#7064,
#7065,#7066,#7067),.UNSPECIFIED.,.T.,.F.) B_SPLINE_CURVE_WITH_KNOTS((1,2
    ,2,2,2,1),(-2.094395102393,0.,2.094395102393,4.188790204786,
6.28318530718,8.377580409573),.UNSPECIFIED.) CURVE() 
GEOMETRIC_REPRESENTATION_ITEM() RATIONAL_B_SPLINE_CURVE((1.,0.5,1.,0.5,
1.,0.5,1.)) REPRESENTATION_ITEM('') );
#7061 = CARTESIAN_POINT('',(85.,0.));
#7062 = CARTESIAN_POINT('',(79.803847577293,0.));
#7063 = CARTESIAN_POINT('',(82.401923788647,4.5));
#7064 = CARTESIAN_POINT('',(85.,9.));
#7065 = CARTESIAN_POINT('',(87.598076211353,4.5));
#7066 = CARTESIAN_POINT('',(90.196152422707,4.440892098501E-15));
#7067 = CARTESIAN_POINT('',(85.,0.));
#7068 = ( GEOMETRIC_REPRESENTATION_CONTEXT(2) 
PARAMETRIC_REPRESENTATION_CONTEXT() REPRESENTATION_CONTEXT('2D SPACE',''
  ) );
#7069 = PCURVE('',#7070,#7075);
#7070 = CYLINDRICAL_SURFACE('',#7071,3.);
#7071 = AXIS2_PLACEMENT_3D('',#7072,#7073,#7074);
#7072 = CARTESIAN_POINT('',(41.,-58.,64.0000001));
#7073 = DIRECTION('',(0.,0.,1.));
#7074 = DIRECTION('',(1.,0.,-0.));
#7075 = DEFINITIONAL_REPRESENTATION('',(#7076),#7080);
#7076 = LINE('',#7077,#7078);
#7077 = CARTESIAN_POINT('',(10.995574287565,0.));
#7078 = VECTOR('',#7079,1.);
#7079 = DIRECTION('',(-1.,0.));
#7080 = ( GEOMETRIC_REPRESENTATION_CONTEXT(2) 
PARAMETRIC_REPRESENTATION_CONTEXT() REPRESENTATION_CONTEXT('2D SPACE',''
  ) );
#7081 = ORIENTED_EDGE('',*,*,#7082,.T.);
#7082 = EDGE_CURVE('',#7050,#7083,#7085,.T.);
#7083 = VERTEX_POINT('',#7084);
#7084 = CARTESIAN_POINT('',(44.,-32.,64.0000001));
#7085 = SURFACE_CURVE('',#7086,(#7090,#7097),.PCURVE_S1.);
#7086 = LINE('',#7087,#7088);
#7087 = CARTESIAN_POINT('',(44.,-61.,64.0000001));
#7088 = VECTOR('',#7089,1.);
#7089 = DIRECTION('',(0.,1.,0.));
#7090 = PCURVE('',#3701,#7091);
#7091 = DEFINITIONAL_REPRESENTATION('',(#7092),#7096);
#7092 = LINE('',#7093,#7094);
#7093 = CARTESIAN_POINT('',(88.,0.));
#7094 = VECTOR('',#7095,1.);
#7095 = DIRECTION('',(0.,1.));
#7096 = ( GEOMETRIC_REPRESENTATION_CONTEXT(2) 
PARAMETRIC_REPRESENTATION_CONTEXT() REPRESENTATION_CONTEXT('2D SPACE',''
  ) );
#7097 = PCURVE('',#7098,#7103);
#7098 = PLANE('',#7099);
#7099 = AXIS2_PLACEMENT_3D('',#7100,#7101,#7102);
#7100 = CARTESIAN_POINT('',(44.,-61.,64.0000001));
#7101 = DIRECTION('',(1.,0.,0.));
#7102 = DIRECTION('',(0.,0.,1.));
#7103 = DEFINITIONAL_REPRESENTATION('',(#7104),#7108);
#7104 = LINE('',#7105,#7106);
#7105 = CARTESIAN_POINT('',(0.,0.));
#7106 = VECTOR('',#7107,1.);
#7107 = DIRECTION('',(0.,-1.));
#7108 = ( GEOMETRIC_REPRESENTATION_CONTEXT(2) 
PARAMETRIC_REPRESENTATION_CONTEXT() REPRESENTATION_CONTEXT('2D SPACE',''
  ) );
#7109 = ORIENTED_EDGE('',*,*,#7110,.T.);
#7110 = EDGE_CURVE('',#7083,#7111,#7113,.T.);
#7111 = VERTEX_POINT('',#7112);
#7112 = CARTESIAN_POINT('',(41.,-29.,64.0000001));
#7113 = SURFACE_CURVE('',#7114,(#7119,#7126),.PCURVE_S1.);
#7114 = CIRCLE('',#7115,3.);
#7115 = AXIS2_PLACEMENT_3D('',#7116,#7117,#7118);
#7116 = CARTESIAN_POINT('',(41.,-32.,64.0000001));
#7117 = DIRECTION('',(0.,0.,1.));
#7118 = DIRECTION('',(0.,-1.,0.));
#7119 = PCURVE('',#3701,#7120);
#7120 = DEFINITIONAL_REPRESENTATION('',(#7121),#7125);
#7121 = CIRCLE('',#7122,3.);
#7122 = AXIS2_PLACEMENT_2D('',#7123,#7124);
#7123 = CARTESIAN_POINT('',(85.,29.));
#7124 = DIRECTION('',(0.,-1.));
#7125 = ( GEOMETRIC_REPRESENTATION_CONTEXT(2) 
PARAMETRIC_REPRESENTATION_CONTEXT() REPRESENTATION_CONTEXT('2D SPACE',''
  ) );
#7126 = PCURVE('',#7127,#7132);
#7127 = CYLINDRICAL_SURFACE('',#7128,3.);
#7128 = AXIS2_PLACEMENT_3D('',#7129,#7130,#7131);
#7129 = CARTESIAN_POINT('',(41.,-32.,64.0000001));
#7130 = DIRECTION('',(0.,0.,1.));
#7131 = DIRECTION('',(1.,0.,-0.));
#7132 = DEFINITIONAL_REPRESENTATION('',(#7133),#7137);
#7133 = LINE('',#7134,#7135);
#7134 = CARTESIAN_POINT('',(-1.570796326795,0.));
#7135 = VECTOR('',#7136,1.);
#7136 = DIRECTION('',(1.,0.));
#7137 = ( GEOMETRIC_REPRESENTATION_CONTEXT(2) 
PARAMETRIC_REPRESENTATION_CONTEXT() REPRESENTATION_CONTEXT('2D SPACE',''
  ) );
#7138 = ORIENTED_EDGE('',*,*,#7139,.F.);
#7139 = EDGE_CURVE('',#7140,#7111,#7142,.T.);
#7140 = VERTEX_POINT('',#7141);
#7141 = CARTESIAN_POINT('',(-41.,-29.,64.0000001));
#7142 = SURFACE_CURVE('',#7143,(#7147,#7154),.PCURVE_S1.);
#7143 = LINE('',#7144,#7145);
#7144 = CARTESIAN_POINT('',(-44.,-29.,64.0000001));
#7145 = VECTOR('',#7146,1.);
#7146 = DIRECTION('',(1.,0.,0.));
#7147 = PCURVE('',#3701,#7148);
#7148 = DEFINITIONAL_REPRESENTATION('',(#7149),#7153);
#7149 = LINE('',#7150,#7151);
#7150 = CARTESIAN_POINT('',(0.,32.));
#7151 = VECTOR('',#7152,1.);
#7152 = DIRECTION('',(1.,0.));
#7153 = ( GEOMETRIC_REPRESENTATION_CONTEXT(2) 
PARAMETRIC_REPRESENTATION_CONTEXT() REPRESENTATION_CONTEXT('2D SPACE',''
  ) );
#7154 = PCURVE('',#7155,#7160);
#7155 = PLANE('',#7156);
#7156 = AXIS2_PLACEMENT_3D('',#7157,#7158,#7159);
#7157 = CARTESIAN_POINT('',(-44.,-29.,64.0000001));
#7158 = DIRECTION('',(0.,1.,0.));
#7159 = DIRECTION('',(0.,-0.,1.));
#7160 = DEFINITIONAL_REPRESENTATION('',(#7161),#7165);
#7161 = LINE('',#7162,#7163);
#7162 = CARTESIAN_POINT('',(0.,0.));
#7163 = VECTOR('',#7164,1.);
#7164 = DIRECTION('',(0.,1.));
#7165 = ( GEOMETRIC_REPRESENTATION_CONTEXT(2) 
PARAMETRIC_REPRESENTATION_CONTEXT() REPRESENTATION_CONTEXT('2D SPACE',''
  ) );
#7166 = ORIENTED_EDGE('',*,*,#7167,.F.);
#7167 = EDGE_CURVE('',#6922,#7140,#7168,.T.);
#7168 = SURFACE_CURVE('',#7169,(#7174,#7185),.PCURVE_S1.);
#7169 = CIRCLE('',#7170,3.);
#7170 = AXIS2_PLACEMENT_3D('',#7171,#7172,#7173);
#7171 = CARTESIAN_POINT('',(-41.,-32.,64.0000001));
#7172 = DIRECTION('',(-0.,-0.,-1.));
#7173 = DIRECTION('',(0.,-1.,0.));
#7174 = PCURVE('',#3701,#7175);
#7175 = DEFINITIONAL_REPRESENTATION('',(#7176),#7184);
#7176 = ( BOUNDED_CURVE() B_SPLINE_CURVE(2,(#7177,#7178,#7179,#7180,
#7181,#7182,#7183),.UNSPECIFIED.,.T.,.F.) B_SPLINE_CURVE_WITH_KNOTS((1,2
    ,2,2,2,1),(-2.094395102393,0.,2.094395102393,4.188790204786,
6.28318530718,8.377580409573),.UNSPECIFIED.) CURVE() 
GEOMETRIC_REPRESENTATION_ITEM() RATIONAL_B_SPLINE_CURVE((1.,0.5,1.,0.5,
1.,0.5,1.)) REPRESENTATION_ITEM('') );
#7177 = CARTESIAN_POINT('',(3.,26.));
#7178 = CARTESIAN_POINT('',(-2.196152422707,26.));
#7179 = CARTESIAN_POINT('',(0.401923788647,30.5));
#7180 = CARTESIAN_POINT('',(3.,35.));
#7181 = CARTESIAN_POINT('',(5.598076211353,30.5));
#7182 = CARTESIAN_POINT('',(8.196152422707,26.));
#7183 = CARTESIAN_POINT('',(3.,26.));
#7184 = ( GEOMETRIC_REPRESENTATION_CONTEXT(2) 
PARAMETRIC_REPRESENTATION_CONTEXT() REPRESENTATION_CONTEXT('2D SPACE',''
  ) );
#7185 = PCURVE('',#7186,#7191);
#7186 = CYLINDRICAL_SURFACE('',#7187,3.);
#7187 = AXIS2_PLACEMENT_3D('',#7188,#7189,#7190);
#7188 = CARTESIAN_POINT('',(-41.,-32.,64.0000001));
#7189 = DIRECTION('',(0.,0.,1.));
#7190 = DIRECTION('',(-1.,-0.,0.));
#7191 = DEFINITIONAL_REPRESENTATION('',(#7192),#7196);
#7192 = LINE('',#7193,#7194);
#7193 = CARTESIAN_POINT('',(7.853981633975,0.));
#7194 = VECTOR('',#7195,1.);
#7195 = DIRECTION('',(-1.,0.));
#7196 = ( GEOMETRIC_REPRESENTATION_CONTEXT(2) 
PARAMETRIC_REPRESENTATION_CONTEXT() REPRESENTATION_CONTEXT('2D SPACE',''
  ) );
#7197 = FACE_BOUND('',#7198,.F.);
#7198 = EDGE_LOOP('',(#7199,#7229,#7257,#7285));
#7199 = ORIENTED_EDGE('',*,*,#7200,.T.);
#7200 = EDGE_CURVE('',#7201,#7203,#7205,.T.);
#7201 = VERTEX_POINT('',#7202);
#7202 = CARTESIAN_POINT('',(-38.5,-58.,64.0000001));
#7203 = VERTEX_POINT('',#7204);
#7204 = CARTESIAN_POINT('',(-41.5,-58.,64.0000001));
#7205 = SURFACE_CURVE('',#7206,(#7210,#7217),.PCURVE_S1.);
#7206 = LINE('',#7207,#7208);
#7207 = CARTESIAN_POINT('',(-42.75,-58.,64.0000001));
#7208 = VECTOR('',#7209,1.);
#7209 = DIRECTION('',(-1.,0.,0.));
#7210 = PCURVE('',#3701,#7211);
#7211 = DEFINITIONAL_REPRESENTATION('',(#7212),#7216);
#7212 = LINE('',#7213,#7214);
#7213 = CARTESIAN_POINT('',(1.25,3.));
#7214 = VECTOR('',#7215,1.);
#7215 = DIRECTION('',(-1.,0.));
#7216 = ( GEOMETRIC_REPRESENTATION_CONTEXT(2) 
PARAMETRIC_REPRESENTATION_CONTEXT() REPRESENTATION_CONTEXT('2D SPACE',''
  ) );
#7217 = PCURVE('',#7218,#7223);
#7218 = PLANE('',#7219);
#7219 = AXIS2_PLACEMENT_3D('',#7220,#7221,#7222);
#7220 = CARTESIAN_POINT('',(-41.5,-58.,62.0000001));
#7221 = DIRECTION('',(0.,1.,0.));
#7222 = DIRECTION('',(0.,-0.,1.));
#7223 = DEFINITIONAL_REPRESENTATION('',(#7224),#7228);
#7224 = LINE('',#7225,#7226);
#7225 = CARTESIAN_POINT('',(2.,-1.25));
#7226 = VECTOR('',#7227,1.);
#7227 = DIRECTION('',(0.,-1.));
#7228 = ( GEOMETRIC_REPRESENTATION_CONTEXT(2) 
PARAMETRIC_REPRESENTATION_CONTEXT() REPRESENTATION_CONTEXT('2D SPACE',''
  ) );
#7229 = ORIENTED_EDGE('',*,*,#7230,.T.);
#7230 = EDGE_CURVE('',#7203,#7231,#7233,.T.);
#7231 = VERTEX_POINT('',#7232);
#7232 = CARTESIAN_POINT('',(-41.5,-32.,64.0000001));
#7233 = SURFACE_CURVE('',#7234,(#7238,#7245),.PCURVE_S1.);
#7234 = LINE('',#7235,#7236);
#7235 = CARTESIAN_POINT('',(-41.5,-59.5,64.0000001));
#7236 = VECTOR('',#7237,1.);
#7237 = DIRECTION('',(0.,1.,0.));
#7238 = PCURVE('',#3701,#7239);
#7239 = DEFINITIONAL_REPRESENTATION('',(#7240),#7244);
#7240 = LINE('',#7241,#7242);
#7241 = CARTESIAN_POINT('',(2.5,1.5));
#7242 = VECTOR('',#7243,1.);
#7243 = DIRECTION('',(0.,1.));
#7244 = ( GEOMETRIC_REPRESENTATION_CONTEXT(2) 
PARAMETRIC_REPRESENTATION_CONTEXT() REPRESENTATION_CONTEXT('2D SPACE',''
  ) );
#7245 = PCURVE('',#7246,#7251);
#7246 = PLANE('',#7247);
#7247 = AXIS2_PLACEMENT_3D('',#7248,#7249,#7250);
#7248 = CARTESIAN_POINT('',(-41.5,-58.,62.0000001));
#7249 = DIRECTION('',(1.,0.,0.));
#7250 = DIRECTION('',(0.,0.,1.));
#7251 = DEFINITIONAL_REPRESENTATION('',(#7252),#7256);
#7252 = LINE('',#7253,#7254);
#7253 = CARTESIAN_POINT('',(2.,1.5));
#7254 = VECTOR('',#7255,1.);
#7255 = DIRECTION('',(0.,-1.));
#7256 = ( GEOMETRIC_REPRESENTATION_CONTEXT(2) 
PARAMETRIC_REPRESENTATION_CONTEXT() REPRESENTATION_CONTEXT('2D SPACE',''
  ) );
#7257 = ORIENTED_EDGE('',*,*,#7258,.F.);
#7258 = EDGE_CURVE('',#7259,#7231,#7261,.T.);
#7259 = VERTEX_POINT('',#7260);
#7260 = CARTESIAN_POINT('',(-38.5,-32.,64.0000001));
#7261 = SURFACE_CURVE('',#7262,(#7266,#7273),.PCURVE_S1.);
#7262 = LINE('',#7263,#7264);
#7263 = CARTESIAN_POINT('',(-42.75,-32.,64.0000001));
#7264 = VECTOR('',#7265,1.);
#7265 = DIRECTION('',(-1.,0.,0.));
#7266 = PCURVE('',#3701,#7267);
#7267 = DEFINITIONAL_REPRESENTATION('',(#7268),#7272);
#7268 = LINE('',#7269,#7270);
#7269 = CARTESIAN_POINT('',(1.25,29.));
#7270 = VECTOR('',#7271,1.);
#7271 = DIRECTION('',(-1.,0.));
#7272 = ( GEOMETRIC_REPRESENTATION_CONTEXT(2) 
PARAMETRIC_REPRESENTATION_CONTEXT() REPRESENTATION_CONTEXT('2D SPACE',''
  ) );
#7273 = PCURVE('',#7274,#7279);
#7274 = PLANE('',#7275);
#7275 = AXIS2_PLACEMENT_3D('',#7276,#7277,#7278);
#7276 = CARTESIAN_POINT('',(-41.5,-32.,62.0000001));
#7277 = DIRECTION('',(0.,1.,0.));
#7278 = DIRECTION('',(0.,-0.,1.));
#7279 = DEFINITIONAL_REPRESENTATION('',(#7280),#7284);
#7280 = LINE('',#7281,#7282);
#7281 = CARTESIAN_POINT('',(2.,-1.25));
#7282 = VECTOR('',#7283,1.);
#7283 = DIRECTION('',(0.,-1.));
#7284 = ( GEOMETRIC_REPRESENTATION_CONTEXT(2) 
PARAMETRIC_REPRESENTATION_CONTEXT() REPRESENTATION_CONTEXT('2D SPACE',''
  ) );
#7285 = ORIENTED_EDGE('',*,*,#7286,.F.);
#7286 = EDGE_CURVE('',#7201,#7259,#7287,.T.);
#7287 = SURFACE_CURVE('',#7288,(#7292,#7299),.PCURVE_S1.);
#7288 = LINE('',#7289,#7290);
#7289 = CARTESIAN_POINT('',(-38.5,-59.5,64.0000001));
#7290 = VECTOR('',#7291,1.);
#7291 = DIRECTION('',(0.,1.,0.));
#7292 = PCURVE('',#3701,#7293);
#7293 = DEFINITIONAL_REPRESENTATION('',(#7294),#7298);
#7294 = LINE('',#7295,#7296);
#7295 = CARTESIAN_POINT('',(5.5,1.5));
#7296 = VECTOR('',#7297,1.);
#7297 = DIRECTION('',(0.,1.));
#7298 = ( GEOMETRIC_REPRESENTATION_CONTEXT(2) 
PARAMETRIC_REPRESENTATION_CONTEXT() REPRESENTATION_CONTEXT('2D SPACE',''
  ) );
#7299 = PCURVE('',#7300,#7305);
#7300 = PLANE('',#7301);
#7301 = AXIS2_PLACEMENT_3D('',#7302,#7303,#7304);
#7302 = CARTESIAN_POINT('',(-38.5,-58.,62.0000001));
#7303 = DIRECTION('',(1.,0.,0.));
#7304 = DIRECTION('',(0.,0.,1.));
#7305 = DEFINITIONAL_REPRESENTATION('',(#7306),#7310);
#7306 = LINE('',#7307,#7308);
#7307 = CARTESIAN_POINT('',(2.,1.5));
#7308 = VECTOR('',#7309,1.);
#7309 = DIRECTION('',(0.,-1.));
#7310 = ( GEOMETRIC_REPRESENTATION_CONTEXT(2) 
PARAMETRIC_REPRESENTATION_CONTEXT() REPRESENTATION_CONTEXT('2D SPACE',''
  ) );
#7311 = FACE_BOUND('',#7312,.F.);
#7312 = EDGE_LOOP('',(#7313,#7343,#7371,#7399));
#7313 = ORIENTED_EDGE('',*,*,#7314,.T.);
#7314 = EDGE_CURVE('',#7315,#7317,#7319,.T.);
#7315 = VERTEX_POINT('',#7316);
#7316 = CARTESIAN_POINT('',(41.5,-58.,64.0000001));
#7317 = VERTEX_POINT('',#7318);
#7318 = CARTESIAN_POINT('',(38.5,-58.,64.0000001));
#7319 = SURFACE_CURVE('',#7320,(#7324,#7331),.PCURVE_S1.);
#7320 = LINE('',#7321,#7322);
#7321 = CARTESIAN_POINT('',(-2.75,-58.,64.0000001));
#7322 = VECTOR('',#7323,1.);
#7323 = DIRECTION('',(-1.,0.,0.));
#7324 = PCURVE('',#3701,#7325);
#7325 = DEFINITIONAL_REPRESENTATION('',(#7326),#7330);
#7326 = LINE('',#7327,#7328);
#7327 = CARTESIAN_POINT('',(41.25,3.));
#7328 = VECTOR('',#7329,1.);
#7329 = DIRECTION('',(-1.,0.));
#7330 = ( GEOMETRIC_REPRESENTATION_CONTEXT(2) 
PARAMETRIC_REPRESENTATION_CONTEXT() REPRESENTATION_CONTEXT('2D SPACE',''
  ) );
#7331 = PCURVE('',#7332,#7337);
#7332 = PLANE('',#7333);
#7333 = AXIS2_PLACEMENT_3D('',#7334,#7335,#7336);
#7334 = CARTESIAN_POINT('',(38.5,-58.,62.0000001));
#7335 = DIRECTION('',(0.,1.,0.));
#7336 = DIRECTION('',(0.,-0.,1.));
#7337 = DEFINITIONAL_REPRESENTATION('',(#7338),#7342);
#7338 = LINE('',#7339,#7340);
#7339 = CARTESIAN_POINT('',(2.,-41.25));
#7340 = VECTOR('',#7341,1.);
#7341 = DIRECTION('',(0.,-1.));
#7342 = ( GEOMETRIC_REPRESENTATION_CONTEXT(2) 
PARAMETRIC_REPRESENTATION_CONTEXT() REPRESENTATION_CONTEXT('2D SPACE',''
  ) );
#7343 = ORIENTED_EDGE('',*,*,#7344,.T.);
#7344 = EDGE_CURVE('',#7317,#7345,#7347,.T.);
#7345 = VERTEX_POINT('',#7346);
#7346 = CARTESIAN_POINT('',(38.5,-32.,64.0000001));
#7347 = SURFACE_CURVE('',#7348,(#7352,#7359),.PCURVE_S1.);
#7348 = LINE('',#7349,#7350);
#7349 = CARTESIAN_POINT('',(38.5,-59.5,64.0000001));
#7350 = VECTOR('',#7351,1.);
#7351 = DIRECTION('',(0.,1.,0.));
#7352 = PCURVE('',#3701,#7353);
#7353 = DEFINITIONAL_REPRESENTATION('',(#7354),#7358);
#7354 = LINE('',#7355,#7356);
#7355 = CARTESIAN_POINT('',(82.5,1.5));
#7356 = VECTOR('',#7357,1.);
#7357 = DIRECTION('',(0.,1.));
#7358 = ( GEOMETRIC_REPRESENTATION_CONTEXT(2) 
PARAMETRIC_REPRESENTATION_CONTEXT() REPRESENTATION_CONTEXT('2D SPACE',''
  ) );
#7359 = PCURVE('',#7360,#7365);
#7360 = PLANE('',#7361);
#7361 = AXIS2_PLACEMENT_3D('',#7362,#7363,#7364);
#7362 = CARTESIAN_POINT('',(38.5,-58.,62.0000001));
#7363 = DIRECTION('',(1.,0.,0.));
#7364 = DIRECTION('',(0.,0.,1.));
#7365 = DEFINITIONAL_REPRESENTATION('',(#7366),#7370);
#7366 = LINE('',#7367,#7368);
#7367 = CARTESIAN_POINT('',(2.,1.5));
#7368 = VECTOR('',#7369,1.);
#7369 = DIRECTION('',(0.,-1.));
#7370 = ( GEOMETRIC_REPRESENTATION_CONTEXT(2) 
PARAMETRIC_REPRESENTATION_CONTEXT() REPRESENTATION_CONTEXT('2D SPACE',''
  ) );
#7371 = ORIENTED_EDGE('',*,*,#7372,.F.);
#7372 = EDGE_CURVE('',#7373,#7345,#7375,.T.);
#7373 = VERTEX_POINT('',#7374);
#7374 = CARTESIAN_POINT('',(41.5,-32.,64.0000001));
#7375 = SURFACE_CURVE('',#7376,(#7380,#7387),.PCURVE_S1.);
#7376 = LINE('',#7377,#7378);
#7377 = CARTESIAN_POINT('',(-2.75,-32.,64.0000001));
#7378 = VECTOR('',#7379,1.);
#7379 = DIRECTION('',(-1.,0.,0.));
#7380 = PCURVE('',#3701,#7381);
#7381 = DEFINITIONAL_REPRESENTATION('',(#7382),#7386);
#7382 = LINE('',#7383,#7384);
#7383 = CARTESIAN_POINT('',(41.25,29.));
#7384 = VECTOR('',#7385,1.);
#7385 = DIRECTION('',(-1.,0.));
#7386 = ( GEOMETRIC_REPRESENTATION_CONTEXT(2) 
PARAMETRIC_REPRESENTATION_CONTEXT() REPRESENTATION_CONTEXT('2D SPACE',''
  ) );
#7387 = PCURVE('',#7388,#7393);
#7388 = PLANE('',#7389);
#7389 = AXIS2_PLACEMENT_3D('',#7390,#7391,#7392);
#7390 = CARTESIAN_POINT('',(38.5,-32.,62.0000001));
#7391 = DIRECTION('',(0.,1.,0.));
#7392 = DIRECTION('',(0.,-0.,1.));
#7393 = DEFINITIONAL_REPRESENTATION('',(#7394),#7398);
#7394 = LINE('',#7395,#7396);
#7395 = CARTESIAN_POINT('',(2.,-41.25));
#7396 = VECTOR('',#7397,1.);
#7397 = DIRECTION('',(0.,-1.));
#7398 = ( GEOMETRIC_REPRESENTATION_CONTEXT(2) 
PARAMETRIC_REPRESENTATION_CONTEXT() REPRESENTATION_CONTEXT('2D SPACE',''
  ) );
#7399 = ORIENTED_EDGE('',*,*,#7400,.F.);
#7400 = EDGE_CURVE('',#7315,#7373,#7401,.T.);
#7401 = SURFACE_CURVE('',#7402,(#7406,#7413),.PCURVE_S1.);
#7402 = LINE('',#7403,#7404);
#7403 = CARTESIAN_POINT('',(41.5,-59.5,64.0000001));
#7404 = VECTOR('',#7405,1.);
#7405 = DIRECTION('',(0.,1.,0.));
#7406 = PCURVE('',#3701,#7407);
#7407 = DEFINITIONAL_REPRESENTATION('',(#7408),#7412);
#7408 = LINE('',#7409,#7410);
#7409 = CARTESIAN_POINT('',(85.5,1.5));
#7410 = VECTOR('',#7411,1.);
#7411 = DIRECTION('',(0.,1.));
#7412 = ( GEOMETRIC_REPRESENTATION_CONTEXT(2) 
PARAMETRIC_REPRESENTATION_CONTEXT() REPRESENTATION_CONTEXT('2D SPACE',''
  ) );
#7413 = PCURVE('',#7414,#7419);
#7414 = PLANE('',#7415);
#7415 = AXIS2_PLACEMENT_3D('',#7416,#7417,#7418);
#7416 = CARTESIAN_POINT('',(41.5,-58.,62.0000001));
#7417 = DIRECTION('',(1.,0.,0.));
#7418 = DIRECTION('',(0.,0.,1.));
#7419 = DEFINITIONAL_REPRESENTATION('',(#7420),#7424);
#7420 = LINE('',#7421,#7422);
#7421 = CARTESIAN_POINT('',(2.,1.5));
#7422 = VECTOR('',#7423,1.);
#7423 = DIRECTION('',(0.,-1.));
#7424 = ( GEOMETRIC_REPRESENTATION_CONTEXT(2) 
PARAMETRIC_REPRESENTATION_CONTEXT() REPRESENTATION_CONTEXT('2D SPACE',''
  ) );
#7425 = ADVANCED_FACE('',(#7426),#3729,.F.);
#7426 = FACE_BOUND('',#7427,.F.);
#7427 = EDGE_LOOP('',(#7428,#7429,#7452,#7473));
#7428 = ORIENTED_EDGE('',*,*,#6978,.F.);
#7429 = ORIENTED_EDGE('',*,*,#7430,.T.);
#7430 = EDGE_CURVE('',#6950,#7431,#7433,.T.);
#7431 = VERTEX_POINT('',#7432);
#7432 = CARTESIAN_POINT('',(-41.,-61.,72.0000001));
#7433 = SURFACE_CURVE('',#7434,(#7438,#7445),.PCURVE_S1.);
#7434 = LINE('',#7435,#7436);
#7435 = CARTESIAN_POINT('',(-41.,-61.,64.0000001));
#7436 = VECTOR('',#7437,1.);
#7437 = DIRECTION('',(0.,0.,1.));
#7438 = PCURVE('',#3729,#7439);
#7439 = DEFINITIONAL_REPRESENTATION('',(#7440),#7444);
#7440 = LINE('',#7441,#7442);
#7441 = CARTESIAN_POINT('',(0.,3.));
#7442 = VECTOR('',#7443,1.);
#7443 = DIRECTION('',(1.,0.));
#7444 = ( GEOMETRIC_REPRESENTATION_CONTEXT(2) 
PARAMETRIC_REPRESENTATION_CONTEXT() REPRESENTATION_CONTEXT('2D SPACE',''
  ) );
#7445 = PCURVE('',#6966,#7446);
#7446 = DEFINITIONAL_REPRESENTATION('',(#7447),#7451);
#7447 = LINE('',#7448,#7449);
#7448 = CARTESIAN_POINT('',(1.570796326795,0.));
#7449 = VECTOR('',#7450,1.);
#7450 = DIRECTION('',(0.,1.));
#7451 = ( GEOMETRIC_REPRESENTATION_CONTEXT(2) 
PARAMETRIC_REPRESENTATION_CONTEXT() REPRESENTATION_CONTEXT('2D SPACE',''
  ) );
#7452 = ORIENTED_EDGE('',*,*,#7453,.T.);
#7453 = EDGE_CURVE('',#7431,#3714,#7454,.T.);
#7454 = SURFACE_CURVE('',#7455,(#7459,#7466),.PCURVE_S1.);
#7455 = LINE('',#7456,#7457);
#7456 = CARTESIAN_POINT('',(-44.,-61.,72.0000001));
#7457 = VECTOR('',#7458,1.);
#7458 = DIRECTION('',(1.,0.,0.));
#7459 = PCURVE('',#3729,#7460);
#7460 = DEFINITIONAL_REPRESENTATION('',(#7461),#7465);
#7461 = LINE('',#7462,#7463);
#7462 = CARTESIAN_POINT('',(8.,0.));
#7463 = VECTOR('',#7464,1.);
#7464 = DIRECTION('',(0.,1.));
#7465 = ( GEOMETRIC_REPRESENTATION_CONTEXT(2) 
PARAMETRIC_REPRESENTATION_CONTEXT() REPRESENTATION_CONTEXT('2D SPACE',''
  ) );
#7466 = PCURVE('',#3757,#7467);
#7467 = DEFINITIONAL_REPRESENTATION('',(#7468),#7472);
#7468 = LINE('',#7469,#7470);
#7469 = CARTESIAN_POINT('',(-19.,91.));
#7470 = VECTOR('',#7471,1.);
#7471 = DIRECTION('',(1.,0.));
#7472 = ( GEOMETRIC_REPRESENTATION_CONTEXT(2) 
PARAMETRIC_REPRESENTATION_CONTEXT() REPRESENTATION_CONTEXT('2D SPACE',''
  ) );
#7473 = ORIENTED_EDGE('',*,*,#3713,.F.);
#7474 = ADVANCED_FACE('',(#7475,#8217,#8331,#8445),#3757,.T.);
#7475 = FACE_BOUND('',#7476,.T.);
#7476 = EDGE_LOOP('',(#7477,#7478,#7501,#7534,#7562,#7591,#7619,#7652,
    #7680,#7709,#7730,#7731,#7754,#7782,#7805,#7829,#7852,#7880,#7903,
    #7926,#7949,#7972,#8000,#8023,#8046,#8069,#8092,#8120,#8143,#8171,
    #8194,#8216));
#7477 = ORIENTED_EDGE('',*,*,#3741,.F.);
#7478 = ORIENTED_EDGE('',*,*,#7479,.F.);
#7479 = EDGE_CURVE('',#7480,#3742,#7482,.T.);
#7480 = VERTEX_POINT('',#7481);
#7481 = CARTESIAN_POINT('',(-41.,-124.,72.0000001));
#7482 = SURFACE_CURVE('',#7483,(#7487,#7494),.PCURVE_S1.);
#7483 = LINE('',#7484,#7485);
#7484 = CARTESIAN_POINT('',(-44.,-124.,72.0000001));
#7485 = VECTOR('',#7486,1.);
#7486 = DIRECTION('',(1.,0.,0.));
#7487 = PCURVE('',#3757,#7488);
#7488 = DEFINITIONAL_REPRESENTATION('',(#7489),#7493);
#7489 = LINE('',#7490,#7491);
#7490 = CARTESIAN_POINT('',(-19.,28.));
#7491 = VECTOR('',#7492,1.);
#7492 = DIRECTION('',(1.,0.));
#7493 = ( GEOMETRIC_REPRESENTATION_CONTEXT(2) 
PARAMETRIC_REPRESENTATION_CONTEXT() REPRESENTATION_CONTEXT('2D SPACE',''
  ) );
#7494 = PCURVE('',#3785,#7495);
#7495 = DEFINITIONAL_REPRESENTATION('',(#7496),#7500);
#7496 = LINE('',#7497,#7498);
#7497 = CARTESIAN_POINT('',(4.,0.));
#7498 = VECTOR('',#7499,1.);
#7499 = DIRECTION('',(0.,1.));
#7500 = ( GEOMETRIC_REPRESENTATION_CONTEXT(2) 
PARAMETRIC_REPRESENTATION_CONTEXT() REPRESENTATION_CONTEXT('2D SPACE',''
  ) );
#7501 = ORIENTED_EDGE('',*,*,#7502,.F.);
#7502 = EDGE_CURVE('',#7503,#7480,#7505,.T.);
#7503 = VERTEX_POINT('',#7504);
#7504 = CARTESIAN_POINT('',(-44.,-127.,72.0000001));
#7505 = SURFACE_CURVE('',#7506,(#7511,#7522),.PCURVE_S1.);
#7506 = CIRCLE('',#7507,3.);
#7507 = AXIS2_PLACEMENT_3D('',#7508,#7509,#7510);
#7508 = CARTESIAN_POINT('',(-41.,-127.,72.0000001));
#7509 = DIRECTION('',(-0.,-0.,-1.));
#7510 = DIRECTION('',(0.,-1.,0.));
#7511 = PCURVE('',#3757,#7512);
#7512 = DEFINITIONAL_REPRESENTATION('',(#7513),#7521);
#7513 = ( BOUNDED_CURVE() B_SPLINE_CURVE(2,(#7514,#7515,#7516,#7517,
#7518,#7519,#7520),.UNSPECIFIED.,.T.,.F.) B_SPLINE_CURVE_WITH_KNOTS((1,2
    ,2,2,2,1),(-2.094395102393,0.,2.094395102393,4.188790204786,
6.28318530718,8.377580409573),.UNSPECIFIED.) CURVE() 
GEOMETRIC_REPRESENTATION_ITEM() RATIONAL_B_SPLINE_CURVE((1.,0.5,1.,0.5,
1.,0.5,1.)) REPRESENTATION_ITEM('') );
#7514 = CARTESIAN_POINT('',(-16.,22.));
#7515 = CARTESIAN_POINT('',(-21.1961524227,22.));
#7516 = CARTESIAN_POINT('',(-18.59807621135,26.5));
#7517 = CARTESIAN_POINT('',(-16.,31.));
#7518 = CARTESIAN_POINT('',(-13.40192378864,26.5));
#7519 = CARTESIAN_POINT('',(-10.80384757729,22.));
#7520 = CARTESIAN_POINT('',(-16.,22.));
#7521 = ( GEOMETRIC_REPRESENTATION_CONTEXT(2) 
PARAMETRIC_REPRESENTATION_CONTEXT() REPRESENTATION_CONTEXT('2D SPACE',''
  ) );
#7522 = PCURVE('',#7523,#7528);
#7523 = CYLINDRICAL_SURFACE('',#7524,3.);
#7524 = AXIS2_PLACEMENT_3D('',#7525,#7526,#7527);
#7525 = CARTESIAN_POINT('',(-41.,-127.,68.0000001));
#7526 = DIRECTION('',(0.,0.,1.));
#7527 = DIRECTION('',(-1.,-0.,0.));
#7528 = DEFINITIONAL_REPRESENTATION('',(#7529),#7533);
#7529 = LINE('',#7530,#7531);
#7530 = CARTESIAN_POINT('',(7.853981633975,4.));
#7531 = VECTOR('',#7532,1.);
#7532 = DIRECTION('',(-1.,0.));
#7533 = ( GEOMETRIC_REPRESENTATION_CONTEXT(2) 
PARAMETRIC_REPRESENTATION_CONTEXT() REPRESENTATION_CONTEXT('2D SPACE',''
  ) );
#7534 = ORIENTED_EDGE('',*,*,#7535,.F.);
#7535 = EDGE_CURVE('',#7536,#7503,#7538,.T.);
#7536 = VERTEX_POINT('',#7537);
#7537 = CARTESIAN_POINT('',(-44.,-153.,72.0000001));
#7538 = SURFACE_CURVE('',#7539,(#7543,#7550),.PCURVE_S1.);
#7539 = LINE('',#7540,#7541);
#7540 = CARTESIAN_POINT('',(-44.,-156.,72.0000001));
#7541 = VECTOR('',#7542,1.);
#7542 = DIRECTION('',(0.,1.,0.));
#7543 = PCURVE('',#3757,#7544);
#7544 = DEFINITIONAL_REPRESENTATION('',(#7545),#7549);
#7545 = LINE('',#7546,#7547);
#7546 = CARTESIAN_POINT('',(-19.,-4.));
#7547 = VECTOR('',#7548,1.);
#7548 = DIRECTION('',(0.,1.));
#7549 = ( GEOMETRIC_REPRESENTATION_CONTEXT(2) 
PARAMETRIC_REPRESENTATION_CONTEXT() REPRESENTATION_CONTEXT('2D SPACE',''
  ) );
#7550 = PCURVE('',#7551,#7556);
#7551 = PLANE('',#7552);
#7552 = AXIS2_PLACEMENT_3D('',#7553,#7554,#7555);
#7553 = CARTESIAN_POINT('',(-44.,-156.,68.0000001));
#7554 = DIRECTION('',(1.,0.,0.));
#7555 = DIRECTION('',(0.,0.,1.));
#7556 = DEFINITIONAL_REPRESENTATION('',(#7557),#7561);
#7557 = LINE('',#7558,#7559);
#7558 = CARTESIAN_POINT('',(4.,0.));
#7559 = VECTOR('',#7560,1.);
#7560 = DIRECTION('',(0.,-1.));
#7561 = ( GEOMETRIC_REPRESENTATION_CONTEXT(2) 
PARAMETRIC_REPRESENTATION_CONTEXT() REPRESENTATION_CONTEXT('2D SPACE',''
  ) );
#7562 = ORIENTED_EDGE('',*,*,#7563,.T.);
#7563 = EDGE_CURVE('',#7536,#7564,#7566,.T.);
#7564 = VERTEX_POINT('',#7565);
#7565 = CARTESIAN_POINT('',(-41.,-156.,72.0000001));
#7566 = SURFACE_CURVE('',#7567,(#7572,#7579),.PCURVE_S1.);
#7567 = CIRCLE('',#7568,3.);
#7568 = AXIS2_PLACEMENT_3D('',#7569,#7570,#7571);
#7569 = CARTESIAN_POINT('',(-41.,-153.,72.0000001));
#7570 = DIRECTION('',(0.,0.,1.));
#7571 = DIRECTION('',(0.,-1.,0.));
#7572 = PCURVE('',#3757,#7573);
#7573 = DEFINITIONAL_REPRESENTATION('',(#7574),#7578);
#7574 = CIRCLE('',#7575,3.);
#7575 = AXIS2_PLACEMENT_2D('',#7576,#7577);
#7576 = CARTESIAN_POINT('',(-16.,-1.));
#7577 = DIRECTION('',(0.,-1.));
#7578 = ( GEOMETRIC_REPRESENTATION_CONTEXT(2) 
PARAMETRIC_REPRESENTATION_CONTEXT() REPRESENTATION_CONTEXT('2D SPACE',''
  ) );
#7579 = PCURVE('',#7580,#7585);
#7580 = CYLINDRICAL_SURFACE('',#7581,3.);
#7581 = AXIS2_PLACEMENT_3D('',#7582,#7583,#7584);
#7582 = CARTESIAN_POINT('',(-41.,-153.,68.0000001));
#7583 = DIRECTION('',(0.,0.,1.));
#7584 = DIRECTION('',(-1.,-0.,0.));
#7585 = DEFINITIONAL_REPRESENTATION('',(#7586),#7590);
#7586 = LINE('',#7587,#7588);
#7587 = CARTESIAN_POINT('',(-4.712388980385,4.));
#7588 = VECTOR('',#7589,1.);
#7589 = DIRECTION('',(1.,0.));
#7590 = ( GEOMETRIC_REPRESENTATION_CONTEXT(2) 
PARAMETRIC_REPRESENTATION_CONTEXT() REPRESENTATION_CONTEXT('2D SPACE',''
  ) );
#7591 = ORIENTED_EDGE('',*,*,#7592,.T.);
#7592 = EDGE_CURVE('',#7564,#7593,#7595,.T.);
#7593 = VERTEX_POINT('',#7594);
#7594 = CARTESIAN_POINT('',(41.,-156.,72.0000001));
#7595 = SURFACE_CURVE('',#7596,(#7600,#7607),.PCURVE_S1.);
#7596 = LINE('',#7597,#7598);
#7597 = CARTESIAN_POINT('',(-44.,-156.,72.0000001));
#7598 = VECTOR('',#7599,1.);
#7599 = DIRECTION('',(1.,0.,0.));
#7600 = PCURVE('',#3757,#7601);
#7601 = DEFINITIONAL_REPRESENTATION('',(#7602),#7606);
#7602 = LINE('',#7603,#7604);
#7603 = CARTESIAN_POINT('',(-19.,-4.));
#7604 = VECTOR('',#7605,1.);
#7605 = DIRECTION('',(1.,0.));
#7606 = ( GEOMETRIC_REPRESENTATION_CONTEXT(2) 
PARAMETRIC_REPRESENTATION_CONTEXT() REPRESENTATION_CONTEXT('2D SPACE',''
  ) );
#7607 = PCURVE('',#7608,#7613);
#7608 = PLANE('',#7609);
#7609 = AXIS2_PLACEMENT_3D('',#7610,#7611,#7612);
#7610 = CARTESIAN_POINT('',(-44.,-156.,68.0000001));
#7611 = DIRECTION('',(0.,1.,0.));
#7612 = DIRECTION('',(0.,-0.,1.));
#7613 = DEFINITIONAL_REPRESENTATION('',(#7614),#7618);
#7614 = LINE('',#7615,#7616);
#7615 = CARTESIAN_POINT('',(4.,0.));
#7616 = VECTOR('',#7617,1.);
#7617 = DIRECTION('',(0.,1.));
#7618 = ( GEOMETRIC_REPRESENTATION_CONTEXT(2) 
PARAMETRIC_REPRESENTATION_CONTEXT() REPRESENTATION_CONTEXT('2D SPACE',''
  ) );
#7619 = ORIENTED_EDGE('',*,*,#7620,.F.);
#7620 = EDGE_CURVE('',#7621,#7593,#7623,.T.);
#7621 = VERTEX_POINT('',#7622);
#7622 = CARTESIAN_POINT('',(44.,-153.,72.0000001));
#7623 = SURFACE_CURVE('',#7624,(#7629,#7640),.PCURVE_S1.);
#7624 = CIRCLE('',#7625,3.);
#7625 = AXIS2_PLACEMENT_3D('',#7626,#7627,#7628);
#7626 = CARTESIAN_POINT('',(41.,-153.,72.0000001));
#7627 = DIRECTION('',(-0.,-0.,-1.));
#7628 = DIRECTION('',(0.,-1.,0.));
#7629 = PCURVE('',#3757,#7630);
#7630 = DEFINITIONAL_REPRESENTATION('',(#7631),#7639);
#7631 = ( BOUNDED_CURVE() B_SPLINE_CURVE(2,(#7632,#7633,#7634,#7635,
#7636,#7637,#7638),.UNSPECIFIED.,.T.,.F.) B_SPLINE_CURVE_WITH_KNOTS((1,2
    ,2,2,2,1),(-2.094395102393,0.,2.094395102393,4.188790204786,
6.28318530718,8.377580409573),.UNSPECIFIED.) CURVE() 
GEOMETRIC_REPRESENTATION_ITEM() RATIONAL_B_SPLINE_CURVE((1.,0.5,1.,0.5,
1.,0.5,1.)) REPRESENTATION_ITEM('') );
#7632 = CARTESIAN_POINT('',(66.,-4.));
#7633 = CARTESIAN_POINT('',(60.803847577293,-4.));
#7634 = CARTESIAN_POINT('',(63.401923788647,0.5));
#7635 = CARTESIAN_POINT('',(66.,5.));
#7636 = CARTESIAN_POINT('',(68.598076211353,0.5));
#7637 = CARTESIAN_POINT('',(71.196152422707,-4.));
#7638 = CARTESIAN_POINT('',(66.,-4.));
#7639 = ( GEOMETRIC_REPRESENTATION_CONTEXT(2) 
PARAMETRIC_REPRESENTATION_CONTEXT() REPRESENTATION_CONTEXT('2D SPACE',''
  ) );
#7640 = PCURVE('',#7641,#7646);
#7641 = CYLINDRICAL_SURFACE('',#7642,3.);
#7642 = AXIS2_PLACEMENT_3D('',#7643,#7644,#7645);
#7643 = CARTESIAN_POINT('',(41.,-153.,68.0000001));
#7644 = DIRECTION('',(0.,0.,1.));
#7645 = DIRECTION('',(1.,0.,-0.));
#7646 = DEFINITIONAL_REPRESENTATION('',(#7647),#7651);
#7647 = LINE('',#7648,#7649);
#7648 = CARTESIAN_POINT('',(10.995574287565,4.));
#7649 = VECTOR('',#7650,1.);
#7650 = DIRECTION('',(-1.,0.));
#7651 = ( GEOMETRIC_REPRESENTATION_CONTEXT(2) 
PARAMETRIC_REPRESENTATION_CONTEXT() REPRESENTATION_CONTEXT('2D SPACE',''
  ) );
#7652 = ORIENTED_EDGE('',*,*,#7653,.T.);
#7653 = EDGE_CURVE('',#7621,#7654,#7656,.T.);
#7654 = VERTEX_POINT('',#7655);
#7655 = CARTESIAN_POINT('',(44.,-127.,72.0000001));
#7656 = SURFACE_CURVE('',#7657,(#7661,#7668),.PCURVE_S1.);
#7657 = LINE('',#7658,#7659);
#7658 = CARTESIAN_POINT('',(44.,-156.,72.0000001));
#7659 = VECTOR('',#7660,1.);
#7660 = DIRECTION('',(0.,1.,0.));
#7661 = PCURVE('',#3757,#7662);
#7662 = DEFINITIONAL_REPRESENTATION('',(#7663),#7667);
#7663 = LINE('',#7664,#7665);
#7664 = CARTESIAN_POINT('',(69.,-4.));
#7665 = VECTOR('',#7666,1.);
#7666 = DIRECTION('',(0.,1.));
#7667 = ( GEOMETRIC_REPRESENTATION_CONTEXT(2) 
PARAMETRIC_REPRESENTATION_CONTEXT() REPRESENTATION_CONTEXT('2D SPACE',''
  ) );
#7668 = PCURVE('',#7669,#7674);
#7669 = PLANE('',#7670);
#7670 = AXIS2_PLACEMENT_3D('',#7671,#7672,#7673);
#7671 = CARTESIAN_POINT('',(44.,-156.,68.0000001));
#7672 = DIRECTION('',(1.,0.,0.));
#7673 = DIRECTION('',(0.,0.,1.));
#7674 = DEFINITIONAL_REPRESENTATION('',(#7675),#7679);
#7675 = LINE('',#7676,#7677);
#7676 = CARTESIAN_POINT('',(4.,0.));
#7677 = VECTOR('',#7678,1.);
#7678 = DIRECTION('',(0.,-1.));
#7679 = ( GEOMETRIC_REPRESENTATION_CONTEXT(2) 
PARAMETRIC_REPRESENTATION_CONTEXT() REPRESENTATION_CONTEXT('2D SPACE',''
  ) );
#7680 = ORIENTED_EDGE('',*,*,#7681,.T.);
#7681 = EDGE_CURVE('',#7654,#7682,#7684,.T.);
#7682 = VERTEX_POINT('',#7683);
#7683 = CARTESIAN_POINT('',(41.,-124.,72.0000001));
#7684 = SURFACE_CURVE('',#7685,(#7690,#7697),.PCURVE_S1.);
#7685 = CIRCLE('',#7686,3.);
#7686 = AXIS2_PLACEMENT_3D('',#7687,#7688,#7689);
#7687 = CARTESIAN_POINT('',(41.,-127.,72.0000001));
#7688 = DIRECTION('',(0.,0.,1.));
#7689 = DIRECTION('',(0.,-1.,0.));
#7690 = PCURVE('',#3757,#7691);
#7691 = DEFINITIONAL_REPRESENTATION('',(#7692),#7696);
#7692 = CIRCLE('',#7693,3.);
#7693 = AXIS2_PLACEMENT_2D('',#7694,#7695);
#7694 = CARTESIAN_POINT('',(66.,25.));
#7695 = DIRECTION('',(0.,-1.));
#7696 = ( GEOMETRIC_REPRESENTATION_CONTEXT(2) 
PARAMETRIC_REPRESENTATION_CONTEXT() REPRESENTATION_CONTEXT('2D SPACE',''
  ) );
#7697 = PCURVE('',#7698,#7703);
#7698 = CYLINDRICAL_SURFACE('',#7699,3.);
#7699 = AXIS2_PLACEMENT_3D('',#7700,#7701,#7702);
#7700 = CARTESIAN_POINT('',(41.,-127.,68.0000001));
#7701 = DIRECTION('',(0.,0.,1.));
#7702 = DIRECTION('',(1.,0.,-0.));
#7703 = DEFINITIONAL_REPRESENTATION('',(#7704),#7708);
#7704 = LINE('',#7705,#7706);
#7705 = CARTESIAN_POINT('',(-1.570796326795,4.));
#7706 = VECTOR('',#7707,1.);
#7707 = DIRECTION('',(1.,0.));
#7708 = ( GEOMETRIC_REPRESENTATION_CONTEXT(2) 
PARAMETRIC_REPRESENTATION_CONTEXT() REPRESENTATION_CONTEXT('2D SPACE',''
  ) );
#7709 = ORIENTED_EDGE('',*,*,#7710,.F.);
#7710 = EDGE_CURVE('',#4342,#7682,#7711,.T.);
#7711 = SURFACE_CURVE('',#7712,(#7716,#7723),.PCURVE_S1.);
#7712 = LINE('',#7713,#7714);
#7713 = CARTESIAN_POINT('',(-44.,-124.,72.0000001));
#7714 = VECTOR('',#7715,1.);
#7715 = DIRECTION('',(1.,0.,0.));
#7716 = PCURVE('',#3757,#7717);
#7717 = DEFINITIONAL_REPRESENTATION('',(#7718),#7722);
#7718 = LINE('',#7719,#7720);
#7719 = CARTESIAN_POINT('',(-19.,28.));
#7720 = VECTOR('',#7721,1.);
#7721 = DIRECTION('',(1.,0.));
#7722 = ( GEOMETRIC_REPRESENTATION_CONTEXT(2) 
PARAMETRIC_REPRESENTATION_CONTEXT() REPRESENTATION_CONTEXT('2D SPACE',''
  ) );
#7723 = PCURVE('',#4380,#7724);
#7724 = DEFINITIONAL_REPRESENTATION('',(#7725),#7729);
#7725 = LINE('',#7726,#7727);
#7726 = CARTESIAN_POINT('',(4.,0.));
#7727 = VECTOR('',#7728,1.);
#7728 = DIRECTION('',(0.,1.));
#7729 = ( GEOMETRIC_REPRESENTATION_CONTEXT(2) 
PARAMETRIC_REPRESENTATION_CONTEXT() REPRESENTATION_CONTEXT('2D SPACE',''
  ) );
#7730 = ORIENTED_EDGE('',*,*,#4341,.T.);
#7731 = ORIENTED_EDGE('',*,*,#7732,.T.);
#7732 = EDGE_CURVE('',#4314,#7733,#7735,.T.);
#7733 = VERTEX_POINT('',#7734);
#7734 = CARTESIAN_POINT('',(41.,-61.,72.0000001));
#7735 = SURFACE_CURVE('',#7736,(#7740,#7747),.PCURVE_S1.);
#7736 = LINE('',#7737,#7738);
#7737 = CARTESIAN_POINT('',(-44.,-61.,72.0000001));
#7738 = VECTOR('',#7739,1.);
#7739 = DIRECTION('',(1.,0.,0.));
#7740 = PCURVE('',#3757,#7741);
#7741 = DEFINITIONAL_REPRESENTATION('',(#7742),#7746);
#7742 = LINE('',#7743,#7744);
#7743 = CARTESIAN_POINT('',(-19.,91.));
#7744 = VECTOR('',#7745,1.);
#7745 = DIRECTION('',(1.,0.));
#7746 = ( GEOMETRIC_REPRESENTATION_CONTEXT(2) 
PARAMETRIC_REPRESENTATION_CONTEXT() REPRESENTATION_CONTEXT('2D SPACE',''
  ) );
#7747 = PCURVE('',#4329,#7748);
#7748 = DEFINITIONAL_REPRESENTATION('',(#7749),#7753);
#7749 = LINE('',#7750,#7751);
#7750 = CARTESIAN_POINT('',(8.,0.));
#7751 = VECTOR('',#7752,1.);
#7752 = DIRECTION('',(0.,1.));
#7753 = ( GEOMETRIC_REPRESENTATION_CONTEXT(2) 
PARAMETRIC_REPRESENTATION_CONTEXT() REPRESENTATION_CONTEXT('2D SPACE',''
  ) );
#7754 = ORIENTED_EDGE('',*,*,#7755,.F.);
#7755 = EDGE_CURVE('',#7756,#7733,#7758,.T.);
#7756 = VERTEX_POINT('',#7757);
#7757 = CARTESIAN_POINT('',(44.,-58.,72.0000001));
#7758 = SURFACE_CURVE('',#7759,(#7764,#7775),.PCURVE_S1.);
#7759 = CIRCLE('',#7760,3.);
#7760 = AXIS2_PLACEMENT_3D('',#7761,#7762,#7763);
#7761 = CARTESIAN_POINT('',(41.,-58.,72.0000001));
#7762 = DIRECTION('',(-0.,-0.,-1.));
#7763 = DIRECTION('',(0.,-1.,0.));
#7764 = PCURVE('',#3757,#7765);
#7765 = DEFINITIONAL_REPRESENTATION('',(#7766),#7774);
#7766 = ( BOUNDED_CURVE() B_SPLINE_CURVE(2,(#7767,#7768,#7769,#7770,
#7771,#7772,#7773),.UNSPECIFIED.,.T.,.F.) B_SPLINE_CURVE_WITH_KNOTS((1,2
    ,2,2,2,1),(-2.094395102393,0.,2.094395102393,4.188790204786,
6.28318530718,8.377580409573),.UNSPECIFIED.) CURVE() 
GEOMETRIC_REPRESENTATION_ITEM() RATIONAL_B_SPLINE_CURVE((1.,0.5,1.,0.5,
1.,0.5,1.)) REPRESENTATION_ITEM('') );
#7767 = CARTESIAN_POINT('',(66.,91.));
#7768 = CARTESIAN_POINT('',(60.803847577293,91.));
#7769 = CARTESIAN_POINT('',(63.401923788647,95.5));
#7770 = CARTESIAN_POINT('',(66.,100.));
#7771 = CARTESIAN_POINT('',(68.598076211353,95.5));
#7772 = CARTESIAN_POINT('',(71.196152422707,91.));
#7773 = CARTESIAN_POINT('',(66.,91.));
#7774 = ( GEOMETRIC_REPRESENTATION_CONTEXT(2) 
PARAMETRIC_REPRESENTATION_CONTEXT() REPRESENTATION_CONTEXT('2D SPACE',''
  ) );
#7775 = PCURVE('',#7070,#7776);
#7776 = DEFINITIONAL_REPRESENTATION('',(#7777),#7781);
#7777 = LINE('',#7778,#7779);
#7778 = CARTESIAN_POINT('',(10.995574287565,8.));
#7779 = VECTOR('',#7780,1.);
#7780 = DIRECTION('',(-1.,0.));
#7781 = ( GEOMETRIC_REPRESENTATION_CONTEXT(2) 
PARAMETRIC_REPRESENTATION_CONTEXT() REPRESENTATION_CONTEXT('2D SPACE',''
  ) );
#7782 = ORIENTED_EDGE('',*,*,#7783,.T.);
#7783 = EDGE_CURVE('',#7756,#7784,#7786,.T.);
#7784 = VERTEX_POINT('',#7785);
#7785 = CARTESIAN_POINT('',(44.,-32.,72.0000001));
#7786 = SURFACE_CURVE('',#7787,(#7791,#7798),.PCURVE_S1.);
#7787 = LINE('',#7788,#7789);
#7788 = CARTESIAN_POINT('',(44.,-61.,72.0000001));
#7789 = VECTOR('',#7790,1.);
#7790 = DIRECTION('',(0.,1.,0.));
#7791 = PCURVE('',#3757,#7792);
#7792 = DEFINITIONAL_REPRESENTATION('',(#7793),#7797);
#7793 = LINE('',#7794,#7795);
#7794 = CARTESIAN_POINT('',(69.,91.));
#7795 = VECTOR('',#7796,1.);
#7796 = DIRECTION('',(0.,1.));
#7797 = ( GEOMETRIC_REPRESENTATION_CONTEXT(2) 
PARAMETRIC_REPRESENTATION_CONTEXT() REPRESENTATION_CONTEXT('2D SPACE',''
  ) );
#7798 = PCURVE('',#7098,#7799);
#7799 = DEFINITIONAL_REPRESENTATION('',(#7800),#7804);
#7800 = LINE('',#7801,#7802);
#7801 = CARTESIAN_POINT('',(8.,0.));
#7802 = VECTOR('',#7803,1.);
#7803 = DIRECTION('',(0.,-1.));
#7804 = ( GEOMETRIC_REPRESENTATION_CONTEXT(2) 
PARAMETRIC_REPRESENTATION_CONTEXT() REPRESENTATION_CONTEXT('2D SPACE',''
  ) );
#7805 = ORIENTED_EDGE('',*,*,#7806,.T.);
#7806 = EDGE_CURVE('',#7784,#7807,#7809,.T.);
#7807 = VERTEX_POINT('',#7808);
#7808 = CARTESIAN_POINT('',(41.,-29.,72.0000001));
#7809 = SURFACE_CURVE('',#7810,(#7815,#7822),.PCURVE_S1.);
#7810 = CIRCLE('',#7811,3.);
#7811 = AXIS2_PLACEMENT_3D('',#7812,#7813,#7814);
#7812 = CARTESIAN_POINT('',(41.,-32.,72.0000001));
#7813 = DIRECTION('',(0.,0.,1.));
#7814 = DIRECTION('',(0.,-1.,0.));
#7815 = PCURVE('',#3757,#7816);
#7816 = DEFINITIONAL_REPRESENTATION('',(#7817),#7821);
#7817 = CIRCLE('',#7818,3.);
#7818 = AXIS2_PLACEMENT_2D('',#7819,#7820);
#7819 = CARTESIAN_POINT('',(66.,120.));
#7820 = DIRECTION('',(0.,-1.));
#7821 = ( GEOMETRIC_REPRESENTATION_CONTEXT(2) 
PARAMETRIC_REPRESENTATION_CONTEXT() REPRESENTATION_CONTEXT('2D SPACE',''
  ) );
#7822 = PCURVE('',#7127,#7823);
#7823 = DEFINITIONAL_REPRESENTATION('',(#7824),#7828);
#7824 = LINE('',#7825,#7826);
#7825 = CARTESIAN_POINT('',(-1.570796326795,8.));
#7826 = VECTOR('',#7827,1.);
#7827 = DIRECTION('',(1.,0.));
#7828 = ( GEOMETRIC_REPRESENTATION_CONTEXT(2) 
PARAMETRIC_REPRESENTATION_CONTEXT() REPRESENTATION_CONTEXT('2D SPACE',''
  ) );
#7829 = ORIENTED_EDGE('',*,*,#7830,.F.);
#7830 = EDGE_CURVE('',#7831,#7807,#7833,.T.);
#7831 = VERTEX_POINT('',#7832);
#7832 = CARTESIAN_POINT('',(39.,-29.,72.0000001));
#7833 = SURFACE_CURVE('',#7834,(#7838,#7845),.PCURVE_S1.);
#7834 = LINE('',#7835,#7836);
#7835 = CARTESIAN_POINT('',(-44.,-29.,72.0000001));
#7836 = VECTOR('',#7837,1.);
#7837 = DIRECTION('',(1.,0.,0.));
#7838 = PCURVE('',#3757,#7839);
#7839 = DEFINITIONAL_REPRESENTATION('',(#7840),#7844);
#7840 = LINE('',#7841,#7842);
#7841 = CARTESIAN_POINT('',(-19.,123.));
#7842 = VECTOR('',#7843,1.);
#7843 = DIRECTION('',(1.,0.));
#7844 = ( GEOMETRIC_REPRESENTATION_CONTEXT(2) 
PARAMETRIC_REPRESENTATION_CONTEXT() REPRESENTATION_CONTEXT('2D SPACE',''
  ) );
#7845 = PCURVE('',#7155,#7846);
#7846 = DEFINITIONAL_REPRESENTATION('',(#7847),#7851);
#7847 = LINE('',#7848,#7849);
#7848 = CARTESIAN_POINT('',(8.,0.));
#7849 = VECTOR('',#7850,1.);
#7850 = DIRECTION('',(0.,1.));
#7851 = ( GEOMETRIC_REPRESENTATION_CONTEXT(2) 
PARAMETRIC_REPRESENTATION_CONTEXT() REPRESENTATION_CONTEXT('2D SPACE',''
  ) );
#7852 = ORIENTED_EDGE('',*,*,#7853,.F.);
#7853 = EDGE_CURVE('',#7854,#7831,#7856,.T.);
#7854 = VERTEX_POINT('',#7855);
#7855 = CARTESIAN_POINT('',(39.,-32.,72.0000001));
#7856 = SURFACE_CURVE('',#7857,(#7861,#7868),.PCURVE_S1.);
#7857 = LINE('',#7858,#7859);
#7858 = CARTESIAN_POINT('',(39.,-94.,72.0000001));
#7859 = VECTOR('',#7860,1.);
#7860 = DIRECTION('',(0.,1.,0.));
#7861 = PCURVE('',#3757,#7862);
#7862 = DEFINITIONAL_REPRESENTATION('',(#7863),#7867);
#7863 = LINE('',#7864,#7865);
#7864 = CARTESIAN_POINT('',(64.,58.));
#7865 = VECTOR('',#7866,1.);
#7866 = DIRECTION('',(0.,1.));
#7867 = ( GEOMETRIC_REPRESENTATION_CONTEXT(2) 
PARAMETRIC_REPRESENTATION_CONTEXT() REPRESENTATION_CONTEXT('2D SPACE',''
  ) );
#7868 = PCURVE('',#7869,#7874);
#7869 = PLANE('',#7870);
#7870 = AXIS2_PLACEMENT_3D('',#7871,#7872,#7873);
#7871 = CARTESIAN_POINT('',(39.,-36.,68.0000001));
#7872 = DIRECTION('',(1.,0.,0.));
#7873 = DIRECTION('',(0.,0.,1.));
#7874 = DEFINITIONAL_REPRESENTATION('',(#7875),#7879);
#7875 = LINE('',#7876,#7877);
#7876 = CARTESIAN_POINT('',(4.,58.));
#7877 = VECTOR('',#7878,1.);
#7878 = DIRECTION('',(0.,-1.));
#7879 = ( GEOMETRIC_REPRESENTATION_CONTEXT(2) 
PARAMETRIC_REPRESENTATION_CONTEXT() REPRESENTATION_CONTEXT('2D SPACE',''
  ) );
#7880 = ORIENTED_EDGE('',*,*,#7881,.F.);
#7881 = EDGE_CURVE('',#7882,#7854,#7884,.T.);
#7882 = VERTEX_POINT('',#7883);
#7883 = CARTESIAN_POINT('',(41.5,-32.,72.0000001));
#7884 = SURFACE_CURVE('',#7885,(#7889,#7896),.PCURVE_S1.);
#7885 = LINE('',#7886,#7887);
#7886 = CARTESIAN_POINT('',(6.75,-32.,72.0000001));
#7887 = VECTOR('',#7888,1.);
#7888 = DIRECTION('',(-1.,0.,0.));
#7889 = PCURVE('',#3757,#7890);
#7890 = DEFINITIONAL_REPRESENTATION('',(#7891),#7895);
#7891 = LINE('',#7892,#7893);
#7892 = CARTESIAN_POINT('',(31.75,120.));
#7893 = VECTOR('',#7894,1.);
#7894 = DIRECTION('',(-1.,0.));
#7895 = ( GEOMETRIC_REPRESENTATION_CONTEXT(2) 
PARAMETRIC_REPRESENTATION_CONTEXT() REPRESENTATION_CONTEXT('2D SPACE',''
  ) );
#7896 = PCURVE('',#7388,#7897);
#7897 = DEFINITIONAL_REPRESENTATION('',(#7898),#7902);
#7898 = LINE('',#7899,#7900);
#7899 = CARTESIAN_POINT('',(10.,-31.75));
#7900 = VECTOR('',#7901,1.);
#7901 = DIRECTION('',(0.,-1.));
#7902 = ( GEOMETRIC_REPRESENTATION_CONTEXT(2) 
PARAMETRIC_REPRESENTATION_CONTEXT() REPRESENTATION_CONTEXT('2D SPACE',''
  ) );
#7903 = ORIENTED_EDGE('',*,*,#7904,.F.);
#7904 = EDGE_CURVE('',#7905,#7882,#7907,.T.);
#7905 = VERTEX_POINT('',#7906);
#7906 = CARTESIAN_POINT('',(41.5,-58.,72.0000001));
#7907 = SURFACE_CURVE('',#7908,(#7912,#7919),.PCURVE_S1.);
#7908 = LINE('',#7909,#7910);
#7909 = CARTESIAN_POINT('',(41.5,-105.,72.0000001));
#7910 = VECTOR('',#7911,1.);
#7911 = DIRECTION('',(0.,1.,0.));
#7912 = PCURVE('',#3757,#7913);
#7913 = DEFINITIONAL_REPRESENTATION('',(#7914),#7918);
#7914 = LINE('',#7915,#7916);
#7915 = CARTESIAN_POINT('',(66.5,47.));
#7916 = VECTOR('',#7917,1.);
#7917 = DIRECTION('',(0.,1.));
#7918 = ( GEOMETRIC_REPRESENTATION_CONTEXT(2) 
PARAMETRIC_REPRESENTATION_CONTEXT() REPRESENTATION_CONTEXT('2D SPACE',''
  ) );
#7919 = PCURVE('',#7414,#7920);
#7920 = DEFINITIONAL_REPRESENTATION('',(#7921),#7925);
#7921 = LINE('',#7922,#7923);
#7922 = CARTESIAN_POINT('',(10.,47.));
#7923 = VECTOR('',#7924,1.);
#7924 = DIRECTION('',(0.,-1.));
#7925 = ( GEOMETRIC_REPRESENTATION_CONTEXT(2) 
PARAMETRIC_REPRESENTATION_CONTEXT() REPRESENTATION_CONTEXT('2D SPACE',''
  ) );
#7926 = ORIENTED_EDGE('',*,*,#7927,.T.);
#7927 = EDGE_CURVE('',#7905,#7928,#7930,.T.);
#7928 = VERTEX_POINT('',#7929);
#7929 = CARTESIAN_POINT('',(38.5,-58.,72.0000001));
#7930 = SURFACE_CURVE('',#7931,(#7935,#7942),.PCURVE_S1.);
#7931 = LINE('',#7932,#7933);
#7932 = CARTESIAN_POINT('',(6.75,-58.,72.0000001));
#7933 = VECTOR('',#7934,1.);
#7934 = DIRECTION('',(-1.,0.,0.));
#7935 = PCURVE('',#3757,#7936);
#7936 = DEFINITIONAL_REPRESENTATION('',(#7937),#7941);
#7937 = LINE('',#7938,#7939);
#7938 = CARTESIAN_POINT('',(31.75,94.));
#7939 = VECTOR('',#7940,1.);
#7940 = DIRECTION('',(-1.,0.));
#7941 = ( GEOMETRIC_REPRESENTATION_CONTEXT(2) 
PARAMETRIC_REPRESENTATION_CONTEXT() REPRESENTATION_CONTEXT('2D SPACE',''
  ) );
#7942 = PCURVE('',#7332,#7943);
#7943 = DEFINITIONAL_REPRESENTATION('',(#7944),#7948);
#7944 = LINE('',#7945,#7946);
#7945 = CARTESIAN_POINT('',(10.,-31.75));
#7946 = VECTOR('',#7947,1.);
#7947 = DIRECTION('',(0.,-1.));
#7948 = ( GEOMETRIC_REPRESENTATION_CONTEXT(2) 
PARAMETRIC_REPRESENTATION_CONTEXT() REPRESENTATION_CONTEXT('2D SPACE',''
  ) );
#7949 = ORIENTED_EDGE('',*,*,#7950,.T.);
#7950 = EDGE_CURVE('',#7928,#7951,#7953,.T.);
#7951 = VERTEX_POINT('',#7952);
#7952 = CARTESIAN_POINT('',(38.5,-36.,72.0000001));
#7953 = SURFACE_CURVE('',#7954,(#7958,#7965),.PCURVE_S1.);
#7954 = LINE('',#7955,#7956);
#7955 = CARTESIAN_POINT('',(38.5,-105.,72.0000001));
#7956 = VECTOR('',#7957,1.);
#7957 = DIRECTION('',(0.,1.,0.));
#7958 = PCURVE('',#3757,#7959);
#7959 = DEFINITIONAL_REPRESENTATION('',(#7960),#7964);
#7960 = LINE('',#7961,#7962);
#7961 = CARTESIAN_POINT('',(63.5,47.));
#7962 = VECTOR('',#7963,1.);
#7963 = DIRECTION('',(0.,1.));
#7964 = ( GEOMETRIC_REPRESENTATION_CONTEXT(2) 
PARAMETRIC_REPRESENTATION_CONTEXT() REPRESENTATION_CONTEXT('2D SPACE',''
  ) );
#7965 = PCURVE('',#7360,#7966);
#7966 = DEFINITIONAL_REPRESENTATION('',(#7967),#7971);
#7967 = LINE('',#7968,#7969);
#7968 = CARTESIAN_POINT('',(10.,47.));
#7969 = VECTOR('',#7970,1.);
#7970 = DIRECTION('',(0.,-1.));
#7971 = ( GEOMETRIC_REPRESENTATION_CONTEXT(2) 
PARAMETRIC_REPRESENTATION_CONTEXT() REPRESENTATION_CONTEXT('2D SPACE',''
  ) );
#7972 = ORIENTED_EDGE('',*,*,#7973,.T.);
#7973 = EDGE_CURVE('',#7951,#7974,#7976,.T.);
#7974 = VERTEX_POINT('',#7975);
#7975 = CARTESIAN_POINT('',(-38.5,-36.,72.0000001));
#7976 = SURFACE_CURVE('',#7977,(#7981,#7988),.PCURVE_S1.);
#7977 = LINE('',#7978,#7979);
#7978 = CARTESIAN_POINT('',(-32.,-36.,72.0000001));
#7979 = VECTOR('',#7980,1.);
#7980 = DIRECTION('',(-1.,0.,0.));
#7981 = PCURVE('',#3757,#7982);
#7982 = DEFINITIONAL_REPRESENTATION('',(#7983),#7987);
#7983 = LINE('',#7984,#7985);
#7984 = CARTESIAN_POINT('',(-7.,116.));
#7985 = VECTOR('',#7986,1.);
#7986 = DIRECTION('',(-1.,0.));
#7987 = ( GEOMETRIC_REPRESENTATION_CONTEXT(2) 
PARAMETRIC_REPRESENTATION_CONTEXT() REPRESENTATION_CONTEXT('2D SPACE',''
  ) );
#7988 = PCURVE('',#7989,#7994);
#7989 = PLANE('',#7990);
#7990 = AXIS2_PLACEMENT_3D('',#7991,#7992,#7993);
#7991 = CARTESIAN_POINT('',(-39.,-36.,68.0000001));
#7992 = DIRECTION('',(0.,1.,0.));
#7993 = DIRECTION('',(0.,-0.,1.));
#7994 = DEFINITIONAL_REPRESENTATION('',(#7995),#7999);
#7995 = LINE('',#7996,#7997);
#7996 = CARTESIAN_POINT('',(4.,7.));
#7997 = VECTOR('',#7998,1.);
#7998 = DIRECTION('',(0.,-1.));
#7999 = ( GEOMETRIC_REPRESENTATION_CONTEXT(2) 
PARAMETRIC_REPRESENTATION_CONTEXT() REPRESENTATION_CONTEXT('2D SPACE',''
  ) );
#8000 = ORIENTED_EDGE('',*,*,#8001,.F.);
#8001 = EDGE_CURVE('',#8002,#7974,#8004,.T.);
#8002 = VERTEX_POINT('',#8003);
#8003 = CARTESIAN_POINT('',(-38.5,-58.,72.0000001));
#8004 = SURFACE_CURVE('',#8005,(#8009,#8016),.PCURVE_S1.);
#8005 = LINE('',#8006,#8007);
#8006 = CARTESIAN_POINT('',(-38.5,-105.,72.0000001));
#8007 = VECTOR('',#8008,1.);
#8008 = DIRECTION('',(0.,1.,0.));
#8009 = PCURVE('',#3757,#8010);
#8010 = DEFINITIONAL_REPRESENTATION('',(#8011),#8015);
#8011 = LINE('',#8012,#8013);
#8012 = CARTESIAN_POINT('',(-13.5,47.));
#8013 = VECTOR('',#8014,1.);
#8014 = DIRECTION('',(0.,1.));
#8015 = ( GEOMETRIC_REPRESENTATION_CONTEXT(2) 
PARAMETRIC_REPRESENTATION_CONTEXT() REPRESENTATION_CONTEXT('2D SPACE',''
  ) );
#8016 = PCURVE('',#7300,#8017);
#8017 = DEFINITIONAL_REPRESENTATION('',(#8018),#8022);
#8018 = LINE('',#8019,#8020);
#8019 = CARTESIAN_POINT('',(10.,47.));
#8020 = VECTOR('',#8021,1.);
#8021 = DIRECTION('',(0.,-1.));
#8022 = ( GEOMETRIC_REPRESENTATION_CONTEXT(2) 
PARAMETRIC_REPRESENTATION_CONTEXT() REPRESENTATION_CONTEXT('2D SPACE',''
  ) );
#8023 = ORIENTED_EDGE('',*,*,#8024,.T.);
#8024 = EDGE_CURVE('',#8002,#8025,#8027,.T.);
#8025 = VERTEX_POINT('',#8026);
#8026 = CARTESIAN_POINT('',(-41.5,-58.,72.0000001));
#8027 = SURFACE_CURVE('',#8028,(#8032,#8039),.PCURVE_S1.);
#8028 = LINE('',#8029,#8030);
#8029 = CARTESIAN_POINT('',(-33.25,-58.,72.0000001));
#8030 = VECTOR('',#8031,1.);
#8031 = DIRECTION('',(-1.,0.,0.));
#8032 = PCURVE('',#3757,#8033);
#8033 = DEFINITIONAL_REPRESENTATION('',(#8034),#8038);
#8034 = LINE('',#8035,#8036);
#8035 = CARTESIAN_POINT('',(-8.25,94.));
#8036 = VECTOR('',#8037,1.);
#8037 = DIRECTION('',(-1.,0.));
#8038 = ( GEOMETRIC_REPRESENTATION_CONTEXT(2) 
PARAMETRIC_REPRESENTATION_CONTEXT() REPRESENTATION_CONTEXT('2D SPACE',''
  ) );
#8039 = PCURVE('',#7218,#8040);
#8040 = DEFINITIONAL_REPRESENTATION('',(#8041),#8045);
#8041 = LINE('',#8042,#8043);
#8042 = CARTESIAN_POINT('',(10.,8.25));
#8043 = VECTOR('',#8044,1.);
#8044 = DIRECTION('',(0.,-1.));
#8045 = ( GEOMETRIC_REPRESENTATION_CONTEXT(2) 
PARAMETRIC_REPRESENTATION_CONTEXT() REPRESENTATION_CONTEXT('2D SPACE',''
  ) );
#8046 = ORIENTED_EDGE('',*,*,#8047,.T.);
#8047 = EDGE_CURVE('',#8025,#8048,#8050,.T.);
#8048 = VERTEX_POINT('',#8049);
#8049 = CARTESIAN_POINT('',(-41.5,-32.,72.0000001));
#8050 = SURFACE_CURVE('',#8051,(#8055,#8062),.PCURVE_S1.);
#8051 = LINE('',#8052,#8053);
#8052 = CARTESIAN_POINT('',(-41.5,-105.,72.0000001));
#8053 = VECTOR('',#8054,1.);
#8054 = DIRECTION('',(0.,1.,0.));
#8055 = PCURVE('',#3757,#8056);
#8056 = DEFINITIONAL_REPRESENTATION('',(#8057),#8061);
#8057 = LINE('',#8058,#8059);
#8058 = CARTESIAN_POINT('',(-16.5,47.));
#8059 = VECTOR('',#8060,1.);
#8060 = DIRECTION('',(0.,1.));
#8061 = ( GEOMETRIC_REPRESENTATION_CONTEXT(2) 
PARAMETRIC_REPRESENTATION_CONTEXT() REPRESENTATION_CONTEXT('2D SPACE',''
  ) );
#8062 = PCURVE('',#7246,#8063);
#8063 = DEFINITIONAL_REPRESENTATION('',(#8064),#8068);
#8064 = LINE('',#8065,#8066);
#8065 = CARTESIAN_POINT('',(10.,47.));
#8066 = VECTOR('',#8067,1.);
#8067 = DIRECTION('',(0.,-1.));
#8068 = ( GEOMETRIC_REPRESENTATION_CONTEXT(2) 
PARAMETRIC_REPRESENTATION_CONTEXT() REPRESENTATION_CONTEXT('2D SPACE',''
  ) );
#8069 = ORIENTED_EDGE('',*,*,#8070,.F.);
#8070 = EDGE_CURVE('',#8071,#8048,#8073,.T.);
#8071 = VERTEX_POINT('',#8072);
#8072 = CARTESIAN_POINT('',(-39.,-32.,72.0000001));
#8073 = SURFACE_CURVE('',#8074,(#8078,#8085),.PCURVE_S1.);
#8074 = LINE('',#8075,#8076);
#8075 = CARTESIAN_POINT('',(-33.25,-32.,72.0000001));
#8076 = VECTOR('',#8077,1.);
#8077 = DIRECTION('',(-1.,0.,0.));
#8078 = PCURVE('',#3757,#8079);
#8079 = DEFINITIONAL_REPRESENTATION('',(#8080),#8084);
#8080 = LINE('',#8081,#8082);
#8081 = CARTESIAN_POINT('',(-8.25,120.));
#8082 = VECTOR('',#8083,1.);
#8083 = DIRECTION('',(-1.,0.));
#8084 = ( GEOMETRIC_REPRESENTATION_CONTEXT(2) 
PARAMETRIC_REPRESENTATION_CONTEXT() REPRESENTATION_CONTEXT('2D SPACE',''
  ) );
#8085 = PCURVE('',#7274,#8086);
#8086 = DEFINITIONAL_REPRESENTATION('',(#8087),#8091);
#8087 = LINE('',#8088,#8089);
#8088 = CARTESIAN_POINT('',(10.,8.25));
#8089 = VECTOR('',#8090,1.);
#8090 = DIRECTION('',(0.,-1.));
#8091 = ( GEOMETRIC_REPRESENTATION_CONTEXT(2) 
PARAMETRIC_REPRESENTATION_CONTEXT() REPRESENTATION_CONTEXT('2D SPACE',''
  ) );
#8092 = ORIENTED_EDGE('',*,*,#8093,.T.);
#8093 = EDGE_CURVE('',#8071,#8094,#8096,.T.);
#8094 = VERTEX_POINT('',#8095);
#8095 = CARTESIAN_POINT('',(-39.,-29.,72.0000001));
#8096 = SURFACE_CURVE('',#8097,(#8101,#8108),.PCURVE_S1.);
#8097 = LINE('',#8098,#8099);
#8098 = CARTESIAN_POINT('',(-39.,-94.,72.0000001));
#8099 = VECTOR('',#8100,1.);
#8100 = DIRECTION('',(0.,1.,0.));
#8101 = PCURVE('',#3757,#8102);
#8102 = DEFINITIONAL_REPRESENTATION('',(#8103),#8107);
#8103 = LINE('',#8104,#8105);
#8104 = CARTESIAN_POINT('',(-14.,58.));
#8105 = VECTOR('',#8106,1.);
#8106 = DIRECTION('',(0.,1.));
#8107 = ( GEOMETRIC_REPRESENTATION_CONTEXT(2) 
PARAMETRIC_REPRESENTATION_CONTEXT() REPRESENTATION_CONTEXT('2D SPACE',''
  ) );
#8108 = PCURVE('',#8109,#8114);
#8109 = PLANE('',#8110);
#8110 = AXIS2_PLACEMENT_3D('',#8111,#8112,#8113);
#8111 = CARTESIAN_POINT('',(-39.,-36.,68.0000001));
#8112 = DIRECTION('',(1.,0.,0.));
#8113 = DIRECTION('',(0.,0.,1.));
#8114 = DEFINITIONAL_REPRESENTATION('',(#8115),#8119);
#8115 = LINE('',#8116,#8117);
#8116 = CARTESIAN_POINT('',(4.,58.));
#8117 = VECTOR('',#8118,1.);
#8118 = DIRECTION('',(0.,-1.));
#8119 = ( GEOMETRIC_REPRESENTATION_CONTEXT(2) 
PARAMETRIC_REPRESENTATION_CONTEXT() REPRESENTATION_CONTEXT('2D SPACE',''
  ) );
#8120 = ORIENTED_EDGE('',*,*,#8121,.F.);
#8121 = EDGE_CURVE('',#8122,#8094,#8124,.T.);
#8122 = VERTEX_POINT('',#8123);
#8123 = CARTESIAN_POINT('',(-41.,-29.,72.0000001));
#8124 = SURFACE_CURVE('',#8125,(#8129,#8136),.PCURVE_S1.);
#8125 = LINE('',#8126,#8127);
#8126 = CARTESIAN_POINT('',(-44.,-29.,72.0000001));
#8127 = VECTOR('',#8128,1.);
#8128 = DIRECTION('',(1.,0.,0.));
#8129 = PCURVE('',#3757,#8130);
#8130 = DEFINITIONAL_REPRESENTATION('',(#8131),#8135);
#8131 = LINE('',#8132,#8133);
#8132 = CARTESIAN_POINT('',(-19.,123.));
#8133 = VECTOR('',#8134,1.);
#8134 = DIRECTION('',(1.,0.));
#8135 = ( GEOMETRIC_REPRESENTATION_CONTEXT(2) 
PARAMETRIC_REPRESENTATION_CONTEXT() REPRESENTATION_CONTEXT('2D SPACE',''
  ) );
#8136 = PCURVE('',#7155,#8137);
#8137 = DEFINITIONAL_REPRESENTATION('',(#8138),#8142);
#8138 = LINE('',#8139,#8140);
#8139 = CARTESIAN_POINT('',(8.,0.));
#8140 = VECTOR('',#8141,1.);
#8141 = DIRECTION('',(0.,1.));
#8142 = ( GEOMETRIC_REPRESENTATION_CONTEXT(2) 
PARAMETRIC_REPRESENTATION_CONTEXT() REPRESENTATION_CONTEXT('2D SPACE',''
  ) );
#8143 = ORIENTED_EDGE('',*,*,#8144,.F.);
#8144 = EDGE_CURVE('',#8145,#8122,#8147,.T.);
#8145 = VERTEX_POINT('',#8146);
#8146 = CARTESIAN_POINT('',(-44.,-32.,72.0000001));
#8147 = SURFACE_CURVE('',#8148,(#8153,#8164),.PCURVE_S1.);
#8148 = CIRCLE('',#8149,3.);
#8149 = AXIS2_PLACEMENT_3D('',#8150,#8151,#8152);
#8150 = CARTESIAN_POINT('',(-41.,-32.,72.0000001));
#8151 = DIRECTION('',(-0.,-0.,-1.));
#8152 = DIRECTION('',(0.,-1.,0.));
#8153 = PCURVE('',#3757,#8154);
#8154 = DEFINITIONAL_REPRESENTATION('',(#8155),#8163);
#8155 = ( BOUNDED_CURVE() B_SPLINE_CURVE(2,(#8156,#8157,#8158,#8159,
#8160,#8161,#8162),.UNSPECIFIED.,.T.,.F.) B_SPLINE_CURVE_WITH_KNOTS((1,2
    ,2,2,2,1),(-2.094395102393,0.,2.094395102393,4.188790204786,
6.28318530718,8.377580409573),.UNSPECIFIED.) CURVE() 
GEOMETRIC_REPRESENTATION_ITEM() RATIONAL_B_SPLINE_CURVE((1.,0.5,1.,0.5,
1.,0.5,1.)) REPRESENTATION_ITEM('') );
#8156 = CARTESIAN_POINT('',(-16.,117.));
#8157 = CARTESIAN_POINT('',(-21.1961524227,117.));
#8158 = CARTESIAN_POINT('',(-18.59807621135,121.5));
#8159 = CARTESIAN_POINT('',(-16.,126.));
#8160 = CARTESIAN_POINT('',(-13.40192378864,121.5));
#8161 = CARTESIAN_POINT('',(-10.80384757729,117.));
#8162 = CARTESIAN_POINT('',(-16.,117.));
#8163 = ( GEOMETRIC_REPRESENTATION_CONTEXT(2) 
PARAMETRIC_REPRESENTATION_CONTEXT() REPRESENTATION_CONTEXT('2D SPACE',''
  ) );
#8164 = PCURVE('',#7186,#8165);
#8165 = DEFINITIONAL_REPRESENTATION('',(#8166),#8170);
#8166 = LINE('',#8167,#8168);
#8167 = CARTESIAN_POINT('',(7.853981633975,8.));
#8168 = VECTOR('',#8169,1.);
#8169 = DIRECTION('',(-1.,0.));
#8170 = ( GEOMETRIC_REPRESENTATION_CONTEXT(2) 
PARAMETRIC_REPRESENTATION_CONTEXT() REPRESENTATION_CONTEXT('2D SPACE',''
  ) );
#8171 = ORIENTED_EDGE('',*,*,#8172,.F.);
#8172 = EDGE_CURVE('',#8173,#8145,#8175,.T.);
#8173 = VERTEX_POINT('',#8174);
#8174 = CARTESIAN_POINT('',(-44.,-58.,72.0000001));
#8175 = SURFACE_CURVE('',#8176,(#8180,#8187),.PCURVE_S1.);
#8176 = LINE('',#8177,#8178);
#8177 = CARTESIAN_POINT('',(-44.,-61.,72.0000001));
#8178 = VECTOR('',#8179,1.);
#8179 = DIRECTION('',(0.,1.,0.));
#8180 = PCURVE('',#3757,#8181);
#8181 = DEFINITIONAL_REPRESENTATION('',(#8182),#8186);
#8182 = LINE('',#8183,#8184);
#8183 = CARTESIAN_POINT('',(-19.,91.));
#8184 = VECTOR('',#8185,1.);
#8185 = DIRECTION('',(0.,1.));
#8186 = ( GEOMETRIC_REPRESENTATION_CONTEXT(2) 
PARAMETRIC_REPRESENTATION_CONTEXT() REPRESENTATION_CONTEXT('2D SPACE',''
  ) );
#8187 = PCURVE('',#6937,#8188);
#8188 = DEFINITIONAL_REPRESENTATION('',(#8189),#8193);
#8189 = LINE('',#8190,#8191);
#8190 = CARTESIAN_POINT('',(8.,0.));
#8191 = VECTOR('',#8192,1.);
#8192 = DIRECTION('',(0.,-1.));
#8193 = ( GEOMETRIC_REPRESENTATION_CONTEXT(2) 
PARAMETRIC_REPRESENTATION_CONTEXT() REPRESENTATION_CONTEXT('2D SPACE',''
  ) );
#8194 = ORIENTED_EDGE('',*,*,#8195,.T.);
#8195 = EDGE_CURVE('',#8173,#7431,#8196,.T.);
#8196 = SURFACE_CURVE('',#8197,(#8202,#8209),.PCURVE_S1.);
#8197 = CIRCLE('',#8198,3.);
#8198 = AXIS2_PLACEMENT_3D('',#8199,#8200,#8201);
#8199 = CARTESIAN_POINT('',(-41.,-58.,72.0000001));
#8200 = DIRECTION('',(0.,0.,1.));
#8201 = DIRECTION('',(0.,-1.,0.));
#8202 = PCURVE('',#3757,#8203);
#8203 = DEFINITIONAL_REPRESENTATION('',(#8204),#8208);
#8204 = CIRCLE('',#8205,3.);
#8205 = AXIS2_PLACEMENT_2D('',#8206,#8207);
#8206 = CARTESIAN_POINT('',(-16.,94.));
#8207 = DIRECTION('',(0.,-1.));
#8208 = ( GEOMETRIC_REPRESENTATION_CONTEXT(2) 
PARAMETRIC_REPRESENTATION_CONTEXT() REPRESENTATION_CONTEXT('2D SPACE',''
  ) );
#8209 = PCURVE('',#6966,#8210);
#8210 = DEFINITIONAL_REPRESENTATION('',(#8211),#8215);
#8211 = LINE('',#8212,#8213);
#8212 = CARTESIAN_POINT('',(-4.712388980385,8.));
#8213 = VECTOR('',#8214,1.);
#8214 = DIRECTION('',(1.,0.));
#8215 = ( GEOMETRIC_REPRESENTATION_CONTEXT(2) 
PARAMETRIC_REPRESENTATION_CONTEXT() REPRESENTATION_CONTEXT('2D SPACE',''
  ) );
#8216 = ORIENTED_EDGE('',*,*,#7453,.T.);
#8217 = FACE_BOUND('',#8218,.T.);
#8218 = EDGE_LOOP('',(#8219,#8249,#8277,#8305));
#8219 = ORIENTED_EDGE('',*,*,#8220,.T.);
#8220 = EDGE_CURVE('',#8221,#8223,#8225,.T.);
#8221 = VERTEX_POINT('',#8222);
#8222 = CARTESIAN_POINT('',(-38.5,-153.,72.0000001));
#8223 = VERTEX_POINT('',#8224);
#8224 = CARTESIAN_POINT('',(-41.5,-153.,72.0000001));
#8225 = SURFACE_CURVE('',#8226,(#8230,#8237),.PCURVE_S1.);
#8226 = LINE('',#8227,#8228);
#8227 = CARTESIAN_POINT('',(-33.25,-153.,72.0000001));
#8228 = VECTOR('',#8229,1.);
#8229 = DIRECTION('',(-1.,0.,0.));
#8230 = PCURVE('',#3757,#8231);
#8231 = DEFINITIONAL_REPRESENTATION('',(#8232),#8236);
#8232 = LINE('',#8233,#8234);
#8233 = CARTESIAN_POINT('',(-8.25,-1.));
#8234 = VECTOR('',#8235,1.);
#8235 = DIRECTION('',(-1.,0.));
#8236 = ( GEOMETRIC_REPRESENTATION_CONTEXT(2) 
PARAMETRIC_REPRESENTATION_CONTEXT() REPRESENTATION_CONTEXT('2D SPACE',''
  ) );
#8237 = PCURVE('',#8238,#8243);
#8238 = PLANE('',#8239);
#8239 = AXIS2_PLACEMENT_3D('',#8240,#8241,#8242);
#8240 = CARTESIAN_POINT('',(-41.5,-153.,62.0000001));
#8241 = DIRECTION('',(0.,1.,0.));
#8242 = DIRECTION('',(0.,-0.,1.));
#8243 = DEFINITIONAL_REPRESENTATION('',(#8244),#8248);
#8244 = LINE('',#8245,#8246);
#8245 = CARTESIAN_POINT('',(10.,8.25));
#8246 = VECTOR('',#8247,1.);
#8247 = DIRECTION('',(0.,-1.));
#8248 = ( GEOMETRIC_REPRESENTATION_CONTEXT(2) 
PARAMETRIC_REPRESENTATION_CONTEXT() REPRESENTATION_CONTEXT('2D SPACE',''
  ) );
#8249 = ORIENTED_EDGE('',*,*,#8250,.T.);
#8250 = EDGE_CURVE('',#8223,#8251,#8253,.T.);
#8251 = VERTEX_POINT('',#8252);
#8252 = CARTESIAN_POINT('',(-41.5,-127.,72.0000001));
#8253 = SURFACE_CURVE('',#8254,(#8258,#8265),.PCURVE_S1.);
#8254 = LINE('',#8255,#8256);
#8255 = CARTESIAN_POINT('',(-41.5,-152.5,72.0000001));
#8256 = VECTOR('',#8257,1.);
#8257 = DIRECTION('',(0.,1.,0.));
#8258 = PCURVE('',#3757,#8259);
#8259 = DEFINITIONAL_REPRESENTATION('',(#8260),#8264);
#8260 = LINE('',#8261,#8262);
#8261 = CARTESIAN_POINT('',(-16.5,-0.5));
#8262 = VECTOR('',#8263,1.);
#8263 = DIRECTION('',(0.,1.));
#8264 = ( GEOMETRIC_REPRESENTATION_CONTEXT(2) 
PARAMETRIC_REPRESENTATION_CONTEXT() REPRESENTATION_CONTEXT('2D SPACE',''
  ) );
#8265 = PCURVE('',#8266,#8271);
#8266 = PLANE('',#8267);
#8267 = AXIS2_PLACEMENT_3D('',#8268,#8269,#8270);
#8268 = CARTESIAN_POINT('',(-41.5,-153.,62.0000001));
#8269 = DIRECTION('',(1.,0.,0.));
#8270 = DIRECTION('',(0.,0.,1.));
#8271 = DEFINITIONAL_REPRESENTATION('',(#8272),#8276);
#8272 = LINE('',#8273,#8274);
#8273 = CARTESIAN_POINT('',(10.,-0.5));
#8274 = VECTOR('',#8275,1.);
#8275 = DIRECTION('',(0.,-1.));
#8276 = ( GEOMETRIC_REPRESENTATION_CONTEXT(2) 
PARAMETRIC_REPRESENTATION_CONTEXT() REPRESENTATION_CONTEXT('2D SPACE',''
  ) );
#8277 = ORIENTED_EDGE('',*,*,#8278,.F.);
#8278 = EDGE_CURVE('',#8279,#8251,#8281,.T.);
#8279 = VERTEX_POINT('',#8280);
#8280 = CARTESIAN_POINT('',(-38.5,-127.,72.0000001));
#8281 = SURFACE_CURVE('',#8282,(#8286,#8293),.PCURVE_S1.);
#8282 = LINE('',#8283,#8284);
#8283 = CARTESIAN_POINT('',(-33.25,-127.,72.0000001));
#8284 = VECTOR('',#8285,1.);
#8285 = DIRECTION('',(-1.,0.,0.));
#8286 = PCURVE('',#3757,#8287);
#8287 = DEFINITIONAL_REPRESENTATION('',(#8288),#8292);
#8288 = LINE('',#8289,#8290);
#8289 = CARTESIAN_POINT('',(-8.25,25.));
#8290 = VECTOR('',#8291,1.);
#8291 = DIRECTION('',(-1.,0.));
#8292 = ( GEOMETRIC_REPRESENTATION_CONTEXT(2) 
PARAMETRIC_REPRESENTATION_CONTEXT() REPRESENTATION_CONTEXT('2D SPACE',''
  ) );
#8293 = PCURVE('',#8294,#8299);
#8294 = PLANE('',#8295);
#8295 = AXIS2_PLACEMENT_3D('',#8296,#8297,#8298);
#8296 = CARTESIAN_POINT('',(-41.5,-127.,62.0000001));
#8297 = DIRECTION('',(0.,1.,0.));
#8298 = DIRECTION('',(0.,-0.,1.));
#8299 = DEFINITIONAL_REPRESENTATION('',(#8300),#8304);
#8300 = LINE('',#8301,#8302);
#8301 = CARTESIAN_POINT('',(10.,8.25));
#8302 = VECTOR('',#8303,1.);
#8303 = DIRECTION('',(0.,-1.));
#8304 = ( GEOMETRIC_REPRESENTATION_CONTEXT(2) 
PARAMETRIC_REPRESENTATION_CONTEXT() REPRESENTATION_CONTEXT('2D SPACE',''
  ) );
#8305 = ORIENTED_EDGE('',*,*,#8306,.F.);
#8306 = EDGE_CURVE('',#8221,#8279,#8307,.T.);
#8307 = SURFACE_CURVE('',#8308,(#8312,#8319),.PCURVE_S1.);
#8308 = LINE('',#8309,#8310);
#8309 = CARTESIAN_POINT('',(-38.5,-152.5,72.0000001));
#8310 = VECTOR('',#8311,1.);
#8311 = DIRECTION('',(0.,1.,0.));
#8312 = PCURVE('',#3757,#8313);
#8313 = DEFINITIONAL_REPRESENTATION('',(#8314),#8318);
#8314 = LINE('',#8315,#8316);
#8315 = CARTESIAN_POINT('',(-13.5,-0.5));
#8316 = VECTOR('',#8317,1.);
#8317 = DIRECTION('',(0.,1.));
#8318 = ( GEOMETRIC_REPRESENTATION_CONTEXT(2) 
PARAMETRIC_REPRESENTATION_CONTEXT() REPRESENTATION_CONTEXT('2D SPACE',''
  ) );
#8319 = PCURVE('',#8320,#8325);
#8320 = PLANE('',#8321);
#8321 = AXIS2_PLACEMENT_3D('',#8322,#8323,#8324);
#8322 = CARTESIAN_POINT('',(-38.5,-153.,62.0000001));
#8323 = DIRECTION('',(1.,0.,0.));
#8324 = DIRECTION('',(0.,0.,1.));
#8325 = DEFINITIONAL_REPRESENTATION('',(#8326),#8330);
#8326 = LINE('',#8327,#8328);
#8327 = CARTESIAN_POINT('',(10.,-0.5));
#8328 = VECTOR('',#8329,1.);
#8329 = DIRECTION('',(0.,-1.));
#8330 = ( GEOMETRIC_REPRESENTATION_CONTEXT(2) 
PARAMETRIC_REPRESENTATION_CONTEXT() REPRESENTATION_CONTEXT('2D SPACE',''
  ) );
#8331 = FACE_BOUND('',#8332,.T.);
#8332 = EDGE_LOOP('',(#8333,#8363,#8391,#8419));
#8333 = ORIENTED_EDGE('',*,*,#8334,.T.);
#8334 = EDGE_CURVE('',#8335,#8337,#8339,.T.);
#8335 = VERTEX_POINT('',#8336);
#8336 = CARTESIAN_POINT('',(41.5,-153.,72.0000001));
#8337 = VERTEX_POINT('',#8338);
#8338 = CARTESIAN_POINT('',(38.5,-153.,72.0000001));
#8339 = SURFACE_CURVE('',#8340,(#8344,#8351),.PCURVE_S1.);
#8340 = LINE('',#8341,#8342);
#8341 = CARTESIAN_POINT('',(6.75,-153.,72.0000001));
#8342 = VECTOR('',#8343,1.);
#8343 = DIRECTION('',(-1.,0.,0.));
#8344 = PCURVE('',#3757,#8345);
#8345 = DEFINITIONAL_REPRESENTATION('',(#8346),#8350);
#8346 = LINE('',#8347,#8348);
#8347 = CARTESIAN_POINT('',(31.75,-1.));
#8348 = VECTOR('',#8349,1.);
#8349 = DIRECTION('',(-1.,0.));
#8350 = ( GEOMETRIC_REPRESENTATION_CONTEXT(2) 
PARAMETRIC_REPRESENTATION_CONTEXT() REPRESENTATION_CONTEXT('2D SPACE',''
  ) );
#8351 = PCURVE('',#8352,#8357);
#8352 = PLANE('',#8353);
#8353 = AXIS2_PLACEMENT_3D('',#8354,#8355,#8356);
#8354 = CARTESIAN_POINT('',(38.5,-153.,62.0000001));
#8355 = DIRECTION('',(0.,1.,0.));
#8356 = DIRECTION('',(0.,-0.,1.));
#8357 = DEFINITIONAL_REPRESENTATION('',(#8358),#8362);
#8358 = LINE('',#8359,#8360);
#8359 = CARTESIAN_POINT('',(10.,-31.75));
#8360 = VECTOR('',#8361,1.);
#8361 = DIRECTION('',(0.,-1.));
#8362 = ( GEOMETRIC_REPRESENTATION_CONTEXT(2) 
PARAMETRIC_REPRESENTATION_CONTEXT() REPRESENTATION_CONTEXT('2D SPACE',''
  ) );
#8363 = ORIENTED_EDGE('',*,*,#8364,.T.);
#8364 = EDGE_CURVE('',#8337,#8365,#8367,.T.);
#8365 = VERTEX_POINT('',#8366);
#8366 = CARTESIAN_POINT('',(38.5,-127.,72.0000001));
#8367 = SURFACE_CURVE('',#8368,(#8372,#8379),.PCURVE_S1.);
#8368 = LINE('',#8369,#8370);
#8369 = CARTESIAN_POINT('',(38.5,-152.5,72.0000001));
#8370 = VECTOR('',#8371,1.);
#8371 = DIRECTION('',(0.,1.,0.));
#8372 = PCURVE('',#3757,#8373);
#8373 = DEFINITIONAL_REPRESENTATION('',(#8374),#8378);
#8374 = LINE('',#8375,#8376);
#8375 = CARTESIAN_POINT('',(63.5,-0.5));
#8376 = VECTOR('',#8377,1.);
#8377 = DIRECTION('',(0.,1.));
#8378 = ( GEOMETRIC_REPRESENTATION_CONTEXT(2) 
PARAMETRIC_REPRESENTATION_CONTEXT() REPRESENTATION_CONTEXT('2D SPACE',''
  ) );
#8379 = PCURVE('',#8380,#8385);
#8380 = PLANE('',#8381);
#8381 = AXIS2_PLACEMENT_3D('',#8382,#8383,#8384);
#8382 = CARTESIAN_POINT('',(38.5,-153.,62.0000001));
#8383 = DIRECTION('',(1.,0.,0.));
#8384 = DIRECTION('',(0.,0.,1.));
#8385 = DEFINITIONAL_REPRESENTATION('',(#8386),#8390);
#8386 = LINE('',#8387,#8388);
#8387 = CARTESIAN_POINT('',(10.,-0.5));
#8388 = VECTOR('',#8389,1.);
#8389 = DIRECTION('',(0.,-1.));
#8390 = ( GEOMETRIC_REPRESENTATION_CONTEXT(2) 
PARAMETRIC_REPRESENTATION_CONTEXT() REPRESENTATION_CONTEXT('2D SPACE',''
  ) );
#8391 = ORIENTED_EDGE('',*,*,#8392,.F.);
#8392 = EDGE_CURVE('',#8393,#8365,#8395,.T.);
#8393 = VERTEX_POINT('',#8394);
#8394 = CARTESIAN_POINT('',(41.5,-127.,72.0000001));
#8395 = SURFACE_CURVE('',#8396,(#8400,#8407),.PCURVE_S1.);
#8396 = LINE('',#8397,#8398);
#8397 = CARTESIAN_POINT('',(6.75,-127.,72.0000001));
#8398 = VECTOR('',#8399,1.);
#8399 = DIRECTION('',(-1.,0.,0.));
#8400 = PCURVE('',#3757,#8401);
#8401 = DEFINITIONAL_REPRESENTATION('',(#8402),#8406);
#8402 = LINE('',#8403,#8404);
#8403 = CARTESIAN_POINT('',(31.75,25.));
#8404 = VECTOR('',#8405,1.);
#8405 = DIRECTION('',(-1.,0.));
#8406 = ( GEOMETRIC_REPRESENTATION_CONTEXT(2) 
PARAMETRIC_REPRESENTATION_CONTEXT() REPRESENTATION_CONTEXT('2D SPACE',''
  ) );
#8407 = PCURVE('',#8408,#8413);
#8408 = PLANE('',#8409);
#8409 = AXIS2_PLACEMENT_3D('',#8410,#8411,#8412);
#8410 = CARTESIAN_POINT('',(38.5,-127.,62.0000001));
#8411 = DIRECTION('',(0.,1.,0.));
#8412 = DIRECTION('',(0.,-0.,1.));
#8413 = DEFINITIONAL_REPRESENTATION('',(#8414),#8418);
#8414 = LINE('',#8415,#8416);
#8415 = CARTESIAN_POINT('',(10.,-31.75));
#8416 = VECTOR('',#8417,1.);
#8417 = DIRECTION('',(0.,-1.));
#8418 = ( GEOMETRIC_REPRESENTATION_CONTEXT(2) 
PARAMETRIC_REPRESENTATION_CONTEXT() REPRESENTATION_CONTEXT('2D SPACE',''
  ) );
#8419 = ORIENTED_EDGE('',*,*,#8420,.F.);
#8420 = EDGE_CURVE('',#8335,#8393,#8421,.T.);
#8421 = SURFACE_CURVE('',#8422,(#8426,#8433),.PCURVE_S1.);
#8422 = LINE('',#8423,#8424);
#8423 = CARTESIAN_POINT('',(41.5,-152.5,72.0000001));
#8424 = VECTOR('',#8425,1.);
#8425 = DIRECTION('',(0.,1.,0.));
#8426 = PCURVE('',#3757,#8427);
#8427 = DEFINITIONAL_REPRESENTATION('',(#8428),#8432);
#8428 = LINE('',#8429,#8430);
#8429 = CARTESIAN_POINT('',(66.5,-0.5));
#8430 = VECTOR('',#8431,1.);
#8431 = DIRECTION('',(0.,1.));
#8432 = ( GEOMETRIC_REPRESENTATION_CONTEXT(2) 
PARAMETRIC_REPRESENTATION_CONTEXT() REPRESENTATION_CONTEXT('2D SPACE',''
  ) );
#8433 = PCURVE('',#8434,#8439);
#8434 = PLANE('',#8435);
#8435 = AXIS2_PLACEMENT_3D('',#8436,#8437,#8438);
#8436 = CARTESIAN_POINT('',(41.5,-153.,62.0000001));
#8437 = DIRECTION('',(1.,0.,0.));
#8438 = DIRECTION('',(0.,0.,1.));
#8439 = DEFINITIONAL_REPRESENTATION('',(#8440),#8444);
#8440 = LINE('',#8441,#8442);
#8441 = CARTESIAN_POINT('',(10.,-0.5));
#8442 = VECTOR('',#8443,1.);
#8443 = DIRECTION('',(0.,-1.));
#8444 = ( GEOMETRIC_REPRESENTATION_CONTEXT(2) 
PARAMETRIC_REPRESENTATION_CONTEXT() REPRESENTATION_CONTEXT('2D SPACE',''
  ) );
#8445 = FACE_BOUND('',#8446,.T.);
#8446 = EDGE_LOOP('',(#8447,#8448,#8469,#8470));
#8447 = ORIENTED_EDGE('',*,*,#4146,.F.);
#8448 = ORIENTED_EDGE('',*,*,#8449,.F.);
#8449 = EDGE_CURVE('',#3952,#4147,#8450,.T.);
#8450 = SURFACE_CURVE('',#8451,(#8455,#8462),.PCURVE_S1.);
#8451 = LINE('',#8452,#8453);
#8452 = CARTESIAN_POINT('',(-44.,-124.,72.0000001));
#8453 = VECTOR('',#8454,1.);
#8454 = DIRECTION('',(1.,0.,0.));
#8455 = PCURVE('',#3757,#8456);
#8456 = DEFINITIONAL_REPRESENTATION('',(#8457),#8461);
#8457 = LINE('',#8458,#8459);
#8458 = CARTESIAN_POINT('',(-19.,28.));
#8459 = VECTOR('',#8460,1.);
#8460 = DIRECTION('',(1.,0.));
#8461 = ( GEOMETRIC_REPRESENTATION_CONTEXT(2) 
PARAMETRIC_REPRESENTATION_CONTEXT() REPRESENTATION_CONTEXT('2D SPACE',''
  ) );
#8462 = PCURVE('',#3990,#8463);
#8463 = DEFINITIONAL_REPRESENTATION('',(#8464),#8468);
#8464 = LINE('',#8465,#8466);
#8465 = CARTESIAN_POINT('',(4.,0.));
#8466 = VECTOR('',#8467,1.);
#8467 = DIRECTION('',(0.,1.));
#8468 = ( GEOMETRIC_REPRESENTATION_CONTEXT(2) 
PARAMETRIC_REPRESENTATION_CONTEXT() REPRESENTATION_CONTEXT('2D SPACE',''
  ) );
#8469 = ORIENTED_EDGE('',*,*,#3951,.T.);
#8470 = ORIENTED_EDGE('',*,*,#8471,.T.);
#8471 = EDGE_CURVE('',#3924,#4124,#8472,.T.);
#8472 = SURFACE_CURVE('',#8473,(#8477,#8484),.PCURVE_S1.);
#8473 = LINE('',#8474,#8475);
#8474 = CARTESIAN_POINT('',(-44.,-61.,72.0000001));
#8475 = VECTOR('',#8476,1.);
#8476 = DIRECTION('',(1.,0.,0.));
#8477 = PCURVE('',#3757,#8478);
#8478 = DEFINITIONAL_REPRESENTATION('',(#8479),#8483);
#8479 = LINE('',#8480,#8481);
#8480 = CARTESIAN_POINT('',(-19.,91.));
#8481 = VECTOR('',#8482,1.);
#8482 = DIRECTION('',(1.,0.));
#8483 = ( GEOMETRIC_REPRESENTATION_CONTEXT(2) 
PARAMETRIC_REPRESENTATION_CONTEXT() REPRESENTATION_CONTEXT('2D SPACE',''
  ) );
#8484 = PCURVE('',#3939,#8485);
#8485 = DEFINITIONAL_REPRESENTATION('',(#8486),#8490);
#8486 = LINE('',#8487,#8488);
#8487 = CARTESIAN_POINT('',(8.,0.));
#8488 = VECTOR('',#8489,1.);
#8489 = DIRECTION('',(0.,1.));
#8490 = ( GEOMETRIC_REPRESENTATION_CONTEXT(2) 
PARAMETRIC_REPRESENTATION_CONTEXT() REPRESENTATION_CONTEXT('2D SPACE',''
  ) );
#8491 = ADVANCED_FACE('',(#8492),#3785,.T.);
#8492 = FACE_BOUND('',#8493,.T.);
#8493 = EDGE_LOOP('',(#8494,#8517,#8538,#8539));
#8494 = ORIENTED_EDGE('',*,*,#8495,.F.);
#8495 = EDGE_CURVE('',#8496,#3770,#8498,.T.);
#8496 = VERTEX_POINT('',#8497);
#8497 = CARTESIAN_POINT('',(-41.,-124.,68.0000001));
#8498 = SURFACE_CURVE('',#8499,(#8503,#8510),.PCURVE_S1.);
#8499 = LINE('',#8500,#8501);
#8500 = CARTESIAN_POINT('',(-44.,-124.,68.0000001));
#8501 = VECTOR('',#8502,1.);
#8502 = DIRECTION('',(1.,0.,0.));
#8503 = PCURVE('',#3785,#8504);
#8504 = DEFINITIONAL_REPRESENTATION('',(#8505),#8509);
#8505 = LINE('',#8506,#8507);
#8506 = CARTESIAN_POINT('',(0.,0.));
#8507 = VECTOR('',#8508,1.);
#8508 = DIRECTION('',(0.,1.));
#8509 = ( GEOMETRIC_REPRESENTATION_CONTEXT(2) 
PARAMETRIC_REPRESENTATION_CONTEXT() REPRESENTATION_CONTEXT('2D SPACE',''
  ) );
#8510 = PCURVE('',#3811,#8511);
#8511 = DEFINITIONAL_REPRESENTATION('',(#8512),#8516);
#8512 = LINE('',#8513,#8514);
#8513 = CARTESIAN_POINT('',(0.,32.));
#8514 = VECTOR('',#8515,1.);
#8515 = DIRECTION('',(1.,0.));
#8516 = ( GEOMETRIC_REPRESENTATION_CONTEXT(2) 
PARAMETRIC_REPRESENTATION_CONTEXT() REPRESENTATION_CONTEXT('2D SPACE',''
  ) );
#8517 = ORIENTED_EDGE('',*,*,#8518,.T.);
#8518 = EDGE_CURVE('',#8496,#7480,#8519,.T.);
#8519 = SURFACE_CURVE('',#8520,(#8524,#8531),.PCURVE_S1.);
#8520 = LINE('',#8521,#8522);
#8521 = CARTESIAN_POINT('',(-41.,-124.,68.0000001));
#8522 = VECTOR('',#8523,1.);
#8523 = DIRECTION('',(0.,0.,1.));
#8524 = PCURVE('',#3785,#8525);
#8525 = DEFINITIONAL_REPRESENTATION('',(#8526),#8530);
#8526 = LINE('',#8527,#8528);
#8527 = CARTESIAN_POINT('',(0.,3.));
#8528 = VECTOR('',#8529,1.);
#8529 = DIRECTION('',(1.,0.));
#8530 = ( GEOMETRIC_REPRESENTATION_CONTEXT(2) 
PARAMETRIC_REPRESENTATION_CONTEXT() REPRESENTATION_CONTEXT('2D SPACE',''
  ) );
#8531 = PCURVE('',#7523,#8532);
#8532 = DEFINITIONAL_REPRESENTATION('',(#8533),#8537);
#8533 = LINE('',#8534,#8535);
#8534 = CARTESIAN_POINT('',(4.712388980385,0.));
#8535 = VECTOR('',#8536,1.);
#8536 = DIRECTION('',(-0.,1.));
#8537 = ( GEOMETRIC_REPRESENTATION_CONTEXT(2) 
PARAMETRIC_REPRESENTATION_CONTEXT() REPRESENTATION_CONTEXT('2D SPACE',''
  ) );
#8538 = ORIENTED_EDGE('',*,*,#7479,.T.);
#8539 = ORIENTED_EDGE('',*,*,#3769,.F.);
#8540 = ADVANCED_FACE('',(#8541,#8765,#8859),#3811,.F.);
#8541 = FACE_BOUND('',#8542,.F.);
#8542 = EDGE_LOOP('',(#8543,#8568,#8592,#8615,#8643,#8666,#8690,#8711,
    #8712,#8713,#8714,#8735,#8736,#8737,#8738,#8739));
#8543 = ORIENTED_EDGE('',*,*,#8544,.F.);
#8544 = EDGE_CURVE('',#8545,#8547,#8549,.T.);
#8545 = VERTEX_POINT('',#8546);
#8546 = CARTESIAN_POINT('',(-44.,-153.,68.0000001));
#8547 = VERTEX_POINT('',#8548);
#8548 = CARTESIAN_POINT('',(-44.,-127.,68.0000001));
#8549 = SURFACE_CURVE('',#8550,(#8554,#8561),.PCURVE_S1.);
#8550 = LINE('',#8551,#8552);
#8551 = CARTESIAN_POINT('',(-44.,-156.,68.0000001));
#8552 = VECTOR('',#8553,1.);
#8553 = DIRECTION('',(0.,1.,0.));
#8554 = PCURVE('',#3811,#8555);
#8555 = DEFINITIONAL_REPRESENTATION('',(#8556),#8560);
#8556 = LINE('',#8557,#8558);
#8557 = CARTESIAN_POINT('',(0.,0.));
#8558 = VECTOR('',#8559,1.);
#8559 = DIRECTION('',(0.,1.));
#8560 = ( GEOMETRIC_REPRESENTATION_CONTEXT(2) 
PARAMETRIC_REPRESENTATION_CONTEXT() REPRESENTATION_CONTEXT('2D SPACE',''
  ) );
#8561 = PCURVE('',#7551,#8562);
#8562 = DEFINITIONAL_REPRESENTATION('',(#8563),#8567);
#8563 = LINE('',#8564,#8565);
#8564 = CARTESIAN_POINT('',(0.,0.));
#8565 = VECTOR('',#8566,1.);
#8566 = DIRECTION('',(0.,-1.));
#8567 = ( GEOMETRIC_REPRESENTATION_CONTEXT(2) 
PARAMETRIC_REPRESENTATION_CONTEXT() REPRESENTATION_CONTEXT('2D SPACE',''
  ) );
#8568 = ORIENTED_EDGE('',*,*,#8569,.T.);
#8569 = EDGE_CURVE('',#8545,#8570,#8572,.T.);
#8570 = VERTEX_POINT('',#8571);
#8571 = CARTESIAN_POINT('',(-41.,-156.,68.0000001));
#8572 = SURFACE_CURVE('',#8573,(#8578,#8585),.PCURVE_S1.);
#8573 = CIRCLE('',#8574,3.);
#8574 = AXIS2_PLACEMENT_3D('',#8575,#8576,#8577);
#8575 = CARTESIAN_POINT('',(-41.,-153.,68.0000001));
#8576 = DIRECTION('',(0.,0.,1.));
#8577 = DIRECTION('',(0.,-1.,0.));
#8578 = PCURVE('',#3811,#8579);
#8579 = DEFINITIONAL_REPRESENTATION('',(#8580),#8584);
#8580 = CIRCLE('',#8581,3.);
#8581 = AXIS2_PLACEMENT_2D('',#8582,#8583);
#8582 = CARTESIAN_POINT('',(3.,3.));
#8583 = DIRECTION('',(0.,-1.));
#8584 = ( GEOMETRIC_REPRESENTATION_CONTEXT(2) 
PARAMETRIC_REPRESENTATION_CONTEXT() REPRESENTATION_CONTEXT('2D SPACE',''
  ) );
#8585 = PCURVE('',#7580,#8586);
#8586 = DEFINITIONAL_REPRESENTATION('',(#8587),#8591);
#8587 = LINE('',#8588,#8589);
#8588 = CARTESIAN_POINT('',(-4.712388980385,0.));
#8589 = VECTOR('',#8590,1.);
#8590 = DIRECTION('',(1.,0.));
#8591 = ( GEOMETRIC_REPRESENTATION_CONTEXT(2) 
PARAMETRIC_REPRESENTATION_CONTEXT() REPRESENTATION_CONTEXT('2D SPACE',''
  ) );
#8592 = ORIENTED_EDGE('',*,*,#8593,.T.);
#8593 = EDGE_CURVE('',#8570,#8594,#8596,.T.);
#8594 = VERTEX_POINT('',#8595);
#8595 = CARTESIAN_POINT('',(41.,-156.,68.0000001));
#8596 = SURFACE_CURVE('',#8597,(#8601,#8608),.PCURVE_S1.);
#8597 = LINE('',#8598,#8599);
#8598 = CARTESIAN_POINT('',(-44.,-156.,68.0000001));
#8599 = VECTOR('',#8600,1.);
#8600 = DIRECTION('',(1.,0.,0.));
#8601 = PCURVE('',#3811,#8602);
#8602 = DEFINITIONAL_REPRESENTATION('',(#8603),#8607);
#8603 = LINE('',#8604,#8605);
#8604 = CARTESIAN_POINT('',(0.,0.));
#8605 = VECTOR('',#8606,1.);
#8606 = DIRECTION('',(1.,0.));
#8607 = ( GEOMETRIC_REPRESENTATION_CONTEXT(2) 
PARAMETRIC_REPRESENTATION_CONTEXT() REPRESENTATION_CONTEXT('2D SPACE',''
  ) );
#8608 = PCURVE('',#7608,#8609);
#8609 = DEFINITIONAL_REPRESENTATION('',(#8610),#8614);
#8610 = LINE('',#8611,#8612);
#8611 = CARTESIAN_POINT('',(0.,0.));
#8612 = VECTOR('',#8613,1.);
#8613 = DIRECTION('',(0.,1.));
#8614 = ( GEOMETRIC_REPRESENTATION_CONTEXT(2) 
PARAMETRIC_REPRESENTATION_CONTEXT() REPRESENTATION_CONTEXT('2D SPACE',''
  ) );
#8615 = ORIENTED_EDGE('',*,*,#8616,.F.);
#8616 = EDGE_CURVE('',#8617,#8594,#8619,.T.);
#8617 = VERTEX_POINT('',#8618);
#8618 = CARTESIAN_POINT('',(44.,-153.,68.0000001));
#8619 = SURFACE_CURVE('',#8620,(#8625,#8636),.PCURVE_S1.);
#8620 = CIRCLE('',#8621,3.);
#8621 = AXIS2_PLACEMENT_3D('',#8622,#8623,#8624);
#8622 = CARTESIAN_POINT('',(41.,-153.,68.0000001));
#8623 = DIRECTION('',(-0.,-0.,-1.));
#8624 = DIRECTION('',(0.,-1.,0.));
#8625 = PCURVE('',#3811,#8626);
#8626 = DEFINITIONAL_REPRESENTATION('',(#8627),#8635);
#8627 = ( BOUNDED_CURVE() B_SPLINE_CURVE(2,(#8628,#8629,#8630,#8631,
#8632,#8633,#8634),.UNSPECIFIED.,.T.,.F.) B_SPLINE_CURVE_WITH_KNOTS((1,2
    ,2,2,2,1),(-2.094395102393,0.,2.094395102393,4.188790204786,
6.28318530718,8.377580409573),.UNSPECIFIED.) CURVE() 
GEOMETRIC_REPRESENTATION_ITEM() RATIONAL_B_SPLINE_CURVE((1.,0.5,1.,0.5,
1.,0.5,1.)) REPRESENTATION_ITEM('') );
#8628 = CARTESIAN_POINT('',(85.,0.));
#8629 = CARTESIAN_POINT('',(79.803847577293,0.));
#8630 = CARTESIAN_POINT('',(82.401923788647,4.5));
#8631 = CARTESIAN_POINT('',(85.,9.));
#8632 = CARTESIAN_POINT('',(87.598076211353,4.5));
#8633 = CARTESIAN_POINT('',(90.196152422707,4.440892098501E-15));
#8634 = CARTESIAN_POINT('',(85.,0.));
#8635 = ( GEOMETRIC_REPRESENTATION_CONTEXT(2) 
PARAMETRIC_REPRESENTATION_CONTEXT() REPRESENTATION_CONTEXT('2D SPACE',''
  ) );
#8636 = PCURVE('',#7641,#8637);
#8637 = DEFINITIONAL_REPRESENTATION('',(#8638),#8642);
#8638 = LINE('',#8639,#8640);
#8639 = CARTESIAN_POINT('',(10.995574287565,0.));
#8640 = VECTOR('',#8641,1.);
#8641 = DIRECTION('',(-1.,0.));
#8642 = ( GEOMETRIC_REPRESENTATION_CONTEXT(2) 
PARAMETRIC_REPRESENTATION_CONTEXT() REPRESENTATION_CONTEXT('2D SPACE',''
  ) );
#8643 = ORIENTED_EDGE('',*,*,#8644,.T.);
#8644 = EDGE_CURVE('',#8617,#8645,#8647,.T.);
#8645 = VERTEX_POINT('',#8646);
#8646 = CARTESIAN_POINT('',(44.,-127.,68.0000001));
#8647 = SURFACE_CURVE('',#8648,(#8652,#8659),.PCURVE_S1.);
#8648 = LINE('',#8649,#8650);
#8649 = CARTESIAN_POINT('',(44.,-156.,68.0000001));
#8650 = VECTOR('',#8651,1.);
#8651 = DIRECTION('',(0.,1.,0.));
#8652 = PCURVE('',#3811,#8653);
#8653 = DEFINITIONAL_REPRESENTATION('',(#8654),#8658);
#8654 = LINE('',#8655,#8656);
#8655 = CARTESIAN_POINT('',(88.,0.));
#8656 = VECTOR('',#8657,1.);
#8657 = DIRECTION('',(0.,1.));
#8658 = ( GEOMETRIC_REPRESENTATION_CONTEXT(2) 
PARAMETRIC_REPRESENTATION_CONTEXT() REPRESENTATION_CONTEXT('2D SPACE',''
  ) );
#8659 = PCURVE('',#7669,#8660);
#8660 = DEFINITIONAL_REPRESENTATION('',(#8661),#8665);
#8661 = LINE('',#8662,#8663);
#8662 = CARTESIAN_POINT('',(0.,0.));
#8663 = VECTOR('',#8664,1.);
#8664 = DIRECTION('',(0.,-1.));
#8665 = ( GEOMETRIC_REPRESENTATION_CONTEXT(2) 
PARAMETRIC_REPRESENTATION_CONTEXT() REPRESENTATION_CONTEXT('2D SPACE',''
  ) );
#8666 = ORIENTED_EDGE('',*,*,#8667,.T.);
#8667 = EDGE_CURVE('',#8645,#8668,#8670,.T.);
#8668 = VERTEX_POINT('',#8669);
#8669 = CARTESIAN_POINT('',(41.,-124.,68.0000001));
#8670 = SURFACE_CURVE('',#8671,(#8676,#8683),.PCURVE_S1.);
#8671 = CIRCLE('',#8672,3.);
#8672 = AXIS2_PLACEMENT_3D('',#8673,#8674,#8675);
#8673 = CARTESIAN_POINT('',(41.,-127.,68.0000001));
#8674 = DIRECTION('',(0.,0.,1.));
#8675 = DIRECTION('',(0.,-1.,0.));
#8676 = PCURVE('',#3811,#8677);
#8677 = DEFINITIONAL_REPRESENTATION('',(#8678),#8682);
#8678 = CIRCLE('',#8679,3.);
#8679 = AXIS2_PLACEMENT_2D('',#8680,#8681);
#8680 = CARTESIAN_POINT('',(85.,29.));
#8681 = DIRECTION('',(0.,-1.));
#8682 = ( GEOMETRIC_REPRESENTATION_CONTEXT(2) 
PARAMETRIC_REPRESENTATION_CONTEXT() REPRESENTATION_CONTEXT('2D SPACE',''
  ) );
#8683 = PCURVE('',#7698,#8684);
#8684 = DEFINITIONAL_REPRESENTATION('',(#8685),#8689);
#8685 = LINE('',#8686,#8687);
#8686 = CARTESIAN_POINT('',(-1.570796326795,0.));
#8687 = VECTOR('',#8688,1.);
#8688 = DIRECTION('',(1.,0.));
#8689 = ( GEOMETRIC_REPRESENTATION_CONTEXT(2) 
PARAMETRIC_REPRESENTATION_CONTEXT() REPRESENTATION_CONTEXT('2D SPACE',''
  ) );
#8690 = ORIENTED_EDGE('',*,*,#8691,.F.);
#8691 = EDGE_CURVE('',#4365,#8668,#8692,.T.);
#8692 = SURFACE_CURVE('',#8693,(#8697,#8704),.PCURVE_S1.);
#8693 = LINE('',#8694,#8695);
#8694 = CARTESIAN_POINT('',(-44.,-124.,68.0000001));
#8695 = VECTOR('',#8696,1.);
#8696 = DIRECTION('',(1.,0.,0.));
#8697 = PCURVE('',#3811,#8698);
#8698 = DEFINITIONAL_REPRESENTATION('',(#8699),#8703);
#8699 = LINE('',#8700,#8701);
#8700 = CARTESIAN_POINT('',(0.,32.));
#8701 = VECTOR('',#8702,1.);
#8702 = DIRECTION('',(1.,0.));
#8703 = ( GEOMETRIC_REPRESENTATION_CONTEXT(2) 
PARAMETRIC_REPRESENTATION_CONTEXT() REPRESENTATION_CONTEXT('2D SPACE',''
  ) );
#8704 = PCURVE('',#4380,#8705);
#8705 = DEFINITIONAL_REPRESENTATION('',(#8706),#8710);
#8706 = LINE('',#8707,#8708);
#8707 = CARTESIAN_POINT('',(0.,0.));
#8708 = VECTOR('',#8709,1.);
#8709 = DIRECTION('',(0.,1.));
#8710 = ( GEOMETRIC_REPRESENTATION_CONTEXT(2) 
PARAMETRIC_REPRESENTATION_CONTEXT() REPRESENTATION_CONTEXT('2D SPACE',''
  ) );
#8711 = ORIENTED_EDGE('',*,*,#4392,.T.);
#8712 = ORIENTED_EDGE('',*,*,#4419,.F.);
#8713 = ORIENTED_EDGE('',*,*,#4192,.F.);
#8714 = ORIENTED_EDGE('',*,*,#8715,.F.);
#8715 = EDGE_CURVE('',#3975,#4170,#8716,.T.);
#8716 = SURFACE_CURVE('',#8717,(#8721,#8728),.PCURVE_S1.);
#8717 = LINE('',#8718,#8719);
#8718 = CARTESIAN_POINT('',(-44.,-124.,68.0000001));
#8719 = VECTOR('',#8720,1.);
#8720 = DIRECTION('',(1.,0.,0.));
#8721 = PCURVE('',#3811,#8722);
#8722 = DEFINITIONAL_REPRESENTATION('',(#8723),#8727);
#8723 = LINE('',#8724,#8725);
#8724 = CARTESIAN_POINT('',(0.,32.));
#8725 = VECTOR('',#8726,1.);
#8726 = DIRECTION('',(1.,0.));
#8727 = ( GEOMETRIC_REPRESENTATION_CONTEXT(2) 
PARAMETRIC_REPRESENTATION_CONTEXT() REPRESENTATION_CONTEXT('2D SPACE',''
  ) );
#8728 = PCURVE('',#3990,#8729);
#8729 = DEFINITIONAL_REPRESENTATION('',(#8730),#8734);
#8730 = LINE('',#8731,#8732);
#8731 = CARTESIAN_POINT('',(0.,0.));
#8732 = VECTOR('',#8733,1.);
#8733 = DIRECTION('',(0.,1.));
#8734 = ( GEOMETRIC_REPRESENTATION_CONTEXT(2) 
PARAMETRIC_REPRESENTATION_CONTEXT() REPRESENTATION_CONTEXT('2D SPACE',''
  ) );
#8735 = ORIENTED_EDGE('',*,*,#4002,.T.);
#8736 = ORIENTED_EDGE('',*,*,#4029,.F.);
#8737 = ORIENTED_EDGE('',*,*,#3797,.F.);
#8738 = ORIENTED_EDGE('',*,*,#8495,.F.);
#8739 = ORIENTED_EDGE('',*,*,#8740,.F.);
#8740 = EDGE_CURVE('',#8547,#8496,#8741,.T.);
#8741 = SURFACE_CURVE('',#8742,(#8747,#8758),.PCURVE_S1.);
#8742 = CIRCLE('',#8743,3.);
#8743 = AXIS2_PLACEMENT_3D('',#8744,#8745,#8746);
#8744 = CARTESIAN_POINT('',(-41.,-127.,68.0000001));
#8745 = DIRECTION('',(-0.,-0.,-1.));
#8746 = DIRECTION('',(0.,-1.,0.));
#8747 = PCURVE('',#3811,#8748);
#8748 = DEFINITIONAL_REPRESENTATION('',(#8749),#8757);
#8749 = ( BOUNDED_CURVE() B_SPLINE_CURVE(2,(#8750,#8751,#8752,#8753,
#8754,#8755,#8756),.UNSPECIFIED.,.T.,.F.) B_SPLINE_CURVE_WITH_KNOTS((1,2
    ,2,2,2,1),(-2.094395102393,0.,2.094395102393,4.188790204786,
6.28318530718,8.377580409573),.UNSPECIFIED.) CURVE() 
GEOMETRIC_REPRESENTATION_ITEM() RATIONAL_B_SPLINE_CURVE((1.,0.5,1.,0.5,
1.,0.5,1.)) REPRESENTATION_ITEM('') );
#8750 = CARTESIAN_POINT('',(3.,26.));
#8751 = CARTESIAN_POINT('',(-2.196152422707,26.));
#8752 = CARTESIAN_POINT('',(0.401923788647,30.5));
#8753 = CARTESIAN_POINT('',(3.,35.));
#8754 = CARTESIAN_POINT('',(5.598076211353,30.5));
#8755 = CARTESIAN_POINT('',(8.196152422707,26.));
#8756 = CARTESIAN_POINT('',(3.,26.));
#8757 = ( GEOMETRIC_REPRESENTATION_CONTEXT(2) 
PARAMETRIC_REPRESENTATION_CONTEXT() REPRESENTATION_CONTEXT('2D SPACE',''
  ) );
#8758 = PCURVE('',#7523,#8759);
#8759 = DEFINITIONAL_REPRESENTATION('',(#8760),#8764);
#8760 = LINE('',#8761,#8762);
#8761 = CARTESIAN_POINT('',(7.853981633975,0.));
#8762 = VECTOR('',#8763,1.);
#8763 = DIRECTION('',(-1.,0.));
#8764 = ( GEOMETRIC_REPRESENTATION_CONTEXT(2) 
PARAMETRIC_REPRESENTATION_CONTEXT() REPRESENTATION_CONTEXT('2D SPACE',''
  ) );
#8765 = FACE_BOUND('',#8766,.F.);
#8766 = EDGE_LOOP('',(#8767,#8792,#8815,#8838));
#8767 = ORIENTED_EDGE('',*,*,#8768,.T.);
#8768 = EDGE_CURVE('',#8769,#8771,#8773,.T.);
#8769 = VERTEX_POINT('',#8770);
#8770 = CARTESIAN_POINT('',(-38.5,-153.,68.0000001));
#8771 = VERTEX_POINT('',#8772);
#8772 = CARTESIAN_POINT('',(-41.5,-153.,68.0000001));
#8773 = SURFACE_CURVE('',#8774,(#8778,#8785),.PCURVE_S1.);
#8774 = LINE('',#8775,#8776);
#8775 = CARTESIAN_POINT('',(-42.75,-153.,68.0000001));
#8776 = VECTOR('',#8777,1.);
#8777 = DIRECTION('',(-1.,0.,0.));
#8778 = PCURVE('',#3811,#8779);
#8779 = DEFINITIONAL_REPRESENTATION('',(#8780),#8784);
#8780 = LINE('',#8781,#8782);
#8781 = CARTESIAN_POINT('',(1.25,3.));
#8782 = VECTOR('',#8783,1.);
#8783 = DIRECTION('',(-1.,0.));
#8784 = ( GEOMETRIC_REPRESENTATION_CONTEXT(2) 
PARAMETRIC_REPRESENTATION_CONTEXT() REPRESENTATION_CONTEXT('2D SPACE',''
  ) );
#8785 = PCURVE('',#8238,#8786);
#8786 = DEFINITIONAL_REPRESENTATION('',(#8787),#8791);
#8787 = LINE('',#8788,#8789);
#8788 = CARTESIAN_POINT('',(6.,-1.25));
#8789 = VECTOR('',#8790,1.);
#8790 = DIRECTION('',(0.,-1.));
#8791 = ( GEOMETRIC_REPRESENTATION_CONTEXT(2) 
PARAMETRIC_REPRESENTATION_CONTEXT() REPRESENTATION_CONTEXT('2D SPACE',''
  ) );
#8792 = ORIENTED_EDGE('',*,*,#8793,.T.);
#8793 = EDGE_CURVE('',#8771,#8794,#8796,.T.);
#8794 = VERTEX_POINT('',#8795);
#8795 = CARTESIAN_POINT('',(-41.5,-127.,68.0000001));
#8796 = SURFACE_CURVE('',#8797,(#8801,#8808),.PCURVE_S1.);
#8797 = LINE('',#8798,#8799);
#8798 = CARTESIAN_POINT('',(-41.5,-154.5,68.0000001));
#8799 = VECTOR('',#8800,1.);
#8800 = DIRECTION('',(0.,1.,0.));
#8801 = PCURVE('',#3811,#8802);
#8802 = DEFINITIONAL_REPRESENTATION('',(#8803),#8807);
#8803 = LINE('',#8804,#8805);
#8804 = CARTESIAN_POINT('',(2.5,1.5));
#8805 = VECTOR('',#8806,1.);
#8806 = DIRECTION('',(0.,1.));
#8807 = ( GEOMETRIC_REPRESENTATION_CONTEXT(2) 
PARAMETRIC_REPRESENTATION_CONTEXT() REPRESENTATION_CONTEXT('2D SPACE',''
  ) );
#8808 = PCURVE('',#8266,#8809);
#8809 = DEFINITIONAL_REPRESENTATION('',(#8810),#8814);
#8810 = LINE('',#8811,#8812);
#8811 = CARTESIAN_POINT('',(6.,1.5));
#8812 = VECTOR('',#8813,1.);
#8813 = DIRECTION('',(0.,-1.));
#8814 = ( GEOMETRIC_REPRESENTATION_CONTEXT(2) 
PARAMETRIC_REPRESENTATION_CONTEXT() REPRESENTATION_CONTEXT('2D SPACE',''
  ) );
#8815 = ORIENTED_EDGE('',*,*,#8816,.F.);
#8816 = EDGE_CURVE('',#8817,#8794,#8819,.T.);
#8817 = VERTEX_POINT('',#8818);
#8818 = CARTESIAN_POINT('',(-38.5,-127.,68.0000001));
#8819 = SURFACE_CURVE('',#8820,(#8824,#8831),.PCURVE_S1.);
#8820 = LINE('',#8821,#8822);
#8821 = CARTESIAN_POINT('',(-42.75,-127.,68.0000001));
#8822 = VECTOR('',#8823,1.);
#8823 = DIRECTION('',(-1.,0.,0.));
#8824 = PCURVE('',#3811,#8825);
#8825 = DEFINITIONAL_REPRESENTATION('',(#8826),#8830);
#8826 = LINE('',#8827,#8828);
#8827 = CARTESIAN_POINT('',(1.25,29.));
#8828 = VECTOR('',#8829,1.);
#8829 = DIRECTION('',(-1.,0.));
#8830 = ( GEOMETRIC_REPRESENTATION_CONTEXT(2) 
PARAMETRIC_REPRESENTATION_CONTEXT() REPRESENTATION_CONTEXT('2D SPACE',''
  ) );
#8831 = PCURVE('',#8294,#8832);
#8832 = DEFINITIONAL_REPRESENTATION('',(#8833),#8837);
#8833 = LINE('',#8834,#8835);
#8834 = CARTESIAN_POINT('',(6.,-1.25));
#8835 = VECTOR('',#8836,1.);
#8836 = DIRECTION('',(0.,-1.));
#8837 = ( GEOMETRIC_REPRESENTATION_CONTEXT(2) 
PARAMETRIC_REPRESENTATION_CONTEXT() REPRESENTATION_CONTEXT('2D SPACE',''
  ) );
#8838 = ORIENTED_EDGE('',*,*,#8839,.F.);
#8839 = EDGE_CURVE('',#8769,#8817,#8840,.T.);
#8840 = SURFACE_CURVE('',#8841,(#8845,#8852),.PCURVE_S1.);
#8841 = LINE('',#8842,#8843);
#8842 = CARTESIAN_POINT('',(-38.5,-154.5,68.0000001));
#8843 = VECTOR('',#8844,1.);
#8844 = DIRECTION('',(0.,1.,0.));
#8845 = PCURVE('',#3811,#8846);
#8846 = DEFINITIONAL_REPRESENTATION('',(#8847),#8851);
#8847 = LINE('',#8848,#8849);
#8848 = CARTESIAN_POINT('',(5.5,1.5));
#8849 = VECTOR('',#8850,1.);
#8850 = DIRECTION('',(0.,1.));
#8851 = ( GEOMETRIC_REPRESENTATION_CONTEXT(2) 
PARAMETRIC_REPRESENTATION_CONTEXT() REPRESENTATION_CONTEXT('2D SPACE',''
  ) );
#8852 = PCURVE('',#8320,#8853);
#8853 = DEFINITIONAL_REPRESENTATION('',(#8854),#8858);
#8854 = LINE('',#8855,#8856);
#8855 = CARTESIAN_POINT('',(6.,1.5));
#8856 = VECTOR('',#8857,1.);
#8857 = DIRECTION('',(0.,-1.));
#8858 = ( GEOMETRIC_REPRESENTATION_CONTEXT(2) 
PARAMETRIC_REPRESENTATION_CONTEXT() REPRESENTATION_CONTEXT('2D SPACE',''
  ) );
#8859 = FACE_BOUND('',#8860,.F.);
#8860 = EDGE_LOOP('',(#8861,#8886,#8909,#8932));
#8861 = ORIENTED_EDGE('',*,*,#8862,.T.);
#8862 = EDGE_CURVE('',#8863,#8865,#8867,.T.);
#8863 = VERTEX_POINT('',#8864);
#8864 = CARTESIAN_POINT('',(41.5,-153.,68.0000001));
#8865 = VERTEX_POINT('',#8866);
#8866 = CARTESIAN_POINT('',(38.5,-153.,68.0000001));
#8867 = SURFACE_CURVE('',#8868,(#8872,#8879),.PCURVE_S1.);
#8868 = LINE('',#8869,#8870);
#8869 = CARTESIAN_POINT('',(-2.75,-153.,68.0000001));
#8870 = VECTOR('',#8871,1.);
#8871 = DIRECTION('',(-1.,0.,0.));
#8872 = PCURVE('',#3811,#8873);
#8873 = DEFINITIONAL_REPRESENTATION('',(#8874),#8878);
#8874 = LINE('',#8875,#8876);
#8875 = CARTESIAN_POINT('',(41.25,3.));
#8876 = VECTOR('',#8877,1.);
#8877 = DIRECTION('',(-1.,0.));
#8878 = ( GEOMETRIC_REPRESENTATION_CONTEXT(2) 
PARAMETRIC_REPRESENTATION_CONTEXT() REPRESENTATION_CONTEXT('2D SPACE',''
  ) );
#8879 = PCURVE('',#8352,#8880);
#8880 = DEFINITIONAL_REPRESENTATION('',(#8881),#8885);
#8881 = LINE('',#8882,#8883);
#8882 = CARTESIAN_POINT('',(6.,-41.25));
#8883 = VECTOR('',#8884,1.);
#8884 = DIRECTION('',(0.,-1.));
#8885 = ( GEOMETRIC_REPRESENTATION_CONTEXT(2) 
PARAMETRIC_REPRESENTATION_CONTEXT() REPRESENTATION_CONTEXT('2D SPACE',''
  ) );
#8886 = ORIENTED_EDGE('',*,*,#8887,.T.);
#8887 = EDGE_CURVE('',#8865,#8888,#8890,.T.);
#8888 = VERTEX_POINT('',#8889);
#8889 = CARTESIAN_POINT('',(38.5,-127.,68.0000001));
#8890 = SURFACE_CURVE('',#8891,(#8895,#8902),.PCURVE_S1.);
#8891 = LINE('',#8892,#8893);
#8892 = CARTESIAN_POINT('',(38.5,-154.5,68.0000001));
#8893 = VECTOR('',#8894,1.);
#8894 = DIRECTION('',(0.,1.,0.));
#8895 = PCURVE('',#3811,#8896);
#8896 = DEFINITIONAL_REPRESENTATION('',(#8897),#8901);
#8897 = LINE('',#8898,#8899);
#8898 = CARTESIAN_POINT('',(82.5,1.5));
#8899 = VECTOR('',#8900,1.);
#8900 = DIRECTION('',(0.,1.));
#8901 = ( GEOMETRIC_REPRESENTATION_CONTEXT(2) 
PARAMETRIC_REPRESENTATION_CONTEXT() REPRESENTATION_CONTEXT('2D SPACE',''
  ) );
#8902 = PCURVE('',#8380,#8903);
#8903 = DEFINITIONAL_REPRESENTATION('',(#8904),#8908);
#8904 = LINE('',#8905,#8906);
#8905 = CARTESIAN_POINT('',(6.,1.5));
#8906 = VECTOR('',#8907,1.);
#8907 = DIRECTION('',(0.,-1.));
#8908 = ( GEOMETRIC_REPRESENTATION_CONTEXT(2) 
PARAMETRIC_REPRESENTATION_CONTEXT() REPRESENTATION_CONTEXT('2D SPACE',''
  ) );
#8909 = ORIENTED_EDGE('',*,*,#8910,.F.);
#8910 = EDGE_CURVE('',#8911,#8888,#8913,.T.);
#8911 = VERTEX_POINT('',#8912);
#8912 = CARTESIAN_POINT('',(41.5,-127.,68.0000001));
#8913 = SURFACE_CURVE('',#8914,(#8918,#8925),.PCURVE_S1.);
#8914 = LINE('',#8915,#8916);
#8915 = CARTESIAN_POINT('',(-2.75,-127.,68.0000001));
#8916 = VECTOR('',#8917,1.);
#8917 = DIRECTION('',(-1.,0.,0.));
#8918 = PCURVE('',#3811,#8919);
#8919 = DEFINITIONAL_REPRESENTATION('',(#8920),#8924);
#8920 = LINE('',#8921,#8922);
#8921 = CARTESIAN_POINT('',(41.25,29.));
#8922 = VECTOR('',#8923,1.);
#8923 = DIRECTION('',(-1.,0.));
#8924 = ( GEOMETRIC_REPRESENTATION_CONTEXT(2) 
PARAMETRIC_REPRESENTATION_CONTEXT() REPRESENTATION_CONTEXT('2D SPACE',''
  ) );
#8925 = PCURVE('',#8408,#8926);
#8926 = DEFINITIONAL_REPRESENTATION('',(#8927),#8931);
#8927 = LINE('',#8928,#8929);
#8928 = CARTESIAN_POINT('',(6.,-41.25));
#8929 = VECTOR('',#8930,1.);
#8930 = DIRECTION('',(0.,-1.));
#8931 = ( GEOMETRIC_REPRESENTATION_CONTEXT(2) 
PARAMETRIC_REPRESENTATION_CONTEXT() REPRESENTATION_CONTEXT('2D SPACE',''
  ) );
#8932 = ORIENTED_EDGE('',*,*,#8933,.F.);
#8933 = EDGE_CURVE('',#8863,#8911,#8934,.T.);
#8934 = SURFACE_CURVE('',#8935,(#8939,#8946),.PCURVE_S1.);
#8935 = LINE('',#8936,#8937);
#8936 = CARTESIAN_POINT('',(41.5,-154.5,68.0000001));
#8937 = VECTOR('',#8938,1.);
#8938 = DIRECTION('',(0.,1.,0.));
#8939 = PCURVE('',#3811,#8940);
#8940 = DEFINITIONAL_REPRESENTATION('',(#8941),#8945);
#8941 = LINE('',#8942,#8943);
#8942 = CARTESIAN_POINT('',(85.5,1.5));
#8943 = VECTOR('',#8944,1.);
#8944 = DIRECTION('',(0.,1.));
#8945 = ( GEOMETRIC_REPRESENTATION_CONTEXT(2) 
PARAMETRIC_REPRESENTATION_CONTEXT() REPRESENTATION_CONTEXT('2D SPACE',''
  ) );
#8946 = PCURVE('',#8434,#8947);
#8947 = DEFINITIONAL_REPRESENTATION('',(#8948),#8952);
#8948 = LINE('',#8949,#8950);
#8949 = CARTESIAN_POINT('',(6.,1.5));
#8950 = VECTOR('',#8951,1.);
#8951 = DIRECTION('',(0.,-1.));
#8952 = ( GEOMETRIC_REPRESENTATION_CONTEXT(2) 
PARAMETRIC_REPRESENTATION_CONTEXT() REPRESENTATION_CONTEXT('2D SPACE',''
  ) );
#8953 = ADVANCED_FACE('',(#8954),#3939,.F.);
#8954 = FACE_BOUND('',#8955,.F.);
#8955 = EDGE_LOOP('',(#8956,#8957,#8958,#8959));
#8956 = ORIENTED_EDGE('',*,*,#7002,.F.);
#8957 = ORIENTED_EDGE('',*,*,#3923,.T.);
#8958 = ORIENTED_EDGE('',*,*,#8471,.T.);
#8959 = ORIENTED_EDGE('',*,*,#4123,.F.);
#8960 = ADVANCED_FACE('',(#8961),#3990,.T.);
#8961 = FACE_BOUND('',#8962,.T.);
#8962 = EDGE_LOOP('',(#8963,#8964,#8965,#8966));
#8963 = ORIENTED_EDGE('',*,*,#8715,.F.);
#8964 = ORIENTED_EDGE('',*,*,#3974,.T.);
#8965 = ORIENTED_EDGE('',*,*,#8449,.T.);
#8966 = ORIENTED_EDGE('',*,*,#4169,.F.);
#8967 = ADVANCED_FACE('',(#8968),#4329,.F.);
#8968 = FACE_BOUND('',#8969,.F.);
#8969 = EDGE_LOOP('',(#8970,#8971,#8972,#8973));
#8970 = ORIENTED_EDGE('',*,*,#7026,.F.);
#8971 = ORIENTED_EDGE('',*,*,#4313,.T.);
#8972 = ORIENTED_EDGE('',*,*,#7732,.T.);
#8973 = ORIENTED_EDGE('',*,*,#8974,.F.);
#8974 = EDGE_CURVE('',#7027,#7733,#8975,.T.);
#8975 = SURFACE_CURVE('',#8976,(#8980,#8987),.PCURVE_S1.);
#8976 = LINE('',#8977,#8978);
#8977 = CARTESIAN_POINT('',(41.,-61.,64.0000001));
#8978 = VECTOR('',#8979,1.);
#8979 = DIRECTION('',(0.,0.,1.));
#8980 = PCURVE('',#4329,#8981);
#8981 = DEFINITIONAL_REPRESENTATION('',(#8982),#8986);
#8982 = LINE('',#8983,#8984);
#8983 = CARTESIAN_POINT('',(0.,85.));
#8984 = VECTOR('',#8985,1.);
#8985 = DIRECTION('',(1.,0.));
#8986 = ( GEOMETRIC_REPRESENTATION_CONTEXT(2) 
PARAMETRIC_REPRESENTATION_CONTEXT() REPRESENTATION_CONTEXT('2D SPACE',''
  ) );
#8987 = PCURVE('',#7070,#8988);
#8988 = DEFINITIONAL_REPRESENTATION('',(#8989),#8993);
#8989 = LINE('',#8990,#8991);
#8990 = CARTESIAN_POINT('',(4.712388980385,0.));
#8991 = VECTOR('',#8992,1.);
#8992 = DIRECTION('',(-0.,1.));
#8993 = ( GEOMETRIC_REPRESENTATION_CONTEXT(2) 
PARAMETRIC_REPRESENTATION_CONTEXT() REPRESENTATION_CONTEXT('2D SPACE',''
  ) );
#8994 = ADVANCED_FACE('',(#8995),#4380,.T.);
#8995 = FACE_BOUND('',#8996,.T.);
#8996 = EDGE_LOOP('',(#8997,#8998,#8999,#9000));
#8997 = ORIENTED_EDGE('',*,*,#8691,.F.);
#8998 = ORIENTED_EDGE('',*,*,#4364,.T.);
#8999 = ORIENTED_EDGE('',*,*,#7710,.T.);
#9000 = ORIENTED_EDGE('',*,*,#9001,.F.);
#9001 = EDGE_CURVE('',#8668,#7682,#9002,.T.);
#9002 = SURFACE_CURVE('',#9003,(#9007,#9014),.PCURVE_S1.);
#9003 = LINE('',#9004,#9005);
#9004 = CARTESIAN_POINT('',(41.,-124.,68.0000001));
#9005 = VECTOR('',#9006,1.);
#9006 = DIRECTION('',(0.,0.,1.));
#9007 = PCURVE('',#4380,#9008);
#9008 = DEFINITIONAL_REPRESENTATION('',(#9009),#9013);
#9009 = LINE('',#9010,#9011);
#9010 = CARTESIAN_POINT('',(0.,85.));
#9011 = VECTOR('',#9012,1.);
#9012 = DIRECTION('',(1.,0.));
#9013 = ( GEOMETRIC_REPRESENTATION_CONTEXT(2) 
PARAMETRIC_REPRESENTATION_CONTEXT() REPRESENTATION_CONTEXT('2D SPACE',''
  ) );
#9014 = PCURVE('',#7698,#9015);
#9015 = DEFINITIONAL_REPRESENTATION('',(#9016),#9020);
#9016 = LINE('',#9017,#9018);
#9017 = CARTESIAN_POINT('',(1.570796326795,0.));
#9018 = VECTOR('',#9019,1.);
#9019 = DIRECTION('',(0.,1.));
#9020 = ( GEOMETRIC_REPRESENTATION_CONTEXT(2) 
PARAMETRIC_REPRESENTATION_CONTEXT() REPRESENTATION_CONTEXT('2D SPACE',''
  ) );
#9021 = ADVANCED_FACE('',(#9022),#4465,.F.);
#9022 = FACE_BOUND('',#9023,.F.);
#9023 = EDGE_LOOP('',(#9024,#9025,#9026,#9027));
#9024 = ORIENTED_EDGE('',*,*,#4531,.F.);
#9025 = ORIENTED_EDGE('',*,*,#4505,.T.);
#9026 = ORIENTED_EDGE('',*,*,#4443,.T.);
#9027 = ORIENTED_EDGE('',*,*,#5862,.F.);
#9028 = ADVANCED_FACE('',(#9029),#4638,.F.);
#9029 = FACE_BOUND('',#9030,.F.);
#9030 = EDGE_LOOP('',(#9031,#9032,#9033,#9034));
#9031 = ORIENTED_EDGE('',*,*,#4704,.F.);
#9032 = ORIENTED_EDGE('',*,*,#4678,.T.);
#9033 = ORIENTED_EDGE('',*,*,#4616,.T.);
#9034 = ORIENTED_EDGE('',*,*,#5807,.F.);
#9035 = ADVANCED_FACE('',(#9036),#5131,.F.);
#9036 = FACE_BOUND('',#9037,.F.);
#9037 = EDGE_LOOP('',(#9038,#9039,#9040,#9041));
#9038 = ORIENTED_EDGE('',*,*,#5267,.F.);
#9039 = ORIENTED_EDGE('',*,*,#5221,.T.);
#9040 = ORIENTED_EDGE('',*,*,#5186,.T.);
#9041 = ORIENTED_EDGE('',*,*,#5067,.F.);
#9042 = ADVANCED_FACE('',(#9043),#5369,.F.);
#9043 = FACE_BOUND('',#9044,.F.);
#9044 = EDGE_LOOP('',(#9045,#9046,#9047,#9048));
#9045 = ORIENTED_EDGE('',*,*,#5424,.F.);
#9046 = ORIENTED_EDGE('',*,*,#5305,.T.);
#9047 = ORIENTED_EDGE('',*,*,#5508,.T.);
#9048 = ORIENTED_EDGE('',*,*,#5462,.F.);
#9049 = ADVANCED_FACE('',(#9050),#6937,.F.);
#9050 = FACE_BOUND('',#9051,.F.);
#9051 = EDGE_LOOP('',(#9052,#9053,#9074,#9075));
#9052 = ORIENTED_EDGE('',*,*,#8172,.F.);
#9053 = ORIENTED_EDGE('',*,*,#9054,.F.);
#9054 = EDGE_CURVE('',#6920,#8173,#9055,.T.);
#9055 = SURFACE_CURVE('',#9056,(#9060,#9067),.PCURVE_S1.);
#9056 = LINE('',#9057,#9058);
#9057 = CARTESIAN_POINT('',(-44.,-58.,64.0000001));
#9058 = VECTOR('',#9059,1.);
#9059 = DIRECTION('',(0.,0.,1.));
#9060 = PCURVE('',#6937,#9061);
#9061 = DEFINITIONAL_REPRESENTATION('',(#9062),#9066);
#9062 = LINE('',#9063,#9064);
#9063 = CARTESIAN_POINT('',(0.,-3.));
#9064 = VECTOR('',#9065,1.);
#9065 = DIRECTION('',(1.,0.));
#9066 = ( GEOMETRIC_REPRESENTATION_CONTEXT(2) 
PARAMETRIC_REPRESENTATION_CONTEXT() REPRESENTATION_CONTEXT('2D SPACE',''
  ) );
#9067 = PCURVE('',#6966,#9068);
#9068 = DEFINITIONAL_REPRESENTATION('',(#9069),#9073);
#9069 = LINE('',#9070,#9071);
#9070 = CARTESIAN_POINT('',(0.,0.));
#9071 = VECTOR('',#9072,1.);
#9072 = DIRECTION('',(0.,1.));
#9073 = ( GEOMETRIC_REPRESENTATION_CONTEXT(2) 
PARAMETRIC_REPRESENTATION_CONTEXT() REPRESENTATION_CONTEXT('2D SPACE',''
  ) );
#9074 = ORIENTED_EDGE('',*,*,#6919,.T.);
#9075 = ORIENTED_EDGE('',*,*,#9076,.T.);
#9076 = EDGE_CURVE('',#6922,#8145,#9077,.T.);
#9077 = SURFACE_CURVE('',#9078,(#9082,#9089),.PCURVE_S1.);
#9078 = LINE('',#9079,#9080);
#9079 = CARTESIAN_POINT('',(-44.,-32.,64.0000001));
#9080 = VECTOR('',#9081,1.);
#9081 = DIRECTION('',(0.,0.,1.));
#9082 = PCURVE('',#6937,#9083);
#9083 = DEFINITIONAL_REPRESENTATION('',(#9084),#9088);
#9084 = LINE('',#9085,#9086);
#9085 = CARTESIAN_POINT('',(0.,-29.));
#9086 = VECTOR('',#9087,1.);
#9087 = DIRECTION('',(1.,0.));
#9088 = ( GEOMETRIC_REPRESENTATION_CONTEXT(2) 
PARAMETRIC_REPRESENTATION_CONTEXT() REPRESENTATION_CONTEXT('2D SPACE',''
  ) );
#9089 = PCURVE('',#7186,#9090);
#9090 = DEFINITIONAL_REPRESENTATION('',(#9091),#9095);
#9091 = LINE('',#9092,#9093);
#9092 = CARTESIAN_POINT('',(6.28318530718,0.));
#9093 = VECTOR('',#9094,1.);
#9094 = DIRECTION('',(-0.,1.));
#9095 = ( GEOMETRIC_REPRESENTATION_CONTEXT(2) 
PARAMETRIC_REPRESENTATION_CONTEXT() REPRESENTATION_CONTEXT('2D SPACE',''
  ) );
#9096 = ADVANCED_FACE('',(#9097),#6966,.T.);
#9097 = FACE_BOUND('',#9098,.T.);
#9098 = EDGE_LOOP('',(#9099,#9100,#9101,#9102));
#9099 = ORIENTED_EDGE('',*,*,#6949,.T.);
#9100 = ORIENTED_EDGE('',*,*,#7430,.T.);
#9101 = ORIENTED_EDGE('',*,*,#8195,.F.);
#9102 = ORIENTED_EDGE('',*,*,#9054,.F.);
#9103 = ADVANCED_FACE('',(#9104),#7070,.T.);
#9104 = FACE_BOUND('',#9105,.T.);
#9105 = EDGE_LOOP('',(#9106,#9127,#9128,#9129));
#9106 = ORIENTED_EDGE('',*,*,#9107,.T.);
#9107 = EDGE_CURVE('',#7050,#7756,#9108,.T.);
#9108 = SURFACE_CURVE('',#9109,(#9113,#9120),.PCURVE_S1.);
#9109 = LINE('',#9110,#9111);
#9110 = CARTESIAN_POINT('',(44.,-58.,64.0000001));
#9111 = VECTOR('',#9112,1.);
#9112 = DIRECTION('',(0.,0.,1.));
#9113 = PCURVE('',#7070,#9114);
#9114 = DEFINITIONAL_REPRESENTATION('',(#9115),#9119);
#9115 = LINE('',#9116,#9117);
#9116 = CARTESIAN_POINT('',(6.28318530718,0.));
#9117 = VECTOR('',#9118,1.);
#9118 = DIRECTION('',(-0.,1.));
#9119 = ( GEOMETRIC_REPRESENTATION_CONTEXT(2) 
PARAMETRIC_REPRESENTATION_CONTEXT() REPRESENTATION_CONTEXT('2D SPACE',''
  ) );
#9120 = PCURVE('',#7098,#9121);
#9121 = DEFINITIONAL_REPRESENTATION('',(#9122),#9126);
#9122 = LINE('',#9123,#9124);
#9123 = CARTESIAN_POINT('',(0.,-3.));
#9124 = VECTOR('',#9125,1.);
#9125 = DIRECTION('',(1.,0.));
#9126 = ( GEOMETRIC_REPRESENTATION_CONTEXT(2) 
PARAMETRIC_REPRESENTATION_CONTEXT() REPRESENTATION_CONTEXT('2D SPACE',''
  ) );
#9127 = ORIENTED_EDGE('',*,*,#7755,.T.);
#9128 = ORIENTED_EDGE('',*,*,#8974,.F.);
#9129 = ORIENTED_EDGE('',*,*,#7049,.F.);
#9130 = ADVANCED_FACE('',(#9131),#7098,.T.);
#9131 = FACE_BOUND('',#9132,.T.);
#9132 = EDGE_LOOP('',(#9133,#9134,#9135,#9136));
#9133 = ORIENTED_EDGE('',*,*,#7783,.F.);
#9134 = ORIENTED_EDGE('',*,*,#9107,.F.);
#9135 = ORIENTED_EDGE('',*,*,#7082,.T.);
#9136 = ORIENTED_EDGE('',*,*,#9137,.T.);
#9137 = EDGE_CURVE('',#7083,#7784,#9138,.T.);
#9138 = SURFACE_CURVE('',#9139,(#9143,#9150),.PCURVE_S1.);
#9139 = LINE('',#9140,#9141);
#9140 = CARTESIAN_POINT('',(44.,-32.,64.0000001));
#9141 = VECTOR('',#9142,1.);
#9142 = DIRECTION('',(0.,0.,1.));
#9143 = PCURVE('',#7098,#9144);
#9144 = DEFINITIONAL_REPRESENTATION('',(#9145),#9149);
#9145 = LINE('',#9146,#9147);
#9146 = CARTESIAN_POINT('',(0.,-29.));
#9147 = VECTOR('',#9148,1.);
#9148 = DIRECTION('',(1.,0.));
#9149 = ( GEOMETRIC_REPRESENTATION_CONTEXT(2) 
PARAMETRIC_REPRESENTATION_CONTEXT() REPRESENTATION_CONTEXT('2D SPACE',''
  ) );
#9150 = PCURVE('',#7127,#9151);
#9151 = DEFINITIONAL_REPRESENTATION('',(#9152),#9156);
#9152 = LINE('',#9153,#9154);
#9153 = CARTESIAN_POINT('',(0.,0.));
#9154 = VECTOR('',#9155,1.);
#9155 = DIRECTION('',(0.,1.));
#9156 = ( GEOMETRIC_REPRESENTATION_CONTEXT(2) 
PARAMETRIC_REPRESENTATION_CONTEXT() REPRESENTATION_CONTEXT('2D SPACE',''
  ) );
#9157 = ADVANCED_FACE('',(#9158),#7127,.T.);
#9158 = FACE_BOUND('',#9159,.T.);
#9159 = EDGE_LOOP('',(#9160,#9161,#9182,#9183));
#9160 = ORIENTED_EDGE('',*,*,#7110,.T.);
#9161 = ORIENTED_EDGE('',*,*,#9162,.T.);
#9162 = EDGE_CURVE('',#7111,#7807,#9163,.T.);
#9163 = SURFACE_CURVE('',#9164,(#9168,#9175),.PCURVE_S1.);
#9164 = LINE('',#9165,#9166);
#9165 = CARTESIAN_POINT('',(41.,-29.,64.0000001));
#9166 = VECTOR('',#9167,1.);
#9167 = DIRECTION('',(0.,0.,1.));
#9168 = PCURVE('',#7127,#9169);
#9169 = DEFINITIONAL_REPRESENTATION('',(#9170),#9174);
#9170 = LINE('',#9171,#9172);
#9171 = CARTESIAN_POINT('',(1.570796326795,0.));
#9172 = VECTOR('',#9173,1.);
#9173 = DIRECTION('',(0.,1.));
#9174 = ( GEOMETRIC_REPRESENTATION_CONTEXT(2) 
PARAMETRIC_REPRESENTATION_CONTEXT() REPRESENTATION_CONTEXT('2D SPACE',''
  ) );
#9175 = PCURVE('',#7155,#9176);
#9176 = DEFINITIONAL_REPRESENTATION('',(#9177),#9181);
#9177 = LINE('',#9178,#9179);
#9178 = CARTESIAN_POINT('',(0.,85.));
#9179 = VECTOR('',#9180,1.);
#9180 = DIRECTION('',(1.,0.));
#9181 = ( GEOMETRIC_REPRESENTATION_CONTEXT(2) 
PARAMETRIC_REPRESENTATION_CONTEXT() REPRESENTATION_CONTEXT('2D SPACE',''
  ) );
#9182 = ORIENTED_EDGE('',*,*,#7806,.F.);
#9183 = ORIENTED_EDGE('',*,*,#9137,.F.);
#9184 = ADVANCED_FACE('',(#9185),#7155,.T.);
#9185 = FACE_BOUND('',#9186,.T.);
#9186 = EDGE_LOOP('',(#9187,#9188,#9209,#9210,#9233,#9261,#9282,#9283));
#9187 = ORIENTED_EDGE('',*,*,#7139,.F.);
#9188 = ORIENTED_EDGE('',*,*,#9189,.T.);
#9189 = EDGE_CURVE('',#7140,#8122,#9190,.T.);
#9190 = SURFACE_CURVE('',#9191,(#9195,#9202),.PCURVE_S1.);
#9191 = LINE('',#9192,#9193);
#9192 = CARTESIAN_POINT('',(-41.,-29.,64.0000001));
#9193 = VECTOR('',#9194,1.);
#9194 = DIRECTION('',(0.,0.,1.));
#9195 = PCURVE('',#7155,#9196);
#9196 = DEFINITIONAL_REPRESENTATION('',(#9197),#9201);
#9197 = LINE('',#9198,#9199);
#9198 = CARTESIAN_POINT('',(0.,3.));
#9199 = VECTOR('',#9200,1.);
#9200 = DIRECTION('',(1.,0.));
#9201 = ( GEOMETRIC_REPRESENTATION_CONTEXT(2) 
PARAMETRIC_REPRESENTATION_CONTEXT() REPRESENTATION_CONTEXT('2D SPACE',''
  ) );
#9202 = PCURVE('',#7186,#9203);
#9203 = DEFINITIONAL_REPRESENTATION('',(#9204),#9208);
#9204 = LINE('',#9205,#9206);
#9205 = CARTESIAN_POINT('',(4.712388980385,0.));
#9206 = VECTOR('',#9207,1.);
#9207 = DIRECTION('',(-0.,1.));
#9208 = ( GEOMETRIC_REPRESENTATION_CONTEXT(2) 
PARAMETRIC_REPRESENTATION_CONTEXT() REPRESENTATION_CONTEXT('2D SPACE',''
  ) );
#9209 = ORIENTED_EDGE('',*,*,#8121,.T.);
#9210 = ORIENTED_EDGE('',*,*,#9211,.T.);
#9211 = EDGE_CURVE('',#8094,#9212,#9214,.T.);
#9212 = VERTEX_POINT('',#9213);
#9213 = CARTESIAN_POINT('',(-39.,-29.,68.0000001));
#9214 = SURFACE_CURVE('',#9215,(#9219,#9226),.PCURVE_S1.);
#9215 = LINE('',#9216,#9217);
#9216 = CARTESIAN_POINT('',(-39.,-29.,66.0000001));
#9217 = VECTOR('',#9218,1.);
#9218 = DIRECTION('',(0.,0.,-1.));
#9219 = PCURVE('',#7155,#9220);
#9220 = DEFINITIONAL_REPRESENTATION('',(#9221),#9225);
#9221 = LINE('',#9222,#9223);
#9222 = CARTESIAN_POINT('',(2.,5.));
#9223 = VECTOR('',#9224,1.);
#9224 = DIRECTION('',(-1.,0.));
#9225 = ( GEOMETRIC_REPRESENTATION_CONTEXT(2) 
PARAMETRIC_REPRESENTATION_CONTEXT() REPRESENTATION_CONTEXT('2D SPACE',''
  ) );
#9226 = PCURVE('',#8109,#9227);
#9227 = DEFINITIONAL_REPRESENTATION('',(#9228),#9232);
#9228 = LINE('',#9229,#9230);
#9229 = CARTESIAN_POINT('',(-2.,-7.));
#9230 = VECTOR('',#9231,1.);
#9231 = DIRECTION('',(-1.,0.));
#9232 = ( GEOMETRIC_REPRESENTATION_CONTEXT(2) 
PARAMETRIC_REPRESENTATION_CONTEXT() REPRESENTATION_CONTEXT('2D SPACE',''
  ) );
#9233 = ORIENTED_EDGE('',*,*,#9234,.T.);
#9234 = EDGE_CURVE('',#9212,#9235,#9237,.T.);
#9235 = VERTEX_POINT('',#9236);
#9236 = CARTESIAN_POINT('',(39.,-29.,68.0000001));
#9237 = SURFACE_CURVE('',#9238,(#9242,#9249),.PCURVE_S1.);
#9238 = LINE('',#9239,#9240);
#9239 = CARTESIAN_POINT('',(-41.5,-29.,68.0000001));
#9240 = VECTOR('',#9241,1.);
#9241 = DIRECTION('',(1.,0.,0.));
#9242 = PCURVE('',#7155,#9243);
#9243 = DEFINITIONAL_REPRESENTATION('',(#9244),#9248);
#9244 = LINE('',#9245,#9246);
#9245 = CARTESIAN_POINT('',(4.,2.5));
#9246 = VECTOR('',#9247,1.);
#9247 = DIRECTION('',(0.,1.));
#9248 = ( GEOMETRIC_REPRESENTATION_CONTEXT(2) 
PARAMETRIC_REPRESENTATION_CONTEXT() REPRESENTATION_CONTEXT('2D SPACE',''
  ) );
#9249 = PCURVE('',#9250,#9255);
#9250 = PLANE('',#9251);
#9251 = AXIS2_PLACEMENT_3D('',#9252,#9253,#9254);
#9252 = CARTESIAN_POINT('',(-39.,-36.,68.0000001));
#9253 = DIRECTION('',(0.,0.,1.));
#9254 = DIRECTION('',(1.,0.,-0.));
#9255 = DEFINITIONAL_REPRESENTATION('',(#9256),#9260);
#9256 = LINE('',#9257,#9258);
#9257 = CARTESIAN_POINT('',(-2.5,7.));
#9258 = VECTOR('',#9259,1.);
#9259 = DIRECTION('',(1.,0.));
#9260 = ( GEOMETRIC_REPRESENTATION_CONTEXT(2) 
PARAMETRIC_REPRESENTATION_CONTEXT() REPRESENTATION_CONTEXT('2D SPACE',''
  ) );
#9261 = ORIENTED_EDGE('',*,*,#9262,.F.);
#9262 = EDGE_CURVE('',#7831,#9235,#9263,.T.);
#9263 = SURFACE_CURVE('',#9264,(#9268,#9275),.PCURVE_S1.);
#9264 = LINE('',#9265,#9266);
#9265 = CARTESIAN_POINT('',(39.,-29.,66.0000001));
#9266 = VECTOR('',#9267,1.);
#9267 = DIRECTION('',(0.,0.,-1.));
#9268 = PCURVE('',#7155,#9269);
#9269 = DEFINITIONAL_REPRESENTATION('',(#9270),#9274);
#9270 = LINE('',#9271,#9272);
#9271 = CARTESIAN_POINT('',(2.,83.));
#9272 = VECTOR('',#9273,1.);
#9273 = DIRECTION('',(-1.,0.));
#9274 = ( GEOMETRIC_REPRESENTATION_CONTEXT(2) 
PARAMETRIC_REPRESENTATION_CONTEXT() REPRESENTATION_CONTEXT('2D SPACE',''
  ) );
#9275 = PCURVE('',#7869,#9276);
#9276 = DEFINITIONAL_REPRESENTATION('',(#9277),#9281);
#9277 = LINE('',#9278,#9279);
#9278 = CARTESIAN_POINT('',(-2.,-7.));
#9279 = VECTOR('',#9280,1.);
#9280 = DIRECTION('',(-1.,0.));
#9281 = ( GEOMETRIC_REPRESENTATION_CONTEXT(2) 
PARAMETRIC_REPRESENTATION_CONTEXT() REPRESENTATION_CONTEXT('2D SPACE',''
  ) );
#9282 = ORIENTED_EDGE('',*,*,#7830,.T.);
#9283 = ORIENTED_EDGE('',*,*,#9162,.F.);
#9284 = ADVANCED_FACE('',(#9285),#7186,.T.);
#9285 = FACE_BOUND('',#9286,.T.);
#9286 = EDGE_LOOP('',(#9287,#9288,#9289,#9290));
#9287 = ORIENTED_EDGE('',*,*,#9076,.T.);
#9288 = ORIENTED_EDGE('',*,*,#8144,.T.);
#9289 = ORIENTED_EDGE('',*,*,#9189,.F.);
#9290 = ORIENTED_EDGE('',*,*,#7167,.F.);
#9291 = ADVANCED_FACE('',(#9292),#7218,.T.);
#9292 = FACE_BOUND('',#9293,.T.);
#9293 = EDGE_LOOP('',(#9294,#9315,#9316,#9337));
#9294 = ORIENTED_EDGE('',*,*,#9295,.F.);
#9295 = EDGE_CURVE('',#7201,#8002,#9296,.T.);
#9296 = SURFACE_CURVE('',#9297,(#9301,#9308),.PCURVE_S1.);
#9297 = LINE('',#9298,#9299);
#9298 = CARTESIAN_POINT('',(-38.5,-58.,62.0000001));
#9299 = VECTOR('',#9300,1.);
#9300 = DIRECTION('',(0.,0.,1.));
#9301 = PCURVE('',#7218,#9302);
#9302 = DEFINITIONAL_REPRESENTATION('',(#9303),#9307);
#9303 = LINE('',#9304,#9305);
#9304 = CARTESIAN_POINT('',(0.,3.));
#9305 = VECTOR('',#9306,1.);
#9306 = DIRECTION('',(1.,0.));
#9307 = ( GEOMETRIC_REPRESENTATION_CONTEXT(2) 
PARAMETRIC_REPRESENTATION_CONTEXT() REPRESENTATION_CONTEXT('2D SPACE',''
  ) );
#9308 = PCURVE('',#7300,#9309);
#9309 = DEFINITIONAL_REPRESENTATION('',(#9310),#9314);
#9310 = LINE('',#9311,#9312);
#9311 = CARTESIAN_POINT('',(0.,0.));
#9312 = VECTOR('',#9313,1.);
#9313 = DIRECTION('',(1.,0.));
#9314 = ( GEOMETRIC_REPRESENTATION_CONTEXT(2) 
PARAMETRIC_REPRESENTATION_CONTEXT() REPRESENTATION_CONTEXT('2D SPACE',''
  ) );
#9315 = ORIENTED_EDGE('',*,*,#7200,.T.);
#9316 = ORIENTED_EDGE('',*,*,#9317,.T.);
#9317 = EDGE_CURVE('',#7203,#8025,#9318,.T.);
#9318 = SURFACE_CURVE('',#9319,(#9323,#9330),.PCURVE_S1.);
#9319 = LINE('',#9320,#9321);
#9320 = CARTESIAN_POINT('',(-41.5,-58.,62.0000001));
#9321 = VECTOR('',#9322,1.);
#9322 = DIRECTION('',(0.,0.,1.));
#9323 = PCURVE('',#7218,#9324);
#9324 = DEFINITIONAL_REPRESENTATION('',(#9325),#9329);
#9325 = LINE('',#9326,#9327);
#9326 = CARTESIAN_POINT('',(0.,0.));
#9327 = VECTOR('',#9328,1.);
#9328 = DIRECTION('',(1.,0.));
#9329 = ( GEOMETRIC_REPRESENTATION_CONTEXT(2) 
PARAMETRIC_REPRESENTATION_CONTEXT() REPRESENTATION_CONTEXT('2D SPACE',''
  ) );
#9330 = PCURVE('',#7246,#9331);
#9331 = DEFINITIONAL_REPRESENTATION('',(#9332),#9336);
#9332 = LINE('',#9333,#9334);
#9333 = CARTESIAN_POINT('',(0.,0.));
#9334 = VECTOR('',#9335,1.);
#9335 = DIRECTION('',(1.,0.));
#9336 = ( GEOMETRIC_REPRESENTATION_CONTEXT(2) 
PARAMETRIC_REPRESENTATION_CONTEXT() REPRESENTATION_CONTEXT('2D SPACE',''
  ) );
#9337 = ORIENTED_EDGE('',*,*,#8024,.F.);
#9338 = ADVANCED_FACE('',(#9339),#7246,.T.);
#9339 = FACE_BOUND('',#9340,.T.);
#9340 = EDGE_LOOP('',(#9341,#9342,#9343,#9364));
#9341 = ORIENTED_EDGE('',*,*,#9317,.F.);
#9342 = ORIENTED_EDGE('',*,*,#7230,.T.);
#9343 = ORIENTED_EDGE('',*,*,#9344,.T.);
#9344 = EDGE_CURVE('',#7231,#8048,#9345,.T.);
#9345 = SURFACE_CURVE('',#9346,(#9350,#9357),.PCURVE_S1.);
#9346 = LINE('',#9347,#9348);
#9347 = CARTESIAN_POINT('',(-41.5,-32.,62.0000001));
#9348 = VECTOR('',#9349,1.);
#9349 = DIRECTION('',(0.,0.,1.));
#9350 = PCURVE('',#7246,#9351);
#9351 = DEFINITIONAL_REPRESENTATION('',(#9352),#9356);
#9352 = LINE('',#9353,#9354);
#9353 = CARTESIAN_POINT('',(0.,-26.));
#9354 = VECTOR('',#9355,1.);
#9355 = DIRECTION('',(1.,0.));
#9356 = ( GEOMETRIC_REPRESENTATION_CONTEXT(2) 
PARAMETRIC_REPRESENTATION_CONTEXT() REPRESENTATION_CONTEXT('2D SPACE',''
  ) );
#9357 = PCURVE('',#7274,#9358);
#9358 = DEFINITIONAL_REPRESENTATION('',(#9359),#9363);
#9359 = LINE('',#9360,#9361);
#9360 = CARTESIAN_POINT('',(0.,0.));
#9361 = VECTOR('',#9362,1.);
#9362 = DIRECTION('',(1.,0.));
#9363 = ( GEOMETRIC_REPRESENTATION_CONTEXT(2) 
PARAMETRIC_REPRESENTATION_CONTEXT() REPRESENTATION_CONTEXT('2D SPACE',''
  ) );
#9364 = ORIENTED_EDGE('',*,*,#8047,.F.);
#9365 = ADVANCED_FACE('',(#9366),#7274,.F.);
#9366 = FACE_BOUND('',#9367,.F.);
#9367 = EDGE_LOOP('',(#9368,#9391,#9392,#9393,#9394,#9417));
#9368 = ORIENTED_EDGE('',*,*,#9369,.F.);
#9369 = EDGE_CURVE('',#7259,#9370,#9372,.T.);
#9370 = VERTEX_POINT('',#9371);
#9371 = CARTESIAN_POINT('',(-38.5,-32.,68.0000001));
#9372 = SURFACE_CURVE('',#9373,(#9377,#9384),.PCURVE_S1.);
#9373 = LINE('',#9374,#9375);
#9374 = CARTESIAN_POINT('',(-38.5,-32.,62.0000001));
#9375 = VECTOR('',#9376,1.);
#9376 = DIRECTION('',(0.,0.,1.));
#9377 = PCURVE('',#7274,#9378);
#9378 = DEFINITIONAL_REPRESENTATION('',(#9379),#9383);
#9379 = LINE('',#9380,#9381);
#9380 = CARTESIAN_POINT('',(0.,3.));
#9381 = VECTOR('',#9382,1.);
#9382 = DIRECTION('',(1.,0.));
#9383 = ( GEOMETRIC_REPRESENTATION_CONTEXT(2) 
PARAMETRIC_REPRESENTATION_CONTEXT() REPRESENTATION_CONTEXT('2D SPACE',''
  ) );
#9384 = PCURVE('',#7300,#9385);
#9385 = DEFINITIONAL_REPRESENTATION('',(#9386),#9390);
#9386 = LINE('',#9387,#9388);
#9387 = CARTESIAN_POINT('',(0.,-26.));
#9388 = VECTOR('',#9389,1.);
#9389 = DIRECTION('',(1.,0.));
#9390 = ( GEOMETRIC_REPRESENTATION_CONTEXT(2) 
PARAMETRIC_REPRESENTATION_CONTEXT() REPRESENTATION_CONTEXT('2D SPACE',''
  ) );
#9391 = ORIENTED_EDGE('',*,*,#7258,.T.);
#9392 = ORIENTED_EDGE('',*,*,#9344,.T.);
#9393 = ORIENTED_EDGE('',*,*,#8070,.F.);
#9394 = ORIENTED_EDGE('',*,*,#9395,.T.);
#9395 = EDGE_CURVE('',#8071,#9396,#9398,.T.);
#9396 = VERTEX_POINT('',#9397);
#9397 = CARTESIAN_POINT('',(-39.,-32.,68.0000001));
#9398 = SURFACE_CURVE('',#9399,(#9403,#9410),.PCURVE_S1.);
#9399 = LINE('',#9400,#9401);
#9400 = CARTESIAN_POINT('',(-39.,-32.,65.0000001));
#9401 = VECTOR('',#9402,1.);
#9402 = DIRECTION('',(0.,0.,-1.));
#9403 = PCURVE('',#7274,#9404);
#9404 = DEFINITIONAL_REPRESENTATION('',(#9405),#9409);
#9405 = LINE('',#9406,#9407);
#9406 = CARTESIAN_POINT('',(3.,2.5));
#9407 = VECTOR('',#9408,1.);
#9408 = DIRECTION('',(-1.,0.));
#9409 = ( GEOMETRIC_REPRESENTATION_CONTEXT(2) 
PARAMETRIC_REPRESENTATION_CONTEXT() REPRESENTATION_CONTEXT('2D SPACE',''
  ) );
#9410 = PCURVE('',#8109,#9411);
#9411 = DEFINITIONAL_REPRESENTATION('',(#9412),#9416);
#9412 = LINE('',#9413,#9414);
#9413 = CARTESIAN_POINT('',(-3.,-4.));
#9414 = VECTOR('',#9415,1.);
#9415 = DIRECTION('',(-1.,0.));
#9416 = ( GEOMETRIC_REPRESENTATION_CONTEXT(2) 
PARAMETRIC_REPRESENTATION_CONTEXT() REPRESENTATION_CONTEXT('2D SPACE',''
  ) );
#9417 = ORIENTED_EDGE('',*,*,#9418,.T.);
#9418 = EDGE_CURVE('',#9396,#9370,#9419,.T.);
#9419 = SURFACE_CURVE('',#9420,(#9424,#9431),.PCURVE_S1.);
#9420 = LINE('',#9421,#9422);
#9421 = CARTESIAN_POINT('',(-40.25,-32.,68.0000001));
#9422 = VECTOR('',#9423,1.);
#9423 = DIRECTION('',(1.,0.,0.));
#9424 = PCURVE('',#7274,#9425);
#9425 = DEFINITIONAL_REPRESENTATION('',(#9426),#9430);
#9426 = LINE('',#9427,#9428);
#9427 = CARTESIAN_POINT('',(6.,1.25));
#9428 = VECTOR('',#9429,1.);
#9429 = DIRECTION('',(0.,1.));
#9430 = ( GEOMETRIC_REPRESENTATION_CONTEXT(2) 
PARAMETRIC_REPRESENTATION_CONTEXT() REPRESENTATION_CONTEXT('2D SPACE',''
  ) );
#9431 = PCURVE('',#9250,#9432);
#9432 = DEFINITIONAL_REPRESENTATION('',(#9433),#9437);
#9433 = LINE('',#9434,#9435);
#9434 = CARTESIAN_POINT('',(-1.25,4.));
#9435 = VECTOR('',#9436,1.);
#9436 = DIRECTION('',(1.,0.));
#9437 = ( GEOMETRIC_REPRESENTATION_CONTEXT(2) 
PARAMETRIC_REPRESENTATION_CONTEXT() REPRESENTATION_CONTEXT('2D SPACE',''
  ) );
#9438 = ADVANCED_FACE('',(#9439),#7300,.F.);
#9439 = FACE_BOUND('',#9440,.F.);
#9440 = EDGE_LOOP('',(#9441,#9442,#9443,#9444,#9467,#9488));
#9441 = ORIENTED_EDGE('',*,*,#9295,.F.);
#9442 = ORIENTED_EDGE('',*,*,#7286,.T.);
#9443 = ORIENTED_EDGE('',*,*,#9369,.T.);
#9444 = ORIENTED_EDGE('',*,*,#9445,.T.);
#9445 = EDGE_CURVE('',#9370,#9446,#9448,.T.);
#9446 = VERTEX_POINT('',#9447);
#9447 = CARTESIAN_POINT('',(-38.5,-36.,68.0000001));
#9448 = SURFACE_CURVE('',#9449,(#9453,#9460),.PCURVE_S1.);
#9449 = LINE('',#9450,#9451);
#9450 = CARTESIAN_POINT('',(-38.5,-47.,68.0000001));
#9451 = VECTOR('',#9452,1.);
#9452 = DIRECTION('',(0.,-1.,0.));
#9453 = PCURVE('',#7300,#9454);
#9454 = DEFINITIONAL_REPRESENTATION('',(#9455),#9459);
#9455 = LINE('',#9456,#9457);
#9456 = CARTESIAN_POINT('',(6.,-11.));
#9457 = VECTOR('',#9458,1.);
#9458 = DIRECTION('',(0.,1.));
#9459 = ( GEOMETRIC_REPRESENTATION_CONTEXT(2) 
PARAMETRIC_REPRESENTATION_CONTEXT() REPRESENTATION_CONTEXT('2D SPACE',''
  ) );
#9460 = PCURVE('',#9250,#9461);
#9461 = DEFINITIONAL_REPRESENTATION('',(#9462),#9466);
#9462 = LINE('',#9463,#9464);
#9463 = CARTESIAN_POINT('',(0.5,-11.));
#9464 = VECTOR('',#9465,1.);
#9465 = DIRECTION('',(0.,-1.));
#9466 = ( GEOMETRIC_REPRESENTATION_CONTEXT(2) 
PARAMETRIC_REPRESENTATION_CONTEXT() REPRESENTATION_CONTEXT('2D SPACE',''
  ) );
#9467 = ORIENTED_EDGE('',*,*,#9468,.T.);
#9468 = EDGE_CURVE('',#9446,#7974,#9469,.T.);
#9469 = SURFACE_CURVE('',#9470,(#9474,#9481),.PCURVE_S1.);
#9470 = LINE('',#9471,#9472);
#9471 = CARTESIAN_POINT('',(-38.5,-36.,65.0000001));
#9472 = VECTOR('',#9473,1.);
#9473 = DIRECTION('',(0.,0.,1.));
#9474 = PCURVE('',#7300,#9475);
#9475 = DEFINITIONAL_REPRESENTATION('',(#9476),#9480);
#9476 = LINE('',#9477,#9478);
#9477 = CARTESIAN_POINT('',(3.,-22.));
#9478 = VECTOR('',#9479,1.);
#9479 = DIRECTION('',(1.,0.));
#9480 = ( GEOMETRIC_REPRESENTATION_CONTEXT(2) 
PARAMETRIC_REPRESENTATION_CONTEXT() REPRESENTATION_CONTEXT('2D SPACE',''
  ) );
#9481 = PCURVE('',#7989,#9482);
#9482 = DEFINITIONAL_REPRESENTATION('',(#9483),#9487);
#9483 = LINE('',#9484,#9485);
#9484 = CARTESIAN_POINT('',(-3.,0.5));
#9485 = VECTOR('',#9486,1.);
#9486 = DIRECTION('',(1.,0.));
#9487 = ( GEOMETRIC_REPRESENTATION_CONTEXT(2) 
PARAMETRIC_REPRESENTATION_CONTEXT() REPRESENTATION_CONTEXT('2D SPACE',''
  ) );
#9488 = ORIENTED_EDGE('',*,*,#8001,.F.);
#9489 = ADVANCED_FACE('',(#9490),#7332,.T.);
#9490 = FACE_BOUND('',#9491,.T.);
#9491 = EDGE_LOOP('',(#9492,#9513,#9514,#9535));
#9492 = ORIENTED_EDGE('',*,*,#9493,.F.);
#9493 = EDGE_CURVE('',#7315,#7905,#9494,.T.);
#9494 = SURFACE_CURVE('',#9495,(#9499,#9506),.PCURVE_S1.);
#9495 = LINE('',#9496,#9497);
#9496 = CARTESIAN_POINT('',(41.5,-58.,62.0000001));
#9497 = VECTOR('',#9498,1.);
#9498 = DIRECTION('',(0.,0.,1.));
#9499 = PCURVE('',#7332,#9500);
#9500 = DEFINITIONAL_REPRESENTATION('',(#9501),#9505);
#9501 = LINE('',#9502,#9503);
#9502 = CARTESIAN_POINT('',(0.,3.));
#9503 = VECTOR('',#9504,1.);
#9504 = DIRECTION('',(1.,0.));
#9505 = ( GEOMETRIC_REPRESENTATION_CONTEXT(2) 
PARAMETRIC_REPRESENTATION_CONTEXT() REPRESENTATION_CONTEXT('2D SPACE',''
  ) );
#9506 = PCURVE('',#7414,#9507);
#9507 = DEFINITIONAL_REPRESENTATION('',(#9508),#9512);
#9508 = LINE('',#9509,#9510);
#9509 = CARTESIAN_POINT('',(0.,0.));
#9510 = VECTOR('',#9511,1.);
#9511 = DIRECTION('',(1.,0.));
#9512 = ( GEOMETRIC_REPRESENTATION_CONTEXT(2) 
PARAMETRIC_REPRESENTATION_CONTEXT() REPRESENTATION_CONTEXT('2D SPACE',''
  ) );
#9513 = ORIENTED_EDGE('',*,*,#7314,.T.);
#9514 = ORIENTED_EDGE('',*,*,#9515,.T.);
#9515 = EDGE_CURVE('',#7317,#7928,#9516,.T.);
#9516 = SURFACE_CURVE('',#9517,(#9521,#9528),.PCURVE_S1.);
#9517 = LINE('',#9518,#9519);
#9518 = CARTESIAN_POINT('',(38.5,-58.,62.0000001));
#9519 = VECTOR('',#9520,1.);
#9520 = DIRECTION('',(0.,0.,1.));
#9521 = PCURVE('',#7332,#9522);
#9522 = DEFINITIONAL_REPRESENTATION('',(#9523),#9527);
#9523 = LINE('',#9524,#9525);
#9524 = CARTESIAN_POINT('',(0.,0.));
#9525 = VECTOR('',#9526,1.);
#9526 = DIRECTION('',(1.,0.));
#9527 = ( GEOMETRIC_REPRESENTATION_CONTEXT(2) 
PARAMETRIC_REPRESENTATION_CONTEXT() REPRESENTATION_CONTEXT('2D SPACE',''
  ) );
#9528 = PCURVE('',#7360,#9529);
#9529 = DEFINITIONAL_REPRESENTATION('',(#9530),#9534);
#9530 = LINE('',#9531,#9532);
#9531 = CARTESIAN_POINT('',(0.,0.));
#9532 = VECTOR('',#9533,1.);
#9533 = DIRECTION('',(1.,0.));
#9534 = ( GEOMETRIC_REPRESENTATION_CONTEXT(2) 
PARAMETRIC_REPRESENTATION_CONTEXT() REPRESENTATION_CONTEXT('2D SPACE',''
  ) );
#9535 = ORIENTED_EDGE('',*,*,#7927,.F.);
#9536 = ADVANCED_FACE('',(#9537),#7360,.T.);
#9537 = FACE_BOUND('',#9538,.T.);
#9538 = EDGE_LOOP('',(#9539,#9540,#9541,#9564,#9587,#9608));
#9539 = ORIENTED_EDGE('',*,*,#9515,.F.);
#9540 = ORIENTED_EDGE('',*,*,#7344,.T.);
#9541 = ORIENTED_EDGE('',*,*,#9542,.T.);
#9542 = EDGE_CURVE('',#7345,#9543,#9545,.T.);
#9543 = VERTEX_POINT('',#9544);
#9544 = CARTESIAN_POINT('',(38.5,-32.,68.0000001));
#9545 = SURFACE_CURVE('',#9546,(#9550,#9557),.PCURVE_S1.);
#9546 = LINE('',#9547,#9548);
#9547 = CARTESIAN_POINT('',(38.5,-32.,62.0000001));
#9548 = VECTOR('',#9549,1.);
#9549 = DIRECTION('',(0.,0.,1.));
#9550 = PCURVE('',#7360,#9551);
#9551 = DEFINITIONAL_REPRESENTATION('',(#9552),#9556);
#9552 = LINE('',#9553,#9554);
#9553 = CARTESIAN_POINT('',(0.,-26.));
#9554 = VECTOR('',#9555,1.);
#9555 = DIRECTION('',(1.,0.));
#9556 = ( GEOMETRIC_REPRESENTATION_CONTEXT(2) 
PARAMETRIC_REPRESENTATION_CONTEXT() REPRESENTATION_CONTEXT('2D SPACE',''
  ) );
#9557 = PCURVE('',#7388,#9558);
#9558 = DEFINITIONAL_REPRESENTATION('',(#9559),#9563);
#9559 = LINE('',#9560,#9561);
#9560 = CARTESIAN_POINT('',(0.,0.));
#9561 = VECTOR('',#9562,1.);
#9562 = DIRECTION('',(1.,0.));
#9563 = ( GEOMETRIC_REPRESENTATION_CONTEXT(2) 
PARAMETRIC_REPRESENTATION_CONTEXT() REPRESENTATION_CONTEXT('2D SPACE',''
  ) );
#9564 = ORIENTED_EDGE('',*,*,#9565,.T.);
#9565 = EDGE_CURVE('',#9543,#9566,#9568,.T.);
#9566 = VERTEX_POINT('',#9567);
#9567 = CARTESIAN_POINT('',(38.5,-36.,68.0000001));
#9568 = SURFACE_CURVE('',#9569,(#9573,#9580),.PCURVE_S1.);
#9569 = LINE('',#9570,#9571);
#9570 = CARTESIAN_POINT('',(38.5,-47.,68.0000001));
#9571 = VECTOR('',#9572,1.);
#9572 = DIRECTION('',(0.,-1.,0.));
#9573 = PCURVE('',#7360,#9574);
#9574 = DEFINITIONAL_REPRESENTATION('',(#9575),#9579);
#9575 = LINE('',#9576,#9577);
#9576 = CARTESIAN_POINT('',(6.,-11.));
#9577 = VECTOR('',#9578,1.);
#9578 = DIRECTION('',(0.,1.));
#9579 = ( GEOMETRIC_REPRESENTATION_CONTEXT(2) 
PARAMETRIC_REPRESENTATION_CONTEXT() REPRESENTATION_CONTEXT('2D SPACE',''
  ) );
#9580 = PCURVE('',#9250,#9581);
#9581 = DEFINITIONAL_REPRESENTATION('',(#9582),#9586);
#9582 = LINE('',#9583,#9584);
#9583 = CARTESIAN_POINT('',(77.5,-11.));
#9584 = VECTOR('',#9585,1.);
#9585 = DIRECTION('',(0.,-1.));
#9586 = ( GEOMETRIC_REPRESENTATION_CONTEXT(2) 
PARAMETRIC_REPRESENTATION_CONTEXT() REPRESENTATION_CONTEXT('2D SPACE',''
  ) );
#9587 = ORIENTED_EDGE('',*,*,#9588,.T.);
#9588 = EDGE_CURVE('',#9566,#7951,#9589,.T.);
#9589 = SURFACE_CURVE('',#9590,(#9594,#9601),.PCURVE_S1.);
#9590 = LINE('',#9591,#9592);
#9591 = CARTESIAN_POINT('',(38.5,-36.,65.0000001));
#9592 = VECTOR('',#9593,1.);
#9593 = DIRECTION('',(0.,0.,1.));
#9594 = PCURVE('',#7360,#9595);
#9595 = DEFINITIONAL_REPRESENTATION('',(#9596),#9600);
#9596 = LINE('',#9597,#9598);
#9597 = CARTESIAN_POINT('',(3.,-22.));
#9598 = VECTOR('',#9599,1.);
#9599 = DIRECTION('',(1.,0.));
#9600 = ( GEOMETRIC_REPRESENTATION_CONTEXT(2) 
PARAMETRIC_REPRESENTATION_CONTEXT() REPRESENTATION_CONTEXT('2D SPACE',''
  ) );
#9601 = PCURVE('',#7989,#9602);
#9602 = DEFINITIONAL_REPRESENTATION('',(#9603),#9607);
#9603 = LINE('',#9604,#9605);
#9604 = CARTESIAN_POINT('',(-3.,77.5));
#9605 = VECTOR('',#9606,1.);
#9606 = DIRECTION('',(1.,0.));
#9607 = ( GEOMETRIC_REPRESENTATION_CONTEXT(2) 
PARAMETRIC_REPRESENTATION_CONTEXT() REPRESENTATION_CONTEXT('2D SPACE',''
  ) );
#9608 = ORIENTED_EDGE('',*,*,#7950,.F.);
#9609 = ADVANCED_FACE('',(#9610),#7388,.F.);
#9610 = FACE_BOUND('',#9611,.F.);
#9611 = EDGE_LOOP('',(#9612,#9633,#9634,#9635,#9658,#9679));
#9612 = ORIENTED_EDGE('',*,*,#9613,.F.);
#9613 = EDGE_CURVE('',#7373,#7882,#9614,.T.);
#9614 = SURFACE_CURVE('',#9615,(#9619,#9626),.PCURVE_S1.);
#9615 = LINE('',#9616,#9617);
#9616 = CARTESIAN_POINT('',(41.5,-32.,62.0000001));
#9617 = VECTOR('',#9618,1.);
#9618 = DIRECTION('',(0.,0.,1.));
#9619 = PCURVE('',#7388,#9620);
#9620 = DEFINITIONAL_REPRESENTATION('',(#9621),#9625);
#9621 = LINE('',#9622,#9623);
#9622 = CARTESIAN_POINT('',(0.,3.));
#9623 = VECTOR('',#9624,1.);
#9624 = DIRECTION('',(1.,0.));
#9625 = ( GEOMETRIC_REPRESENTATION_CONTEXT(2) 
PARAMETRIC_REPRESENTATION_CONTEXT() REPRESENTATION_CONTEXT('2D SPACE',''
  ) );
#9626 = PCURVE('',#7414,#9627);
#9627 = DEFINITIONAL_REPRESENTATION('',(#9628),#9632);
#9628 = LINE('',#9629,#9630);
#9629 = CARTESIAN_POINT('',(0.,-26.));
#9630 = VECTOR('',#9631,1.);
#9631 = DIRECTION('',(1.,0.));
#9632 = ( GEOMETRIC_REPRESENTATION_CONTEXT(2) 
PARAMETRIC_REPRESENTATION_CONTEXT() REPRESENTATION_CONTEXT('2D SPACE',''
  ) );
#9633 = ORIENTED_EDGE('',*,*,#7372,.T.);
#9634 = ORIENTED_EDGE('',*,*,#9542,.T.);
#9635 = ORIENTED_EDGE('',*,*,#9636,.T.);
#9636 = EDGE_CURVE('',#9543,#9637,#9639,.T.);
#9637 = VERTEX_POINT('',#9638);
#9638 = CARTESIAN_POINT('',(39.,-32.,68.0000001));
#9639 = SURFACE_CURVE('',#9640,(#9644,#9651),.PCURVE_S1.);
#9640 = LINE('',#9641,#9642);
#9641 = CARTESIAN_POINT('',(-0.25,-32.,68.0000001));
#9642 = VECTOR('',#9643,1.);
#9643 = DIRECTION('',(1.,0.,0.));
#9644 = PCURVE('',#7388,#9645);
#9645 = DEFINITIONAL_REPRESENTATION('',(#9646),#9650);
#9646 = LINE('',#9647,#9648);
#9647 = CARTESIAN_POINT('',(6.,-38.75));
#9648 = VECTOR('',#9649,1.);
#9649 = DIRECTION('',(0.,1.));
#9650 = ( GEOMETRIC_REPRESENTATION_CONTEXT(2) 
PARAMETRIC_REPRESENTATION_CONTEXT() REPRESENTATION_CONTEXT('2D SPACE',''
  ) );
#9651 = PCURVE('',#9250,#9652);
#9652 = DEFINITIONAL_REPRESENTATION('',(#9653),#9657);
#9653 = LINE('',#9654,#9655);
#9654 = CARTESIAN_POINT('',(38.75,4.));
#9655 = VECTOR('',#9656,1.);
#9656 = DIRECTION('',(1.,0.));
#9657 = ( GEOMETRIC_REPRESENTATION_CONTEXT(2) 
PARAMETRIC_REPRESENTATION_CONTEXT() REPRESENTATION_CONTEXT('2D SPACE',''
  ) );
#9658 = ORIENTED_EDGE('',*,*,#9659,.F.);
#9659 = EDGE_CURVE('',#7854,#9637,#9660,.T.);
#9660 = SURFACE_CURVE('',#9661,(#9665,#9672),.PCURVE_S1.);
#9661 = LINE('',#9662,#9663);
#9662 = CARTESIAN_POINT('',(39.,-32.,65.0000001));
#9663 = VECTOR('',#9664,1.);
#9664 = DIRECTION('',(0.,0.,-1.));
#9665 = PCURVE('',#7388,#9666);
#9666 = DEFINITIONAL_REPRESENTATION('',(#9667),#9671);
#9667 = LINE('',#9668,#9669);
#9668 = CARTESIAN_POINT('',(3.,0.5));
#9669 = VECTOR('',#9670,1.);
#9670 = DIRECTION('',(-1.,0.));
#9671 = ( GEOMETRIC_REPRESENTATION_CONTEXT(2) 
PARAMETRIC_REPRESENTATION_CONTEXT() REPRESENTATION_CONTEXT('2D SPACE',''
  ) );
#9672 = PCURVE('',#7869,#9673);
#9673 = DEFINITIONAL_REPRESENTATION('',(#9674),#9678);
#9674 = LINE('',#9675,#9676);
#9675 = CARTESIAN_POINT('',(-3.,-4.));
#9676 = VECTOR('',#9677,1.);
#9677 = DIRECTION('',(-1.,0.));
#9678 = ( GEOMETRIC_REPRESENTATION_CONTEXT(2) 
PARAMETRIC_REPRESENTATION_CONTEXT() REPRESENTATION_CONTEXT('2D SPACE',''
  ) );
#9679 = ORIENTED_EDGE('',*,*,#7881,.F.);
#9680 = ADVANCED_FACE('',(#9681),#7414,.F.);
#9681 = FACE_BOUND('',#9682,.F.);
#9682 = EDGE_LOOP('',(#9683,#9684,#9685,#9686));
#9683 = ORIENTED_EDGE('',*,*,#9493,.F.);
#9684 = ORIENTED_EDGE('',*,*,#7400,.T.);
#9685 = ORIENTED_EDGE('',*,*,#9613,.T.);
#9686 = ORIENTED_EDGE('',*,*,#7904,.F.);
#9687 = ADVANCED_FACE('',(#9688),#7523,.T.);
#9688 = FACE_BOUND('',#9689,.T.);
#9689 = EDGE_LOOP('',(#9690,#9711,#9712,#9713));
#9690 = ORIENTED_EDGE('',*,*,#9691,.T.);
#9691 = EDGE_CURVE('',#8547,#7503,#9692,.T.);
#9692 = SURFACE_CURVE('',#9693,(#9697,#9704),.PCURVE_S1.);
#9693 = LINE('',#9694,#9695);
#9694 = CARTESIAN_POINT('',(-44.,-127.,68.0000001));
#9695 = VECTOR('',#9696,1.);
#9696 = DIRECTION('',(0.,0.,1.));
#9697 = PCURVE('',#7523,#9698);
#9698 = DEFINITIONAL_REPRESENTATION('',(#9699),#9703);
#9699 = LINE('',#9700,#9701);
#9700 = CARTESIAN_POINT('',(6.28318530718,0.));
#9701 = VECTOR('',#9702,1.);
#9702 = DIRECTION('',(-0.,1.));
#9703 = ( GEOMETRIC_REPRESENTATION_CONTEXT(2) 
PARAMETRIC_REPRESENTATION_CONTEXT() REPRESENTATION_CONTEXT('2D SPACE',''
  ) );
#9704 = PCURVE('',#7551,#9705);
#9705 = DEFINITIONAL_REPRESENTATION('',(#9706),#9710);
#9706 = LINE('',#9707,#9708);
#9707 = CARTESIAN_POINT('',(0.,-29.));
#9708 = VECTOR('',#9709,1.);
#9709 = DIRECTION('',(1.,0.));
#9710 = ( GEOMETRIC_REPRESENTATION_CONTEXT(2) 
PARAMETRIC_REPRESENTATION_CONTEXT() REPRESENTATION_CONTEXT('2D SPACE',''
  ) );
#9711 = ORIENTED_EDGE('',*,*,#7502,.T.);
#9712 = ORIENTED_EDGE('',*,*,#8518,.F.);
#9713 = ORIENTED_EDGE('',*,*,#8740,.F.);
#9714 = ADVANCED_FACE('',(#9715),#7551,.F.);
#9715 = FACE_BOUND('',#9716,.F.);
#9716 = EDGE_LOOP('',(#9717,#9718,#9739,#9740));
#9717 = ORIENTED_EDGE('',*,*,#7535,.F.);
#9718 = ORIENTED_EDGE('',*,*,#9719,.F.);
#9719 = EDGE_CURVE('',#8545,#7536,#9720,.T.);
#9720 = SURFACE_CURVE('',#9721,(#9725,#9732),.PCURVE_S1.);
#9721 = LINE('',#9722,#9723);
#9722 = CARTESIAN_POINT('',(-44.,-153.,68.0000001));
#9723 = VECTOR('',#9724,1.);
#9724 = DIRECTION('',(0.,0.,1.));
#9725 = PCURVE('',#7551,#9726);
#9726 = DEFINITIONAL_REPRESENTATION('',(#9727),#9731);
#9727 = LINE('',#9728,#9729);
#9728 = CARTESIAN_POINT('',(0.,-3.));
#9729 = VECTOR('',#9730,1.);
#9730 = DIRECTION('',(1.,0.));
#9731 = ( GEOMETRIC_REPRESENTATION_CONTEXT(2) 
PARAMETRIC_REPRESENTATION_CONTEXT() REPRESENTATION_CONTEXT('2D SPACE',''
  ) );
#9732 = PCURVE('',#7580,#9733);
#9733 = DEFINITIONAL_REPRESENTATION('',(#9734),#9738);
#9734 = LINE('',#9735,#9736);
#9735 = CARTESIAN_POINT('',(0.,0.));
#9736 = VECTOR('',#9737,1.);
#9737 = DIRECTION('',(0.,1.));
#9738 = ( GEOMETRIC_REPRESENTATION_CONTEXT(2) 
PARAMETRIC_REPRESENTATION_CONTEXT() REPRESENTATION_CONTEXT('2D SPACE',''
  ) );
#9739 = ORIENTED_EDGE('',*,*,#8544,.T.);
#9740 = ORIENTED_EDGE('',*,*,#9691,.T.);
#9741 = ADVANCED_FACE('',(#9742),#7580,.T.);
#9742 = FACE_BOUND('',#9743,.T.);
#9743 = EDGE_LOOP('',(#9744,#9745,#9766,#9767));
#9744 = ORIENTED_EDGE('',*,*,#8569,.T.);
#9745 = ORIENTED_EDGE('',*,*,#9746,.T.);
#9746 = EDGE_CURVE('',#8570,#7564,#9747,.T.);
#9747 = SURFACE_CURVE('',#9748,(#9752,#9759),.PCURVE_S1.);
#9748 = LINE('',#9749,#9750);
#9749 = CARTESIAN_POINT('',(-41.,-156.,68.0000001));
#9750 = VECTOR('',#9751,1.);
#9751 = DIRECTION('',(0.,0.,1.));
#9752 = PCURVE('',#7580,#9753);
#9753 = DEFINITIONAL_REPRESENTATION('',(#9754),#9758);
#9754 = LINE('',#9755,#9756);
#9755 = CARTESIAN_POINT('',(1.570796326795,0.));
#9756 = VECTOR('',#9757,1.);
#9757 = DIRECTION('',(0.,1.));
#9758 = ( GEOMETRIC_REPRESENTATION_CONTEXT(2) 
PARAMETRIC_REPRESENTATION_CONTEXT() REPRESENTATION_CONTEXT('2D SPACE',''
  ) );
#9759 = PCURVE('',#7608,#9760);
#9760 = DEFINITIONAL_REPRESENTATION('',(#9761),#9765);
#9761 = LINE('',#9762,#9763);
#9762 = CARTESIAN_POINT('',(0.,3.));
#9763 = VECTOR('',#9764,1.);
#9764 = DIRECTION('',(1.,0.));
#9765 = ( GEOMETRIC_REPRESENTATION_CONTEXT(2) 
PARAMETRIC_REPRESENTATION_CONTEXT() REPRESENTATION_CONTEXT('2D SPACE',''
  ) );
#9766 = ORIENTED_EDGE('',*,*,#7563,.F.);
#9767 = ORIENTED_EDGE('',*,*,#9719,.F.);
#9768 = ADVANCED_FACE('',(#9769),#7608,.F.);
#9769 = FACE_BOUND('',#9770,.F.);
#9770 = EDGE_LOOP('',(#9771,#9772,#9773,#9774));
#9771 = ORIENTED_EDGE('',*,*,#8593,.F.);
#9772 = ORIENTED_EDGE('',*,*,#9746,.T.);
#9773 = ORIENTED_EDGE('',*,*,#7592,.T.);
#9774 = ORIENTED_EDGE('',*,*,#9775,.F.);
#9775 = EDGE_CURVE('',#8594,#7593,#9776,.T.);
#9776 = SURFACE_CURVE('',#9777,(#9781,#9788),.PCURVE_S1.);
#9777 = LINE('',#9778,#9779);
#9778 = CARTESIAN_POINT('',(41.,-156.,68.0000001));
#9779 = VECTOR('',#9780,1.);
#9780 = DIRECTION('',(0.,0.,1.));
#9781 = PCURVE('',#7608,#9782);
#9782 = DEFINITIONAL_REPRESENTATION('',(#9783),#9787);
#9783 = LINE('',#9784,#9785);
#9784 = CARTESIAN_POINT('',(0.,85.));
#9785 = VECTOR('',#9786,1.);
#9786 = DIRECTION('',(1.,0.));
#9787 = ( GEOMETRIC_REPRESENTATION_CONTEXT(2) 
PARAMETRIC_REPRESENTATION_CONTEXT() REPRESENTATION_CONTEXT('2D SPACE',''
  ) );
#9788 = PCURVE('',#7641,#9789);
#9789 = DEFINITIONAL_REPRESENTATION('',(#9790),#9794);
#9790 = LINE('',#9791,#9792);
#9791 = CARTESIAN_POINT('',(4.712388980385,0.));
#9792 = VECTOR('',#9793,1.);
#9793 = DIRECTION('',(-0.,1.));
#9794 = ( GEOMETRIC_REPRESENTATION_CONTEXT(2) 
PARAMETRIC_REPRESENTATION_CONTEXT() REPRESENTATION_CONTEXT('2D SPACE',''
  ) );
#9795 = ADVANCED_FACE('',(#9796),#7641,.T.);
#9796 = FACE_BOUND('',#9797,.T.);
#9797 = EDGE_LOOP('',(#9798,#9819,#9820,#9821));
#9798 = ORIENTED_EDGE('',*,*,#9799,.T.);
#9799 = EDGE_CURVE('',#8617,#7621,#9800,.T.);
#9800 = SURFACE_CURVE('',#9801,(#9805,#9812),.PCURVE_S1.);
#9801 = LINE('',#9802,#9803);
#9802 = CARTESIAN_POINT('',(44.,-153.,68.0000001));
#9803 = VECTOR('',#9804,1.);
#9804 = DIRECTION('',(0.,0.,1.));
#9805 = PCURVE('',#7641,#9806);
#9806 = DEFINITIONAL_REPRESENTATION('',(#9807),#9811);
#9807 = LINE('',#9808,#9809);
#9808 = CARTESIAN_POINT('',(6.28318530718,0.));
#9809 = VECTOR('',#9810,1.);
#9810 = DIRECTION('',(-0.,1.));
#9811 = ( GEOMETRIC_REPRESENTATION_CONTEXT(2) 
PARAMETRIC_REPRESENTATION_CONTEXT() REPRESENTATION_CONTEXT('2D SPACE',''
  ) );
#9812 = PCURVE('',#7669,#9813);
#9813 = DEFINITIONAL_REPRESENTATION('',(#9814),#9818);
#9814 = LINE('',#9815,#9816);
#9815 = CARTESIAN_POINT('',(0.,-3.));
#9816 = VECTOR('',#9817,1.);
#9817 = DIRECTION('',(1.,0.));
#9818 = ( GEOMETRIC_REPRESENTATION_CONTEXT(2) 
PARAMETRIC_REPRESENTATION_CONTEXT() REPRESENTATION_CONTEXT('2D SPACE',''
  ) );
#9819 = ORIENTED_EDGE('',*,*,#7620,.T.);
#9820 = ORIENTED_EDGE('',*,*,#9775,.F.);
#9821 = ORIENTED_EDGE('',*,*,#8616,.F.);
#9822 = ADVANCED_FACE('',(#9823),#7669,.T.);
#9823 = FACE_BOUND('',#9824,.T.);
#9824 = EDGE_LOOP('',(#9825,#9826,#9827,#9828));
#9825 = ORIENTED_EDGE('',*,*,#7653,.F.);
#9826 = ORIENTED_EDGE('',*,*,#9799,.F.);
#9827 = ORIENTED_EDGE('',*,*,#8644,.T.);
#9828 = ORIENTED_EDGE('',*,*,#9829,.T.);
#9829 = EDGE_CURVE('',#8645,#7654,#9830,.T.);
#9830 = SURFACE_CURVE('',#9831,(#9835,#9842),.PCURVE_S1.);
#9831 = LINE('',#9832,#9833);
#9832 = CARTESIAN_POINT('',(44.,-127.,68.0000001));
#9833 = VECTOR('',#9834,1.);
#9834 = DIRECTION('',(0.,0.,1.));
#9835 = PCURVE('',#7669,#9836);
#9836 = DEFINITIONAL_REPRESENTATION('',(#9837),#9841);
#9837 = LINE('',#9838,#9839);
#9838 = CARTESIAN_POINT('',(0.,-29.));
#9839 = VECTOR('',#9840,1.);
#9840 = DIRECTION('',(1.,0.));
#9841 = ( GEOMETRIC_REPRESENTATION_CONTEXT(2) 
PARAMETRIC_REPRESENTATION_CONTEXT() REPRESENTATION_CONTEXT('2D SPACE',''
  ) );
#9842 = PCURVE('',#7698,#9843);
#9843 = DEFINITIONAL_REPRESENTATION('',(#9844),#9848);
#9844 = LINE('',#9845,#9846);
#9845 = CARTESIAN_POINT('',(0.,0.));
#9846 = VECTOR('',#9847,1.);
#9847 = DIRECTION('',(0.,1.));
#9848 = ( GEOMETRIC_REPRESENTATION_CONTEXT(2) 
PARAMETRIC_REPRESENTATION_CONTEXT() REPRESENTATION_CONTEXT('2D SPACE',''
  ) );
#9849 = ADVANCED_FACE('',(#9850),#7698,.T.);
#9850 = FACE_BOUND('',#9851,.T.);
#9851 = EDGE_LOOP('',(#9852,#9853,#9854,#9855));
#9852 = ORIENTED_EDGE('',*,*,#8667,.T.);
#9853 = ORIENTED_EDGE('',*,*,#9001,.T.);
#9854 = ORIENTED_EDGE('',*,*,#7681,.F.);
#9855 = ORIENTED_EDGE('',*,*,#9829,.F.);
#9856 = ADVANCED_FACE('',(#9857),#7869,.F.);
#9857 = FACE_BOUND('',#9858,.F.);
#9858 = EDGE_LOOP('',(#9859,#9860,#9881,#9882));
#9859 = ORIENTED_EDGE('',*,*,#9659,.T.);
#9860 = ORIENTED_EDGE('',*,*,#9861,.T.);
#9861 = EDGE_CURVE('',#9637,#9235,#9862,.T.);
#9862 = SURFACE_CURVE('',#9863,(#9867,#9874),.PCURVE_S1.);
#9863 = LINE('',#9864,#9865);
#9864 = CARTESIAN_POINT('',(39.,-36.,68.0000001));
#9865 = VECTOR('',#9866,1.);
#9866 = DIRECTION('',(0.,1.,0.));
#9867 = PCURVE('',#7869,#9868);
#9868 = DEFINITIONAL_REPRESENTATION('',(#9869),#9873);
#9869 = LINE('',#9870,#9871);
#9870 = CARTESIAN_POINT('',(0.,0.));
#9871 = VECTOR('',#9872,1.);
#9872 = DIRECTION('',(0.,-1.));
#9873 = ( GEOMETRIC_REPRESENTATION_CONTEXT(2) 
PARAMETRIC_REPRESENTATION_CONTEXT() REPRESENTATION_CONTEXT('2D SPACE',''
  ) );
#9874 = PCURVE('',#9250,#9875);
#9875 = DEFINITIONAL_REPRESENTATION('',(#9876),#9880);
#9876 = LINE('',#9877,#9878);
#9877 = CARTESIAN_POINT('',(78.,0.));
#9878 = VECTOR('',#9879,1.);
#9879 = DIRECTION('',(0.,1.));
#9880 = ( GEOMETRIC_REPRESENTATION_CONTEXT(2) 
PARAMETRIC_REPRESENTATION_CONTEXT() REPRESENTATION_CONTEXT('2D SPACE',''
  ) );
#9881 = ORIENTED_EDGE('',*,*,#9262,.F.);
#9882 = ORIENTED_EDGE('',*,*,#7853,.F.);
#9883 = ADVANCED_FACE('',(#9884),#7989,.T.);
#9884 = FACE_BOUND('',#9885,.T.);
#9885 = EDGE_LOOP('',(#9886,#9907,#9908,#9909));
#9886 = ORIENTED_EDGE('',*,*,#9887,.F.);
#9887 = EDGE_CURVE('',#9446,#9566,#9888,.T.);
#9888 = SURFACE_CURVE('',#9889,(#9893,#9900),.PCURVE_S1.);
#9889 = LINE('',#9890,#9891);
#9890 = CARTESIAN_POINT('',(-39.,-36.,68.0000001));
#9891 = VECTOR('',#9892,1.);
#9892 = DIRECTION('',(1.,0.,0.));
#9893 = PCURVE('',#7989,#9894);
#9894 = DEFINITIONAL_REPRESENTATION('',(#9895),#9899);
#9895 = LINE('',#9896,#9897);
#9896 = CARTESIAN_POINT('',(0.,0.));
#9897 = VECTOR('',#9898,1.);
#9898 = DIRECTION('',(0.,1.));
#9899 = ( GEOMETRIC_REPRESENTATION_CONTEXT(2) 
PARAMETRIC_REPRESENTATION_CONTEXT() REPRESENTATION_CONTEXT('2D SPACE',''
  ) );
#9900 = PCURVE('',#9250,#9901);
#9901 = DEFINITIONAL_REPRESENTATION('',(#9902),#9906);
#9902 = LINE('',#9903,#9904);
#9903 = CARTESIAN_POINT('',(0.,0.));
#9904 = VECTOR('',#9905,1.);
#9905 = DIRECTION('',(1.,0.));
#9906 = ( GEOMETRIC_REPRESENTATION_CONTEXT(2) 
PARAMETRIC_REPRESENTATION_CONTEXT() REPRESENTATION_CONTEXT('2D SPACE',''
  ) );
#9907 = ORIENTED_EDGE('',*,*,#9468,.T.);
#9908 = ORIENTED_EDGE('',*,*,#7973,.F.);
#9909 = ORIENTED_EDGE('',*,*,#9588,.F.);
#9910 = ADVANCED_FACE('',(#9911),#8109,.T.);
#9911 = FACE_BOUND('',#9912,.T.);
#9912 = EDGE_LOOP('',(#9913,#9914,#9935,#9936));
#9913 = ORIENTED_EDGE('',*,*,#9395,.T.);
#9914 = ORIENTED_EDGE('',*,*,#9915,.T.);
#9915 = EDGE_CURVE('',#9396,#9212,#9916,.T.);
#9916 = SURFACE_CURVE('',#9917,(#9921,#9928),.PCURVE_S1.);
#9917 = LINE('',#9918,#9919);
#9918 = CARTESIAN_POINT('',(-39.,-36.,68.0000001));
#9919 = VECTOR('',#9920,1.);
#9920 = DIRECTION('',(0.,1.,0.));
#9921 = PCURVE('',#8109,#9922);
#9922 = DEFINITIONAL_REPRESENTATION('',(#9923),#9927);
#9923 = LINE('',#9924,#9925);
#9924 = CARTESIAN_POINT('',(0.,0.));
#9925 = VECTOR('',#9926,1.);
#9926 = DIRECTION('',(0.,-1.));
#9927 = ( GEOMETRIC_REPRESENTATION_CONTEXT(2) 
PARAMETRIC_REPRESENTATION_CONTEXT() REPRESENTATION_CONTEXT('2D SPACE',''
  ) );
#9928 = PCURVE('',#9250,#9929);
#9929 = DEFINITIONAL_REPRESENTATION('',(#9930),#9934);
#9930 = LINE('',#9931,#9932);
#9931 = CARTESIAN_POINT('',(0.,0.));
#9932 = VECTOR('',#9933,1.);
#9933 = DIRECTION('',(0.,1.));
#9934 = ( GEOMETRIC_REPRESENTATION_CONTEXT(2) 
PARAMETRIC_REPRESENTATION_CONTEXT() REPRESENTATION_CONTEXT('2D SPACE',''
  ) );
#9935 = ORIENTED_EDGE('',*,*,#9211,.F.);
#9936 = ORIENTED_EDGE('',*,*,#8093,.F.);
#9937 = ADVANCED_FACE('',(#9938),#8238,.T.);
#9938 = FACE_BOUND('',#9939,.T.);
#9939 = EDGE_LOOP('',(#9940,#9961,#9962,#9983));
#9940 = ORIENTED_EDGE('',*,*,#9941,.F.);
#9941 = EDGE_CURVE('',#8769,#8221,#9942,.T.);
#9942 = SURFACE_CURVE('',#9943,(#9947,#9954),.PCURVE_S1.);
#9943 = LINE('',#9944,#9945);
#9944 = CARTESIAN_POINT('',(-38.5,-153.,62.0000001));
#9945 = VECTOR('',#9946,1.);
#9946 = DIRECTION('',(0.,0.,1.));
#9947 = PCURVE('',#8238,#9948);
#9948 = DEFINITIONAL_REPRESENTATION('',(#9949),#9953);
#9949 = LINE('',#9950,#9951);
#9950 = CARTESIAN_POINT('',(0.,3.));
#9951 = VECTOR('',#9952,1.);
#9952 = DIRECTION('',(1.,0.));
#9953 = ( GEOMETRIC_REPRESENTATION_CONTEXT(2) 
PARAMETRIC_REPRESENTATION_CONTEXT() REPRESENTATION_CONTEXT('2D SPACE',''
  ) );
#9954 = PCURVE('',#8320,#9955);
#9955 = DEFINITIONAL_REPRESENTATION('',(#9956),#9960);
#9956 = LINE('',#9957,#9958);
#9957 = CARTESIAN_POINT('',(0.,0.));
#9958 = VECTOR('',#9959,1.);
#9959 = DIRECTION('',(1.,0.));
#9960 = ( GEOMETRIC_REPRESENTATION_CONTEXT(2) 
PARAMETRIC_REPRESENTATION_CONTEXT() REPRESENTATION_CONTEXT('2D SPACE',''
  ) );
#9961 = ORIENTED_EDGE('',*,*,#8768,.T.);
#9962 = ORIENTED_EDGE('',*,*,#9963,.T.);
#9963 = EDGE_CURVE('',#8771,#8223,#9964,.T.);
#9964 = SURFACE_CURVE('',#9965,(#9969,#9976),.PCURVE_S1.);
#9965 = LINE('',#9966,#9967);
#9966 = CARTESIAN_POINT('',(-41.5,-153.,62.0000001));
#9967 = VECTOR('',#9968,1.);
#9968 = DIRECTION('',(0.,0.,1.));
#9969 = PCURVE('',#8238,#9970);
#9970 = DEFINITIONAL_REPRESENTATION('',(#9971),#9975);
#9971 = LINE('',#9972,#9973);
#9972 = CARTESIAN_POINT('',(0.,0.));
#9973 = VECTOR('',#9974,1.);
#9974 = DIRECTION('',(1.,0.));
#9975 = ( GEOMETRIC_REPRESENTATION_CONTEXT(2) 
PARAMETRIC_REPRESENTATION_CONTEXT() REPRESENTATION_CONTEXT('2D SPACE',''
  ) );
#9976 = PCURVE('',#8266,#9977);
#9977 = DEFINITIONAL_REPRESENTATION('',(#9978),#9982);
#9978 = LINE('',#9979,#9980);
#9979 = CARTESIAN_POINT('',(0.,0.));
#9980 = VECTOR('',#9981,1.);
#9981 = DIRECTION('',(1.,0.));
#9982 = ( GEOMETRIC_REPRESENTATION_CONTEXT(2) 
PARAMETRIC_REPRESENTATION_CONTEXT() REPRESENTATION_CONTEXT('2D SPACE',''
  ) );
#9983 = ORIENTED_EDGE('',*,*,#8220,.F.);
#9984 = ADVANCED_FACE('',(#9985),#8266,.T.);
#9985 = FACE_BOUND('',#9986,.T.);
#9986 = EDGE_LOOP('',(#9987,#9988,#9989,#10010));
#9987 = ORIENTED_EDGE('',*,*,#9963,.F.);
#9988 = ORIENTED_EDGE('',*,*,#8793,.T.);
#9989 = ORIENTED_EDGE('',*,*,#9990,.T.);
#9990 = EDGE_CURVE('',#8794,#8251,#9991,.T.);
#9991 = SURFACE_CURVE('',#9992,(#9996,#10003),.PCURVE_S1.);
#9992 = LINE('',#9993,#9994);
#9993 = CARTESIAN_POINT('',(-41.5,-127.,62.0000001));
#9994 = VECTOR('',#9995,1.);
#9995 = DIRECTION('',(0.,0.,1.));
#9996 = PCURVE('',#8266,#9997);
#9997 = DEFINITIONAL_REPRESENTATION('',(#9998),#10002);
#9998 = LINE('',#9999,#10000);
#9999 = CARTESIAN_POINT('',(0.,-26.));
#10000 = VECTOR('',#10001,1.);
#10001 = DIRECTION('',(1.,0.));
#10002 = ( GEOMETRIC_REPRESENTATION_CONTEXT(2) 
PARAMETRIC_REPRESENTATION_CONTEXT() REPRESENTATION_CONTEXT('2D SPACE',''
  ) );
#10003 = PCURVE('',#8294,#10004);
#10004 = DEFINITIONAL_REPRESENTATION('',(#10005),#10009);
#10005 = LINE('',#10006,#10007);
#10006 = CARTESIAN_POINT('',(0.,0.));
#10007 = VECTOR('',#10008,1.);
#10008 = DIRECTION('',(1.,0.));
#10009 = ( GEOMETRIC_REPRESENTATION_CONTEXT(2) 
PARAMETRIC_REPRESENTATION_CONTEXT() REPRESENTATION_CONTEXT('2D SPACE',''
  ) );
#10010 = ORIENTED_EDGE('',*,*,#8250,.F.);
#10011 = ADVANCED_FACE('',(#10012),#8294,.F.);
#10012 = FACE_BOUND('',#10013,.F.);
#10013 = EDGE_LOOP('',(#10014,#10035,#10036,#10037));
#10014 = ORIENTED_EDGE('',*,*,#10015,.F.);
#10015 = EDGE_CURVE('',#8817,#8279,#10016,.T.);
#10016 = SURFACE_CURVE('',#10017,(#10021,#10028),.PCURVE_S1.);
#10017 = LINE('',#10018,#10019);
#10018 = CARTESIAN_POINT('',(-38.5,-127.,62.0000001));
#10019 = VECTOR('',#10020,1.);
#10020 = DIRECTION('',(0.,0.,1.));
#10021 = PCURVE('',#8294,#10022);
#10022 = DEFINITIONAL_REPRESENTATION('',(#10023),#10027);
#10023 = LINE('',#10024,#10025);
#10024 = CARTESIAN_POINT('',(0.,3.));
#10025 = VECTOR('',#10026,1.);
#10026 = DIRECTION('',(1.,0.));
#10027 = ( GEOMETRIC_REPRESENTATION_CONTEXT(2) 
PARAMETRIC_REPRESENTATION_CONTEXT() REPRESENTATION_CONTEXT('2D SPACE',''
  ) );
#10028 = PCURVE('',#8320,#10029);
#10029 = DEFINITIONAL_REPRESENTATION('',(#10030),#10034);
#10030 = LINE('',#10031,#10032);
#10031 = CARTESIAN_POINT('',(0.,-26.));
#10032 = VECTOR('',#10033,1.);
#10033 = DIRECTION('',(1.,0.));
#10034 = ( GEOMETRIC_REPRESENTATION_CONTEXT(2) 
PARAMETRIC_REPRESENTATION_CONTEXT() REPRESENTATION_CONTEXT('2D SPACE',''
  ) );
#10035 = ORIENTED_EDGE('',*,*,#8816,.T.);
#10036 = ORIENTED_EDGE('',*,*,#9990,.T.);
#10037 = ORIENTED_EDGE('',*,*,#8278,.F.);
#10038 = ADVANCED_FACE('',(#10039),#8320,.F.);
#10039 = FACE_BOUND('',#10040,.F.);
#10040 = EDGE_LOOP('',(#10041,#10042,#10043,#10044));
#10041 = ORIENTED_EDGE('',*,*,#9941,.F.);
#10042 = ORIENTED_EDGE('',*,*,#8839,.T.);
#10043 = ORIENTED_EDGE('',*,*,#10015,.T.);
#10044 = ORIENTED_EDGE('',*,*,#8306,.F.);
#10045 = ADVANCED_FACE('',(#10046),#8352,.T.);
#10046 = FACE_BOUND('',#10047,.T.);
#10047 = EDGE_LOOP('',(#10048,#10069,#10070,#10091));
#10048 = ORIENTED_EDGE('',*,*,#10049,.F.);
#10049 = EDGE_CURVE('',#8863,#8335,#10050,.T.);
#10050 = SURFACE_CURVE('',#10051,(#10055,#10062),.PCURVE_S1.);
#10051 = LINE('',#10052,#10053);
#10052 = CARTESIAN_POINT('',(41.5,-153.,62.0000001));
#10053 = VECTOR('',#10054,1.);
#10054 = DIRECTION('',(0.,0.,1.));
#10055 = PCURVE('',#8352,#10056);
#10056 = DEFINITIONAL_REPRESENTATION('',(#10057),#10061);
#10057 = LINE('',#10058,#10059);
#10058 = CARTESIAN_POINT('',(0.,3.));
#10059 = VECTOR('',#10060,1.);
#10060 = DIRECTION('',(1.,0.));
#10061 = ( GEOMETRIC_REPRESENTATION_CONTEXT(2) 
PARAMETRIC_REPRESENTATION_CONTEXT() REPRESENTATION_CONTEXT('2D SPACE',''
  ) );
#10062 = PCURVE('',#8434,#10063);
#10063 = DEFINITIONAL_REPRESENTATION('',(#10064),#10068);
#10064 = LINE('',#10065,#10066);
#10065 = CARTESIAN_POINT('',(0.,0.));
#10066 = VECTOR('',#10067,1.);
#10067 = DIRECTION('',(1.,0.));
#10068 = ( GEOMETRIC_REPRESENTATION_CONTEXT(2) 
PARAMETRIC_REPRESENTATION_CONTEXT() REPRESENTATION_CONTEXT('2D SPACE',''
  ) );
#10069 = ORIENTED_EDGE('',*,*,#8862,.T.);
#10070 = ORIENTED_EDGE('',*,*,#10071,.T.);
#10071 = EDGE_CURVE('',#8865,#8337,#10072,.T.);
#10072 = SURFACE_CURVE('',#10073,(#10077,#10084),.PCURVE_S1.);
#10073 = LINE('',#10074,#10075);
#10074 = CARTESIAN_POINT('',(38.5,-153.,62.0000001));
#10075 = VECTOR('',#10076,1.);
#10076 = DIRECTION('',(0.,0.,1.));
#10077 = PCURVE('',#8352,#10078);
#10078 = DEFINITIONAL_REPRESENTATION('',(#10079),#10083);
#10079 = LINE('',#10080,#10081);
#10080 = CARTESIAN_POINT('',(0.,0.));
#10081 = VECTOR('',#10082,1.);
#10082 = DIRECTION('',(1.,0.));
#10083 = ( GEOMETRIC_REPRESENTATION_CONTEXT(2) 
PARAMETRIC_REPRESENTATION_CONTEXT() REPRESENTATION_CONTEXT('2D SPACE',''
  ) );
#10084 = PCURVE('',#8380,#10085);
#10085 = DEFINITIONAL_REPRESENTATION('',(#10086),#10090);
#10086 = LINE('',#10087,#10088);
#10087 = CARTESIAN_POINT('',(0.,0.));
#10088 = VECTOR('',#10089,1.);
#10089 = DIRECTION('',(1.,0.));
#10090 = ( GEOMETRIC_REPRESENTATION_CONTEXT(2) 
PARAMETRIC_REPRESENTATION_CONTEXT() REPRESENTATION_CONTEXT('2D SPACE',''
  ) );
#10091 = ORIENTED_EDGE('',*,*,#8334,.F.);
#10092 = ADVANCED_FACE('',(#10093),#8380,.T.);
#10093 = FACE_BOUND('',#10094,.T.);
#10094 = EDGE_LOOP('',(#10095,#10096,#10097,#10118));
#10095 = ORIENTED_EDGE('',*,*,#10071,.F.);
#10096 = ORIENTED_EDGE('',*,*,#8887,.T.);
#10097 = ORIENTED_EDGE('',*,*,#10098,.T.);
#10098 = EDGE_CURVE('',#8888,#8365,#10099,.T.);
#10099 = SURFACE_CURVE('',#10100,(#10104,#10111),.PCURVE_S1.);
#10100 = LINE('',#10101,#10102);
#10101 = CARTESIAN_POINT('',(38.5,-127.,62.0000001));
#10102 = VECTOR('',#10103,1.);
#10103 = DIRECTION('',(0.,0.,1.));
#10104 = PCURVE('',#8380,#10105);
#10105 = DEFINITIONAL_REPRESENTATION('',(#10106),#10110);
#10106 = LINE('',#10107,#10108);
#10107 = CARTESIAN_POINT('',(0.,-26.));
#10108 = VECTOR('',#10109,1.);
#10109 = DIRECTION('',(1.,0.));
#10110 = ( GEOMETRIC_REPRESENTATION_CONTEXT(2) 
PARAMETRIC_REPRESENTATION_CONTEXT() REPRESENTATION_CONTEXT('2D SPACE',''
  ) );
#10111 = PCURVE('',#8408,#10112);
#10112 = DEFINITIONAL_REPRESENTATION('',(#10113),#10117);
#10113 = LINE('',#10114,#10115);
#10114 = CARTESIAN_POINT('',(0.,0.));
#10115 = VECTOR('',#10116,1.);
#10116 = DIRECTION('',(1.,0.));
#10117 = ( GEOMETRIC_REPRESENTATION_CONTEXT(2) 
PARAMETRIC_REPRESENTATION_CONTEXT() REPRESENTATION_CONTEXT('2D SPACE',''
  ) );
#10118 = ORIENTED_EDGE('',*,*,#8364,.F.);
#10119 = ADVANCED_FACE('',(#10120),#8408,.F.);
#10120 = FACE_BOUND('',#10121,.F.);
#10121 = EDGE_LOOP('',(#10122,#10143,#10144,#10145));
#10122 = ORIENTED_EDGE('',*,*,#10123,.F.);
#10123 = EDGE_CURVE('',#8911,#8393,#10124,.T.);
#10124 = SURFACE_CURVE('',#10125,(#10129,#10136),.PCURVE_S1.);
#10125 = LINE('',#10126,#10127);
#10126 = CARTESIAN_POINT('',(41.5,-127.,62.0000001));
#10127 = VECTOR('',#10128,1.);
#10128 = DIRECTION('',(0.,0.,1.));
#10129 = PCURVE('',#8408,#10130);
#10130 = DEFINITIONAL_REPRESENTATION('',(#10131),#10135);
#10131 = LINE('',#10132,#10133);
#10132 = CARTESIAN_POINT('',(0.,3.));
#10133 = VECTOR('',#10134,1.);
#10134 = DIRECTION('',(1.,0.));
#10135 = ( GEOMETRIC_REPRESENTATION_CONTEXT(2) 
PARAMETRIC_REPRESENTATION_CONTEXT() REPRESENTATION_CONTEXT('2D SPACE',''
  ) );
#10136 = PCURVE('',#8434,#10137);
#10137 = DEFINITIONAL_REPRESENTATION('',(#10138),#10142);
#10138 = LINE('',#10139,#10140);
#10139 = CARTESIAN_POINT('',(0.,-26.));
#10140 = VECTOR('',#10141,1.);
#10141 = DIRECTION('',(1.,0.));
#10142 = ( GEOMETRIC_REPRESENTATION_CONTEXT(2) 
PARAMETRIC_REPRESENTATION_CONTEXT() REPRESENTATION_CONTEXT('2D SPACE',''
  ) );
#10143 = ORIENTED_EDGE('',*,*,#8910,.T.);
#10144 = ORIENTED_EDGE('',*,*,#10098,.T.);
#10145 = ORIENTED_EDGE('',*,*,#8392,.F.);
#10146 = ADVANCED_FACE('',(#10147),#8434,.F.);
#10147 = FACE_BOUND('',#10148,.F.);
#10148 = EDGE_LOOP('',(#10149,#10150,#10151,#10152));
#10149 = ORIENTED_EDGE('',*,*,#10049,.F.);
#10150 = ORIENTED_EDGE('',*,*,#8933,.T.);
#10151 = ORIENTED_EDGE('',*,*,#10123,.T.);
#10152 = ORIENTED_EDGE('',*,*,#8420,.F.);
#10153 = ADVANCED_FACE('',(#10154),#9250,.T.);
#10154 = FACE_BOUND('',#10155,.T.);
#10155 = EDGE_LOOP('',(#10156,#10157,#10158,#10159,#10160,#10161,#10162,
    #10163));
#10156 = ORIENTED_EDGE('',*,*,#9915,.F.);
#10157 = ORIENTED_EDGE('',*,*,#9418,.T.);
#10158 = ORIENTED_EDGE('',*,*,#9445,.T.);
#10159 = ORIENTED_EDGE('',*,*,#9887,.T.);
#10160 = ORIENTED_EDGE('',*,*,#9565,.F.);
#10161 = ORIENTED_EDGE('',*,*,#9636,.T.);
#10162 = ORIENTED_EDGE('',*,*,#9861,.T.);
#10163 = ORIENTED_EDGE('',*,*,#9234,.F.);
#10164 = ( GEOMETRIC_REPRESENTATION_CONTEXT(3) 
GLOBAL_UNCERTAINTY_ASSIGNED_CONTEXT((#10168)) 
GLOBAL_UNIT_ASSIGNED_CONTEXT((#10165,#10166,#10167)) 
REPRESENTATION_CONTEXT('Context #1',
  '3D Context with UNIT and UNCERTAINTY') );
#10165 = ( LENGTH_UNIT() NAMED_UNIT(*) SI_UNIT(.MILLI.,.METRE.) );
#10166 = ( NAMED_UNIT(*) PLANE_ANGLE_UNIT() SI_UNIT($,.RADIAN.) );
#10167 = ( NAMED_UNIT(*) SI_UNIT($,.STERADIAN.) SOLID_ANGLE_UNIT() );
#10168 = UNCERTAINTY_MEASURE_WITH_UNIT(LENGTH_MEASURE(1.E-07),#10165,
  'distance_accuracy_value','confusion accuracy');
#10169 = PRODUCT_RELATED_PRODUCT_CATEGORY('part',$,(#7));
ENDSEC;
END-ISO-10303-21;
