ISO-10303-21;
HEADER;
FILE_DESCRIPTION(('Open CASCADE Model'),'2;1');
FILE_NAME('Open CASCADE Shape Model','2026-09-27T09:25:13',('Author'),(
    'Open CASCADE'),'Open CASCADE STEP processor 7.9','Open CASCADE 7.9'
  ,'Unknown');
FILE_SCHEMA(('AUTOMOTIVE_DESIGN { 1 0 10303 214 1 1 1 1 }'));
ENDSEC;
DATA;
#1 = APPLICATION_PROTOCOL_DEFINITION('international standard',
  'automotive_design',2000,#2);
#2 = APPLICATION_CONTEXT(
  'core data for automotive mechanical design processes');
#3 = SHAPE_DEFINITION_REPRESENTATION(#4,#10);
#4 = PRODUCT_DEFINITION_SHAPE('','',#5);
#5 = PRODUCT_DEFINITION('design','',#6,#9);
#6 = PRODUCT_DEFINITION_FORMATION('','',#7);
#7 = PRODUCT('Open CASCADE STEP translator 7.9 1',
  'Open CASCADE STEP translator 7.9 1','',(#8));
#8 = PRODUCT_CONTEXT('',#2,'mechanical');
#9 = PRODUCT_DEFINITION_CONTEXT('part definition',#2,'design');
#10 = ADVANCED_BREP_SHAPE_REPRESENTATION('',(#11,#15),#11348);
#11 = AXIS2_PLACEMENT_3D('',#12,#13,#14);
#12 = CARTESIAN_POINT('',(0.,0.,0.));
#13 = DIRECTION('',(0.,0.,1.));
#14 = DIRECTION('',(1.,0.,-0.));
#15 = MANIFOLD_SOLID_BREP('',#16);
#16 = CLOSED_SHELL('',(#17,#137,#269,#345,#1729,#2837,#3067,#3093,#3294,
    #3321,#3455,#3482,#3531,#3637,#3743,#3792,#3854,#3903,#4017,#4066,
    #4115,#4192,#4298,#4369,#4396,#4467,#4581,#4587,#4636,#4742,#4804,
    #4918,#4967,#5073,#5100,#5127,#5245,#5359,#5408,#5457,#5559,#5665,
    #5727,#5789,#5907,#6021,#6070,#6119,#6221,#6327,#6334,#6361,#6388,
    #7136,#7884,#8632,#9380,#9407,#9604,#9610,#9637,#9664,#9691,#9718,
    #9745,#9772,#9799,#9848,#9934,#10145,#10172,#10199,#10206,#10233,
    #10353,#10360,#10387,#10510,#10537,#10564,#10571,#10598,#10604,
    #10611,#10638,#10665,#10672,#10699,#10706,#10733,#10740,#10767,
    #10794,#10821,#10828,#10855,#10862,#10889,#10944,#10999,#11054,
    #11109,#11185,#11192,#11219,#11269,#11296,#11302,#11327,#11332,
    #11336,#11340,#11344));
#17 = ADVANCED_FACE('',(#18),#32,.F.);
#18 = FACE_BOUND('',#19,.F.);
#19 = EDGE_LOOP('',(#20,#55,#83,#111));
#20 = ORIENTED_EDGE('',*,*,#21,.T.);
#21 = EDGE_CURVE('',#22,#24,#26,.T.);
#22 = VERTEX_POINT('',#23);
#23 = CARTESIAN_POINT('',(-28.,0.,3.899494936612));
#24 = VERTEX_POINT('',#25);
#25 = CARTESIAN_POINT('',(-28.,0.,15.899494936612));
#26 = SURFACE_CURVE('',#27,(#31,#43),.PCURVE_S1.);
#27 = LINE('',#28,#29);
#28 = CARTESIAN_POINT('',(-28.,0.,3.899494936612));
#29 = VECTOR('',#30,1.);
#30 = DIRECTION('',(0.,0.,1.));
#31 = PCURVE('',#32,#37);
#32 = PLANE('',#33);
#33 = AXIS2_PLACEMENT_3D('',#34,#35,#36);
#34 = CARTESIAN_POINT('',(-28.,0.,3.899494936612));
#35 = DIRECTION('',(0.,1.,0.));
#36 = DIRECTION('',(1.,0.,0.));
#37 = DEFINITIONAL_REPRESENTATION('',(#38),#42);
#38 = LINE('',#39,#40);
#39 = CARTESIAN_POINT('',(0.,0.));
#40 = VECTOR('',#41,1.);
#41 = DIRECTION('',(0.,-1.));
#42 = ( GEOMETRIC_REPRESENTATION_CONTEXT(2) 
PARAMETRIC_REPRESENTATION_CONTEXT() REPRESENTATION_CONTEXT('2D SPACE',''
  ) );
#43 = PCURVE('',#44,#49);
#44 = PLANE('',#45);
#45 = AXIS2_PLACEMENT_3D('',#46,#47,#48);
#46 = CARTESIAN_POINT('',(-40.,24.,3.899494936612));
#47 = DIRECTION('',(0.894427191,0.4472135955,-0.));
#48 = DIRECTION('',(0.4472135955,-0.894427191,0.));
#49 = DEFINITIONAL_REPRESENTATION('',(#50),#54);
#50 = LINE('',#51,#52);
#51 = CARTESIAN_POINT('',(26.832815729997,0.));
#52 = VECTOR('',#53,1.);
#53 = DIRECTION('',(0.,-1.));
#54 = ( GEOMETRIC_REPRESENTATION_CONTEXT(2) 
PARAMETRIC_REPRESENTATION_CONTEXT() REPRESENTATION_CONTEXT('2D SPACE',''
  ) );
#55 = ORIENTED_EDGE('',*,*,#56,.T.);
#56 = EDGE_CURVE('',#24,#57,#59,.T.);
#57 = VERTEX_POINT('',#58);
#58 = CARTESIAN_POINT('',(28.,0.,15.899494936612));
#59 = SURFACE_CURVE('',#60,(#64,#71),.PCURVE_S1.);
#60 = LINE('',#61,#62);
#61 = CARTESIAN_POINT('',(-28.,0.,15.899494936612));
#62 = VECTOR('',#63,1.);
#63 = DIRECTION('',(1.,0.,0.));
#64 = PCURVE('',#32,#65);
#65 = DEFINITIONAL_REPRESENTATION('',(#66),#70);
#66 = LINE('',#67,#68);
#67 = CARTESIAN_POINT('',(0.,-12.));
#68 = VECTOR('',#69,1.);
#69 = DIRECTION('',(1.,0.));
#70 = ( GEOMETRIC_REPRESENTATION_CONTEXT(2) 
PARAMETRIC_REPRESENTATION_CONTEXT() REPRESENTATION_CONTEXT('2D SPACE',''
  ) );
#71 = PCURVE('',#72,#77);
#72 = PLANE('',#73);
#73 = AXIS2_PLACEMENT_3D('',#74,#75,#76);
#74 = CARTESIAN_POINT('',(1.591886810332E-15,38.548520944712,
    15.899494936612));
#75 = DIRECTION('',(0.,0.,1.));
#76 = DIRECTION('',(1.,0.,-0.));
#77 = DEFINITIONAL_REPRESENTATION('',(#78),#82);
#78 = LINE('',#79,#80);
#79 = CARTESIAN_POINT('',(-28.,-38.54852094471));
#80 = VECTOR('',#81,1.);
#81 = DIRECTION('',(1.,0.));
#82 = ( GEOMETRIC_REPRESENTATION_CONTEXT(2) 
PARAMETRIC_REPRESENTATION_CONTEXT() REPRESENTATION_CONTEXT('2D SPACE',''
  ) );
#83 = ORIENTED_EDGE('',*,*,#84,.F.);
#84 = EDGE_CURVE('',#85,#57,#87,.T.);
#85 = VERTEX_POINT('',#86);
#86 = CARTESIAN_POINT('',(28.,0.,3.899494936612));
#87 = SURFACE_CURVE('',#88,(#92,#99),.PCURVE_S1.);
#88 = LINE('',#89,#90);
#89 = CARTESIAN_POINT('',(28.,0.,3.899494936612));
#90 = VECTOR('',#91,1.);
#91 = DIRECTION('',(0.,0.,1.));
#92 = PCURVE('',#32,#93);
#93 = DEFINITIONAL_REPRESENTATION('',(#94),#98);
#94 = LINE('',#95,#96);
#95 = CARTESIAN_POINT('',(56.,0.));
#96 = VECTOR('',#97,1.);
#97 = DIRECTION('',(0.,-1.));
#98 = ( GEOMETRIC_REPRESENTATION_CONTEXT(2) 
PARAMETRIC_REPRESENTATION_CONTEXT() REPRESENTATION_CONTEXT('2D SPACE',''
  ) );
#99 = PCURVE('',#100,#105);
#100 = PLANE('',#101);
#101 = AXIS2_PLACEMENT_3D('',#102,#103,#104);
#102 = CARTESIAN_POINT('',(28.,0.,3.899494936612));
#103 = DIRECTION('',(-0.894427191,0.4472135955,0.));
#104 = DIRECTION('',(0.4472135955,0.894427191,0.));
#105 = DEFINITIONAL_REPRESENTATION('',(#106),#110);
#106 = LINE('',#107,#108);
#107 = CARTESIAN_POINT('',(0.,0.));
#108 = VECTOR('',#109,1.);
#109 = DIRECTION('',(0.,-1.));
#110 = ( GEOMETRIC_REPRESENTATION_CONTEXT(2) 
PARAMETRIC_REPRESENTATION_CONTEXT() REPRESENTATION_CONTEXT('2D SPACE',''
  ) );
#111 = ORIENTED_EDGE('',*,*,#112,.F.);
#112 = EDGE_CURVE('',#22,#85,#113,.T.);
#113 = SURFACE_CURVE('',#114,(#118,#125),.PCURVE_S1.);
#114 = LINE('',#115,#116);
#115 = CARTESIAN_POINT('',(-28.,0.,3.899494936612));
#116 = VECTOR('',#117,1.);
#117 = DIRECTION('',(1.,0.,0.));
#118 = PCURVE('',#32,#119);
#119 = DEFINITIONAL_REPRESENTATION('',(#120),#124);
#120 = LINE('',#121,#122);
#121 = CARTESIAN_POINT('',(0.,0.));
#122 = VECTOR('',#123,1.);
#123 = DIRECTION('',(1.,0.));
#124 = ( GEOMETRIC_REPRESENTATION_CONTEXT(2) 
PARAMETRIC_REPRESENTATION_CONTEXT() REPRESENTATION_CONTEXT('2D SPACE',''
  ) );
#125 = PCURVE('',#126,#131);
#126 = PLANE('',#127);
#127 = AXIS2_PLACEMENT_3D('',#128,#129,#130);
#128 = CARTESIAN_POINT('',(1.591886810332E-15,38.548520944712,
    3.899494936612));
#129 = DIRECTION('',(0.,0.,1.));
#130 = DIRECTION('',(1.,0.,-0.));
#131 = DEFINITIONAL_REPRESENTATION('',(#132),#136);
#132 = LINE('',#133,#134);
#133 = CARTESIAN_POINT('',(-28.,-38.54852094471));
#134 = VECTOR('',#135,1.);
#135 = DIRECTION('',(1.,0.));
#136 = ( GEOMETRIC_REPRESENTATION_CONTEXT(2) 
PARAMETRIC_REPRESENTATION_CONTEXT() REPRESENTATION_CONTEXT('2D SPACE',''
  ) );
#137 = ADVANCED_FACE('',(#138),#44,.F.);
#138 = FACE_BOUND('',#139,.F.);
#139 = EDGE_LOOP('',(#140,#163,#191,#219,#247,#268));
#140 = ORIENTED_EDGE('',*,*,#141,.F.);
#141 = EDGE_CURVE('',#142,#22,#144,.T.);
#142 = VERTEX_POINT('',#143);
#143 = CARTESIAN_POINT('',(-29.82664529758,3.653290595162,3.899494936612
    ));
#144 = SURFACE_CURVE('',#145,(#149,#156),.PCURVE_S1.);
#145 = LINE('',#146,#147);
#146 = CARTESIAN_POINT('',(-40.,24.,3.899494936612));
#147 = VECTOR('',#148,1.);
#148 = DIRECTION('',(0.4472135955,-0.894427191,0.));
#149 = PCURVE('',#44,#150);
#150 = DEFINITIONAL_REPRESENTATION('',(#151),#155);
#151 = LINE('',#152,#153);
#152 = CARTESIAN_POINT('',(0.,0.));
#153 = VECTOR('',#154,1.);
#154 = DIRECTION('',(1.,0.));
#155 = ( GEOMETRIC_REPRESENTATION_CONTEXT(2) 
PARAMETRIC_REPRESENTATION_CONTEXT() REPRESENTATION_CONTEXT('2D SPACE',''
  ) );
#156 = PCURVE('',#126,#157);
#157 = DEFINITIONAL_REPRESENTATION('',(#158),#162);
#158 = LINE('',#159,#160);
#159 = CARTESIAN_POINT('',(-40.,-14.54852094471));
#160 = VECTOR('',#161,1.);
#161 = DIRECTION('',(0.4472135955,-0.894427191));
#162 = ( GEOMETRIC_REPRESENTATION_CONTEXT(2) 
PARAMETRIC_REPRESENTATION_CONTEXT() REPRESENTATION_CONTEXT('2D SPACE',''
  ) );
#163 = ORIENTED_EDGE('',*,*,#164,.T.);
#164 = EDGE_CURVE('',#142,#165,#167,.T.);
#165 = VERTEX_POINT('',#166);
#166 = CARTESIAN_POINT('',(-29.76666987926,3.533339758522,3.952831152685
    ));
#167 = SURFACE_CURVE('',#168,(#172,#179),.PCURVE_S1.);
#168 = LINE('',#169,#170);
#169 = CARTESIAN_POINT('',(-38.92700330369,21.854006607384,
    -4.193465055298));
#170 = VECTOR('',#171,1.);
#171 = DIRECTION('',(0.415555073248,-0.831110146496,0.369553657117));
#172 = PCURVE('',#44,#173);
#173 = DEFINITIONAL_REPRESENTATION('',(#174),#178);
#174 = LINE('',#175,#176);
#175 = CARTESIAN_POINT('',(2.399293552577,8.09295999191));
#176 = VECTOR('',#177,1.);
#177 = DIRECTION('',(0.929209392178,-0.369553657117));
#178 = ( GEOMETRIC_REPRESENTATION_CONTEXT(2) 
PARAMETRIC_REPRESENTATION_CONTEXT() REPRESENTATION_CONTEXT('2D SPACE',''
  ) );
#179 = PCURVE('',#180,#185);
#180 = PLANE('',#181);
#181 = AXIS2_PLACEMENT_3D('',#182,#183,#184);
#182 = CARTESIAN_POINT('',(-50.63615582137,20.666598236642,
    4.242640687119));
#183 = DIRECTION('',(0.454519477672,0.54167522042,0.707106781187));
#184 = DIRECTION('',(-0.454519477672,-0.54167522042,0.707106781187));
#185 = DEFINITIONAL_REPRESENTATION('',(#186),#190);
#186 = LINE('',#187,#188);
#187 = CARTESIAN_POINT('',(-11.93045515454,8.206479831453));
#188 = VECTOR('',#189,1.);
#189 = DIRECTION('',(0.522627793919,0.852560959124));
#190 = ( GEOMETRIC_REPRESENTATION_CONTEXT(2) 
PARAMETRIC_REPRESENTATION_CONTEXT() REPRESENTATION_CONTEXT('2D SPACE',''
  ) );
#191 = ORIENTED_EDGE('',*,*,#192,.T.);
#192 = EDGE_CURVE('',#165,#193,#195,.T.);
#193 = VERTEX_POINT('',#194);
#194 = CARTESIAN_POINT('',(-29.76666987926,3.533339758522,
    13.017731595792));
#195 = SURFACE_CURVE('',#196,(#200,#207),.PCURVE_S1.);
#196 = LINE('',#197,#198);
#197 = CARTESIAN_POINT('',(-29.76666987926,3.533339758522,1.949747468306
    ));
#198 = VECTOR('',#199,1.);
#199 = DIRECTION('',(0.,0.,1.));
#200 = PCURVE('',#44,#201);
#201 = DEFINITIONAL_REPRESENTATION('',(#202),#206);
#202 = LINE('',#203,#204);
#203 = CARTESIAN_POINT('',(22.882421786169,1.949747468306));
#204 = VECTOR('',#205,1.);
#205 = DIRECTION('',(0.,-1.));
#206 = ( GEOMETRIC_REPRESENTATION_CONTEXT(2) 
PARAMETRIC_REPRESENTATION_CONTEXT() REPRESENTATION_CONTEXT('2D SPACE',''
  ) );
#207 = PCURVE('',#208,#213);
#208 = PLANE('',#209);
#209 = AXIS2_PLACEMENT_3D('',#210,#211,#212);
#210 = CARTESIAN_POINT('',(-27.22583899113,6.561384097624,0.));
#211 = DIRECTION('',(-0.766044443119,0.642787609687,0.));
#212 = DIRECTION('',(-0.454519477672,-0.54167522042,0.707106781187));
#213 = DEFINITIONAL_REPRESENTATION('',(#214),#218);
#214 = LINE('',#215,#216);
#215 = CARTESIAN_POINT('',(4.17375336939,-1.416394056509));
#216 = VECTOR('',#217,1.);
#217 = DIRECTION('',(0.707106781187,0.707106781187));
#218 = ( GEOMETRIC_REPRESENTATION_CONTEXT(2) 
PARAMETRIC_REPRESENTATION_CONTEXT() REPRESENTATION_CONTEXT('2D SPACE',''
  ) );
#219 = ORIENTED_EDGE('',*,*,#220,.F.);
#220 = EDGE_CURVE('',#221,#193,#223,.T.);
#221 = VERTEX_POINT('',#222);
#222 = CARTESIAN_POINT('',(-33.00715026178,10.014300523573,
    15.899494936612));
#223 = SURFACE_CURVE('',#224,(#228,#235),.PCURVE_S1.);
#224 = LINE('',#225,#226);
#225 = CARTESIAN_POINT('',(-35.79979249992,15.599584999847,
    18.382995243938));
#226 = VECTOR('',#227,1.);
#227 = DIRECTION('',(0.415555073248,-0.831110146496,-0.369553657117));
#228 = PCURVE('',#44,#229);
#229 = DEFINITIONAL_REPRESENTATION('',(#230),#234);
#230 = LINE('',#231,#232);
#231 = CARTESIAN_POINT('',(9.391949489776,-14.48350030732));
#232 = VECTOR('',#233,1.);
#233 = DIRECTION('',(0.929209392178,0.369553657117));
#234 = ( GEOMETRIC_REPRESENTATION_CONTEXT(2) 
PARAMETRIC_REPRESENTATION_CONTEXT() REPRESENTATION_CONTEXT('2D SPACE',''
  ) );
#235 = PCURVE('',#236,#241);
#236 = PLANE('',#237);
#237 = AXIS2_PLACEMENT_3D('',#238,#239,#240);
#238 = CARTESIAN_POINT('',(-45.70282825621,10.988670817259,
    8.485281374239));
#239 = DIRECTION('',(-0.454519477672,-0.54167522042,0.707106781187));
#240 = DIRECTION('',(0.454519477672,0.54167522042,0.707106781187));
#241 = DEFINITIONAL_REPRESENTATION('',(#242),#246);
#242 = LINE('',#243,#244);
#243 = CARTESIAN_POINT('',(13.997481191017,-4.622327005223));
#244 = VECTOR('',#245,1.);
#245 = DIRECTION('',(-0.522627793919,-0.852560959124));
#246 = ( GEOMETRIC_REPRESENTATION_CONTEXT(2) 
PARAMETRIC_REPRESENTATION_CONTEXT() REPRESENTATION_CONTEXT('2D SPACE',''
  ) );
#247 = ORIENTED_EDGE('',*,*,#248,.T.);
#248 = EDGE_CURVE('',#221,#24,#249,.T.);
#249 = SURFACE_CURVE('',#250,(#254,#261),.PCURVE_S1.);
#250 = LINE('',#251,#252);
#251 = CARTESIAN_POINT('',(-40.,24.,15.899494936612));
#252 = VECTOR('',#253,1.);
#253 = DIRECTION('',(0.4472135955,-0.894427191,0.));
#254 = PCURVE('',#44,#255);
#255 = DEFINITIONAL_REPRESENTATION('',(#256),#260);
#256 = LINE('',#257,#258);
#257 = CARTESIAN_POINT('',(0.,-12.));
#258 = VECTOR('',#259,1.);
#259 = DIRECTION('',(1.,0.));
#260 = ( GEOMETRIC_REPRESENTATION_CONTEXT(2) 
PARAMETRIC_REPRESENTATION_CONTEXT() REPRESENTATION_CONTEXT('2D SPACE',''
  ) );
#261 = PCURVE('',#72,#262);
#262 = DEFINITIONAL_REPRESENTATION('',(#263),#267);
#263 = LINE('',#264,#265);
#264 = CARTESIAN_POINT('',(-40.,-14.54852094471));
#265 = VECTOR('',#266,1.);
#266 = DIRECTION('',(0.4472135955,-0.894427191));
#267 = ( GEOMETRIC_REPRESENTATION_CONTEXT(2) 
PARAMETRIC_REPRESENTATION_CONTEXT() REPRESENTATION_CONTEXT('2D SPACE',''
  ) );
#268 = ORIENTED_EDGE('',*,*,#21,.F.);
#269 = ADVANCED_FACE('',(#270),#100,.F.);
#270 = FACE_BOUND('',#271,.F.);
#271 = EDGE_LOOP('',(#272,#273,#296,#324));
#272 = ORIENTED_EDGE('',*,*,#84,.T.);
#273 = ORIENTED_EDGE('',*,*,#274,.T.);
#274 = EDGE_CURVE('',#57,#275,#277,.T.);
#275 = VERTEX_POINT('',#276);
#276 = CARTESIAN_POINT('',(40.,24.,15.899494936612));
#277 = SURFACE_CURVE('',#278,(#282,#289),.PCURVE_S1.);
#278 = LINE('',#279,#280);
#279 = CARTESIAN_POINT('',(28.,0.,15.899494936612));
#280 = VECTOR('',#281,1.);
#281 = DIRECTION('',(0.4472135955,0.894427191,0.));
#282 = PCURVE('',#100,#283);
#283 = DEFINITIONAL_REPRESENTATION('',(#284),#288);
#284 = LINE('',#285,#286);
#285 = CARTESIAN_POINT('',(0.,-12.));
#286 = VECTOR('',#287,1.);
#287 = DIRECTION('',(1.,0.));
#288 = ( GEOMETRIC_REPRESENTATION_CONTEXT(2) 
PARAMETRIC_REPRESENTATION_CONTEXT() REPRESENTATION_CONTEXT('2D SPACE',''
  ) );
#289 = PCURVE('',#72,#290);
#290 = DEFINITIONAL_REPRESENTATION('',(#291),#295);
#291 = LINE('',#292,#293);
#292 = CARTESIAN_POINT('',(28.,-38.54852094471));
#293 = VECTOR('',#294,1.);
#294 = DIRECTION('',(0.4472135955,0.894427191));
#295 = ( GEOMETRIC_REPRESENTATION_CONTEXT(2) 
PARAMETRIC_REPRESENTATION_CONTEXT() REPRESENTATION_CONTEXT('2D SPACE',''
  ) );
#296 = ORIENTED_EDGE('',*,*,#297,.F.);
#297 = EDGE_CURVE('',#298,#275,#300,.T.);
#298 = VERTEX_POINT('',#299);
#299 = CARTESIAN_POINT('',(40.,24.,3.899494936612));
#300 = SURFACE_CURVE('',#301,(#305,#312),.PCURVE_S1.);
#301 = LINE('',#302,#303);
#302 = CARTESIAN_POINT('',(40.,24.,3.899494936612));
#303 = VECTOR('',#304,1.);
#304 = DIRECTION('',(0.,0.,1.));
#305 = PCURVE('',#100,#306);
#306 = DEFINITIONAL_REPRESENTATION('',(#307),#311);
#307 = LINE('',#308,#309);
#308 = CARTESIAN_POINT('',(26.832815729997,0.));
#309 = VECTOR('',#310,1.);
#310 = DIRECTION('',(0.,-1.));
#311 = ( GEOMETRIC_REPRESENTATION_CONTEXT(2) 
PARAMETRIC_REPRESENTATION_CONTEXT() REPRESENTATION_CONTEXT('2D SPACE',''
  ) );
#312 = PCURVE('',#313,#318);
#313 = PLANE('',#314);
#314 = AXIS2_PLACEMENT_3D('',#315,#316,#317);
#315 = CARTESIAN_POINT('',(40.,24.,3.899494936612));
#316 = DIRECTION('',(-1.,0.,0.));
#317 = DIRECTION('',(0.,1.,0.));
#318 = DEFINITIONAL_REPRESENTATION('',(#319),#323);
#319 = LINE('',#320,#321);
#320 = CARTESIAN_POINT('',(0.,0.));
#321 = VECTOR('',#322,1.);
#322 = DIRECTION('',(0.,-1.));
#323 = ( GEOMETRIC_REPRESENTATION_CONTEXT(2) 
PARAMETRIC_REPRESENTATION_CONTEXT() REPRESENTATION_CONTEXT('2D SPACE',''
  ) );
#324 = ORIENTED_EDGE('',*,*,#325,.F.);
#325 = EDGE_CURVE('',#85,#298,#326,.T.);
#326 = SURFACE_CURVE('',#327,(#331,#338),.PCURVE_S1.);
#327 = LINE('',#328,#329);
#328 = CARTESIAN_POINT('',(28.,0.,3.899494936612));
#329 = VECTOR('',#330,1.);
#330 = DIRECTION('',(0.4472135955,0.894427191,0.));
#331 = PCURVE('',#100,#332);
#332 = DEFINITIONAL_REPRESENTATION('',(#333),#337);
#333 = LINE('',#334,#335);
#334 = CARTESIAN_POINT('',(0.,0.));
#335 = VECTOR('',#336,1.);
#336 = DIRECTION('',(1.,0.));
#337 = ( GEOMETRIC_REPRESENTATION_CONTEXT(2) 
PARAMETRIC_REPRESENTATION_CONTEXT() REPRESENTATION_CONTEXT('2D SPACE',''
  ) );
#338 = PCURVE('',#126,#339);
#339 = DEFINITIONAL_REPRESENTATION('',(#340),#344);
#340 = LINE('',#341,#342);
#341 = CARTESIAN_POINT('',(28.,-38.54852094471));
#342 = VECTOR('',#343,1.);
#343 = DIRECTION('',(0.4472135955,0.894427191));
#344 = ( GEOMETRIC_REPRESENTATION_CONTEXT(2) 
PARAMETRIC_REPRESENTATION_CONTEXT() REPRESENTATION_CONTEXT('2D SPACE',''
  ) );
#345 = ADVANCED_FACE('',(#346,#1543,#1574,#1605,#1636,#1667,#1698),#126,
  .F.);
#346 = FACE_BOUND('',#347,.F.);
#347 = EDGE_LOOP('',(#348,#378,#406,#434,#462,#490,#518,#546,#574,#602,
    #630,#651,#652,#653,#654,#677,#705,#733,#761,#789,#817,#845,#873,
    #901,#929,#957,#985,#1013,#1041,#1069,#1097,#1125,#1153,#1181,#1209,
    #1237,#1265,#1293,#1321,#1349,#1377,#1405,#1433,#1461,#1489,#1517));
#348 = ORIENTED_EDGE('',*,*,#349,.F.);
#349 = EDGE_CURVE('',#350,#352,#354,.T.);
#350 = VERTEX_POINT('',#351);
#351 = CARTESIAN_POINT('',(-35.,72.,3.899494936612));
#352 = VERTEX_POINT('',#353);
#353 = CARTESIAN_POINT('',(-35.,78.,3.899494936612));
#354 = SURFACE_CURVE('',#355,(#359,#366),.PCURVE_S1.);
#355 = LINE('',#356,#357);
#356 = CARTESIAN_POINT('',(-35.,68.,3.899494936612));
#357 = VECTOR('',#358,1.);
#358 = DIRECTION('',(0.,1.,0.));
#359 = PCURVE('',#126,#360);
#360 = DEFINITIONAL_REPRESENTATION('',(#361),#365);
#361 = LINE('',#362,#363);
#362 = CARTESIAN_POINT('',(-35.,29.451479055288));
#363 = VECTOR('',#364,1.);
#364 = DIRECTION('',(0.,1.));
#365 = ( GEOMETRIC_REPRESENTATION_CONTEXT(2) 
PARAMETRIC_REPRESENTATION_CONTEXT() REPRESENTATION_CONTEXT('2D SPACE',''
  ) );
#366 = PCURVE('',#367,#372);
#367 = PLANE('',#368);
#368 = AXIS2_PLACEMENT_3D('',#369,#370,#371);
#369 = CARTESIAN_POINT('',(-35.,78.,9.899494936612));
#370 = DIRECTION('',(1.,0.,0.));
#371 = DIRECTION('',(-0.,0.,1.));
#372 = DEFINITIONAL_REPRESENTATION('',(#373),#377);
#373 = LINE('',#374,#375);
#374 = CARTESIAN_POINT('',(-6.,10.));
#375 = VECTOR('',#376,1.);
#376 = DIRECTION('',(0.,-1.));
#377 = ( GEOMETRIC_REPRESENTATION_CONTEXT(2) 
PARAMETRIC_REPRESENTATION_CONTEXT() REPRESENTATION_CONTEXT('2D SPACE',''
  ) );
#378 = ORIENTED_EDGE('',*,*,#379,.T.);
#379 = EDGE_CURVE('',#350,#380,#382,.T.);
#380 = VERTEX_POINT('',#381);
#381 = CARTESIAN_POINT('',(-40.,72.,3.899494936612));
#382 = SURFACE_CURVE('',#383,(#387,#394),.PCURVE_S1.);
#383 = LINE('',#384,#385);
#384 = CARTESIAN_POINT('',(40.,72.,3.899494936612));
#385 = VECTOR('',#386,1.);
#386 = DIRECTION('',(-1.,0.,0.));
#387 = PCURVE('',#126,#388);
#388 = DEFINITIONAL_REPRESENTATION('',(#389),#393);
#389 = LINE('',#390,#391);
#390 = CARTESIAN_POINT('',(40.,33.451479055288));
#391 = VECTOR('',#392,1.);
#392 = DIRECTION('',(-1.,0.));
#393 = ( GEOMETRIC_REPRESENTATION_CONTEXT(2) 
PARAMETRIC_REPRESENTATION_CONTEXT() REPRESENTATION_CONTEXT('2D SPACE',''
  ) );
#394 = PCURVE('',#395,#400);
#395 = PLANE('',#396);
#396 = AXIS2_PLACEMENT_3D('',#397,#398,#399);
#397 = CARTESIAN_POINT('',(40.,72.,3.899494936612));
#398 = DIRECTION('',(0.,-1.,0.));
#399 = DIRECTION('',(-1.,0.,0.));
#400 = DEFINITIONAL_REPRESENTATION('',(#401),#405);
#401 = LINE('',#402,#403);
#402 = CARTESIAN_POINT('',(0.,-0.));
#403 = VECTOR('',#404,1.);
#404 = DIRECTION('',(1.,0.));
#405 = ( GEOMETRIC_REPRESENTATION_CONTEXT(2) 
PARAMETRIC_REPRESENTATION_CONTEXT() REPRESENTATION_CONTEXT('2D SPACE',''
  ) );
#406 = ORIENTED_EDGE('',*,*,#407,.T.);
#407 = EDGE_CURVE('',#380,#408,#410,.T.);
#408 = VERTEX_POINT('',#409);
#409 = CARTESIAN_POINT('',(-40.,46.,3.899494936612));
#410 = SURFACE_CURVE('',#411,(#415,#422),.PCURVE_S1.);
#411 = LINE('',#412,#413);
#412 = CARTESIAN_POINT('',(-40.,72.,3.899494936612));
#413 = VECTOR('',#414,1.);
#414 = DIRECTION('',(0.,-1.,0.));
#415 = PCURVE('',#126,#416);
#416 = DEFINITIONAL_REPRESENTATION('',(#417),#421);
#417 = LINE('',#418,#419);
#418 = CARTESIAN_POINT('',(-40.,33.451479055288));
#419 = VECTOR('',#420,1.);
#420 = DIRECTION('',(0.,-1.));
#421 = ( GEOMETRIC_REPRESENTATION_CONTEXT(2) 
PARAMETRIC_REPRESENTATION_CONTEXT() REPRESENTATION_CONTEXT('2D SPACE',''
  ) );
#422 = PCURVE('',#423,#428);
#423 = PLANE('',#424);
#424 = AXIS2_PLACEMENT_3D('',#425,#426,#427);
#425 = CARTESIAN_POINT('',(-40.,72.,3.899494936612));
#426 = DIRECTION('',(1.,0.,-0.));
#427 = DIRECTION('',(0.,-1.,0.));
#428 = DEFINITIONAL_REPRESENTATION('',(#429),#433);
#429 = LINE('',#430,#431);
#430 = CARTESIAN_POINT('',(0.,0.));
#431 = VECTOR('',#432,1.);
#432 = DIRECTION('',(1.,0.));
#433 = ( GEOMETRIC_REPRESENTATION_CONTEXT(2) 
PARAMETRIC_REPRESENTATION_CONTEXT() REPRESENTATION_CONTEXT('2D SPACE',''
  ) );
#434 = ORIENTED_EDGE('',*,*,#435,.F.);
#435 = EDGE_CURVE('',#436,#408,#438,.T.);
#436 = VERTEX_POINT('',#437);
#437 = CARTESIAN_POINT('',(-37.,46.,3.899494936612));
#438 = SURFACE_CURVE('',#439,(#443,#450),.PCURVE_S1.);
#439 = LINE('',#440,#441);
#440 = CARTESIAN_POINT('',(-21.,46.,3.899494936612));
#441 = VECTOR('',#442,1.);
#442 = DIRECTION('',(-1.,0.,0.));
#443 = PCURVE('',#126,#444);
#444 = DEFINITIONAL_REPRESENTATION('',(#445),#449);
#445 = LINE('',#446,#447);
#446 = CARTESIAN_POINT('',(-21.,7.451479055288));
#447 = VECTOR('',#448,1.);
#448 = DIRECTION('',(-1.,0.));
#449 = ( GEOMETRIC_REPRESENTATION_CONTEXT(2) 
PARAMETRIC_REPRESENTATION_CONTEXT() REPRESENTATION_CONTEXT('2D SPACE',''
  ) );
#450 = PCURVE('',#451,#456);
#451 = PLANE('',#452);
#452 = AXIS2_PLACEMENT_3D('',#453,#454,#455);
#453 = CARTESIAN_POINT('',(-42.,46.,3.399494936612));
#454 = DIRECTION('',(0.,1.,0.));
#455 = DIRECTION('',(0.,0.,1.));
#456 = DEFINITIONAL_REPRESENTATION('',(#457),#461);
#457 = LINE('',#458,#459);
#458 = CARTESIAN_POINT('',(0.5,21.));
#459 = VECTOR('',#460,1.);
#460 = DIRECTION('',(0.,-1.));
#461 = ( GEOMETRIC_REPRESENTATION_CONTEXT(2) 
PARAMETRIC_REPRESENTATION_CONTEXT() REPRESENTATION_CONTEXT('2D SPACE',''
  ) );
#462 = ORIENTED_EDGE('',*,*,#463,.F.);
#463 = EDGE_CURVE('',#464,#436,#466,.T.);
#464 = VERTEX_POINT('',#465);
#465 = CARTESIAN_POINT('',(-37.,24.,3.899494936612));
#466 = SURFACE_CURVE('',#467,(#471,#478),.PCURVE_S1.);
#467 = LINE('',#468,#469);
#468 = CARTESIAN_POINT('',(-37.,31.274260472356,3.899494936612));
#469 = VECTOR('',#470,1.);
#470 = DIRECTION('',(0.,1.,0.));
#471 = PCURVE('',#126,#472);
#472 = DEFINITIONAL_REPRESENTATION('',(#473),#477);
#473 = LINE('',#474,#475);
#474 = CARTESIAN_POINT('',(-37.,-7.274260472356));
#475 = VECTOR('',#476,1.);
#476 = DIRECTION('',(0.,1.));
#477 = ( GEOMETRIC_REPRESENTATION_CONTEXT(2) 
PARAMETRIC_REPRESENTATION_CONTEXT() REPRESENTATION_CONTEXT('2D SPACE',''
  ) );
#478 = PCURVE('',#479,#484);
#479 = PLANE('',#480);
#480 = AXIS2_PLACEMENT_3D('',#481,#482,#483);
#481 = CARTESIAN_POINT('',(-37.,24.,3.399494936612));
#482 = DIRECTION('',(1.,0.,0.));
#483 = DIRECTION('',(0.,0.,1.));
#484 = DEFINITIONAL_REPRESENTATION('',(#485),#489);
#485 = LINE('',#486,#487);
#486 = CARTESIAN_POINT('',(0.5,-7.274260472356));
#487 = VECTOR('',#488,1.);
#488 = DIRECTION('',(0.,-1.));
#489 = ( GEOMETRIC_REPRESENTATION_CONTEXT(2) 
PARAMETRIC_REPRESENTATION_CONTEXT() REPRESENTATION_CONTEXT('2D SPACE',''
  ) );
#490 = ORIENTED_EDGE('',*,*,#491,.T.);
#491 = EDGE_CURVE('',#464,#492,#494,.T.);
#492 = VERTEX_POINT('',#493);
#493 = CARTESIAN_POINT('',(-40.,24.,3.899494936612));
#494 = SURFACE_CURVE('',#495,(#499,#506),.PCURVE_S1.);
#495 = LINE('',#496,#497);
#496 = CARTESIAN_POINT('',(-21.,24.,3.899494936612));
#497 = VECTOR('',#498,1.);
#498 = DIRECTION('',(-1.,0.,0.));
#499 = PCURVE('',#126,#500);
#500 = DEFINITIONAL_REPRESENTATION('',(#501),#505);
#501 = LINE('',#502,#503);
#502 = CARTESIAN_POINT('',(-21.,-14.54852094471));
#503 = VECTOR('',#504,1.);
#504 = DIRECTION('',(-1.,0.));
#505 = ( GEOMETRIC_REPRESENTATION_CONTEXT(2) 
PARAMETRIC_REPRESENTATION_CONTEXT() REPRESENTATION_CONTEXT('2D SPACE',''
  ) );
#506 = PCURVE('',#507,#512);
#507 = PLANE('',#508);
#508 = AXIS2_PLACEMENT_3D('',#509,#510,#511);
#509 = CARTESIAN_POINT('',(-42.,24.,3.399494936612));
#510 = DIRECTION('',(0.,1.,0.));
#511 = DIRECTION('',(0.,0.,1.));
#512 = DEFINITIONAL_REPRESENTATION('',(#513),#517);
#513 = LINE('',#514,#515);
#514 = CARTESIAN_POINT('',(0.5,21.));
#515 = VECTOR('',#516,1.);
#516 = DIRECTION('',(0.,-1.));
#517 = ( GEOMETRIC_REPRESENTATION_CONTEXT(2) 
PARAMETRIC_REPRESENTATION_CONTEXT() REPRESENTATION_CONTEXT('2D SPACE',''
  ) );
#518 = ORIENTED_EDGE('',*,*,#519,.T.);
#519 = EDGE_CURVE('',#492,#520,#522,.T.);
#520 = VERTEX_POINT('',#521);
#521 = CARTESIAN_POINT('',(-38.54022587946,21.080451758936,
    3.899494936612));
#522 = SURFACE_CURVE('',#523,(#527,#534),.PCURVE_S1.);
#523 = LINE('',#524,#525);
#524 = CARTESIAN_POINT('',(-40.,24.,3.899494936612));
#525 = VECTOR('',#526,1.);
#526 = DIRECTION('',(0.4472135955,-0.894427191,0.));
#527 = PCURVE('',#126,#528);
#528 = DEFINITIONAL_REPRESENTATION('',(#529),#533);
#529 = LINE('',#530,#531);
#530 = CARTESIAN_POINT('',(-40.,-14.54852094471));
#531 = VECTOR('',#532,1.);
#532 = DIRECTION('',(0.4472135955,-0.894427191));
#533 = ( GEOMETRIC_REPRESENTATION_CONTEXT(2) 
PARAMETRIC_REPRESENTATION_CONTEXT() REPRESENTATION_CONTEXT('2D SPACE',''
  ) );
#534 = PCURVE('',#535,#540);
#535 = PLANE('',#536);
#536 = AXIS2_PLACEMENT_3D('',#537,#538,#539);
#537 = CARTESIAN_POINT('',(-40.,24.,3.899494936612));
#538 = DIRECTION('',(0.894427191,0.4472135955,-0.));
#539 = DIRECTION('',(0.4472135955,-0.894427191,0.));
#540 = DEFINITIONAL_REPRESENTATION('',(#541),#545);
#541 = LINE('',#542,#543);
#542 = CARTESIAN_POINT('',(0.,0.));
#543 = VECTOR('',#544,1.);
#544 = DIRECTION('',(1.,0.));
#545 = ( GEOMETRIC_REPRESENTATION_CONTEXT(2) 
PARAMETRIC_REPRESENTATION_CONTEXT() REPRESENTATION_CONTEXT('2D SPACE',''
  ) );
#546 = ORIENTED_EDGE('',*,*,#547,.F.);
#547 = EDGE_CURVE('',#548,#520,#550,.T.);
#548 = VERTEX_POINT('',#549);
#549 = CARTESIAN_POINT('',(-38.50809193798,21.118747499144,
    3.899494936612));
#550 = SURFACE_CURVE('',#551,(#555,#562),.PCURVE_S1.);
#551 = LINE('',#552,#553);
#552 = CARTESIAN_POINT('',(-27.51481346013,34.220026619506,
    3.899494936612));
#553 = VECTOR('',#554,1.);
#554 = DIRECTION('',(-0.642787609687,-0.766044443119,0.));
#555 = PCURVE('',#126,#556);
#556 = DEFINITIONAL_REPRESENTATION('',(#557),#561);
#557 = LINE('',#558,#559);
#558 = CARTESIAN_POINT('',(-27.51481346013,-4.328494325206));
#559 = VECTOR('',#560,1.);
#560 = DIRECTION('',(-0.642787609687,-0.766044443119));
#561 = ( GEOMETRIC_REPRESENTATION_CONTEXT(2) 
PARAMETRIC_REPRESENTATION_CONTEXT() REPRESENTATION_CONTEXT('2D SPACE',''
  ) );
#562 = PCURVE('',#563,#568);
#563 = PLANE('',#564);
#564 = AXIS2_PLACEMENT_3D('',#565,#566,#567);
#565 = CARTESIAN_POINT('',(-41.01463896727,18.131561071982,0.));
#566 = DIRECTION('',(-0.766044443119,0.642787609687,0.));
#567 = DIRECTION('',(-0.454519477672,-0.54167522042,0.707106781187));
#568 = DEFINITIONAL_REPRESENTATION('',(#569),#573);
#569 = LINE('',#570,#571);
#570 = CARTESIAN_POINT('',(-12.09329744695,17.608016072718));
#571 = VECTOR('',#572,1.);
#572 = DIRECTION('',(0.707106781187,-0.707106781187));
#573 = ( GEOMETRIC_REPRESENTATION_CONTEXT(2) 
PARAMETRIC_REPRESENTATION_CONTEXT() REPRESENTATION_CONTEXT('2D SPACE',''
  ) );
#574 = ORIENTED_EDGE('',*,*,#575,.T.);
#575 = EDGE_CURVE('',#548,#576,#578,.T.);
#576 = VERTEX_POINT('',#577);
#577 = CARTESIAN_POINT('',(-24.71929196184,9.548570524786,3.899494936612
    ));
#578 = SURFACE_CURVE('',#579,(#583,#590),.PCURVE_S1.);
#579 = LINE('',#580,#581);
#580 = CARTESIAN_POINT('',(-31.11757573992,14.917368083142,
    3.899494936612));
#581 = VECTOR('',#582,1.);
#582 = DIRECTION('',(0.766044443119,-0.642787609687,0.));
#583 = PCURVE('',#126,#584);
#584 = DEFINITIONAL_REPRESENTATION('',(#585),#589);
#585 = LINE('',#586,#587);
#586 = CARTESIAN_POINT('',(-31.11757573992,-23.63115286157));
#587 = VECTOR('',#588,1.);
#588 = DIRECTION('',(0.766044443119,-0.642787609687));
#589 = ( GEOMETRIC_REPRESENTATION_CONTEXT(2) 
PARAMETRIC_REPRESENTATION_CONTEXT() REPRESENTATION_CONTEXT('2D SPACE',''
  ) );
#590 = PCURVE('',#591,#596);
#591 = PLANE('',#592);
#592 = AXIS2_PLACEMENT_3D('',#593,#594,#595);
#593 = CARTESIAN_POINT('',(-40.24859452415,17.488773462295,0.));
#594 = DIRECTION('',(-0.454519477672,-0.54167522042,0.707106781187));
#595 = DIRECTION('',(0.454519477672,0.54167522042,0.707106781187));
#596 = DEFINITIONAL_REPRESENTATION('',(#597),#601);
#597 = LINE('',#598,#599);
#598 = CARTESIAN_POINT('',(5.514718625761,-8.647633716876));
#599 = VECTOR('',#600,1.);
#600 = DIRECTION('',(8.283143846454E-17,-1.));
#601 = ( GEOMETRIC_REPRESENTATION_CONTEXT(2) 
PARAMETRIC_REPRESENTATION_CONTEXT() REPRESENTATION_CONTEXT('2D SPACE',''
  ) );
#602 = ORIENTED_EDGE('',*,*,#603,.T.);
#603 = EDGE_CURVE('',#576,#604,#606,.T.);
#604 = VERTEX_POINT('',#605);
#605 = CARTESIAN_POINT('',(-29.73238602042,3.574197670462,3.899494936612
    ));
#606 = SURFACE_CURVE('',#607,(#611,#618),.PCURVE_S1.);
#607 = LINE('',#608,#609);
#608 = CARTESIAN_POINT('',(-13.72601348399,22.649849645148,
    3.899494936612));
#609 = VECTOR('',#610,1.);
#610 = DIRECTION('',(-0.642787609687,-0.766044443119,0.));
#611 = PCURVE('',#126,#612);
#612 = DEFINITIONAL_REPRESENTATION('',(#613),#617);
#613 = LINE('',#614,#615);
#614 = CARTESIAN_POINT('',(-13.72601348399,-15.89867129956));
#615 = VECTOR('',#616,1.);
#616 = DIRECTION('',(-0.642787609687,-0.766044443119));
#617 = ( GEOMETRIC_REPRESENTATION_CONTEXT(2) 
PARAMETRIC_REPRESENTATION_CONTEXT() REPRESENTATION_CONTEXT('2D SPACE',''
  ) );
#618 = PCURVE('',#619,#624);
#619 = PLANE('',#620);
#620 = AXIS2_PLACEMENT_3D('',#621,#622,#623);
#621 = CARTESIAN_POINT('',(-27.22583899113,6.561384097624,0.));
#622 = DIRECTION('',(-0.766044443119,0.642787609687,0.));
#623 = DIRECTION('',(-0.454519477672,-0.54167522042,0.707106781187));
#624 = DEFINITIONAL_REPRESENTATION('',(#625),#629);
#625 = LINE('',#626,#627);
#626 = CARTESIAN_POINT('',(-12.09329744695,17.608016072718));
#627 = VECTOR('',#628,1.);
#628 = DIRECTION('',(0.707106781187,-0.707106781187));
#629 = ( GEOMETRIC_REPRESENTATION_CONTEXT(2) 
PARAMETRIC_REPRESENTATION_CONTEXT() REPRESENTATION_CONTEXT('2D SPACE',''
  ) );
#630 = ORIENTED_EDGE('',*,*,#631,.T.);
#631 = EDGE_CURVE('',#604,#142,#632,.T.);
#632 = SURFACE_CURVE('',#633,(#637,#644),.PCURVE_S1.);
#633 = LINE('',#634,#635);
#634 = CARTESIAN_POINT('',(-39.96089201409,12.15693327725,3.899494936612
    ));
#635 = VECTOR('',#636,1.);
#636 = DIRECTION('',(-0.766044443119,0.642787609687,0.));
#637 = PCURVE('',#126,#638);
#638 = DEFINITIONAL_REPRESENTATION('',(#639),#643);
#639 = LINE('',#640,#641);
#640 = CARTESIAN_POINT('',(-39.96089201409,-26.39158766746));
#641 = VECTOR('',#642,1.);
#642 = DIRECTION('',(-0.766044443119,0.642787609687));
#643 = ( GEOMETRIC_REPRESENTATION_CONTEXT(2) 
PARAMETRIC_REPRESENTATION_CONTEXT() REPRESENTATION_CONTEXT('2D SPACE',''
  ) );
#644 = PCURVE('',#180,#645);
#645 = DEFINITIONAL_REPRESENTATION('',(#646),#650);
#646 = LINE('',#647,#648);
#647 = CARTESIAN_POINT('',(-0.485281374239,13.647633716876));
#648 = VECTOR('',#649,1.);
#649 = DIRECTION('',(-3.538526885512E-17,-1.));
#650 = ( GEOMETRIC_REPRESENTATION_CONTEXT(2) 
PARAMETRIC_REPRESENTATION_CONTEXT() REPRESENTATION_CONTEXT('2D SPACE',''
  ) );
#651 = ORIENTED_EDGE('',*,*,#141,.T.);
#652 = ORIENTED_EDGE('',*,*,#112,.T.);
#653 = ORIENTED_EDGE('',*,*,#325,.T.);
#654 = ORIENTED_EDGE('',*,*,#655,.T.);
#655 = EDGE_CURVE('',#298,#656,#658,.T.);
#656 = VERTEX_POINT('',#657);
#657 = CARTESIAN_POINT('',(40.,72.,3.899494936612));
#658 = SURFACE_CURVE('',#659,(#663,#670),.PCURVE_S1.);
#659 = LINE('',#660,#661);
#660 = CARTESIAN_POINT('',(40.,24.,3.899494936612));
#661 = VECTOR('',#662,1.);
#662 = DIRECTION('',(0.,1.,0.));
#663 = PCURVE('',#126,#664);
#664 = DEFINITIONAL_REPRESENTATION('',(#665),#669);
#665 = LINE('',#666,#667);
#666 = CARTESIAN_POINT('',(40.,-14.54852094471));
#667 = VECTOR('',#668,1.);
#668 = DIRECTION('',(0.,1.));
#669 = ( GEOMETRIC_REPRESENTATION_CONTEXT(2) 
PARAMETRIC_REPRESENTATION_CONTEXT() REPRESENTATION_CONTEXT('2D SPACE',''
  ) );
#670 = PCURVE('',#313,#671);
#671 = DEFINITIONAL_REPRESENTATION('',(#672),#676);
#672 = LINE('',#673,#674);
#673 = CARTESIAN_POINT('',(0.,0.));
#674 = VECTOR('',#675,1.);
#675 = DIRECTION('',(1.,0.));
#676 = ( GEOMETRIC_REPRESENTATION_CONTEXT(2) 
PARAMETRIC_REPRESENTATION_CONTEXT() REPRESENTATION_CONTEXT('2D SPACE',''
  ) );
#677 = ORIENTED_EDGE('',*,*,#678,.T.);
#678 = EDGE_CURVE('',#656,#679,#681,.T.);
#679 = VERTEX_POINT('',#680);
#680 = CARTESIAN_POINT('',(35.,72.,3.899494936612));
#681 = SURFACE_CURVE('',#682,(#686,#693),.PCURVE_S1.);
#682 = LINE('',#683,#684);
#683 = CARTESIAN_POINT('',(40.,72.,3.899494936612));
#684 = VECTOR('',#685,1.);
#685 = DIRECTION('',(-1.,0.,0.));
#686 = PCURVE('',#126,#687);
#687 = DEFINITIONAL_REPRESENTATION('',(#688),#692);
#688 = LINE('',#689,#690);
#689 = CARTESIAN_POINT('',(40.,33.451479055288));
#690 = VECTOR('',#691,1.);
#691 = DIRECTION('',(-1.,0.));
#692 = ( GEOMETRIC_REPRESENTATION_CONTEXT(2) 
PARAMETRIC_REPRESENTATION_CONTEXT() REPRESENTATION_CONTEXT('2D SPACE',''
  ) );
#693 = PCURVE('',#694,#699);
#694 = PLANE('',#695);
#695 = AXIS2_PLACEMENT_3D('',#696,#697,#698);
#696 = CARTESIAN_POINT('',(40.,72.,3.899494936612));
#697 = DIRECTION('',(0.,-1.,0.));
#698 = DIRECTION('',(-1.,0.,0.));
#699 = DEFINITIONAL_REPRESENTATION('',(#700),#704);
#700 = LINE('',#701,#702);
#701 = CARTESIAN_POINT('',(0.,-0.));
#702 = VECTOR('',#703,1.);
#703 = DIRECTION('',(1.,0.));
#704 = ( GEOMETRIC_REPRESENTATION_CONTEXT(2) 
PARAMETRIC_REPRESENTATION_CONTEXT() REPRESENTATION_CONTEXT('2D SPACE',''
  ) );
#705 = ORIENTED_EDGE('',*,*,#706,.T.);
#706 = EDGE_CURVE('',#679,#707,#709,.T.);
#707 = VERTEX_POINT('',#708);
#708 = CARTESIAN_POINT('',(35.,78.,3.899494936612));
#709 = SURFACE_CURVE('',#710,(#714,#721),.PCURVE_S1.);
#710 = LINE('',#711,#712);
#711 = CARTESIAN_POINT('',(35.,68.,3.899494936612));
#712 = VECTOR('',#713,1.);
#713 = DIRECTION('',(0.,1.,0.));
#714 = PCURVE('',#126,#715);
#715 = DEFINITIONAL_REPRESENTATION('',(#716),#720);
#716 = LINE('',#717,#718);
#717 = CARTESIAN_POINT('',(35.,29.451479055288));
#718 = VECTOR('',#719,1.);
#719 = DIRECTION('',(0.,1.));
#720 = ( GEOMETRIC_REPRESENTATION_CONTEXT(2) 
PARAMETRIC_REPRESENTATION_CONTEXT() REPRESENTATION_CONTEXT('2D SPACE',''
  ) );
#721 = PCURVE('',#722,#727);
#722 = PLANE('',#723);
#723 = AXIS2_PLACEMENT_3D('',#724,#725,#726);
#724 = CARTESIAN_POINT('',(35.,78.,9.899494936612));
#725 = DIRECTION('',(1.,0.,0.));
#726 = DIRECTION('',(-0.,0.,1.));
#727 = DEFINITIONAL_REPRESENTATION('',(#728),#732);
#728 = LINE('',#729,#730);
#729 = CARTESIAN_POINT('',(-6.,10.));
#730 = VECTOR('',#731,1.);
#731 = DIRECTION('',(0.,-1.));
#732 = ( GEOMETRIC_REPRESENTATION_CONTEXT(2) 
PARAMETRIC_REPRESENTATION_CONTEXT() REPRESENTATION_CONTEXT('2D SPACE',''
  ) );
#733 = ORIENTED_EDGE('',*,*,#734,.F.);
#734 = EDGE_CURVE('',#735,#707,#737,.T.);
#735 = VERTEX_POINT('',#736);
#736 = CARTESIAN_POINT('',(31.,78.,3.899494936612));
#737 = SURFACE_CURVE('',#738,(#742,#749),.PCURVE_S1.);
#738 = LINE('',#739,#740);
#739 = CARTESIAN_POINT('',(31.,78.,3.899494936612));
#740 = VECTOR('',#741,1.);
#741 = DIRECTION('',(1.,0.,0.));
#742 = PCURVE('',#126,#743);
#743 = DEFINITIONAL_REPRESENTATION('',(#744),#748);
#744 = LINE('',#745,#746);
#745 = CARTESIAN_POINT('',(31.,39.451479055288));
#746 = VECTOR('',#747,1.);
#747 = DIRECTION('',(1.,0.));
#748 = ( GEOMETRIC_REPRESENTATION_CONTEXT(2) 
PARAMETRIC_REPRESENTATION_CONTEXT() REPRESENTATION_CONTEXT('2D SPACE',''
  ) );
#749 = PCURVE('',#750,#755);
#750 = PLANE('',#751);
#751 = AXIS2_PLACEMENT_3D('',#752,#753,#754);
#752 = CARTESIAN_POINT('',(31.,78.,3.899494936612));
#753 = DIRECTION('',(0.,1.,0.));
#754 = DIRECTION('',(0.,0.,1.));
#755 = DEFINITIONAL_REPRESENTATION('',(#756),#760);
#756 = LINE('',#757,#758);
#757 = CARTESIAN_POINT('',(0.,0.));
#758 = VECTOR('',#759,1.);
#759 = DIRECTION('',(0.,1.));
#760 = ( GEOMETRIC_REPRESENTATION_CONTEXT(2) 
PARAMETRIC_REPRESENTATION_CONTEXT() REPRESENTATION_CONTEXT('2D SPACE',''
  ) );
#761 = ORIENTED_EDGE('',*,*,#762,.F.);
#762 = EDGE_CURVE('',#763,#735,#765,.T.);
#763 = VERTEX_POINT('',#764);
#764 = CARTESIAN_POINT('',(31.,72.,3.899494936612));
#765 = SURFACE_CURVE('',#766,(#770,#777),.PCURVE_S1.);
#766 = LINE('',#767,#768);
#767 = CARTESIAN_POINT('',(31.,68.,3.899494936612));
#768 = VECTOR('',#769,1.);
#769 = DIRECTION('',(0.,1.,0.));
#770 = PCURVE('',#126,#771);
#771 = DEFINITIONAL_REPRESENTATION('',(#772),#776);
#772 = LINE('',#773,#774);
#773 = CARTESIAN_POINT('',(31.,29.451479055288));
#774 = VECTOR('',#775,1.);
#775 = DIRECTION('',(0.,1.));
#776 = ( GEOMETRIC_REPRESENTATION_CONTEXT(2) 
PARAMETRIC_REPRESENTATION_CONTEXT() REPRESENTATION_CONTEXT('2D SPACE',''
  ) );
#777 = PCURVE('',#778,#783);
#778 = PLANE('',#779);
#779 = AXIS2_PLACEMENT_3D('',#780,#781,#782);
#780 = CARTESIAN_POINT('',(31.,78.,9.899494936612));
#781 = DIRECTION('',(1.,0.,0.));
#782 = DIRECTION('',(-0.,0.,1.));
#783 = DEFINITIONAL_REPRESENTATION('',(#784),#788);
#784 = LINE('',#785,#786);
#785 = CARTESIAN_POINT('',(-6.,10.));
#786 = VECTOR('',#787,1.);
#787 = DIRECTION('',(0.,-1.));
#788 = ( GEOMETRIC_REPRESENTATION_CONTEXT(2) 
PARAMETRIC_REPRESENTATION_CONTEXT() REPRESENTATION_CONTEXT('2D SPACE',''
  ) );
#789 = ORIENTED_EDGE('',*,*,#790,.T.);
#790 = EDGE_CURVE('',#763,#791,#793,.T.);
#791 = VERTEX_POINT('',#792);
#792 = CARTESIAN_POINT('',(23.,72.,3.899494936612));
#793 = SURFACE_CURVE('',#794,(#798,#805),.PCURVE_S1.);
#794 = LINE('',#795,#796);
#795 = CARTESIAN_POINT('',(40.,72.,3.899494936612));
#796 = VECTOR('',#797,1.);
#797 = DIRECTION('',(-1.,0.,0.));
#798 = PCURVE('',#126,#799);
#799 = DEFINITIONAL_REPRESENTATION('',(#800),#804);
#800 = LINE('',#801,#802);
#801 = CARTESIAN_POINT('',(40.,33.451479055288));
#802 = VECTOR('',#803,1.);
#803 = DIRECTION('',(-1.,0.));
#804 = ( GEOMETRIC_REPRESENTATION_CONTEXT(2) 
PARAMETRIC_REPRESENTATION_CONTEXT() REPRESENTATION_CONTEXT('2D SPACE',''
  ) );
#805 = PCURVE('',#806,#811);
#806 = PLANE('',#807);
#807 = AXIS2_PLACEMENT_3D('',#808,#809,#810);
#808 = CARTESIAN_POINT('',(40.,72.,3.899494936612));
#809 = DIRECTION('',(0.,-1.,0.));
#810 = DIRECTION('',(-1.,0.,0.));
#811 = DEFINITIONAL_REPRESENTATION('',(#812),#816);
#812 = LINE('',#813,#814);
#813 = CARTESIAN_POINT('',(0.,-0.));
#814 = VECTOR('',#815,1.);
#815 = DIRECTION('',(1.,0.));
#816 = ( GEOMETRIC_REPRESENTATION_CONTEXT(2) 
PARAMETRIC_REPRESENTATION_CONTEXT() REPRESENTATION_CONTEXT('2D SPACE',''
  ) );
#817 = ORIENTED_EDGE('',*,*,#818,.T.);
#818 = EDGE_CURVE('',#791,#819,#821,.T.);
#819 = VERTEX_POINT('',#820);
#820 = CARTESIAN_POINT('',(23.,78.,3.899494936612));
#821 = SURFACE_CURVE('',#822,(#826,#833),.PCURVE_S1.);
#822 = LINE('',#823,#824);
#823 = CARTESIAN_POINT('',(23.,68.,3.899494936612));
#824 = VECTOR('',#825,1.);
#825 = DIRECTION('',(0.,1.,0.));
#826 = PCURVE('',#126,#827);
#827 = DEFINITIONAL_REPRESENTATION('',(#828),#832);
#828 = LINE('',#829,#830);
#829 = CARTESIAN_POINT('',(23.,29.451479055288));
#830 = VECTOR('',#831,1.);
#831 = DIRECTION('',(0.,1.));
#832 = ( GEOMETRIC_REPRESENTATION_CONTEXT(2) 
PARAMETRIC_REPRESENTATION_CONTEXT() REPRESENTATION_CONTEXT('2D SPACE',''
  ) );
#833 = PCURVE('',#834,#839);
#834 = PLANE('',#835);
#835 = AXIS2_PLACEMENT_3D('',#836,#837,#838);
#836 = CARTESIAN_POINT('',(23.,78.,9.899494936612));
#837 = DIRECTION('',(1.,0.,0.));
#838 = DIRECTION('',(-0.,0.,1.));
#839 = DEFINITIONAL_REPRESENTATION('',(#840),#844);
#840 = LINE('',#841,#842);
#841 = CARTESIAN_POINT('',(-6.,10.));
#842 = VECTOR('',#843,1.);
#843 = DIRECTION('',(0.,-1.));
#844 = ( GEOMETRIC_REPRESENTATION_CONTEXT(2) 
PARAMETRIC_REPRESENTATION_CONTEXT() REPRESENTATION_CONTEXT('2D SPACE',''
  ) );
#845 = ORIENTED_EDGE('',*,*,#846,.F.);
#846 = EDGE_CURVE('',#847,#819,#849,.T.);
#847 = VERTEX_POINT('',#848);
#848 = CARTESIAN_POINT('',(19.,78.,3.899494936612));
#849 = SURFACE_CURVE('',#850,(#854,#861),.PCURVE_S1.);
#850 = LINE('',#851,#852);
#851 = CARTESIAN_POINT('',(19.,78.,3.899494936612));
#852 = VECTOR('',#853,1.);
#853 = DIRECTION('',(1.,0.,0.));
#854 = PCURVE('',#126,#855);
#855 = DEFINITIONAL_REPRESENTATION('',(#856),#860);
#856 = LINE('',#857,#858);
#857 = CARTESIAN_POINT('',(19.,39.451479055288));
#858 = VECTOR('',#859,1.);
#859 = DIRECTION('',(1.,0.));
#860 = ( GEOMETRIC_REPRESENTATION_CONTEXT(2) 
PARAMETRIC_REPRESENTATION_CONTEXT() REPRESENTATION_CONTEXT('2D SPACE',''
  ) );
#861 = PCURVE('',#862,#867);
#862 = PLANE('',#863);
#863 = AXIS2_PLACEMENT_3D('',#864,#865,#866);
#864 = CARTESIAN_POINT('',(19.,78.,3.899494936612));
#865 = DIRECTION('',(0.,1.,0.));
#866 = DIRECTION('',(0.,0.,1.));
#867 = DEFINITIONAL_REPRESENTATION('',(#868),#872);
#868 = LINE('',#869,#870);
#869 = CARTESIAN_POINT('',(0.,0.));
#870 = VECTOR('',#871,1.);
#871 = DIRECTION('',(0.,1.));
#872 = ( GEOMETRIC_REPRESENTATION_CONTEXT(2) 
PARAMETRIC_REPRESENTATION_CONTEXT() REPRESENTATION_CONTEXT('2D SPACE',''
  ) );
#873 = ORIENTED_EDGE('',*,*,#874,.F.);
#874 = EDGE_CURVE('',#875,#847,#877,.T.);
#875 = VERTEX_POINT('',#876);
#876 = CARTESIAN_POINT('',(19.,72.,3.899494936612));
#877 = SURFACE_CURVE('',#878,(#882,#889),.PCURVE_S1.);
#878 = LINE('',#879,#880);
#879 = CARTESIAN_POINT('',(19.,68.,3.899494936612));
#880 = VECTOR('',#881,1.);
#881 = DIRECTION('',(0.,1.,0.));
#882 = PCURVE('',#126,#883);
#883 = DEFINITIONAL_REPRESENTATION('',(#884),#888);
#884 = LINE('',#885,#886);
#885 = CARTESIAN_POINT('',(19.,29.451479055288));
#886 = VECTOR('',#887,1.);
#887 = DIRECTION('',(0.,1.));
#888 = ( GEOMETRIC_REPRESENTATION_CONTEXT(2) 
PARAMETRIC_REPRESENTATION_CONTEXT() REPRESENTATION_CONTEXT('2D SPACE',''
  ) );
#889 = PCURVE('',#890,#895);
#890 = PLANE('',#891);
#891 = AXIS2_PLACEMENT_3D('',#892,#893,#894);
#892 = CARTESIAN_POINT('',(19.,78.,9.899494936612));
#893 = DIRECTION('',(1.,0.,0.));
#894 = DIRECTION('',(-0.,0.,1.));
#895 = DEFINITIONAL_REPRESENTATION('',(#896),#900);
#896 = LINE('',#897,#898);
#897 = CARTESIAN_POINT('',(-6.,10.));
#898 = VECTOR('',#899,1.);
#899 = DIRECTION('',(0.,-1.));
#900 = ( GEOMETRIC_REPRESENTATION_CONTEXT(2) 
PARAMETRIC_REPRESENTATION_CONTEXT() REPRESENTATION_CONTEXT('2D SPACE',''
  ) );
#901 = ORIENTED_EDGE('',*,*,#902,.T.);
#902 = EDGE_CURVE('',#875,#903,#905,.T.);
#903 = VERTEX_POINT('',#904);
#904 = CARTESIAN_POINT('',(17.,72.,3.899494936612));
#905 = SURFACE_CURVE('',#906,(#910,#917),.PCURVE_S1.);
#906 = LINE('',#907,#908);
#907 = CARTESIAN_POINT('',(40.,72.,3.899494936612));
#908 = VECTOR('',#909,1.);
#909 = DIRECTION('',(-1.,0.,0.));
#910 = PCURVE('',#126,#911);
#911 = DEFINITIONAL_REPRESENTATION('',(#912),#916);
#912 = LINE('',#913,#914);
#913 = CARTESIAN_POINT('',(40.,33.451479055288));
#914 = VECTOR('',#915,1.);
#915 = DIRECTION('',(-1.,0.));
#916 = ( GEOMETRIC_REPRESENTATION_CONTEXT(2) 
PARAMETRIC_REPRESENTATION_CONTEXT() REPRESENTATION_CONTEXT('2D SPACE',''
  ) );
#917 = PCURVE('',#918,#923);
#918 = PLANE('',#919);
#919 = AXIS2_PLACEMENT_3D('',#920,#921,#922);
#920 = CARTESIAN_POINT('',(40.,72.,3.899494936612));
#921 = DIRECTION('',(0.,-1.,0.));
#922 = DIRECTION('',(-1.,0.,0.));
#923 = DEFINITIONAL_REPRESENTATION('',(#924),#928);
#924 = LINE('',#925,#926);
#925 = CARTESIAN_POINT('',(0.,-0.));
#926 = VECTOR('',#927,1.);
#927 = DIRECTION('',(1.,0.));
#928 = ( GEOMETRIC_REPRESENTATION_CONTEXT(2) 
PARAMETRIC_REPRESENTATION_CONTEXT() REPRESENTATION_CONTEXT('2D SPACE',''
  ) );
#929 = ORIENTED_EDGE('',*,*,#930,.T.);
#930 = EDGE_CURVE('',#903,#931,#933,.T.);
#931 = VERTEX_POINT('',#932);
#932 = CARTESIAN_POINT('',(17.,78.,3.899494936612));
#933 = SURFACE_CURVE('',#934,(#938,#945),.PCURVE_S1.);
#934 = LINE('',#935,#936);
#935 = CARTESIAN_POINT('',(17.,68.,3.899494936612));
#936 = VECTOR('',#937,1.);
#937 = DIRECTION('',(0.,1.,0.));
#938 = PCURVE('',#126,#939);
#939 = DEFINITIONAL_REPRESENTATION('',(#940),#944);
#940 = LINE('',#941,#942);
#941 = CARTESIAN_POINT('',(17.,29.451479055288));
#942 = VECTOR('',#943,1.);
#943 = DIRECTION('',(0.,1.));
#944 = ( GEOMETRIC_REPRESENTATION_CONTEXT(2) 
PARAMETRIC_REPRESENTATION_CONTEXT() REPRESENTATION_CONTEXT('2D SPACE',''
  ) );
#945 = PCURVE('',#946,#951);
#946 = PLANE('',#947);
#947 = AXIS2_PLACEMENT_3D('',#948,#949,#950);
#948 = CARTESIAN_POINT('',(17.,78.,9.899494936612));
#949 = DIRECTION('',(1.,0.,0.));
#950 = DIRECTION('',(-0.,0.,1.));
#951 = DEFINITIONAL_REPRESENTATION('',(#952),#956);
#952 = LINE('',#953,#954);
#953 = CARTESIAN_POINT('',(-6.,10.));
#954 = VECTOR('',#955,1.);
#955 = DIRECTION('',(0.,-1.));
#956 = ( GEOMETRIC_REPRESENTATION_CONTEXT(2) 
PARAMETRIC_REPRESENTATION_CONTEXT() REPRESENTATION_CONTEXT('2D SPACE',''
  ) );
#957 = ORIENTED_EDGE('',*,*,#958,.F.);
#958 = EDGE_CURVE('',#959,#931,#961,.T.);
#959 = VERTEX_POINT('',#960);
#960 = CARTESIAN_POINT('',(13.,78.,3.899494936612));
#961 = SURFACE_CURVE('',#962,(#966,#973),.PCURVE_S1.);
#962 = LINE('',#963,#964);
#963 = CARTESIAN_POINT('',(13.,78.,3.899494936612));
#964 = VECTOR('',#965,1.);
#965 = DIRECTION('',(1.,0.,0.));
#966 = PCURVE('',#126,#967);
#967 = DEFINITIONAL_REPRESENTATION('',(#968),#972);
#968 = LINE('',#969,#970);
#969 = CARTESIAN_POINT('',(13.,39.451479055288));
#970 = VECTOR('',#971,1.);
#971 = DIRECTION('',(1.,0.));
#972 = ( GEOMETRIC_REPRESENTATION_CONTEXT(2) 
PARAMETRIC_REPRESENTATION_CONTEXT() REPRESENTATION_CONTEXT('2D SPACE',''
  ) );
#973 = PCURVE('',#974,#979);
#974 = PLANE('',#975);
#975 = AXIS2_PLACEMENT_3D('',#976,#977,#978);
#976 = CARTESIAN_POINT('',(13.,78.,3.899494936612));
#977 = DIRECTION('',(0.,1.,0.));
#978 = DIRECTION('',(0.,0.,1.));
#979 = DEFINITIONAL_REPRESENTATION('',(#980),#984);
#980 = LINE('',#981,#982);
#981 = CARTESIAN_POINT('',(0.,0.));
#982 = VECTOR('',#983,1.);
#983 = DIRECTION('',(0.,1.));
#984 = ( GEOMETRIC_REPRESENTATION_CONTEXT(2) 
PARAMETRIC_REPRESENTATION_CONTEXT() REPRESENTATION_CONTEXT('2D SPACE',''
  ) );
#985 = ORIENTED_EDGE('',*,*,#986,.F.);
#986 = EDGE_CURVE('',#987,#959,#989,.T.);
#987 = VERTEX_POINT('',#988);
#988 = CARTESIAN_POINT('',(13.,72.,3.899494936612));
#989 = SURFACE_CURVE('',#990,(#994,#1001),.PCURVE_S1.);
#990 = LINE('',#991,#992);
#991 = CARTESIAN_POINT('',(13.,68.,3.899494936612));
#992 = VECTOR('',#993,1.);
#993 = DIRECTION('',(0.,1.,0.));
#994 = PCURVE('',#126,#995);
#995 = DEFINITIONAL_REPRESENTATION('',(#996),#1000);
#996 = LINE('',#997,#998);
#997 = CARTESIAN_POINT('',(13.,29.451479055288));
#998 = VECTOR('',#999,1.);
#999 = DIRECTION('',(0.,1.));
#1000 = ( GEOMETRIC_REPRESENTATION_CONTEXT(2) 
PARAMETRIC_REPRESENTATION_CONTEXT() REPRESENTATION_CONTEXT('2D SPACE',''
  ) );
#1001 = PCURVE('',#1002,#1007);
#1002 = PLANE('',#1003);
#1003 = AXIS2_PLACEMENT_3D('',#1004,#1005,#1006);
#1004 = CARTESIAN_POINT('',(13.,78.,9.899494936612));
#1005 = DIRECTION('',(1.,0.,0.));
#1006 = DIRECTION('',(-0.,0.,1.));
#1007 = DEFINITIONAL_REPRESENTATION('',(#1008),#1012);
#1008 = LINE('',#1009,#1010);
#1009 = CARTESIAN_POINT('',(-6.,10.));
#1010 = VECTOR('',#1011,1.);
#1011 = DIRECTION('',(0.,-1.));
#1012 = ( GEOMETRIC_REPRESENTATION_CONTEXT(2) 
PARAMETRIC_REPRESENTATION_CONTEXT() REPRESENTATION_CONTEXT('2D SPACE',''
  ) );
#1013 = ORIENTED_EDGE('',*,*,#1014,.T.);
#1014 = EDGE_CURVE('',#987,#1015,#1017,.T.);
#1015 = VERTEX_POINT('',#1016);
#1016 = CARTESIAN_POINT('',(5.,72.,3.899494936612));
#1017 = SURFACE_CURVE('',#1018,(#1022,#1029),.PCURVE_S1.);
#1018 = LINE('',#1019,#1020);
#1019 = CARTESIAN_POINT('',(40.,72.,3.899494936612));
#1020 = VECTOR('',#1021,1.);
#1021 = DIRECTION('',(-1.,0.,0.));
#1022 = PCURVE('',#126,#1023);
#1023 = DEFINITIONAL_REPRESENTATION('',(#1024),#1028);
#1024 = LINE('',#1025,#1026);
#1025 = CARTESIAN_POINT('',(40.,33.451479055288));
#1026 = VECTOR('',#1027,1.);
#1027 = DIRECTION('',(-1.,0.));
#1028 = ( GEOMETRIC_REPRESENTATION_CONTEXT(2) 
PARAMETRIC_REPRESENTATION_CONTEXT() REPRESENTATION_CONTEXT('2D SPACE',''
  ) );
#1029 = PCURVE('',#1030,#1035);
#1030 = PLANE('',#1031);
#1031 = AXIS2_PLACEMENT_3D('',#1032,#1033,#1034);
#1032 = CARTESIAN_POINT('',(40.,72.,3.899494936612));
#1033 = DIRECTION('',(0.,-1.,0.));
#1034 = DIRECTION('',(-1.,0.,0.));
#1035 = DEFINITIONAL_REPRESENTATION('',(#1036),#1040);
#1036 = LINE('',#1037,#1038);
#1037 = CARTESIAN_POINT('',(0.,-0.));
#1038 = VECTOR('',#1039,1.);
#1039 = DIRECTION('',(1.,0.));
#1040 = ( GEOMETRIC_REPRESENTATION_CONTEXT(2) 
PARAMETRIC_REPRESENTATION_CONTEXT() REPRESENTATION_CONTEXT('2D SPACE',''
  ) );
#1041 = ORIENTED_EDGE('',*,*,#1042,.T.);
#1042 = EDGE_CURVE('',#1015,#1043,#1045,.T.);
#1043 = VERTEX_POINT('',#1044);
#1044 = CARTESIAN_POINT('',(5.,78.,3.899494936612));
#1045 = SURFACE_CURVE('',#1046,(#1050,#1057),.PCURVE_S1.);
#1046 = LINE('',#1047,#1048);
#1047 = CARTESIAN_POINT('',(5.,68.,3.899494936612));
#1048 = VECTOR('',#1049,1.);
#1049 = DIRECTION('',(0.,1.,0.));
#1050 = PCURVE('',#126,#1051);
#1051 = DEFINITIONAL_REPRESENTATION('',(#1052),#1056);
#1052 = LINE('',#1053,#1054);
#1053 = CARTESIAN_POINT('',(5.,29.451479055288));
#1054 = VECTOR('',#1055,1.);
#1055 = DIRECTION('',(0.,1.));
#1056 = ( GEOMETRIC_REPRESENTATION_CONTEXT(2) 
PARAMETRIC_REPRESENTATION_CONTEXT() REPRESENTATION_CONTEXT('2D SPACE',''
  ) );
#1057 = PCURVE('',#1058,#1063);
#1058 = PLANE('',#1059);
#1059 = AXIS2_PLACEMENT_3D('',#1060,#1061,#1062);
#1060 = CARTESIAN_POINT('',(5.,78.,9.899494936612));
#1061 = DIRECTION('',(1.,0.,0.));
#1062 = DIRECTION('',(-0.,0.,1.));
#1063 = DEFINITIONAL_REPRESENTATION('',(#1064),#1068);
#1064 = LINE('',#1065,#1066);
#1065 = CARTESIAN_POINT('',(-6.,10.));
#1066 = VECTOR('',#1067,1.);
#1067 = DIRECTION('',(0.,-1.));
#1068 = ( GEOMETRIC_REPRESENTATION_CONTEXT(2) 
PARAMETRIC_REPRESENTATION_CONTEXT() REPRESENTATION_CONTEXT('2D SPACE',''
  ) );
#1069 = ORIENTED_EDGE('',*,*,#1070,.F.);
#1070 = EDGE_CURVE('',#1071,#1043,#1073,.T.);
#1071 = VERTEX_POINT('',#1072);
#1072 = CARTESIAN_POINT('',(1.,78.,3.899494936612));
#1073 = SURFACE_CURVE('',#1074,(#1078,#1085),.PCURVE_S1.);
#1074 = LINE('',#1075,#1076);
#1075 = CARTESIAN_POINT('',(1.,78.,3.899494936612));
#1076 = VECTOR('',#1077,1.);
#1077 = DIRECTION('',(1.,0.,0.));
#1078 = PCURVE('',#126,#1079);
#1079 = DEFINITIONAL_REPRESENTATION('',(#1080),#1084);
#1080 = LINE('',#1081,#1082);
#1081 = CARTESIAN_POINT('',(1.,39.451479055288));
#1082 = VECTOR('',#1083,1.);
#1083 = DIRECTION('',(1.,0.));
#1084 = ( GEOMETRIC_REPRESENTATION_CONTEXT(2) 
PARAMETRIC_REPRESENTATION_CONTEXT() REPRESENTATION_CONTEXT('2D SPACE',''
  ) );
#1085 = PCURVE('',#1086,#1091);
#1086 = PLANE('',#1087);
#1087 = AXIS2_PLACEMENT_3D('',#1088,#1089,#1090);
#1088 = CARTESIAN_POINT('',(1.,78.,3.899494936612));
#1089 = DIRECTION('',(0.,1.,0.));
#1090 = DIRECTION('',(0.,0.,1.));
#1091 = DEFINITIONAL_REPRESENTATION('',(#1092),#1096);
#1092 = LINE('',#1093,#1094);
#1093 = CARTESIAN_POINT('',(0.,0.));
#1094 = VECTOR('',#1095,1.);
#1095 = DIRECTION('',(0.,1.));
#1096 = ( GEOMETRIC_REPRESENTATION_CONTEXT(2) 
PARAMETRIC_REPRESENTATION_CONTEXT() REPRESENTATION_CONTEXT('2D SPACE',''
  ) );
#1097 = ORIENTED_EDGE('',*,*,#1098,.F.);
#1098 = EDGE_CURVE('',#1099,#1071,#1101,.T.);
#1099 = VERTEX_POINT('',#1100);
#1100 = CARTESIAN_POINT('',(1.,72.,3.899494936612));
#1101 = SURFACE_CURVE('',#1102,(#1106,#1113),.PCURVE_S1.);
#1102 = LINE('',#1103,#1104);
#1103 = CARTESIAN_POINT('',(1.,68.,3.899494936612));
#1104 = VECTOR('',#1105,1.);
#1105 = DIRECTION('',(0.,1.,0.));
#1106 = PCURVE('',#126,#1107);
#1107 = DEFINITIONAL_REPRESENTATION('',(#1108),#1112);
#1108 = LINE('',#1109,#1110);
#1109 = CARTESIAN_POINT('',(1.,29.451479055288));
#1110 = VECTOR('',#1111,1.);
#1111 = DIRECTION('',(0.,1.));
#1112 = ( GEOMETRIC_REPRESENTATION_CONTEXT(2) 
PARAMETRIC_REPRESENTATION_CONTEXT() REPRESENTATION_CONTEXT('2D SPACE',''
  ) );
#1113 = PCURVE('',#1114,#1119);
#1114 = PLANE('',#1115);
#1115 = AXIS2_PLACEMENT_3D('',#1116,#1117,#1118);
#1116 = CARTESIAN_POINT('',(1.,78.,9.899494936612));
#1117 = DIRECTION('',(1.,0.,0.));
#1118 = DIRECTION('',(-0.,0.,1.));
#1119 = DEFINITIONAL_REPRESENTATION('',(#1120),#1124);
#1120 = LINE('',#1121,#1122);
#1121 = CARTESIAN_POINT('',(-6.,10.));
#1122 = VECTOR('',#1123,1.);
#1123 = DIRECTION('',(0.,-1.));
#1124 = ( GEOMETRIC_REPRESENTATION_CONTEXT(2) 
PARAMETRIC_REPRESENTATION_CONTEXT() REPRESENTATION_CONTEXT('2D SPACE',''
  ) );
#1125 = ORIENTED_EDGE('',*,*,#1126,.T.);
#1126 = EDGE_CURVE('',#1099,#1127,#1129,.T.);
#1127 = VERTEX_POINT('',#1128);
#1128 = CARTESIAN_POINT('',(-1.,72.,3.899494936612));
#1129 = SURFACE_CURVE('',#1130,(#1134,#1141),.PCURVE_S1.);
#1130 = LINE('',#1131,#1132);
#1131 = CARTESIAN_POINT('',(40.,72.,3.899494936612));
#1132 = VECTOR('',#1133,1.);
#1133 = DIRECTION('',(-1.,0.,0.));
#1134 = PCURVE('',#126,#1135);
#1135 = DEFINITIONAL_REPRESENTATION('',(#1136),#1140);
#1136 = LINE('',#1137,#1138);
#1137 = CARTESIAN_POINT('',(40.,33.451479055288));
#1138 = VECTOR('',#1139,1.);
#1139 = DIRECTION('',(-1.,0.));
#1140 = ( GEOMETRIC_REPRESENTATION_CONTEXT(2) 
PARAMETRIC_REPRESENTATION_CONTEXT() REPRESENTATION_CONTEXT('2D SPACE',''
  ) );
#1141 = PCURVE('',#1142,#1147);
#1142 = PLANE('',#1143);
#1143 = AXIS2_PLACEMENT_3D('',#1144,#1145,#1146);
#1144 = CARTESIAN_POINT('',(40.,72.,3.899494936612));
#1145 = DIRECTION('',(0.,-1.,0.));
#1146 = DIRECTION('',(-1.,0.,0.));
#1147 = DEFINITIONAL_REPRESENTATION('',(#1148),#1152);
#1148 = LINE('',#1149,#1150);
#1149 = CARTESIAN_POINT('',(0.,-0.));
#1150 = VECTOR('',#1151,1.);
#1151 = DIRECTION('',(1.,0.));
#1152 = ( GEOMETRIC_REPRESENTATION_CONTEXT(2) 
PARAMETRIC_REPRESENTATION_CONTEXT() REPRESENTATION_CONTEXT('2D SPACE',''
  ) );
#1153 = ORIENTED_EDGE('',*,*,#1154,.T.);
#1154 = EDGE_CURVE('',#1127,#1155,#1157,.T.);
#1155 = VERTEX_POINT('',#1156);
#1156 = CARTESIAN_POINT('',(-1.,78.,3.899494936612));
#1157 = SURFACE_CURVE('',#1158,(#1162,#1169),.PCURVE_S1.);
#1158 = LINE('',#1159,#1160);
#1159 = CARTESIAN_POINT('',(-1.,68.,3.899494936612));
#1160 = VECTOR('',#1161,1.);
#1161 = DIRECTION('',(0.,1.,0.));
#1162 = PCURVE('',#126,#1163);
#1163 = DEFINITIONAL_REPRESENTATION('',(#1164),#1168);
#1164 = LINE('',#1165,#1166);
#1165 = CARTESIAN_POINT('',(-1.,29.451479055288));
#1166 = VECTOR('',#1167,1.);
#1167 = DIRECTION('',(0.,1.));
#1168 = ( GEOMETRIC_REPRESENTATION_CONTEXT(2) 
PARAMETRIC_REPRESENTATION_CONTEXT() REPRESENTATION_CONTEXT('2D SPACE',''
  ) );
#1169 = PCURVE('',#1170,#1175);
#1170 = PLANE('',#1171);
#1171 = AXIS2_PLACEMENT_3D('',#1172,#1173,#1174);
#1172 = CARTESIAN_POINT('',(-1.,78.,9.899494936612));
#1173 = DIRECTION('',(1.,0.,0.));
#1174 = DIRECTION('',(-0.,0.,1.));
#1175 = DEFINITIONAL_REPRESENTATION('',(#1176),#1180);
#1176 = LINE('',#1177,#1178);
#1177 = CARTESIAN_POINT('',(-6.,10.));
#1178 = VECTOR('',#1179,1.);
#1179 = DIRECTION('',(0.,-1.));
#1180 = ( GEOMETRIC_REPRESENTATION_CONTEXT(2) 
PARAMETRIC_REPRESENTATION_CONTEXT() REPRESENTATION_CONTEXT('2D SPACE',''
  ) );
#1181 = ORIENTED_EDGE('',*,*,#1182,.F.);
#1182 = EDGE_CURVE('',#1183,#1155,#1185,.T.);
#1183 = VERTEX_POINT('',#1184);
#1184 = CARTESIAN_POINT('',(-5.,78.,3.899494936612));
#1185 = SURFACE_CURVE('',#1186,(#1190,#1197),.PCURVE_S1.);
#1186 = LINE('',#1187,#1188);
#1187 = CARTESIAN_POINT('',(-5.,78.,3.899494936612));
#1188 = VECTOR('',#1189,1.);
#1189 = DIRECTION('',(1.,0.,0.));
#1190 = PCURVE('',#126,#1191);
#1191 = DEFINITIONAL_REPRESENTATION('',(#1192),#1196);
#1192 = LINE('',#1193,#1194);
#1193 = CARTESIAN_POINT('',(-5.,39.451479055288));
#1194 = VECTOR('',#1195,1.);
#1195 = DIRECTION('',(1.,0.));
#1196 = ( GEOMETRIC_REPRESENTATION_CONTEXT(2) 
PARAMETRIC_REPRESENTATION_CONTEXT() REPRESENTATION_CONTEXT('2D SPACE',''
  ) );
#1197 = PCURVE('',#1198,#1203);
#1198 = PLANE('',#1199);
#1199 = AXIS2_PLACEMENT_3D('',#1200,#1201,#1202);
#1200 = CARTESIAN_POINT('',(-5.,78.,3.899494936612));
#1201 = DIRECTION('',(0.,1.,0.));
#1202 = DIRECTION('',(0.,0.,1.));
#1203 = DEFINITIONAL_REPRESENTATION('',(#1204),#1208);
#1204 = LINE('',#1205,#1206);
#1205 = CARTESIAN_POINT('',(0.,0.));
#1206 = VECTOR('',#1207,1.);
#1207 = DIRECTION('',(0.,1.));
#1208 = ( GEOMETRIC_REPRESENTATION_CONTEXT(2) 
PARAMETRIC_REPRESENTATION_CONTEXT() REPRESENTATION_CONTEXT('2D SPACE',''
  ) );
#1209 = ORIENTED_EDGE('',*,*,#1210,.F.);
#1210 = EDGE_CURVE('',#1211,#1183,#1213,.T.);
#1211 = VERTEX_POINT('',#1212);
#1212 = CARTESIAN_POINT('',(-5.,72.,3.899494936612));
#1213 = SURFACE_CURVE('',#1214,(#1218,#1225),.PCURVE_S1.);
#1214 = LINE('',#1215,#1216);
#1215 = CARTESIAN_POINT('',(-5.,68.,3.899494936612));
#1216 = VECTOR('',#1217,1.);
#1217 = DIRECTION('',(0.,1.,0.));
#1218 = PCURVE('',#126,#1219);
#1219 = DEFINITIONAL_REPRESENTATION('',(#1220),#1224);
#1220 = LINE('',#1221,#1222);
#1221 = CARTESIAN_POINT('',(-5.,29.451479055288));
#1222 = VECTOR('',#1223,1.);
#1223 = DIRECTION('',(0.,1.));
#1224 = ( GEOMETRIC_REPRESENTATION_CONTEXT(2) 
PARAMETRIC_REPRESENTATION_CONTEXT() REPRESENTATION_CONTEXT('2D SPACE',''
  ) );
#1225 = PCURVE('',#1226,#1231);
#1226 = PLANE('',#1227);
#1227 = AXIS2_PLACEMENT_3D('',#1228,#1229,#1230);
#1228 = CARTESIAN_POINT('',(-5.,78.,9.899494936612));
#1229 = DIRECTION('',(1.,0.,0.));
#1230 = DIRECTION('',(-0.,0.,1.));
#1231 = DEFINITIONAL_REPRESENTATION('',(#1232),#1236);
#1232 = LINE('',#1233,#1234);
#1233 = CARTESIAN_POINT('',(-6.,10.));
#1234 = VECTOR('',#1235,1.);
#1235 = DIRECTION('',(0.,-1.));
#1236 = ( GEOMETRIC_REPRESENTATION_CONTEXT(2) 
PARAMETRIC_REPRESENTATION_CONTEXT() REPRESENTATION_CONTEXT('2D SPACE',''
  ) );
#1237 = ORIENTED_EDGE('',*,*,#1238,.T.);
#1238 = EDGE_CURVE('',#1211,#1239,#1241,.T.);
#1239 = VERTEX_POINT('',#1240);
#1240 = CARTESIAN_POINT('',(-13.,72.,3.899494936612));
#1241 = SURFACE_CURVE('',#1242,(#1246,#1253),.PCURVE_S1.);
#1242 = LINE('',#1243,#1244);
#1243 = CARTESIAN_POINT('',(40.,72.,3.899494936612));
#1244 = VECTOR('',#1245,1.);
#1245 = DIRECTION('',(-1.,0.,0.));
#1246 = PCURVE('',#126,#1247);
#1247 = DEFINITIONAL_REPRESENTATION('',(#1248),#1252);
#1248 = LINE('',#1249,#1250);
#1249 = CARTESIAN_POINT('',(40.,33.451479055288));
#1250 = VECTOR('',#1251,1.);
#1251 = DIRECTION('',(-1.,0.));
#1252 = ( GEOMETRIC_REPRESENTATION_CONTEXT(2) 
PARAMETRIC_REPRESENTATION_CONTEXT() REPRESENTATION_CONTEXT('2D SPACE',''
  ) );
#1253 = PCURVE('',#1254,#1259);
#1254 = PLANE('',#1255);
#1255 = AXIS2_PLACEMENT_3D('',#1256,#1257,#1258);
#1256 = CARTESIAN_POINT('',(40.,72.,3.899494936612));
#1257 = DIRECTION('',(0.,-1.,0.));
#1258 = DIRECTION('',(-1.,0.,0.));
#1259 = DEFINITIONAL_REPRESENTATION('',(#1260),#1264);
#1260 = LINE('',#1261,#1262);
#1261 = CARTESIAN_POINT('',(0.,-0.));
#1262 = VECTOR('',#1263,1.);
#1263 = DIRECTION('',(1.,0.));
#1264 = ( GEOMETRIC_REPRESENTATION_CONTEXT(2) 
PARAMETRIC_REPRESENTATION_CONTEXT() REPRESENTATION_CONTEXT('2D SPACE',''
  ) );
#1265 = ORIENTED_EDGE('',*,*,#1266,.T.);
#1266 = EDGE_CURVE('',#1239,#1267,#1269,.T.);
#1267 = VERTEX_POINT('',#1268);
#1268 = CARTESIAN_POINT('',(-13.,78.,3.899494936612));
#1269 = SURFACE_CURVE('',#1270,(#1274,#1281),.PCURVE_S1.);
#1270 = LINE('',#1271,#1272);
#1271 = CARTESIAN_POINT('',(-13.,68.,3.899494936612));
#1272 = VECTOR('',#1273,1.);
#1273 = DIRECTION('',(0.,1.,0.));
#1274 = PCURVE('',#126,#1275);
#1275 = DEFINITIONAL_REPRESENTATION('',(#1276),#1280);
#1276 = LINE('',#1277,#1278);
#1277 = CARTESIAN_POINT('',(-13.,29.451479055288));
#1278 = VECTOR('',#1279,1.);
#1279 = DIRECTION('',(0.,1.));
#1280 = ( GEOMETRIC_REPRESENTATION_CONTEXT(2) 
PARAMETRIC_REPRESENTATION_CONTEXT() REPRESENTATION_CONTEXT('2D SPACE',''
  ) );
#1281 = PCURVE('',#1282,#1287);
#1282 = PLANE('',#1283);
#1283 = AXIS2_PLACEMENT_3D('',#1284,#1285,#1286);
#1284 = CARTESIAN_POINT('',(-13.,78.,9.899494936612));
#1285 = DIRECTION('',(1.,0.,0.));
#1286 = DIRECTION('',(-0.,0.,1.));
#1287 = DEFINITIONAL_REPRESENTATION('',(#1288),#1292);
#1288 = LINE('',#1289,#1290);
#1289 = CARTESIAN_POINT('',(-6.,10.));
#1290 = VECTOR('',#1291,1.);
#1291 = DIRECTION('',(0.,-1.));
#1292 = ( GEOMETRIC_REPRESENTATION_CONTEXT(2) 
PARAMETRIC_REPRESENTATION_CONTEXT() REPRESENTATION_CONTEXT('2D SPACE',''
  ) );
#1293 = ORIENTED_EDGE('',*,*,#1294,.F.);
#1294 = EDGE_CURVE('',#1295,#1267,#1297,.T.);
#1295 = VERTEX_POINT('',#1296);
#1296 = CARTESIAN_POINT('',(-17.,78.,3.899494936612));
#1297 = SURFACE_CURVE('',#1298,(#1302,#1309),.PCURVE_S1.);
#1298 = LINE('',#1299,#1300);
#1299 = CARTESIAN_POINT('',(-17.,78.,3.899494936612));
#1300 = VECTOR('',#1301,1.);
#1301 = DIRECTION('',(1.,0.,0.));
#1302 = PCURVE('',#126,#1303);
#1303 = DEFINITIONAL_REPRESENTATION('',(#1304),#1308);
#1304 = LINE('',#1305,#1306);
#1305 = CARTESIAN_POINT('',(-17.,39.451479055288));
#1306 = VECTOR('',#1307,1.);
#1307 = DIRECTION('',(1.,0.));
#1308 = ( GEOMETRIC_REPRESENTATION_CONTEXT(2) 
PARAMETRIC_REPRESENTATION_CONTEXT() REPRESENTATION_CONTEXT('2D SPACE',''
  ) );
#1309 = PCURVE('',#1310,#1315);
#1310 = PLANE('',#1311);
#1311 = AXIS2_PLACEMENT_3D('',#1312,#1313,#1314);
#1312 = CARTESIAN_POINT('',(-17.,78.,3.899494936612));
#1313 = DIRECTION('',(0.,1.,0.));
#1314 = DIRECTION('',(0.,0.,1.));
#1315 = DEFINITIONAL_REPRESENTATION('',(#1316),#1320);
#1316 = LINE('',#1317,#1318);
#1317 = CARTESIAN_POINT('',(0.,0.));
#1318 = VECTOR('',#1319,1.);
#1319 = DIRECTION('',(0.,1.));
#1320 = ( GEOMETRIC_REPRESENTATION_CONTEXT(2) 
PARAMETRIC_REPRESENTATION_CONTEXT() REPRESENTATION_CONTEXT('2D SPACE',''
  ) );
#1321 = ORIENTED_EDGE('',*,*,#1322,.F.);
#1322 = EDGE_CURVE('',#1323,#1295,#1325,.T.);
#1323 = VERTEX_POINT('',#1324);
#1324 = CARTESIAN_POINT('',(-17.,72.,3.899494936612));
#1325 = SURFACE_CURVE('',#1326,(#1330,#1337),.PCURVE_S1.);
#1326 = LINE('',#1327,#1328);
#1327 = CARTESIAN_POINT('',(-17.,68.,3.899494936612));
#1328 = VECTOR('',#1329,1.);
#1329 = DIRECTION('',(0.,1.,0.));
#1330 = PCURVE('',#126,#1331);
#1331 = DEFINITIONAL_REPRESENTATION('',(#1332),#1336);
#1332 = LINE('',#1333,#1334);
#1333 = CARTESIAN_POINT('',(-17.,29.451479055288));
#1334 = VECTOR('',#1335,1.);
#1335 = DIRECTION('',(0.,1.));
#1336 = ( GEOMETRIC_REPRESENTATION_CONTEXT(2) 
PARAMETRIC_REPRESENTATION_CONTEXT() REPRESENTATION_CONTEXT('2D SPACE',''
  ) );
#1337 = PCURVE('',#1338,#1343);
#1338 = PLANE('',#1339);
#1339 = AXIS2_PLACEMENT_3D('',#1340,#1341,#1342);
#1340 = CARTESIAN_POINT('',(-17.,78.,9.899494936612));
#1341 = DIRECTION('',(1.,0.,0.));
#1342 = DIRECTION('',(-0.,0.,1.));
#1343 = DEFINITIONAL_REPRESENTATION('',(#1344),#1348);
#1344 = LINE('',#1345,#1346);
#1345 = CARTESIAN_POINT('',(-6.,10.));
#1346 = VECTOR('',#1347,1.);
#1347 = DIRECTION('',(0.,-1.));
#1348 = ( GEOMETRIC_REPRESENTATION_CONTEXT(2) 
PARAMETRIC_REPRESENTATION_CONTEXT() REPRESENTATION_CONTEXT('2D SPACE',''
  ) );
#1349 = ORIENTED_EDGE('',*,*,#1350,.T.);
#1350 = EDGE_CURVE('',#1323,#1351,#1353,.T.);
#1351 = VERTEX_POINT('',#1352);
#1352 = CARTESIAN_POINT('',(-19.,72.,3.899494936612));
#1353 = SURFACE_CURVE('',#1354,(#1358,#1365),.PCURVE_S1.);
#1354 = LINE('',#1355,#1356);
#1355 = CARTESIAN_POINT('',(40.,72.,3.899494936612));
#1356 = VECTOR('',#1357,1.);
#1357 = DIRECTION('',(-1.,0.,0.));
#1358 = PCURVE('',#126,#1359);
#1359 = DEFINITIONAL_REPRESENTATION('',(#1360),#1364);
#1360 = LINE('',#1361,#1362);
#1361 = CARTESIAN_POINT('',(40.,33.451479055288));
#1362 = VECTOR('',#1363,1.);
#1363 = DIRECTION('',(-1.,0.));
#1364 = ( GEOMETRIC_REPRESENTATION_CONTEXT(2) 
PARAMETRIC_REPRESENTATION_CONTEXT() REPRESENTATION_CONTEXT('2D SPACE',''
  ) );
#1365 = PCURVE('',#1366,#1371);
#1366 = PLANE('',#1367);
#1367 = AXIS2_PLACEMENT_3D('',#1368,#1369,#1370);
#1368 = CARTESIAN_POINT('',(40.,72.,3.899494936612));
#1369 = DIRECTION('',(0.,-1.,0.));
#1370 = DIRECTION('',(-1.,0.,0.));
#1371 = DEFINITIONAL_REPRESENTATION('',(#1372),#1376);
#1372 = LINE('',#1373,#1374);
#1373 = CARTESIAN_POINT('',(0.,-0.));
#1374 = VECTOR('',#1375,1.);
#1375 = DIRECTION('',(1.,0.));
#1376 = ( GEOMETRIC_REPRESENTATION_CONTEXT(2) 
PARAMETRIC_REPRESENTATION_CONTEXT() REPRESENTATION_CONTEXT('2D SPACE',''
  ) );
#1377 = ORIENTED_EDGE('',*,*,#1378,.T.);
#1378 = EDGE_CURVE('',#1351,#1379,#1381,.T.);
#1379 = VERTEX_POINT('',#1380);
#1380 = CARTESIAN_POINT('',(-19.,78.,3.899494936612));
#1381 = SURFACE_CURVE('',#1382,(#1386,#1393),.PCURVE_S1.);
#1382 = LINE('',#1383,#1384);
#1383 = CARTESIAN_POINT('',(-19.,68.,3.899494936612));
#1384 = VECTOR('',#1385,1.);
#1385 = DIRECTION('',(0.,1.,0.));
#1386 = PCURVE('',#126,#1387);
#1387 = DEFINITIONAL_REPRESENTATION('',(#1388),#1392);
#1388 = LINE('',#1389,#1390);
#1389 = CARTESIAN_POINT('',(-19.,29.451479055288));
#1390 = VECTOR('',#1391,1.);
#1391 = DIRECTION('',(0.,1.));
#1392 = ( GEOMETRIC_REPRESENTATION_CONTEXT(2) 
PARAMETRIC_REPRESENTATION_CONTEXT() REPRESENTATION_CONTEXT('2D SPACE',''
  ) );
#1393 = PCURVE('',#1394,#1399);
#1394 = PLANE('',#1395);
#1395 = AXIS2_PLACEMENT_3D('',#1396,#1397,#1398);
#1396 = CARTESIAN_POINT('',(-19.,78.,9.899494936612));
#1397 = DIRECTION('',(1.,0.,0.));
#1398 = DIRECTION('',(-0.,0.,1.));
#1399 = DEFINITIONAL_REPRESENTATION('',(#1400),#1404);
#1400 = LINE('',#1401,#1402);
#1401 = CARTESIAN_POINT('',(-6.,10.));
#1402 = VECTOR('',#1403,1.);
#1403 = DIRECTION('',(0.,-1.));
#1404 = ( GEOMETRIC_REPRESENTATION_CONTEXT(2) 
PARAMETRIC_REPRESENTATION_CONTEXT() REPRESENTATION_CONTEXT('2D SPACE',''
  ) );
#1405 = ORIENTED_EDGE('',*,*,#1406,.F.);
#1406 = EDGE_CURVE('',#1407,#1379,#1409,.T.);
#1407 = VERTEX_POINT('',#1408);
#1408 = CARTESIAN_POINT('',(-23.,78.,3.899494936612));
#1409 = SURFACE_CURVE('',#1410,(#1414,#1421),.PCURVE_S1.);
#1410 = LINE('',#1411,#1412);
#1411 = CARTESIAN_POINT('',(-23.,78.,3.899494936612));
#1412 = VECTOR('',#1413,1.);
#1413 = DIRECTION('',(1.,0.,0.));
#1414 = PCURVE('',#126,#1415);
#1415 = DEFINITIONAL_REPRESENTATION('',(#1416),#1420);
#1416 = LINE('',#1417,#1418);
#1417 = CARTESIAN_POINT('',(-23.,39.451479055288));
#1418 = VECTOR('',#1419,1.);
#1419 = DIRECTION('',(1.,0.));
#1420 = ( GEOMETRIC_REPRESENTATION_CONTEXT(2) 
PARAMETRIC_REPRESENTATION_CONTEXT() REPRESENTATION_CONTEXT('2D SPACE',''
  ) );
#1421 = PCURVE('',#1422,#1427);
#1422 = PLANE('',#1423);
#1423 = AXIS2_PLACEMENT_3D('',#1424,#1425,#1426);
#1424 = CARTESIAN_POINT('',(-23.,78.,3.899494936612));
#1425 = DIRECTION('',(0.,1.,0.));
#1426 = DIRECTION('',(0.,0.,1.));
#1427 = DEFINITIONAL_REPRESENTATION('',(#1428),#1432);
#1428 = LINE('',#1429,#1430);
#1429 = CARTESIAN_POINT('',(0.,0.));
#1430 = VECTOR('',#1431,1.);
#1431 = DIRECTION('',(0.,1.));
#1432 = ( GEOMETRIC_REPRESENTATION_CONTEXT(2) 
PARAMETRIC_REPRESENTATION_CONTEXT() REPRESENTATION_CONTEXT('2D SPACE',''
  ) );
#1433 = ORIENTED_EDGE('',*,*,#1434,.F.);
#1434 = EDGE_CURVE('',#1435,#1407,#1437,.T.);
#1435 = VERTEX_POINT('',#1436);
#1436 = CARTESIAN_POINT('',(-23.,72.,3.899494936612));
#1437 = SURFACE_CURVE('',#1438,(#1442,#1449),.PCURVE_S1.);
#1438 = LINE('',#1439,#1440);
#1439 = CARTESIAN_POINT('',(-23.,68.,3.899494936612));
#1440 = VECTOR('',#1441,1.);
#1441 = DIRECTION('',(0.,1.,0.));
#1442 = PCURVE('',#126,#1443);
#1443 = DEFINITIONAL_REPRESENTATION('',(#1444),#1448);
#1444 = LINE('',#1445,#1446);
#1445 = CARTESIAN_POINT('',(-23.,29.451479055288));
#1446 = VECTOR('',#1447,1.);
#1447 = DIRECTION('',(0.,1.));
#1448 = ( GEOMETRIC_REPRESENTATION_CONTEXT(2) 
PARAMETRIC_REPRESENTATION_CONTEXT() REPRESENTATION_CONTEXT('2D SPACE',''
  ) );
#1449 = PCURVE('',#1450,#1455);
#1450 = PLANE('',#1451);
#1451 = AXIS2_PLACEMENT_3D('',#1452,#1453,#1454);
#1452 = CARTESIAN_POINT('',(-23.,78.,9.899494936612));
#1453 = DIRECTION('',(1.,0.,0.));
#1454 = DIRECTION('',(-0.,0.,1.));
#1455 = DEFINITIONAL_REPRESENTATION('',(#1456),#1460);
#1456 = LINE('',#1457,#1458);
#1457 = CARTESIAN_POINT('',(-6.,10.));
#1458 = VECTOR('',#1459,1.);
#1459 = DIRECTION('',(0.,-1.));
#1460 = ( GEOMETRIC_REPRESENTATION_CONTEXT(2) 
PARAMETRIC_REPRESENTATION_CONTEXT() REPRESENTATION_CONTEXT('2D SPACE',''
  ) );
#1461 = ORIENTED_EDGE('',*,*,#1462,.T.);
#1462 = EDGE_CURVE('',#1435,#1463,#1465,.T.);
#1463 = VERTEX_POINT('',#1464);
#1464 = CARTESIAN_POINT('',(-31.,72.,3.899494936612));
#1465 = SURFACE_CURVE('',#1466,(#1470,#1477),.PCURVE_S1.);
#1466 = LINE('',#1467,#1468);
#1467 = CARTESIAN_POINT('',(40.,72.,3.899494936612));
#1468 = VECTOR('',#1469,1.);
#1469 = DIRECTION('',(-1.,0.,0.));
#1470 = PCURVE('',#126,#1471);
#1471 = DEFINITIONAL_REPRESENTATION('',(#1472),#1476);
#1472 = LINE('',#1473,#1474);
#1473 = CARTESIAN_POINT('',(40.,33.451479055288));
#1474 = VECTOR('',#1475,1.);
#1475 = DIRECTION('',(-1.,0.));
#1476 = ( GEOMETRIC_REPRESENTATION_CONTEXT(2) 
PARAMETRIC_REPRESENTATION_CONTEXT() REPRESENTATION_CONTEXT('2D SPACE',''
  ) );
#1477 = PCURVE('',#1478,#1483);
#1478 = PLANE('',#1479);
#1479 = AXIS2_PLACEMENT_3D('',#1480,#1481,#1482);
#1480 = CARTESIAN_POINT('',(40.,72.,3.899494936612));
#1481 = DIRECTION('',(0.,-1.,0.));
#1482 = DIRECTION('',(-1.,0.,0.));
#1483 = DEFINITIONAL_REPRESENTATION('',(#1484),#1488);
#1484 = LINE('',#1485,#1486);
#1485 = CARTESIAN_POINT('',(0.,-0.));
#1486 = VECTOR('',#1487,1.);
#1487 = DIRECTION('',(1.,0.));
#1488 = ( GEOMETRIC_REPRESENTATION_CONTEXT(2) 
PARAMETRIC_REPRESENTATION_CONTEXT() REPRESENTATION_CONTEXT('2D SPACE',''
  ) );
#1489 = ORIENTED_EDGE('',*,*,#1490,.T.);
#1490 = EDGE_CURVE('',#1463,#1491,#1493,.T.);
#1491 = VERTEX_POINT('',#1492);
#1492 = CARTESIAN_POINT('',(-31.,78.,3.899494936612));
#1493 = SURFACE_CURVE('',#1494,(#1498,#1505),.PCURVE_S1.);
#1494 = LINE('',#1495,#1496);
#1495 = CARTESIAN_POINT('',(-31.,68.,3.899494936612));
#1496 = VECTOR('',#1497,1.);
#1497 = DIRECTION('',(0.,1.,0.));
#1498 = PCURVE('',#126,#1499);
#1499 = DEFINITIONAL_REPRESENTATION('',(#1500),#1504);
#1500 = LINE('',#1501,#1502);
#1501 = CARTESIAN_POINT('',(-31.,29.451479055288));
#1502 = VECTOR('',#1503,1.);
#1503 = DIRECTION('',(0.,1.));
#1504 = ( GEOMETRIC_REPRESENTATION_CONTEXT(2) 
PARAMETRIC_REPRESENTATION_CONTEXT() REPRESENTATION_CONTEXT('2D SPACE',''
  ) );
#1505 = PCURVE('',#1506,#1511);
#1506 = PLANE('',#1507);
#1507 = AXIS2_PLACEMENT_3D('',#1508,#1509,#1510);
#1508 = CARTESIAN_POINT('',(-31.,78.,9.899494936612));
#1509 = DIRECTION('',(1.,0.,0.));
#1510 = DIRECTION('',(-0.,0.,1.));
#1511 = DEFINITIONAL_REPRESENTATION('',(#1512),#1516);
#1512 = LINE('',#1513,#1514);
#1513 = CARTESIAN_POINT('',(-6.,10.));
#1514 = VECTOR('',#1515,1.);
#1515 = DIRECTION('',(0.,-1.));
#1516 = ( GEOMETRIC_REPRESENTATION_CONTEXT(2) 
PARAMETRIC_REPRESENTATION_CONTEXT() REPRESENTATION_CONTEXT('2D SPACE',''
  ) );
#1517 = ORIENTED_EDGE('',*,*,#1518,.F.);
#1518 = EDGE_CURVE('',#352,#1491,#1519,.T.);
#1519 = SURFACE_CURVE('',#1520,(#1524,#1531),.PCURVE_S1.);
#1520 = LINE('',#1521,#1522);
#1521 = CARTESIAN_POINT('',(-35.,78.,3.899494936612));
#1522 = VECTOR('',#1523,1.);
#1523 = DIRECTION('',(1.,0.,0.));
#1524 = PCURVE('',#126,#1525);
#1525 = DEFINITIONAL_REPRESENTATION('',(#1526),#1530);
#1526 = LINE('',#1527,#1528);
#1527 = CARTESIAN_POINT('',(-35.,39.451479055288));
#1528 = VECTOR('',#1529,1.);
#1529 = DIRECTION('',(1.,0.));
#1530 = ( GEOMETRIC_REPRESENTATION_CONTEXT(2) 
PARAMETRIC_REPRESENTATION_CONTEXT() REPRESENTATION_CONTEXT('2D SPACE',''
  ) );
#1531 = PCURVE('',#1532,#1537);
#1532 = PLANE('',#1533);
#1533 = AXIS2_PLACEMENT_3D('',#1534,#1535,#1536);
#1534 = CARTESIAN_POINT('',(-35.,78.,3.899494936612));
#1535 = DIRECTION('',(0.,1.,0.));
#1536 = DIRECTION('',(0.,0.,1.));
#1537 = DEFINITIONAL_REPRESENTATION('',(#1538),#1542);
#1538 = LINE('',#1539,#1540);
#1539 = CARTESIAN_POINT('',(0.,0.));
#1540 = VECTOR('',#1541,1.);
#1541 = DIRECTION('',(0.,1.));
#1542 = ( GEOMETRIC_REPRESENTATION_CONTEXT(2) 
PARAMETRIC_REPRESENTATION_CONTEXT() REPRESENTATION_CONTEXT('2D SPACE',''
  ) );
#1543 = FACE_BOUND('',#1544,.F.);
#1544 = EDGE_LOOP('',(#1545));
#1545 = ORIENTED_EDGE('',*,*,#1546,.F.);
#1546 = EDGE_CURVE('',#1547,#1547,#1549,.T.);
#1547 = VERTEX_POINT('',#1548);
#1548 = CARTESIAN_POINT('',(-15.8,10.,3.899494936612));
#1549 = SURFACE_CURVE('',#1550,(#1555,#1562),.PCURVE_S1.);
#1550 = CIRCLE('',#1551,2.2);
#1551 = AXIS2_PLACEMENT_3D('',#1552,#1553,#1554);
#1552 = CARTESIAN_POINT('',(-18.,10.,3.899494936612));
#1553 = DIRECTION('',(0.,0.,1.));
#1554 = DIRECTION('',(1.,0.,0.));
#1555 = PCURVE('',#126,#1556);
#1556 = DEFINITIONAL_REPRESENTATION('',(#1557),#1561);
#1557 = CIRCLE('',#1558,2.2);
#1558 = AXIS2_PLACEMENT_2D('',#1559,#1560);
#1559 = CARTESIAN_POINT('',(-18.,-28.54852094471));
#1560 = DIRECTION('',(1.,0.));
#1561 = ( GEOMETRIC_REPRESENTATION_CONTEXT(2) 
PARAMETRIC_REPRESENTATION_CONTEXT() REPRESENTATION_CONTEXT('2D SPACE',''
  ) );
#1562 = PCURVE('',#1563,#1568);
#1563 = CYLINDRICAL_SURFACE('',#1564,2.2);
#1564 = AXIS2_PLACEMENT_3D('',#1565,#1566,#1567);
#1565 = CARTESIAN_POINT('',(-18.,10.,3.899494936612));
#1566 = DIRECTION('',(-0.,-0.,-1.));
#1567 = DIRECTION('',(1.,0.,0.));
#1568 = DEFINITIONAL_REPRESENTATION('',(#1569),#1573);
#1569 = LINE('',#1570,#1571);
#1570 = CARTESIAN_POINT('',(-0.,0.));
#1571 = VECTOR('',#1572,1.);
#1572 = DIRECTION('',(-1.,0.));
#1573 = ( GEOMETRIC_REPRESENTATION_CONTEXT(2) 
PARAMETRIC_REPRESENTATION_CONTEXT() REPRESENTATION_CONTEXT('2D SPACE',''
  ) );
#1574 = FACE_BOUND('',#1575,.F.);
#1575 = EDGE_LOOP('',(#1576));
#1576 = ORIENTED_EDGE('',*,*,#1577,.F.);
#1577 = EDGE_CURVE('',#1578,#1578,#1580,.T.);
#1578 = VERTEX_POINT('',#1579);
#1579 = CARTESIAN_POINT('',(20.2,10.,3.899494936612));
#1580 = SURFACE_CURVE('',#1581,(#1586,#1593),.PCURVE_S1.);
#1581 = CIRCLE('',#1582,2.2);
#1582 = AXIS2_PLACEMENT_3D('',#1583,#1584,#1585);
#1583 = CARTESIAN_POINT('',(18.,10.,3.899494936612));
#1584 = DIRECTION('',(0.,0.,1.));
#1585 = DIRECTION('',(1.,0.,0.));
#1586 = PCURVE('',#126,#1587);
#1587 = DEFINITIONAL_REPRESENTATION('',(#1588),#1592);
#1588 = CIRCLE('',#1589,2.2);
#1589 = AXIS2_PLACEMENT_2D('',#1590,#1591);
#1590 = CARTESIAN_POINT('',(18.,-28.54852094471));
#1591 = DIRECTION('',(1.,0.));
#1592 = ( GEOMETRIC_REPRESENTATION_CONTEXT(2) 
PARAMETRIC_REPRESENTATION_CONTEXT() REPRESENTATION_CONTEXT('2D SPACE',''
  ) );
#1593 = PCURVE('',#1594,#1599);
#1594 = CYLINDRICAL_SURFACE('',#1595,2.2);
#1595 = AXIS2_PLACEMENT_3D('',#1596,#1597,#1598);
#1596 = CARTESIAN_POINT('',(18.,10.,3.899494936612));
#1597 = DIRECTION('',(-0.,-0.,-1.));
#1598 = DIRECTION('',(1.,0.,0.));
#1599 = DEFINITIONAL_REPRESENTATION('',(#1600),#1604);
#1600 = LINE('',#1601,#1602);
#1601 = CARTESIAN_POINT('',(-0.,0.));
#1602 = VECTOR('',#1603,1.);
#1603 = DIRECTION('',(-1.,0.));
#1604 = ( GEOMETRIC_REPRESENTATION_CONTEXT(2) 
PARAMETRIC_REPRESENTATION_CONTEXT() REPRESENTATION_CONTEXT('2D SPACE',''
  ) );
#1605 = FACE_BOUND('',#1606,.F.);
#1606 = EDGE_LOOP('',(#1607));
#1607 = ORIENTED_EDGE('',*,*,#1608,.F.);
#1608 = EDGE_CURVE('',#1609,#1609,#1611,.T.);
#1609 = VERTEX_POINT('',#1610);
#1610 = CARTESIAN_POINT('',(-25.8,65.,3.899494936612));
#1611 = SURFACE_CURVE('',#1612,(#1617,#1624),.PCURVE_S1.);
#1612 = CIRCLE('',#1613,1.2);
#1613 = AXIS2_PLACEMENT_3D('',#1614,#1615,#1616);
#1614 = CARTESIAN_POINT('',(-27.,65.,3.899494936612));
#1615 = DIRECTION('',(0.,0.,1.));
#1616 = DIRECTION('',(1.,0.,0.));
#1617 = PCURVE('',#126,#1618);
#1618 = DEFINITIONAL_REPRESENTATION('',(#1619),#1623);
#1619 = CIRCLE('',#1620,1.2);
#1620 = AXIS2_PLACEMENT_2D('',#1621,#1622);
#1621 = CARTESIAN_POINT('',(-27.,26.451479055288));
#1622 = DIRECTION('',(1.,0.));
#1623 = ( GEOMETRIC_REPRESENTATION_CONTEXT(2) 
PARAMETRIC_REPRESENTATION_CONTEXT() REPRESENTATION_CONTEXT('2D SPACE',''
  ) );
#1624 = PCURVE('',#1625,#1630);
#1625 = CYLINDRICAL_SURFACE('',#1626,1.2);
#1626 = AXIS2_PLACEMENT_3D('',#1627,#1628,#1629);
#1627 = CARTESIAN_POINT('',(-27.,65.,3.899494936612));
#1628 = DIRECTION('',(-0.,-0.,-1.));
#1629 = DIRECTION('',(1.,0.,0.));
#1630 = DEFINITIONAL_REPRESENTATION('',(#1631),#1635);
#1631 = LINE('',#1632,#1633);
#1632 = CARTESIAN_POINT('',(-0.,0.));
#1633 = VECTOR('',#1634,1.);
#1634 = DIRECTION('',(-1.,0.));
#1635 = ( GEOMETRIC_REPRESENTATION_CONTEXT(2) 
PARAMETRIC_REPRESENTATION_CONTEXT() REPRESENTATION_CONTEXT('2D SPACE',''
  ) );
#1636 = FACE_BOUND('',#1637,.F.);
#1637 = EDGE_LOOP('',(#1638));
#1638 = ORIENTED_EDGE('',*,*,#1639,.F.);
#1639 = EDGE_CURVE('',#1640,#1640,#1642,.T.);
#1640 = VERTEX_POINT('',#1641);
#1641 = CARTESIAN_POINT('',(-7.8,65.,3.899494936612));
#1642 = SURFACE_CURVE('',#1643,(#1648,#1655),.PCURVE_S1.);
#1643 = CIRCLE('',#1644,1.2);
#1644 = AXIS2_PLACEMENT_3D('',#1645,#1646,#1647);
#1645 = CARTESIAN_POINT('',(-9.,65.,3.899494936612));
#1646 = DIRECTION('',(0.,0.,1.));
#1647 = DIRECTION('',(1.,0.,0.));
#1648 = PCURVE('',#126,#1649);
#1649 = DEFINITIONAL_REPRESENTATION('',(#1650),#1654);
#1650 = CIRCLE('',#1651,1.2);
#1651 = AXIS2_PLACEMENT_2D('',#1652,#1653);
#1652 = CARTESIAN_POINT('',(-9.,26.451479055288));
#1653 = DIRECTION('',(1.,0.));
#1654 = ( GEOMETRIC_REPRESENTATION_CONTEXT(2) 
PARAMETRIC_REPRESENTATION_CONTEXT() REPRESENTATION_CONTEXT('2D SPACE',''
  ) );
#1655 = PCURVE('',#1656,#1661);
#1656 = CYLINDRICAL_SURFACE('',#1657,1.2);
#1657 = AXIS2_PLACEMENT_3D('',#1658,#1659,#1660);
#1658 = CARTESIAN_POINT('',(-9.,65.,3.899494936612));
#1659 = DIRECTION('',(-0.,-0.,-1.));
#1660 = DIRECTION('',(1.,0.,0.));
#1661 = DEFINITIONAL_REPRESENTATION('',(#1662),#1666);
#1662 = LINE('',#1663,#1664);
#1663 = CARTESIAN_POINT('',(-0.,0.));
#1664 = VECTOR('',#1665,1.);
#1665 = DIRECTION('',(-1.,0.));
#1666 = ( GEOMETRIC_REPRESENTATION_CONTEXT(2) 
PARAMETRIC_REPRESENTATION_CONTEXT() REPRESENTATION_CONTEXT('2D SPACE',''
  ) );
#1667 = FACE_BOUND('',#1668,.F.);
#1668 = EDGE_LOOP('',(#1669));
#1669 = ORIENTED_EDGE('',*,*,#1670,.F.);
#1670 = EDGE_CURVE('',#1671,#1671,#1673,.T.);
#1671 = VERTEX_POINT('',#1672);
#1672 = CARTESIAN_POINT('',(10.2,65.,3.899494936612));
#1673 = SURFACE_CURVE('',#1674,(#1679,#1686),.PCURVE_S1.);
#1674 = CIRCLE('',#1675,1.2);
#1675 = AXIS2_PLACEMENT_3D('',#1676,#1677,#1678);
#1676 = CARTESIAN_POINT('',(9.,65.,3.899494936612));
#1677 = DIRECTION('',(0.,0.,1.));
#1678 = DIRECTION('',(1.,0.,0.));
#1679 = PCURVE('',#126,#1680);
#1680 = DEFINITIONAL_REPRESENTATION('',(#1681),#1685);
#1681 = CIRCLE('',#1682,1.2);
#1682 = AXIS2_PLACEMENT_2D('',#1683,#1684);
#1683 = CARTESIAN_POINT('',(9.,26.451479055288));
#1684 = DIRECTION('',(1.,0.));
#1685 = ( GEOMETRIC_REPRESENTATION_CONTEXT(2) 
PARAMETRIC_REPRESENTATION_CONTEXT() REPRESENTATION_CONTEXT('2D SPACE',''
  ) );
#1686 = PCURVE('',#1687,#1692);
#1687 = CYLINDRICAL_SURFACE('',#1688,1.2);
#1688 = AXIS2_PLACEMENT_3D('',#1689,#1690,#1691);
#1689 = CARTESIAN_POINT('',(9.,65.,3.899494936612));
#1690 = DIRECTION('',(-0.,-0.,-1.));
#1691 = DIRECTION('',(1.,0.,0.));
#1692 = DEFINITIONAL_REPRESENTATION('',(#1693),#1697);
#1693 = LINE('',#1694,#1695);
#1694 = CARTESIAN_POINT('',(-0.,0.));
#1695 = VECTOR('',#1696,1.);
#1696 = DIRECTION('',(-1.,0.));
#1697 = ( GEOMETRIC_REPRESENTATION_CONTEXT(2) 
PARAMETRIC_REPRESENTATION_CONTEXT() REPRESENTATION_CONTEXT('2D SPACE',''
  ) );
#1698 = FACE_BOUND('',#1699,.F.);
#1699 = EDGE_LOOP('',(#1700));
#1700 = ORIENTED_EDGE('',*,*,#1701,.F.);
#1701 = EDGE_CURVE('',#1702,#1702,#1704,.T.);
#1702 = VERTEX_POINT('',#1703);
#1703 = CARTESIAN_POINT('',(28.2,65.,3.899494936612));
#1704 = SURFACE_CURVE('',#1705,(#1710,#1717),.PCURVE_S1.);
#1705 = CIRCLE('',#1706,1.2);
#1706 = AXIS2_PLACEMENT_3D('',#1707,#1708,#1709);
#1707 = CARTESIAN_POINT('',(27.,65.,3.899494936612));
#1708 = DIRECTION('',(0.,0.,1.));
#1709 = DIRECTION('',(1.,0.,0.));
#1710 = PCURVE('',#126,#1711);
#1711 = DEFINITIONAL_REPRESENTATION('',(#1712),#1716);
#1712 = CIRCLE('',#1713,1.2);
#1713 = AXIS2_PLACEMENT_2D('',#1714,#1715);
#1714 = CARTESIAN_POINT('',(27.,26.451479055288));
#1715 = DIRECTION('',(1.,0.));
#1716 = ( GEOMETRIC_REPRESENTATION_CONTEXT(2) 
PARAMETRIC_REPRESENTATION_CONTEXT() REPRESENTATION_CONTEXT('2D SPACE',''
  ) );
#1717 = PCURVE('',#1718,#1723);
#1718 = CYLINDRICAL_SURFACE('',#1719,1.2);
#1719 = AXIS2_PLACEMENT_3D('',#1720,#1721,#1722);
#1720 = CARTESIAN_POINT('',(27.,65.,3.899494936612));
#1721 = DIRECTION('',(-0.,-0.,-1.));
#1722 = DIRECTION('',(1.,0.,0.));
#1723 = DEFINITIONAL_REPRESENTATION('',(#1724),#1728);
#1724 = LINE('',#1725,#1726);
#1725 = CARTESIAN_POINT('',(-0.,0.));
#1726 = VECTOR('',#1727,1.);
#1727 = DIRECTION('',(-1.,0.));
#1728 = ( GEOMETRIC_REPRESENTATION_CONTEXT(2) 
PARAMETRIC_REPRESENTATION_CONTEXT() REPRESENTATION_CONTEXT('2D SPACE',''
  ) );
#1729 = ADVANCED_FACE('',(#1730,#2657,#2687,#2717,#2747,#2777,#2807),#72
  ,.T.);
#1730 = FACE_BOUND('',#1731,.T.);
#1731 = EDGE_LOOP('',(#1732,#1757,#1780,#1803,#1831,#1859,#1880,#1881,
    #1882,#1883,#1906,#1929,#1952,#1980,#2003,#2026,#2049,#2077,#2100,
    #2123,#2146,#2174,#2197,#2220,#2243,#2271,#2294,#2317,#2340,#2368,
    #2391,#2414,#2437,#2465,#2488,#2511,#2534,#2562,#2585,#2608,#2631));
#1732 = ORIENTED_EDGE('',*,*,#1733,.F.);
#1733 = EDGE_CURVE('',#1734,#1736,#1738,.T.);
#1734 = VERTEX_POINT('',#1735);
#1735 = CARTESIAN_POINT('',(-35.,72.,15.899494936612));
#1736 = VERTEX_POINT('',#1737);
#1737 = CARTESIAN_POINT('',(-35.,78.,15.899494936612));
#1738 = SURFACE_CURVE('',#1739,(#1743,#1750),.PCURVE_S1.);
#1739 = LINE('',#1740,#1741);
#1740 = CARTESIAN_POINT('',(-35.,68.,15.899494936612));
#1741 = VECTOR('',#1742,1.);
#1742 = DIRECTION('',(0.,1.,0.));
#1743 = PCURVE('',#72,#1744);
#1744 = DEFINITIONAL_REPRESENTATION('',(#1745),#1749);
#1745 = LINE('',#1746,#1747);
#1746 = CARTESIAN_POINT('',(-35.,29.451479055288));
#1747 = VECTOR('',#1748,1.);
#1748 = DIRECTION('',(0.,1.));
#1749 = ( GEOMETRIC_REPRESENTATION_CONTEXT(2) 
PARAMETRIC_REPRESENTATION_CONTEXT() REPRESENTATION_CONTEXT('2D SPACE',''
  ) );
#1750 = PCURVE('',#367,#1751);
#1751 = DEFINITIONAL_REPRESENTATION('',(#1752),#1756);
#1752 = LINE('',#1753,#1754);
#1753 = CARTESIAN_POINT('',(6.,10.));
#1754 = VECTOR('',#1755,1.);
#1755 = DIRECTION('',(0.,-1.));
#1756 = ( GEOMETRIC_REPRESENTATION_CONTEXT(2) 
PARAMETRIC_REPRESENTATION_CONTEXT() REPRESENTATION_CONTEXT('2D SPACE',''
  ) );
#1757 = ORIENTED_EDGE('',*,*,#1758,.T.);
#1758 = EDGE_CURVE('',#1734,#1759,#1761,.T.);
#1759 = VERTEX_POINT('',#1760);
#1760 = CARTESIAN_POINT('',(-40.,72.,15.899494936612));
#1761 = SURFACE_CURVE('',#1762,(#1766,#1773),.PCURVE_S1.);
#1762 = LINE('',#1763,#1764);
#1763 = CARTESIAN_POINT('',(40.,72.,15.899494936612));
#1764 = VECTOR('',#1765,1.);
#1765 = DIRECTION('',(-1.,0.,0.));
#1766 = PCURVE('',#72,#1767);
#1767 = DEFINITIONAL_REPRESENTATION('',(#1768),#1772);
#1768 = LINE('',#1769,#1770);
#1769 = CARTESIAN_POINT('',(40.,33.451479055288));
#1770 = VECTOR('',#1771,1.);
#1771 = DIRECTION('',(-1.,0.));
#1772 = ( GEOMETRIC_REPRESENTATION_CONTEXT(2) 
PARAMETRIC_REPRESENTATION_CONTEXT() REPRESENTATION_CONTEXT('2D SPACE',''
  ) );
#1773 = PCURVE('',#395,#1774);
#1774 = DEFINITIONAL_REPRESENTATION('',(#1775),#1779);
#1775 = LINE('',#1776,#1777);
#1776 = CARTESIAN_POINT('',(0.,-12.));
#1777 = VECTOR('',#1778,1.);
#1778 = DIRECTION('',(1.,0.));
#1779 = ( GEOMETRIC_REPRESENTATION_CONTEXT(2) 
PARAMETRIC_REPRESENTATION_CONTEXT() REPRESENTATION_CONTEXT('2D SPACE',''
  ) );
#1780 = ORIENTED_EDGE('',*,*,#1781,.T.);
#1781 = EDGE_CURVE('',#1759,#1782,#1784,.T.);
#1782 = VERTEX_POINT('',#1783);
#1783 = CARTESIAN_POINT('',(-40.,26.062856389721,15.899494936612));
#1784 = SURFACE_CURVE('',#1785,(#1789,#1796),.PCURVE_S1.);
#1785 = LINE('',#1786,#1787);
#1786 = CARTESIAN_POINT('',(-40.,72.,15.899494936612));
#1787 = VECTOR('',#1788,1.);
#1788 = DIRECTION('',(0.,-1.,0.));
#1789 = PCURVE('',#72,#1790);
#1790 = DEFINITIONAL_REPRESENTATION('',(#1791),#1795);
#1791 = LINE('',#1792,#1793);
#1792 = CARTESIAN_POINT('',(-40.,33.451479055288));
#1793 = VECTOR('',#1794,1.);
#1794 = DIRECTION('',(0.,-1.));
#1795 = ( GEOMETRIC_REPRESENTATION_CONTEXT(2) 
PARAMETRIC_REPRESENTATION_CONTEXT() REPRESENTATION_CONTEXT('2D SPACE',''
  ) );
#1796 = PCURVE('',#423,#1797);
#1797 = DEFINITIONAL_REPRESENTATION('',(#1798),#1802);
#1798 = LINE('',#1799,#1800);
#1799 = CARTESIAN_POINT('',(0.,-12.));
#1800 = VECTOR('',#1801,1.);
#1801 = DIRECTION('',(1.,0.));
#1802 = ( GEOMETRIC_REPRESENTATION_CONTEXT(2) 
PARAMETRIC_REPRESENTATION_CONTEXT() REPRESENTATION_CONTEXT('2D SPACE',''
  ) );
#1803 = ORIENTED_EDGE('',*,*,#1804,.F.);
#1804 = EDGE_CURVE('',#1805,#1782,#1807,.T.);
#1805 = VERTEX_POINT('',#1806);
#1806 = CARTESIAN_POINT('',(-22.90121405115,11.715271406465,
    15.899494936612));
#1807 = SURFACE_CURVE('',#1808,(#1812,#1819),.PCURVE_S1.);
#1808 = LINE('',#1809,#1810);
#1809 = CARTESIAN_POINT('',(-22.78812006272,11.620374282485,
    15.899494936612));
#1810 = VECTOR('',#1811,1.);
#1811 = DIRECTION('',(-0.766044443119,0.642787609687,0.));
#1812 = PCURVE('',#72,#1813);
#1813 = DEFINITIONAL_REPRESENTATION('',(#1814),#1818);
#1814 = LINE('',#1815,#1816);
#1815 = CARTESIAN_POINT('',(-22.78812006272,-26.92814666222));
#1816 = VECTOR('',#1817,1.);
#1817 = DIRECTION('',(-0.766044443119,0.642787609687));
#1818 = ( GEOMETRIC_REPRESENTATION_CONTEXT(2) 
PARAMETRIC_REPRESENTATION_CONTEXT() REPRESENTATION_CONTEXT('2D SPACE',''
  ) );
#1819 = PCURVE('',#1820,#1825);
#1820 = PLANE('',#1821);
#1821 = AXIS2_PLACEMENT_3D('',#1822,#1823,#1824);
#1822 = CARTESIAN_POINT('',(-19.95352734837,15.228187624339,
    11.313708498985));
#1823 = DIRECTION('',(0.454519477672,0.54167522042,0.707106781187));
#1824 = DIRECTION('',(-0.454519477672,-0.54167522042,0.707106781187));
#1825 = DEFINITIONAL_REPRESENTATION('',(#1826),#1830);
#1826 = LINE('',#1827,#1828);
#1827 = CARTESIAN_POINT('',(6.485281374239,0.147633716876));
#1828 = VECTOR('',#1829,1.);
#1829 = DIRECTION('',(-3.538526885512E-17,-1.));
#1830 = ( GEOMETRIC_REPRESENTATION_CONTEXT(2) 
PARAMETRIC_REPRESENTATION_CONTEXT() REPRESENTATION_CONTEXT('2D SPACE',''
  ) );
#1831 = ORIENTED_EDGE('',*,*,#1832,.T.);
#1832 = EDGE_CURVE('',#1805,#1833,#1835,.T.);
#1833 = VERTEX_POINT('',#1834);
#1834 = CARTESIAN_POINT('',(-27.91430810973,5.740898552141,
    15.899494936612));
#1835 = SURFACE_CURVE('',#1836,(#1840,#1847),.PCURVE_S1.);
#1836 = LINE('',#1837,#1838);
#1837 = CARTESIAN_POINT('',(-13.72601348399,22.649849645148,
    15.899494936612));
#1838 = VECTOR('',#1839,1.);
#1839 = DIRECTION('',(-0.642787609687,-0.766044443119,0.));
#1840 = PCURVE('',#72,#1841);
#1841 = DEFINITIONAL_REPRESENTATION('',(#1842),#1846);
#1842 = LINE('',#1843,#1844);
#1843 = CARTESIAN_POINT('',(-13.72601348399,-15.89867129956));
#1844 = VECTOR('',#1845,1.);
#1845 = DIRECTION('',(-0.642787609687,-0.766044443119));
#1846 = ( GEOMETRIC_REPRESENTATION_CONTEXT(2) 
PARAMETRIC_REPRESENTATION_CONTEXT() REPRESENTATION_CONTEXT('2D SPACE',''
  ) );
#1847 = PCURVE('',#1848,#1853);
#1848 = PLANE('',#1849);
#1849 = AXIS2_PLACEMENT_3D('',#1850,#1851,#1852);
#1850 = CARTESIAN_POINT('',(-27.22583899113,6.561384097624,0.));
#1851 = DIRECTION('',(-0.766044443119,0.642787609687,0.));
#1852 = DIRECTION('',(-0.454519477672,-0.54167522042,0.707106781187));
#1853 = DEFINITIONAL_REPRESENTATION('',(#1854),#1858);
#1854 = LINE('',#1855,#1856);
#1855 = CARTESIAN_POINT('',(-3.608016072718,26.093297446956));
#1856 = VECTOR('',#1857,1.);
#1857 = DIRECTION('',(0.707106781187,-0.707106781187));
#1858 = ( GEOMETRIC_REPRESENTATION_CONTEXT(2) 
PARAMETRIC_REPRESENTATION_CONTEXT() REPRESENTATION_CONTEXT('2D SPACE',''
  ) );
#1859 = ORIENTED_EDGE('',*,*,#1860,.F.);
#1860 = EDGE_CURVE('',#221,#1833,#1861,.T.);
#1861 = SURFACE_CURVE('',#1862,(#1866,#1873),.PCURVE_S1.);
#1862 = LINE('',#1863,#1864);
#1863 = CARTESIAN_POINT('',(-34.31259188781,11.109696110496,
    15.899494936612));
#1864 = VECTOR('',#1865,1.);
#1865 = DIRECTION('',(0.766044443119,-0.642787609687,0.));
#1866 = PCURVE('',#72,#1867);
#1867 = DEFINITIONAL_REPRESENTATION('',(#1868),#1872);
#1868 = LINE('',#1869,#1870);
#1869 = CARTESIAN_POINT('',(-34.31259188781,-27.43882483421));
#1870 = VECTOR('',#1871,1.);
#1871 = DIRECTION('',(0.766044443119,-0.642787609687));
#1872 = ( GEOMETRIC_REPRESENTATION_CONTEXT(2) 
PARAMETRIC_REPRESENTATION_CONTEXT() REPRESENTATION_CONTEXT('2D SPACE',''
  ) );
#1873 = PCURVE('',#236,#1874);
#1874 = DEFINITIONAL_REPRESENTATION('',(#1875),#1879);
#1875 = LINE('',#1876,#1877);
#1876 = CARTESIAN_POINT('',(10.485281374239,-8.647633716876));
#1877 = VECTOR('',#1878,1.);
#1878 = DIRECTION('',(8.283143846454E-17,-1.));
#1879 = ( GEOMETRIC_REPRESENTATION_CONTEXT(2) 
PARAMETRIC_REPRESENTATION_CONTEXT() REPRESENTATION_CONTEXT('2D SPACE',''
  ) );
#1880 = ORIENTED_EDGE('',*,*,#248,.T.);
#1881 = ORIENTED_EDGE('',*,*,#56,.T.);
#1882 = ORIENTED_EDGE('',*,*,#274,.T.);
#1883 = ORIENTED_EDGE('',*,*,#1884,.T.);
#1884 = EDGE_CURVE('',#275,#1885,#1887,.T.);
#1885 = VERTEX_POINT('',#1886);
#1886 = CARTESIAN_POINT('',(40.,72.,15.899494936612));
#1887 = SURFACE_CURVE('',#1888,(#1892,#1899),.PCURVE_S1.);
#1888 = LINE('',#1889,#1890);
#1889 = CARTESIAN_POINT('',(40.,24.,15.899494936612));
#1890 = VECTOR('',#1891,1.);
#1891 = DIRECTION('',(0.,1.,0.));
#1892 = PCURVE('',#72,#1893);
#1893 = DEFINITIONAL_REPRESENTATION('',(#1894),#1898);
#1894 = LINE('',#1895,#1896);
#1895 = CARTESIAN_POINT('',(40.,-14.54852094471));
#1896 = VECTOR('',#1897,1.);
#1897 = DIRECTION('',(0.,1.));
#1898 = ( GEOMETRIC_REPRESENTATION_CONTEXT(2) 
PARAMETRIC_REPRESENTATION_CONTEXT() REPRESENTATION_CONTEXT('2D SPACE',''
  ) );
#1899 = PCURVE('',#313,#1900);
#1900 = DEFINITIONAL_REPRESENTATION('',(#1901),#1905);
#1901 = LINE('',#1902,#1903);
#1902 = CARTESIAN_POINT('',(0.,-12.));
#1903 = VECTOR('',#1904,1.);
#1904 = DIRECTION('',(1.,0.));
#1905 = ( GEOMETRIC_REPRESENTATION_CONTEXT(2) 
PARAMETRIC_REPRESENTATION_CONTEXT() REPRESENTATION_CONTEXT('2D SPACE',''
  ) );
#1906 = ORIENTED_EDGE('',*,*,#1907,.T.);
#1907 = EDGE_CURVE('',#1885,#1908,#1910,.T.);
#1908 = VERTEX_POINT('',#1909);
#1909 = CARTESIAN_POINT('',(35.,72.,15.899494936612));
#1910 = SURFACE_CURVE('',#1911,(#1915,#1922),.PCURVE_S1.);
#1911 = LINE('',#1912,#1913);
#1912 = CARTESIAN_POINT('',(40.,72.,15.899494936612));
#1913 = VECTOR('',#1914,1.);
#1914 = DIRECTION('',(-1.,0.,0.));
#1915 = PCURVE('',#72,#1916);
#1916 = DEFINITIONAL_REPRESENTATION('',(#1917),#1921);
#1917 = LINE('',#1918,#1919);
#1918 = CARTESIAN_POINT('',(40.,33.451479055288));
#1919 = VECTOR('',#1920,1.);
#1920 = DIRECTION('',(-1.,0.));
#1921 = ( GEOMETRIC_REPRESENTATION_CONTEXT(2) 
PARAMETRIC_REPRESENTATION_CONTEXT() REPRESENTATION_CONTEXT('2D SPACE',''
  ) );
#1922 = PCURVE('',#694,#1923);
#1923 = DEFINITIONAL_REPRESENTATION('',(#1924),#1928);
#1924 = LINE('',#1925,#1926);
#1925 = CARTESIAN_POINT('',(0.,-12.));
#1926 = VECTOR('',#1927,1.);
#1927 = DIRECTION('',(1.,0.));
#1928 = ( GEOMETRIC_REPRESENTATION_CONTEXT(2) 
PARAMETRIC_REPRESENTATION_CONTEXT() REPRESENTATION_CONTEXT('2D SPACE',''
  ) );
#1929 = ORIENTED_EDGE('',*,*,#1930,.T.);
#1930 = EDGE_CURVE('',#1908,#1931,#1933,.T.);
#1931 = VERTEX_POINT('',#1932);
#1932 = CARTESIAN_POINT('',(35.,78.,15.899494936612));
#1933 = SURFACE_CURVE('',#1934,(#1938,#1945),.PCURVE_S1.);
#1934 = LINE('',#1935,#1936);
#1935 = CARTESIAN_POINT('',(35.,68.,15.899494936612));
#1936 = VECTOR('',#1937,1.);
#1937 = DIRECTION('',(0.,1.,0.));
#1938 = PCURVE('',#72,#1939);
#1939 = DEFINITIONAL_REPRESENTATION('',(#1940),#1944);
#1940 = LINE('',#1941,#1942);
#1941 = CARTESIAN_POINT('',(35.,29.451479055288));
#1942 = VECTOR('',#1943,1.);
#1943 = DIRECTION('',(0.,1.));
#1944 = ( GEOMETRIC_REPRESENTATION_CONTEXT(2) 
PARAMETRIC_REPRESENTATION_CONTEXT() REPRESENTATION_CONTEXT('2D SPACE',''
  ) );
#1945 = PCURVE('',#722,#1946);
#1946 = DEFINITIONAL_REPRESENTATION('',(#1947),#1951);
#1947 = LINE('',#1948,#1949);
#1948 = CARTESIAN_POINT('',(6.,10.));
#1949 = VECTOR('',#1950,1.);
#1950 = DIRECTION('',(0.,-1.));
#1951 = ( GEOMETRIC_REPRESENTATION_CONTEXT(2) 
PARAMETRIC_REPRESENTATION_CONTEXT() REPRESENTATION_CONTEXT('2D SPACE',''
  ) );
#1952 = ORIENTED_EDGE('',*,*,#1953,.F.);
#1953 = EDGE_CURVE('',#1954,#1931,#1956,.T.);
#1954 = VERTEX_POINT('',#1955);
#1955 = CARTESIAN_POINT('',(31.,78.,15.899494936612));
#1956 = SURFACE_CURVE('',#1957,(#1961,#1968),.PCURVE_S1.);
#1957 = LINE('',#1958,#1959);
#1958 = CARTESIAN_POINT('',(31.,78.,15.899494936612));
#1959 = VECTOR('',#1960,1.);
#1960 = DIRECTION('',(1.,0.,0.));
#1961 = PCURVE('',#72,#1962);
#1962 = DEFINITIONAL_REPRESENTATION('',(#1963),#1967);
#1963 = LINE('',#1964,#1965);
#1964 = CARTESIAN_POINT('',(31.,39.451479055288));
#1965 = VECTOR('',#1966,1.);
#1966 = DIRECTION('',(1.,0.));
#1967 = ( GEOMETRIC_REPRESENTATION_CONTEXT(2) 
PARAMETRIC_REPRESENTATION_CONTEXT() REPRESENTATION_CONTEXT('2D SPACE',''
  ) );
#1968 = PCURVE('',#1969,#1974);
#1969 = PLANE('',#1970);
#1970 = AXIS2_PLACEMENT_3D('',#1971,#1972,#1973);
#1971 = CARTESIAN_POINT('',(31.,78.,3.899494936612));
#1972 = DIRECTION('',(0.,1.,0.));
#1973 = DIRECTION('',(0.,0.,1.));
#1974 = DEFINITIONAL_REPRESENTATION('',(#1975),#1979);
#1975 = LINE('',#1976,#1977);
#1976 = CARTESIAN_POINT('',(12.,0.));
#1977 = VECTOR('',#1978,1.);
#1978 = DIRECTION('',(0.,1.));
#1979 = ( GEOMETRIC_REPRESENTATION_CONTEXT(2) 
PARAMETRIC_REPRESENTATION_CONTEXT() REPRESENTATION_CONTEXT('2D SPACE',''
  ) );
#1980 = ORIENTED_EDGE('',*,*,#1981,.F.);
#1981 = EDGE_CURVE('',#1982,#1954,#1984,.T.);
#1982 = VERTEX_POINT('',#1983);
#1983 = CARTESIAN_POINT('',(31.,72.,15.899494936612));
#1984 = SURFACE_CURVE('',#1985,(#1989,#1996),.PCURVE_S1.);
#1985 = LINE('',#1986,#1987);
#1986 = CARTESIAN_POINT('',(31.,68.,15.899494936612));
#1987 = VECTOR('',#1988,1.);
#1988 = DIRECTION('',(0.,1.,0.));
#1989 = PCURVE('',#72,#1990);
#1990 = DEFINITIONAL_REPRESENTATION('',(#1991),#1995);
#1991 = LINE('',#1992,#1993);
#1992 = CARTESIAN_POINT('',(31.,29.451479055288));
#1993 = VECTOR('',#1994,1.);
#1994 = DIRECTION('',(0.,1.));
#1995 = ( GEOMETRIC_REPRESENTATION_CONTEXT(2) 
PARAMETRIC_REPRESENTATION_CONTEXT() REPRESENTATION_CONTEXT('2D SPACE',''
  ) );
#1996 = PCURVE('',#778,#1997);
#1997 = DEFINITIONAL_REPRESENTATION('',(#1998),#2002);
#1998 = LINE('',#1999,#2000);
#1999 = CARTESIAN_POINT('',(6.,10.));
#2000 = VECTOR('',#2001,1.);
#2001 = DIRECTION('',(0.,-1.));
#2002 = ( GEOMETRIC_REPRESENTATION_CONTEXT(2) 
PARAMETRIC_REPRESENTATION_CONTEXT() REPRESENTATION_CONTEXT('2D SPACE',''
  ) );
#2003 = ORIENTED_EDGE('',*,*,#2004,.T.);
#2004 = EDGE_CURVE('',#1982,#2005,#2007,.T.);
#2005 = VERTEX_POINT('',#2006);
#2006 = CARTESIAN_POINT('',(23.,72.,15.899494936612));
#2007 = SURFACE_CURVE('',#2008,(#2012,#2019),.PCURVE_S1.);
#2008 = LINE('',#2009,#2010);
#2009 = CARTESIAN_POINT('',(40.,72.,15.899494936612));
#2010 = VECTOR('',#2011,1.);
#2011 = DIRECTION('',(-1.,0.,0.));
#2012 = PCURVE('',#72,#2013);
#2013 = DEFINITIONAL_REPRESENTATION('',(#2014),#2018);
#2014 = LINE('',#2015,#2016);
#2015 = CARTESIAN_POINT('',(40.,33.451479055288));
#2016 = VECTOR('',#2017,1.);
#2017 = DIRECTION('',(-1.,0.));
#2018 = ( GEOMETRIC_REPRESENTATION_CONTEXT(2) 
PARAMETRIC_REPRESENTATION_CONTEXT() REPRESENTATION_CONTEXT('2D SPACE',''
  ) );
#2019 = PCURVE('',#806,#2020);
#2020 = DEFINITIONAL_REPRESENTATION('',(#2021),#2025);
#2021 = LINE('',#2022,#2023);
#2022 = CARTESIAN_POINT('',(0.,-12.));
#2023 = VECTOR('',#2024,1.);
#2024 = DIRECTION('',(1.,0.));
#2025 = ( GEOMETRIC_REPRESENTATION_CONTEXT(2) 
PARAMETRIC_REPRESENTATION_CONTEXT() REPRESENTATION_CONTEXT('2D SPACE',''
  ) );
#2026 = ORIENTED_EDGE('',*,*,#2027,.T.);
#2027 = EDGE_CURVE('',#2005,#2028,#2030,.T.);
#2028 = VERTEX_POINT('',#2029);
#2029 = CARTESIAN_POINT('',(23.,78.,15.899494936612));
#2030 = SURFACE_CURVE('',#2031,(#2035,#2042),.PCURVE_S1.);
#2031 = LINE('',#2032,#2033);
#2032 = CARTESIAN_POINT('',(23.,68.,15.899494936612));
#2033 = VECTOR('',#2034,1.);
#2034 = DIRECTION('',(0.,1.,0.));
#2035 = PCURVE('',#72,#2036);
#2036 = DEFINITIONAL_REPRESENTATION('',(#2037),#2041);
#2037 = LINE('',#2038,#2039);
#2038 = CARTESIAN_POINT('',(23.,29.451479055288));
#2039 = VECTOR('',#2040,1.);
#2040 = DIRECTION('',(0.,1.));
#2041 = ( GEOMETRIC_REPRESENTATION_CONTEXT(2) 
PARAMETRIC_REPRESENTATION_CONTEXT() REPRESENTATION_CONTEXT('2D SPACE',''
  ) );
#2042 = PCURVE('',#834,#2043);
#2043 = DEFINITIONAL_REPRESENTATION('',(#2044),#2048);
#2044 = LINE('',#2045,#2046);
#2045 = CARTESIAN_POINT('',(6.,10.));
#2046 = VECTOR('',#2047,1.);
#2047 = DIRECTION('',(0.,-1.));
#2048 = ( GEOMETRIC_REPRESENTATION_CONTEXT(2) 
PARAMETRIC_REPRESENTATION_CONTEXT() REPRESENTATION_CONTEXT('2D SPACE',''
  ) );
#2049 = ORIENTED_EDGE('',*,*,#2050,.F.);
#2050 = EDGE_CURVE('',#2051,#2028,#2053,.T.);
#2051 = VERTEX_POINT('',#2052);
#2052 = CARTESIAN_POINT('',(19.,78.,15.899494936612));
#2053 = SURFACE_CURVE('',#2054,(#2058,#2065),.PCURVE_S1.);
#2054 = LINE('',#2055,#2056);
#2055 = CARTESIAN_POINT('',(19.,78.,15.899494936612));
#2056 = VECTOR('',#2057,1.);
#2057 = DIRECTION('',(1.,0.,0.));
#2058 = PCURVE('',#72,#2059);
#2059 = DEFINITIONAL_REPRESENTATION('',(#2060),#2064);
#2060 = LINE('',#2061,#2062);
#2061 = CARTESIAN_POINT('',(19.,39.451479055288));
#2062 = VECTOR('',#2063,1.);
#2063 = DIRECTION('',(1.,0.));
#2064 = ( GEOMETRIC_REPRESENTATION_CONTEXT(2) 
PARAMETRIC_REPRESENTATION_CONTEXT() REPRESENTATION_CONTEXT('2D SPACE',''
  ) );
#2065 = PCURVE('',#2066,#2071);
#2066 = PLANE('',#2067);
#2067 = AXIS2_PLACEMENT_3D('',#2068,#2069,#2070);
#2068 = CARTESIAN_POINT('',(19.,78.,3.899494936612));
#2069 = DIRECTION('',(0.,1.,0.));
#2070 = DIRECTION('',(0.,0.,1.));
#2071 = DEFINITIONAL_REPRESENTATION('',(#2072),#2076);
#2072 = LINE('',#2073,#2074);
#2073 = CARTESIAN_POINT('',(12.,0.));
#2074 = VECTOR('',#2075,1.);
#2075 = DIRECTION('',(0.,1.));
#2076 = ( GEOMETRIC_REPRESENTATION_CONTEXT(2) 
PARAMETRIC_REPRESENTATION_CONTEXT() REPRESENTATION_CONTEXT('2D SPACE',''
  ) );
#2077 = ORIENTED_EDGE('',*,*,#2078,.F.);
#2078 = EDGE_CURVE('',#2079,#2051,#2081,.T.);
#2079 = VERTEX_POINT('',#2080);
#2080 = CARTESIAN_POINT('',(19.,72.,15.899494936612));
#2081 = SURFACE_CURVE('',#2082,(#2086,#2093),.PCURVE_S1.);
#2082 = LINE('',#2083,#2084);
#2083 = CARTESIAN_POINT('',(19.,68.,15.899494936612));
#2084 = VECTOR('',#2085,1.);
#2085 = DIRECTION('',(0.,1.,0.));
#2086 = PCURVE('',#72,#2087);
#2087 = DEFINITIONAL_REPRESENTATION('',(#2088),#2092);
#2088 = LINE('',#2089,#2090);
#2089 = CARTESIAN_POINT('',(19.,29.451479055288));
#2090 = VECTOR('',#2091,1.);
#2091 = DIRECTION('',(0.,1.));
#2092 = ( GEOMETRIC_REPRESENTATION_CONTEXT(2) 
PARAMETRIC_REPRESENTATION_CONTEXT() REPRESENTATION_CONTEXT('2D SPACE',''
  ) );
#2093 = PCURVE('',#890,#2094);
#2094 = DEFINITIONAL_REPRESENTATION('',(#2095),#2099);
#2095 = LINE('',#2096,#2097);
#2096 = CARTESIAN_POINT('',(6.,10.));
#2097 = VECTOR('',#2098,1.);
#2098 = DIRECTION('',(0.,-1.));
#2099 = ( GEOMETRIC_REPRESENTATION_CONTEXT(2) 
PARAMETRIC_REPRESENTATION_CONTEXT() REPRESENTATION_CONTEXT('2D SPACE',''
  ) );
#2100 = ORIENTED_EDGE('',*,*,#2101,.T.);
#2101 = EDGE_CURVE('',#2079,#2102,#2104,.T.);
#2102 = VERTEX_POINT('',#2103);
#2103 = CARTESIAN_POINT('',(17.,72.,15.899494936612));
#2104 = SURFACE_CURVE('',#2105,(#2109,#2116),.PCURVE_S1.);
#2105 = LINE('',#2106,#2107);
#2106 = CARTESIAN_POINT('',(40.,72.,15.899494936612));
#2107 = VECTOR('',#2108,1.);
#2108 = DIRECTION('',(-1.,0.,0.));
#2109 = PCURVE('',#72,#2110);
#2110 = DEFINITIONAL_REPRESENTATION('',(#2111),#2115);
#2111 = LINE('',#2112,#2113);
#2112 = CARTESIAN_POINT('',(40.,33.451479055288));
#2113 = VECTOR('',#2114,1.);
#2114 = DIRECTION('',(-1.,0.));
#2115 = ( GEOMETRIC_REPRESENTATION_CONTEXT(2) 
PARAMETRIC_REPRESENTATION_CONTEXT() REPRESENTATION_CONTEXT('2D SPACE',''
  ) );
#2116 = PCURVE('',#918,#2117);
#2117 = DEFINITIONAL_REPRESENTATION('',(#2118),#2122);
#2118 = LINE('',#2119,#2120);
#2119 = CARTESIAN_POINT('',(0.,-12.));
#2120 = VECTOR('',#2121,1.);
#2121 = DIRECTION('',(1.,0.));
#2122 = ( GEOMETRIC_REPRESENTATION_CONTEXT(2) 
PARAMETRIC_REPRESENTATION_CONTEXT() REPRESENTATION_CONTEXT('2D SPACE',''
  ) );
#2123 = ORIENTED_EDGE('',*,*,#2124,.T.);
#2124 = EDGE_CURVE('',#2102,#2125,#2127,.T.);
#2125 = VERTEX_POINT('',#2126);
#2126 = CARTESIAN_POINT('',(17.,78.,15.899494936612));
#2127 = SURFACE_CURVE('',#2128,(#2132,#2139),.PCURVE_S1.);
#2128 = LINE('',#2129,#2130);
#2129 = CARTESIAN_POINT('',(17.,68.,15.899494936612));
#2130 = VECTOR('',#2131,1.);
#2131 = DIRECTION('',(0.,1.,0.));
#2132 = PCURVE('',#72,#2133);
#2133 = DEFINITIONAL_REPRESENTATION('',(#2134),#2138);
#2134 = LINE('',#2135,#2136);
#2135 = CARTESIAN_POINT('',(17.,29.451479055288));
#2136 = VECTOR('',#2137,1.);
#2137 = DIRECTION('',(0.,1.));
#2138 = ( GEOMETRIC_REPRESENTATION_CONTEXT(2) 
PARAMETRIC_REPRESENTATION_CONTEXT() REPRESENTATION_CONTEXT('2D SPACE',''
  ) );
#2139 = PCURVE('',#946,#2140);
#2140 = DEFINITIONAL_REPRESENTATION('',(#2141),#2145);
#2141 = LINE('',#2142,#2143);
#2142 = CARTESIAN_POINT('',(6.,10.));
#2143 = VECTOR('',#2144,1.);
#2144 = DIRECTION('',(0.,-1.));
#2145 = ( GEOMETRIC_REPRESENTATION_CONTEXT(2) 
PARAMETRIC_REPRESENTATION_CONTEXT() REPRESENTATION_CONTEXT('2D SPACE',''
  ) );
#2146 = ORIENTED_EDGE('',*,*,#2147,.F.);
#2147 = EDGE_CURVE('',#2148,#2125,#2150,.T.);
#2148 = VERTEX_POINT('',#2149);
#2149 = CARTESIAN_POINT('',(13.,78.,15.899494936612));
#2150 = SURFACE_CURVE('',#2151,(#2155,#2162),.PCURVE_S1.);
#2151 = LINE('',#2152,#2153);
#2152 = CARTESIAN_POINT('',(13.,78.,15.899494936612));
#2153 = VECTOR('',#2154,1.);
#2154 = DIRECTION('',(1.,0.,0.));
#2155 = PCURVE('',#72,#2156);
#2156 = DEFINITIONAL_REPRESENTATION('',(#2157),#2161);
#2157 = LINE('',#2158,#2159);
#2158 = CARTESIAN_POINT('',(13.,39.451479055288));
#2159 = VECTOR('',#2160,1.);
#2160 = DIRECTION('',(1.,0.));
#2161 = ( GEOMETRIC_REPRESENTATION_CONTEXT(2) 
PARAMETRIC_REPRESENTATION_CONTEXT() REPRESENTATION_CONTEXT('2D SPACE',''
  ) );
#2162 = PCURVE('',#2163,#2168);
#2163 = PLANE('',#2164);
#2164 = AXIS2_PLACEMENT_3D('',#2165,#2166,#2167);
#2165 = CARTESIAN_POINT('',(13.,78.,3.899494936612));
#2166 = DIRECTION('',(0.,1.,0.));
#2167 = DIRECTION('',(0.,0.,1.));
#2168 = DEFINITIONAL_REPRESENTATION('',(#2169),#2173);
#2169 = LINE('',#2170,#2171);
#2170 = CARTESIAN_POINT('',(12.,0.));
#2171 = VECTOR('',#2172,1.);
#2172 = DIRECTION('',(0.,1.));
#2173 = ( GEOMETRIC_REPRESENTATION_CONTEXT(2) 
PARAMETRIC_REPRESENTATION_CONTEXT() REPRESENTATION_CONTEXT('2D SPACE',''
  ) );
#2174 = ORIENTED_EDGE('',*,*,#2175,.F.);
#2175 = EDGE_CURVE('',#2176,#2148,#2178,.T.);
#2176 = VERTEX_POINT('',#2177);
#2177 = CARTESIAN_POINT('',(13.,72.,15.899494936612));
#2178 = SURFACE_CURVE('',#2179,(#2183,#2190),.PCURVE_S1.);
#2179 = LINE('',#2180,#2181);
#2180 = CARTESIAN_POINT('',(13.,68.,15.899494936612));
#2181 = VECTOR('',#2182,1.);
#2182 = DIRECTION('',(0.,1.,0.));
#2183 = PCURVE('',#72,#2184);
#2184 = DEFINITIONAL_REPRESENTATION('',(#2185),#2189);
#2185 = LINE('',#2186,#2187);
#2186 = CARTESIAN_POINT('',(13.,29.451479055288));
#2187 = VECTOR('',#2188,1.);
#2188 = DIRECTION('',(0.,1.));
#2189 = ( GEOMETRIC_REPRESENTATION_CONTEXT(2) 
PARAMETRIC_REPRESENTATION_CONTEXT() REPRESENTATION_CONTEXT('2D SPACE',''
  ) );
#2190 = PCURVE('',#1002,#2191);
#2191 = DEFINITIONAL_REPRESENTATION('',(#2192),#2196);
#2192 = LINE('',#2193,#2194);
#2193 = CARTESIAN_POINT('',(6.,10.));
#2194 = VECTOR('',#2195,1.);
#2195 = DIRECTION('',(0.,-1.));
#2196 = ( GEOMETRIC_REPRESENTATION_CONTEXT(2) 
PARAMETRIC_REPRESENTATION_CONTEXT() REPRESENTATION_CONTEXT('2D SPACE',''
  ) );
#2197 = ORIENTED_EDGE('',*,*,#2198,.T.);
#2198 = EDGE_CURVE('',#2176,#2199,#2201,.T.);
#2199 = VERTEX_POINT('',#2200);
#2200 = CARTESIAN_POINT('',(5.,72.,15.899494936612));
#2201 = SURFACE_CURVE('',#2202,(#2206,#2213),.PCURVE_S1.);
#2202 = LINE('',#2203,#2204);
#2203 = CARTESIAN_POINT('',(40.,72.,15.899494936612));
#2204 = VECTOR('',#2205,1.);
#2205 = DIRECTION('',(-1.,0.,0.));
#2206 = PCURVE('',#72,#2207);
#2207 = DEFINITIONAL_REPRESENTATION('',(#2208),#2212);
#2208 = LINE('',#2209,#2210);
#2209 = CARTESIAN_POINT('',(40.,33.451479055288));
#2210 = VECTOR('',#2211,1.);
#2211 = DIRECTION('',(-1.,0.));
#2212 = ( GEOMETRIC_REPRESENTATION_CONTEXT(2) 
PARAMETRIC_REPRESENTATION_CONTEXT() REPRESENTATION_CONTEXT('2D SPACE',''
  ) );
#2213 = PCURVE('',#1030,#2214);
#2214 = DEFINITIONAL_REPRESENTATION('',(#2215),#2219);
#2215 = LINE('',#2216,#2217);
#2216 = CARTESIAN_POINT('',(0.,-12.));
#2217 = VECTOR('',#2218,1.);
#2218 = DIRECTION('',(1.,0.));
#2219 = ( GEOMETRIC_REPRESENTATION_CONTEXT(2) 
PARAMETRIC_REPRESENTATION_CONTEXT() REPRESENTATION_CONTEXT('2D SPACE',''
  ) );
#2220 = ORIENTED_EDGE('',*,*,#2221,.T.);
#2221 = EDGE_CURVE('',#2199,#2222,#2224,.T.);
#2222 = VERTEX_POINT('',#2223);
#2223 = CARTESIAN_POINT('',(5.,78.,15.899494936612));
#2224 = SURFACE_CURVE('',#2225,(#2229,#2236),.PCURVE_S1.);
#2225 = LINE('',#2226,#2227);
#2226 = CARTESIAN_POINT('',(5.,68.,15.899494936612));
#2227 = VECTOR('',#2228,1.);
#2228 = DIRECTION('',(0.,1.,0.));
#2229 = PCURVE('',#72,#2230);
#2230 = DEFINITIONAL_REPRESENTATION('',(#2231),#2235);
#2231 = LINE('',#2232,#2233);
#2232 = CARTESIAN_POINT('',(5.,29.451479055288));
#2233 = VECTOR('',#2234,1.);
#2234 = DIRECTION('',(0.,1.));
#2235 = ( GEOMETRIC_REPRESENTATION_CONTEXT(2) 
PARAMETRIC_REPRESENTATION_CONTEXT() REPRESENTATION_CONTEXT('2D SPACE',''
  ) );
#2236 = PCURVE('',#1058,#2237);
#2237 = DEFINITIONAL_REPRESENTATION('',(#2238),#2242);
#2238 = LINE('',#2239,#2240);
#2239 = CARTESIAN_POINT('',(6.,10.));
#2240 = VECTOR('',#2241,1.);
#2241 = DIRECTION('',(0.,-1.));
#2242 = ( GEOMETRIC_REPRESENTATION_CONTEXT(2) 
PARAMETRIC_REPRESENTATION_CONTEXT() REPRESENTATION_CONTEXT('2D SPACE',''
  ) );
#2243 = ORIENTED_EDGE('',*,*,#2244,.F.);
#2244 = EDGE_CURVE('',#2245,#2222,#2247,.T.);
#2245 = VERTEX_POINT('',#2246);
#2246 = CARTESIAN_POINT('',(1.,78.,15.899494936612));
#2247 = SURFACE_CURVE('',#2248,(#2252,#2259),.PCURVE_S1.);
#2248 = LINE('',#2249,#2250);
#2249 = CARTESIAN_POINT('',(1.,78.,15.899494936612));
#2250 = VECTOR('',#2251,1.);
#2251 = DIRECTION('',(1.,0.,0.));
#2252 = PCURVE('',#72,#2253);
#2253 = DEFINITIONAL_REPRESENTATION('',(#2254),#2258);
#2254 = LINE('',#2255,#2256);
#2255 = CARTESIAN_POINT('',(1.,39.451479055288));
#2256 = VECTOR('',#2257,1.);
#2257 = DIRECTION('',(1.,0.));
#2258 = ( GEOMETRIC_REPRESENTATION_CONTEXT(2) 
PARAMETRIC_REPRESENTATION_CONTEXT() REPRESENTATION_CONTEXT('2D SPACE',''
  ) );
#2259 = PCURVE('',#2260,#2265);
#2260 = PLANE('',#2261);
#2261 = AXIS2_PLACEMENT_3D('',#2262,#2263,#2264);
#2262 = CARTESIAN_POINT('',(1.,78.,3.899494936612));
#2263 = DIRECTION('',(0.,1.,0.));
#2264 = DIRECTION('',(0.,0.,1.));
#2265 = DEFINITIONAL_REPRESENTATION('',(#2266),#2270);
#2266 = LINE('',#2267,#2268);
#2267 = CARTESIAN_POINT('',(12.,0.));
#2268 = VECTOR('',#2269,1.);
#2269 = DIRECTION('',(0.,1.));
#2270 = ( GEOMETRIC_REPRESENTATION_CONTEXT(2) 
PARAMETRIC_REPRESENTATION_CONTEXT() REPRESENTATION_CONTEXT('2D SPACE',''
  ) );
#2271 = ORIENTED_EDGE('',*,*,#2272,.F.);
#2272 = EDGE_CURVE('',#2273,#2245,#2275,.T.);
#2273 = VERTEX_POINT('',#2274);
#2274 = CARTESIAN_POINT('',(1.,72.,15.899494936612));
#2275 = SURFACE_CURVE('',#2276,(#2280,#2287),.PCURVE_S1.);
#2276 = LINE('',#2277,#2278);
#2277 = CARTESIAN_POINT('',(1.,68.,15.899494936612));
#2278 = VECTOR('',#2279,1.);
#2279 = DIRECTION('',(0.,1.,0.));
#2280 = PCURVE('',#72,#2281);
#2281 = DEFINITIONAL_REPRESENTATION('',(#2282),#2286);
#2282 = LINE('',#2283,#2284);
#2283 = CARTESIAN_POINT('',(1.,29.451479055288));
#2284 = VECTOR('',#2285,1.);
#2285 = DIRECTION('',(0.,1.));
#2286 = ( GEOMETRIC_REPRESENTATION_CONTEXT(2) 
PARAMETRIC_REPRESENTATION_CONTEXT() REPRESENTATION_CONTEXT('2D SPACE',''
  ) );
#2287 = PCURVE('',#1114,#2288);
#2288 = DEFINITIONAL_REPRESENTATION('',(#2289),#2293);
#2289 = LINE('',#2290,#2291);
#2290 = CARTESIAN_POINT('',(6.,10.));
#2291 = VECTOR('',#2292,1.);
#2292 = DIRECTION('',(0.,-1.));
#2293 = ( GEOMETRIC_REPRESENTATION_CONTEXT(2) 
PARAMETRIC_REPRESENTATION_CONTEXT() REPRESENTATION_CONTEXT('2D SPACE',''
  ) );
#2294 = ORIENTED_EDGE('',*,*,#2295,.T.);
#2295 = EDGE_CURVE('',#2273,#2296,#2298,.T.);
#2296 = VERTEX_POINT('',#2297);
#2297 = CARTESIAN_POINT('',(-1.,72.,15.899494936612));
#2298 = SURFACE_CURVE('',#2299,(#2303,#2310),.PCURVE_S1.);
#2299 = LINE('',#2300,#2301);
#2300 = CARTESIAN_POINT('',(40.,72.,15.899494936612));
#2301 = VECTOR('',#2302,1.);
#2302 = DIRECTION('',(-1.,0.,0.));
#2303 = PCURVE('',#72,#2304);
#2304 = DEFINITIONAL_REPRESENTATION('',(#2305),#2309);
#2305 = LINE('',#2306,#2307);
#2306 = CARTESIAN_POINT('',(40.,33.451479055288));
#2307 = VECTOR('',#2308,1.);
#2308 = DIRECTION('',(-1.,0.));
#2309 = ( GEOMETRIC_REPRESENTATION_CONTEXT(2) 
PARAMETRIC_REPRESENTATION_CONTEXT() REPRESENTATION_CONTEXT('2D SPACE',''
  ) );
#2310 = PCURVE('',#1142,#2311);
#2311 = DEFINITIONAL_REPRESENTATION('',(#2312),#2316);
#2312 = LINE('',#2313,#2314);
#2313 = CARTESIAN_POINT('',(0.,-12.));
#2314 = VECTOR('',#2315,1.);
#2315 = DIRECTION('',(1.,0.));
#2316 = ( GEOMETRIC_REPRESENTATION_CONTEXT(2) 
PARAMETRIC_REPRESENTATION_CONTEXT() REPRESENTATION_CONTEXT('2D SPACE',''
  ) );
#2317 = ORIENTED_EDGE('',*,*,#2318,.T.);
#2318 = EDGE_CURVE('',#2296,#2319,#2321,.T.);
#2319 = VERTEX_POINT('',#2320);
#2320 = CARTESIAN_POINT('',(-1.,78.,15.899494936612));
#2321 = SURFACE_CURVE('',#2322,(#2326,#2333),.PCURVE_S1.);
#2322 = LINE('',#2323,#2324);
#2323 = CARTESIAN_POINT('',(-1.,68.,15.899494936612));
#2324 = VECTOR('',#2325,1.);
#2325 = DIRECTION('',(0.,1.,0.));
#2326 = PCURVE('',#72,#2327);
#2327 = DEFINITIONAL_REPRESENTATION('',(#2328),#2332);
#2328 = LINE('',#2329,#2330);
#2329 = CARTESIAN_POINT('',(-1.,29.451479055288));
#2330 = VECTOR('',#2331,1.);
#2331 = DIRECTION('',(0.,1.));
#2332 = ( GEOMETRIC_REPRESENTATION_CONTEXT(2) 
PARAMETRIC_REPRESENTATION_CONTEXT() REPRESENTATION_CONTEXT('2D SPACE',''
  ) );
#2333 = PCURVE('',#1170,#2334);
#2334 = DEFINITIONAL_REPRESENTATION('',(#2335),#2339);
#2335 = LINE('',#2336,#2337);
#2336 = CARTESIAN_POINT('',(6.,10.));
#2337 = VECTOR('',#2338,1.);
#2338 = DIRECTION('',(0.,-1.));
#2339 = ( GEOMETRIC_REPRESENTATION_CONTEXT(2) 
PARAMETRIC_REPRESENTATION_CONTEXT() REPRESENTATION_CONTEXT('2D SPACE',''
  ) );
#2340 = ORIENTED_EDGE('',*,*,#2341,.F.);
#2341 = EDGE_CURVE('',#2342,#2319,#2344,.T.);
#2342 = VERTEX_POINT('',#2343);
#2343 = CARTESIAN_POINT('',(-5.,78.,15.899494936612));
#2344 = SURFACE_CURVE('',#2345,(#2349,#2356),.PCURVE_S1.);
#2345 = LINE('',#2346,#2347);
#2346 = CARTESIAN_POINT('',(-5.,78.,15.899494936612));
#2347 = VECTOR('',#2348,1.);
#2348 = DIRECTION('',(1.,0.,0.));
#2349 = PCURVE('',#72,#2350);
#2350 = DEFINITIONAL_REPRESENTATION('',(#2351),#2355);
#2351 = LINE('',#2352,#2353);
#2352 = CARTESIAN_POINT('',(-5.,39.451479055288));
#2353 = VECTOR('',#2354,1.);
#2354 = DIRECTION('',(1.,0.));
#2355 = ( GEOMETRIC_REPRESENTATION_CONTEXT(2) 
PARAMETRIC_REPRESENTATION_CONTEXT() REPRESENTATION_CONTEXT('2D SPACE',''
  ) );
#2356 = PCURVE('',#2357,#2362);
#2357 = PLANE('',#2358);
#2358 = AXIS2_PLACEMENT_3D('',#2359,#2360,#2361);
#2359 = CARTESIAN_POINT('',(-5.,78.,3.899494936612));
#2360 = DIRECTION('',(0.,1.,0.));
#2361 = DIRECTION('',(0.,0.,1.));
#2362 = DEFINITIONAL_REPRESENTATION('',(#2363),#2367);
#2363 = LINE('',#2364,#2365);
#2364 = CARTESIAN_POINT('',(12.,0.));
#2365 = VECTOR('',#2366,1.);
#2366 = DIRECTION('',(0.,1.));
#2367 = ( GEOMETRIC_REPRESENTATION_CONTEXT(2) 
PARAMETRIC_REPRESENTATION_CONTEXT() REPRESENTATION_CONTEXT('2D SPACE',''
  ) );
#2368 = ORIENTED_EDGE('',*,*,#2369,.F.);
#2369 = EDGE_CURVE('',#2370,#2342,#2372,.T.);
#2370 = VERTEX_POINT('',#2371);
#2371 = CARTESIAN_POINT('',(-5.,72.,15.899494936612));
#2372 = SURFACE_CURVE('',#2373,(#2377,#2384),.PCURVE_S1.);
#2373 = LINE('',#2374,#2375);
#2374 = CARTESIAN_POINT('',(-5.,68.,15.899494936612));
#2375 = VECTOR('',#2376,1.);
#2376 = DIRECTION('',(0.,1.,0.));
#2377 = PCURVE('',#72,#2378);
#2378 = DEFINITIONAL_REPRESENTATION('',(#2379),#2383);
#2379 = LINE('',#2380,#2381);
#2380 = CARTESIAN_POINT('',(-5.,29.451479055288));
#2381 = VECTOR('',#2382,1.);
#2382 = DIRECTION('',(0.,1.));
#2383 = ( GEOMETRIC_REPRESENTATION_CONTEXT(2) 
PARAMETRIC_REPRESENTATION_CONTEXT() REPRESENTATION_CONTEXT('2D SPACE',''
  ) );
#2384 = PCURVE('',#1226,#2385);
#2385 = DEFINITIONAL_REPRESENTATION('',(#2386),#2390);
#2386 = LINE('',#2387,#2388);
#2387 = CARTESIAN_POINT('',(6.,10.));
#2388 = VECTOR('',#2389,1.);
#2389 = DIRECTION('',(0.,-1.));
#2390 = ( GEOMETRIC_REPRESENTATION_CONTEXT(2) 
PARAMETRIC_REPRESENTATION_CONTEXT() REPRESENTATION_CONTEXT('2D SPACE',''
  ) );
#2391 = ORIENTED_EDGE('',*,*,#2392,.T.);
#2392 = EDGE_CURVE('',#2370,#2393,#2395,.T.);
#2393 = VERTEX_POINT('',#2394);
#2394 = CARTESIAN_POINT('',(-13.,72.,15.899494936612));
#2395 = SURFACE_CURVE('',#2396,(#2400,#2407),.PCURVE_S1.);
#2396 = LINE('',#2397,#2398);
#2397 = CARTESIAN_POINT('',(40.,72.,15.899494936612));
#2398 = VECTOR('',#2399,1.);
#2399 = DIRECTION('',(-1.,0.,0.));
#2400 = PCURVE('',#72,#2401);
#2401 = DEFINITIONAL_REPRESENTATION('',(#2402),#2406);
#2402 = LINE('',#2403,#2404);
#2403 = CARTESIAN_POINT('',(40.,33.451479055288));
#2404 = VECTOR('',#2405,1.);
#2405 = DIRECTION('',(-1.,0.));
#2406 = ( GEOMETRIC_REPRESENTATION_CONTEXT(2) 
PARAMETRIC_REPRESENTATION_CONTEXT() REPRESENTATION_CONTEXT('2D SPACE',''
  ) );
#2407 = PCURVE('',#1254,#2408);
#2408 = DEFINITIONAL_REPRESENTATION('',(#2409),#2413);
#2409 = LINE('',#2410,#2411);
#2410 = CARTESIAN_POINT('',(0.,-12.));
#2411 = VECTOR('',#2412,1.);
#2412 = DIRECTION('',(1.,0.));
#2413 = ( GEOMETRIC_REPRESENTATION_CONTEXT(2) 
PARAMETRIC_REPRESENTATION_CONTEXT() REPRESENTATION_CONTEXT('2D SPACE',''
  ) );
#2414 = ORIENTED_EDGE('',*,*,#2415,.T.);
#2415 = EDGE_CURVE('',#2393,#2416,#2418,.T.);
#2416 = VERTEX_POINT('',#2417);
#2417 = CARTESIAN_POINT('',(-13.,78.,15.899494936612));
#2418 = SURFACE_CURVE('',#2419,(#2423,#2430),.PCURVE_S1.);
#2419 = LINE('',#2420,#2421);
#2420 = CARTESIAN_POINT('',(-13.,68.,15.899494936612));
#2421 = VECTOR('',#2422,1.);
#2422 = DIRECTION('',(0.,1.,0.));
#2423 = PCURVE('',#72,#2424);
#2424 = DEFINITIONAL_REPRESENTATION('',(#2425),#2429);
#2425 = LINE('',#2426,#2427);
#2426 = CARTESIAN_POINT('',(-13.,29.451479055288));
#2427 = VECTOR('',#2428,1.);
#2428 = DIRECTION('',(0.,1.));
#2429 = ( GEOMETRIC_REPRESENTATION_CONTEXT(2) 
PARAMETRIC_REPRESENTATION_CONTEXT() REPRESENTATION_CONTEXT('2D SPACE',''
  ) );
#2430 = PCURVE('',#1282,#2431);
#2431 = DEFINITIONAL_REPRESENTATION('',(#2432),#2436);
#2432 = LINE('',#2433,#2434);
#2433 = CARTESIAN_POINT('',(6.,10.));
#2434 = VECTOR('',#2435,1.);
#2435 = DIRECTION('',(0.,-1.));
#2436 = ( GEOMETRIC_REPRESENTATION_CONTEXT(2) 
PARAMETRIC_REPRESENTATION_CONTEXT() REPRESENTATION_CONTEXT('2D SPACE',''
  ) );
#2437 = ORIENTED_EDGE('',*,*,#2438,.F.);
#2438 = EDGE_CURVE('',#2439,#2416,#2441,.T.);
#2439 = VERTEX_POINT('',#2440);
#2440 = CARTESIAN_POINT('',(-17.,78.,15.899494936612));
#2441 = SURFACE_CURVE('',#2442,(#2446,#2453),.PCURVE_S1.);
#2442 = LINE('',#2443,#2444);
#2443 = CARTESIAN_POINT('',(-17.,78.,15.899494936612));
#2444 = VECTOR('',#2445,1.);
#2445 = DIRECTION('',(1.,0.,0.));
#2446 = PCURVE('',#72,#2447);
#2447 = DEFINITIONAL_REPRESENTATION('',(#2448),#2452);
#2448 = LINE('',#2449,#2450);
#2449 = CARTESIAN_POINT('',(-17.,39.451479055288));
#2450 = VECTOR('',#2451,1.);
#2451 = DIRECTION('',(1.,0.));
#2452 = ( GEOMETRIC_REPRESENTATION_CONTEXT(2) 
PARAMETRIC_REPRESENTATION_CONTEXT() REPRESENTATION_CONTEXT('2D SPACE',''
  ) );
#2453 = PCURVE('',#2454,#2459);
#2454 = PLANE('',#2455);
#2455 = AXIS2_PLACEMENT_3D('',#2456,#2457,#2458);
#2456 = CARTESIAN_POINT('',(-17.,78.,3.899494936612));
#2457 = DIRECTION('',(0.,1.,0.));
#2458 = DIRECTION('',(0.,0.,1.));
#2459 = DEFINITIONAL_REPRESENTATION('',(#2460),#2464);
#2460 = LINE('',#2461,#2462);
#2461 = CARTESIAN_POINT('',(12.,0.));
#2462 = VECTOR('',#2463,1.);
#2463 = DIRECTION('',(0.,1.));
#2464 = ( GEOMETRIC_REPRESENTATION_CONTEXT(2) 
PARAMETRIC_REPRESENTATION_CONTEXT() REPRESENTATION_CONTEXT('2D SPACE',''
  ) );
#2465 = ORIENTED_EDGE('',*,*,#2466,.F.);
#2466 = EDGE_CURVE('',#2467,#2439,#2469,.T.);
#2467 = VERTEX_POINT('',#2468);
#2468 = CARTESIAN_POINT('',(-17.,72.,15.899494936612));
#2469 = SURFACE_CURVE('',#2470,(#2474,#2481),.PCURVE_S1.);
#2470 = LINE('',#2471,#2472);
#2471 = CARTESIAN_POINT('',(-17.,68.,15.899494936612));
#2472 = VECTOR('',#2473,1.);
#2473 = DIRECTION('',(0.,1.,0.));
#2474 = PCURVE('',#72,#2475);
#2475 = DEFINITIONAL_REPRESENTATION('',(#2476),#2480);
#2476 = LINE('',#2477,#2478);
#2477 = CARTESIAN_POINT('',(-17.,29.451479055288));
#2478 = VECTOR('',#2479,1.);
#2479 = DIRECTION('',(0.,1.));
#2480 = ( GEOMETRIC_REPRESENTATION_CONTEXT(2) 
PARAMETRIC_REPRESENTATION_CONTEXT() REPRESENTATION_CONTEXT('2D SPACE',''
  ) );
#2481 = PCURVE('',#1338,#2482);
#2482 = DEFINITIONAL_REPRESENTATION('',(#2483),#2487);
#2483 = LINE('',#2484,#2485);
#2484 = CARTESIAN_POINT('',(6.,10.));
#2485 = VECTOR('',#2486,1.);
#2486 = DIRECTION('',(0.,-1.));
#2487 = ( GEOMETRIC_REPRESENTATION_CONTEXT(2) 
PARAMETRIC_REPRESENTATION_CONTEXT() REPRESENTATION_CONTEXT('2D SPACE',''
  ) );
#2488 = ORIENTED_EDGE('',*,*,#2489,.T.);
#2489 = EDGE_CURVE('',#2467,#2490,#2492,.T.);
#2490 = VERTEX_POINT('',#2491);
#2491 = CARTESIAN_POINT('',(-19.,72.,15.899494936612));
#2492 = SURFACE_CURVE('',#2493,(#2497,#2504),.PCURVE_S1.);
#2493 = LINE('',#2494,#2495);
#2494 = CARTESIAN_POINT('',(40.,72.,15.899494936612));
#2495 = VECTOR('',#2496,1.);
#2496 = DIRECTION('',(-1.,0.,0.));
#2497 = PCURVE('',#72,#2498);
#2498 = DEFINITIONAL_REPRESENTATION('',(#2499),#2503);
#2499 = LINE('',#2500,#2501);
#2500 = CARTESIAN_POINT('',(40.,33.451479055288));
#2501 = VECTOR('',#2502,1.);
#2502 = DIRECTION('',(-1.,0.));
#2503 = ( GEOMETRIC_REPRESENTATION_CONTEXT(2) 
PARAMETRIC_REPRESENTATION_CONTEXT() REPRESENTATION_CONTEXT('2D SPACE',''
  ) );
#2504 = PCURVE('',#1366,#2505);
#2505 = DEFINITIONAL_REPRESENTATION('',(#2506),#2510);
#2506 = LINE('',#2507,#2508);
#2507 = CARTESIAN_POINT('',(0.,-12.));
#2508 = VECTOR('',#2509,1.);
#2509 = DIRECTION('',(1.,0.));
#2510 = ( GEOMETRIC_REPRESENTATION_CONTEXT(2) 
PARAMETRIC_REPRESENTATION_CONTEXT() REPRESENTATION_CONTEXT('2D SPACE',''
  ) );
#2511 = ORIENTED_EDGE('',*,*,#2512,.T.);
#2512 = EDGE_CURVE('',#2490,#2513,#2515,.T.);
#2513 = VERTEX_POINT('',#2514);
#2514 = CARTESIAN_POINT('',(-19.,78.,15.899494936612));
#2515 = SURFACE_CURVE('',#2516,(#2520,#2527),.PCURVE_S1.);
#2516 = LINE('',#2517,#2518);
#2517 = CARTESIAN_POINT('',(-19.,68.,15.899494936612));
#2518 = VECTOR('',#2519,1.);
#2519 = DIRECTION('',(0.,1.,0.));
#2520 = PCURVE('',#72,#2521);
#2521 = DEFINITIONAL_REPRESENTATION('',(#2522),#2526);
#2522 = LINE('',#2523,#2524);
#2523 = CARTESIAN_POINT('',(-19.,29.451479055288));
#2524 = VECTOR('',#2525,1.);
#2525 = DIRECTION('',(0.,1.));
#2526 = ( GEOMETRIC_REPRESENTATION_CONTEXT(2) 
PARAMETRIC_REPRESENTATION_CONTEXT() REPRESENTATION_CONTEXT('2D SPACE',''
  ) );
#2527 = PCURVE('',#1394,#2528);
#2528 = DEFINITIONAL_REPRESENTATION('',(#2529),#2533);
#2529 = LINE('',#2530,#2531);
#2530 = CARTESIAN_POINT('',(6.,10.));
#2531 = VECTOR('',#2532,1.);
#2532 = DIRECTION('',(0.,-1.));
#2533 = ( GEOMETRIC_REPRESENTATION_CONTEXT(2) 
PARAMETRIC_REPRESENTATION_CONTEXT() REPRESENTATION_CONTEXT('2D SPACE',''
  ) );
#2534 = ORIENTED_EDGE('',*,*,#2535,.F.);
#2535 = EDGE_CURVE('',#2536,#2513,#2538,.T.);
#2536 = VERTEX_POINT('',#2537);
#2537 = CARTESIAN_POINT('',(-23.,78.,15.899494936612));
#2538 = SURFACE_CURVE('',#2539,(#2543,#2550),.PCURVE_S1.);
#2539 = LINE('',#2540,#2541);
#2540 = CARTESIAN_POINT('',(-23.,78.,15.899494936612));
#2541 = VECTOR('',#2542,1.);
#2542 = DIRECTION('',(1.,0.,0.));
#2543 = PCURVE('',#72,#2544);
#2544 = DEFINITIONAL_REPRESENTATION('',(#2545),#2549);
#2545 = LINE('',#2546,#2547);
#2546 = CARTESIAN_POINT('',(-23.,39.451479055288));
#2547 = VECTOR('',#2548,1.);
#2548 = DIRECTION('',(1.,0.));
#2549 = ( GEOMETRIC_REPRESENTATION_CONTEXT(2) 
PARAMETRIC_REPRESENTATION_CONTEXT() REPRESENTATION_CONTEXT('2D SPACE',''
  ) );
#2550 = PCURVE('',#2551,#2556);
#2551 = PLANE('',#2552);
#2552 = AXIS2_PLACEMENT_3D('',#2553,#2554,#2555);
#2553 = CARTESIAN_POINT('',(-23.,78.,3.899494936612));
#2554 = DIRECTION('',(0.,1.,0.));
#2555 = DIRECTION('',(0.,0.,1.));
#2556 = DEFINITIONAL_REPRESENTATION('',(#2557),#2561);
#2557 = LINE('',#2558,#2559);
#2558 = CARTESIAN_POINT('',(12.,0.));
#2559 = VECTOR('',#2560,1.);
#2560 = DIRECTION('',(0.,1.));
#2561 = ( GEOMETRIC_REPRESENTATION_CONTEXT(2) 
PARAMETRIC_REPRESENTATION_CONTEXT() REPRESENTATION_CONTEXT('2D SPACE',''
  ) );
#2562 = ORIENTED_EDGE('',*,*,#2563,.F.);
#2563 = EDGE_CURVE('',#2564,#2536,#2566,.T.);
#2564 = VERTEX_POINT('',#2565);
#2565 = CARTESIAN_POINT('',(-23.,72.,15.899494936612));
#2566 = SURFACE_CURVE('',#2567,(#2571,#2578),.PCURVE_S1.);
#2567 = LINE('',#2568,#2569);
#2568 = CARTESIAN_POINT('',(-23.,68.,15.899494936612));
#2569 = VECTOR('',#2570,1.);
#2570 = DIRECTION('',(0.,1.,0.));
#2571 = PCURVE('',#72,#2572);
#2572 = DEFINITIONAL_REPRESENTATION('',(#2573),#2577);
#2573 = LINE('',#2574,#2575);
#2574 = CARTESIAN_POINT('',(-23.,29.451479055288));
#2575 = VECTOR('',#2576,1.);
#2576 = DIRECTION('',(0.,1.));
#2577 = ( GEOMETRIC_REPRESENTATION_CONTEXT(2) 
PARAMETRIC_REPRESENTATION_CONTEXT() REPRESENTATION_CONTEXT('2D SPACE',''
  ) );
#2578 = PCURVE('',#1450,#2579);
#2579 = DEFINITIONAL_REPRESENTATION('',(#2580),#2584);
#2580 = LINE('',#2581,#2582);
#2581 = CARTESIAN_POINT('',(6.,10.));
#2582 = VECTOR('',#2583,1.);
#2583 = DIRECTION('',(0.,-1.));
#2584 = ( GEOMETRIC_REPRESENTATION_CONTEXT(2) 
PARAMETRIC_REPRESENTATION_CONTEXT() REPRESENTATION_CONTEXT('2D SPACE',''
  ) );
#2585 = ORIENTED_EDGE('',*,*,#2586,.T.);
#2586 = EDGE_CURVE('',#2564,#2587,#2589,.T.);
#2587 = VERTEX_POINT('',#2588);
#2588 = CARTESIAN_POINT('',(-31.,72.,15.899494936612));
#2589 = SURFACE_CURVE('',#2590,(#2594,#2601),.PCURVE_S1.);
#2590 = LINE('',#2591,#2592);
#2591 = CARTESIAN_POINT('',(40.,72.,15.899494936612));
#2592 = VECTOR('',#2593,1.);
#2593 = DIRECTION('',(-1.,0.,0.));
#2594 = PCURVE('',#72,#2595);
#2595 = DEFINITIONAL_REPRESENTATION('',(#2596),#2600);
#2596 = LINE('',#2597,#2598);
#2597 = CARTESIAN_POINT('',(40.,33.451479055288));
#2598 = VECTOR('',#2599,1.);
#2599 = DIRECTION('',(-1.,0.));
#2600 = ( GEOMETRIC_REPRESENTATION_CONTEXT(2) 
PARAMETRIC_REPRESENTATION_CONTEXT() REPRESENTATION_CONTEXT('2D SPACE',''
  ) );
#2601 = PCURVE('',#1478,#2602);
#2602 = DEFINITIONAL_REPRESENTATION('',(#2603),#2607);
#2603 = LINE('',#2604,#2605);
#2604 = CARTESIAN_POINT('',(0.,-12.));
#2605 = VECTOR('',#2606,1.);
#2606 = DIRECTION('',(1.,0.));
#2607 = ( GEOMETRIC_REPRESENTATION_CONTEXT(2) 
PARAMETRIC_REPRESENTATION_CONTEXT() REPRESENTATION_CONTEXT('2D SPACE',''
  ) );
#2608 = ORIENTED_EDGE('',*,*,#2609,.T.);
#2609 = EDGE_CURVE('',#2587,#2610,#2612,.T.);
#2610 = VERTEX_POINT('',#2611);
#2611 = CARTESIAN_POINT('',(-31.,78.,15.899494936612));
#2612 = SURFACE_CURVE('',#2613,(#2617,#2624),.PCURVE_S1.);
#2613 = LINE('',#2614,#2615);
#2614 = CARTESIAN_POINT('',(-31.,68.,15.899494936612));
#2615 = VECTOR('',#2616,1.);
#2616 = DIRECTION('',(0.,1.,0.));
#2617 = PCURVE('',#72,#2618);
#2618 = DEFINITIONAL_REPRESENTATION('',(#2619),#2623);
#2619 = LINE('',#2620,#2621);
#2620 = CARTESIAN_POINT('',(-31.,29.451479055288));
#2621 = VECTOR('',#2622,1.);
#2622 = DIRECTION('',(0.,1.));
#2623 = ( GEOMETRIC_REPRESENTATION_CONTEXT(2) 
PARAMETRIC_REPRESENTATION_CONTEXT() REPRESENTATION_CONTEXT('2D SPACE',''
  ) );
#2624 = PCURVE('',#1506,#2625);
#2625 = DEFINITIONAL_REPRESENTATION('',(#2626),#2630);
#2626 = LINE('',#2627,#2628);
#2627 = CARTESIAN_POINT('',(6.,10.));
#2628 = VECTOR('',#2629,1.);
#2629 = DIRECTION('',(0.,-1.));
#2630 = ( GEOMETRIC_REPRESENTATION_CONTEXT(2) 
PARAMETRIC_REPRESENTATION_CONTEXT() REPRESENTATION_CONTEXT('2D SPACE',''
  ) );
#2631 = ORIENTED_EDGE('',*,*,#2632,.F.);
#2632 = EDGE_CURVE('',#1736,#2610,#2633,.T.);
#2633 = SURFACE_CURVE('',#2634,(#2638,#2645),.PCURVE_S1.);
#2634 = LINE('',#2635,#2636);
#2635 = CARTESIAN_POINT('',(-35.,78.,15.899494936612));
#2636 = VECTOR('',#2637,1.);
#2637 = DIRECTION('',(1.,0.,0.));
#2638 = PCURVE('',#72,#2639);
#2639 = DEFINITIONAL_REPRESENTATION('',(#2640),#2644);
#2640 = LINE('',#2641,#2642);
#2641 = CARTESIAN_POINT('',(-35.,39.451479055288));
#2642 = VECTOR('',#2643,1.);
#2643 = DIRECTION('',(1.,0.));
#2644 = ( GEOMETRIC_REPRESENTATION_CONTEXT(2) 
PARAMETRIC_REPRESENTATION_CONTEXT() REPRESENTATION_CONTEXT('2D SPACE',''
  ) );
#2645 = PCURVE('',#2646,#2651);
#2646 = PLANE('',#2647);
#2647 = AXIS2_PLACEMENT_3D('',#2648,#2649,#2650);
#2648 = CARTESIAN_POINT('',(-35.,78.,3.899494936612));
#2649 = DIRECTION('',(0.,1.,0.));
#2650 = DIRECTION('',(0.,0.,1.));
#2651 = DEFINITIONAL_REPRESENTATION('',(#2652),#2656);
#2652 = LINE('',#2653,#2654);
#2653 = CARTESIAN_POINT('',(12.,0.));
#2654 = VECTOR('',#2655,1.);
#2655 = DIRECTION('',(0.,1.));
#2656 = ( GEOMETRIC_REPRESENTATION_CONTEXT(2) 
PARAMETRIC_REPRESENTATION_CONTEXT() REPRESENTATION_CONTEXT('2D SPACE',''
  ) );
#2657 = FACE_BOUND('',#2658,.T.);
#2658 = EDGE_LOOP('',(#2659));
#2659 = ORIENTED_EDGE('',*,*,#2660,.T.);
#2660 = EDGE_CURVE('',#2661,#2661,#2663,.T.);
#2661 = VERTEX_POINT('',#2662);
#2662 = CARTESIAN_POINT('',(-15.8,10.,15.899494936612));
#2663 = SURFACE_CURVE('',#2664,(#2669,#2680),.PCURVE_S1.);
#2664 = CIRCLE('',#2665,2.2);
#2665 = AXIS2_PLACEMENT_3D('',#2666,#2667,#2668);
#2666 = CARTESIAN_POINT('',(-18.,10.,15.899494936612));
#2667 = DIRECTION('',(0.,0.,-1.));
#2668 = DIRECTION('',(1.,0.,0.));
#2669 = PCURVE('',#72,#2670);
#2670 = DEFINITIONAL_REPRESENTATION('',(#2671),#2679);
#2671 = ( BOUNDED_CURVE() B_SPLINE_CURVE(2,(#2672,#2673,#2674,#2675,
#2676,#2677,#2678),.UNSPECIFIED.,.T.,.F.) B_SPLINE_CURVE_WITH_KNOTS((1,2
    ,2,2,2,1),(-2.094395102393,0.,2.094395102393,4.188790204786,
6.28318530718,8.377580409573),.UNSPECIFIED.) CURVE() 
GEOMETRIC_REPRESENTATION_ITEM() RATIONAL_B_SPLINE_CURVE((1.,0.5,1.,0.5,
1.,0.5,1.)) REPRESENTATION_ITEM('') );
#2672 = CARTESIAN_POINT('',(-15.8,-28.54852094471));
#2673 = CARTESIAN_POINT('',(-15.8,-32.35903272136));
#2674 = CARTESIAN_POINT('',(-19.1,-30.45377683303));
#2675 = CARTESIAN_POINT('',(-22.4,-28.54852094471));
#2676 = CARTESIAN_POINT('',(-19.1,-26.64326505638));
#2677 = CARTESIAN_POINT('',(-15.8,-24.73800916806));
#2678 = CARTESIAN_POINT('',(-15.8,-28.54852094471));
#2679 = ( GEOMETRIC_REPRESENTATION_CONTEXT(2) 
PARAMETRIC_REPRESENTATION_CONTEXT() REPRESENTATION_CONTEXT('2D SPACE',''
  ) );
#2680 = PCURVE('',#1563,#2681);
#2681 = DEFINITIONAL_REPRESENTATION('',(#2682),#2686);
#2682 = LINE('',#2683,#2684);
#2683 = CARTESIAN_POINT('',(-6.28318530718,-12.));
#2684 = VECTOR('',#2685,1.);
#2685 = DIRECTION('',(1.,-0.));
#2686 = ( GEOMETRIC_REPRESENTATION_CONTEXT(2) 
PARAMETRIC_REPRESENTATION_CONTEXT() REPRESENTATION_CONTEXT('2D SPACE',''
  ) );
#2687 = FACE_BOUND('',#2688,.T.);
#2688 = EDGE_LOOP('',(#2689));
#2689 = ORIENTED_EDGE('',*,*,#2690,.T.);
#2690 = EDGE_CURVE('',#2691,#2691,#2693,.T.);
#2691 = VERTEX_POINT('',#2692);
#2692 = CARTESIAN_POINT('',(20.2,10.,15.899494936612));
#2693 = SURFACE_CURVE('',#2694,(#2699,#2710),.PCURVE_S1.);
#2694 = CIRCLE('',#2695,2.2);
#2695 = AXIS2_PLACEMENT_3D('',#2696,#2697,#2698);
#2696 = CARTESIAN_POINT('',(18.,10.,15.899494936612));
#2697 = DIRECTION('',(0.,0.,-1.));
#2698 = DIRECTION('',(1.,0.,0.));
#2699 = PCURVE('',#72,#2700);
#2700 = DEFINITIONAL_REPRESENTATION('',(#2701),#2709);
#2701 = ( BOUNDED_CURVE() B_SPLINE_CURVE(2,(#2702,#2703,#2704,#2705,
#2706,#2707,#2708),.UNSPECIFIED.,.T.,.F.) B_SPLINE_CURVE_WITH_KNOTS((1,2
    ,2,2,2,1),(-2.094395102393,0.,2.094395102393,4.188790204786,
6.28318530718,8.377580409573),.UNSPECIFIED.) CURVE() 
GEOMETRIC_REPRESENTATION_ITEM() RATIONAL_B_SPLINE_CURVE((1.,0.5,1.,0.5,
1.,0.5,1.)) REPRESENTATION_ITEM('') );
#2702 = CARTESIAN_POINT('',(20.2,-28.54852094471));
#2703 = CARTESIAN_POINT('',(20.2,-32.35903272136));
#2704 = CARTESIAN_POINT('',(16.9,-30.45377683303));
#2705 = CARTESIAN_POINT('',(13.6,-28.54852094471));
#2706 = CARTESIAN_POINT('',(16.9,-26.64326505638));
#2707 = CARTESIAN_POINT('',(20.2,-24.73800916806));
#2708 = CARTESIAN_POINT('',(20.2,-28.54852094471));
#2709 = ( GEOMETRIC_REPRESENTATION_CONTEXT(2) 
PARAMETRIC_REPRESENTATION_CONTEXT() REPRESENTATION_CONTEXT('2D SPACE',''
  ) );
#2710 = PCURVE('',#1594,#2711);
#2711 = DEFINITIONAL_REPRESENTATION('',(#2712),#2716);
#2712 = LINE('',#2713,#2714);
#2713 = CARTESIAN_POINT('',(-6.28318530718,-12.));
#2714 = VECTOR('',#2715,1.);
#2715 = DIRECTION('',(1.,-0.));
#2716 = ( GEOMETRIC_REPRESENTATION_CONTEXT(2) 
PARAMETRIC_REPRESENTATION_CONTEXT() REPRESENTATION_CONTEXT('2D SPACE',''
  ) );
#2717 = FACE_BOUND('',#2718,.T.);
#2718 = EDGE_LOOP('',(#2719));
#2719 = ORIENTED_EDGE('',*,*,#2720,.T.);
#2720 = EDGE_CURVE('',#2721,#2721,#2723,.T.);
#2721 = VERTEX_POINT('',#2722);
#2722 = CARTESIAN_POINT('',(-25.8,65.,15.899494936612));
#2723 = SURFACE_CURVE('',#2724,(#2729,#2740),.PCURVE_S1.);
#2724 = CIRCLE('',#2725,1.2);
#2725 = AXIS2_PLACEMENT_3D('',#2726,#2727,#2728);
#2726 = CARTESIAN_POINT('',(-27.,65.,15.899494936612));
#2727 = DIRECTION('',(0.,0.,-1.));
#2728 = DIRECTION('',(1.,0.,0.));
#2729 = PCURVE('',#72,#2730);
#2730 = DEFINITIONAL_REPRESENTATION('',(#2731),#2739);
#2731 = ( BOUNDED_CURVE() B_SPLINE_CURVE(2,(#2732,#2733,#2734,#2735,
#2736,#2737,#2738),.UNSPECIFIED.,.T.,.F.) B_SPLINE_CURVE_WITH_KNOTS((1,2
    ,2,2,2,1),(-2.094395102393,0.,2.094395102393,4.188790204786,
6.28318530718,8.377580409573),.UNSPECIFIED.) CURVE() 
GEOMETRIC_REPRESENTATION_ITEM() RATIONAL_B_SPLINE_CURVE((1.,0.5,1.,0.5,
1.,0.5,1.)) REPRESENTATION_ITEM('') );
#2732 = CARTESIAN_POINT('',(-25.8,26.451479055288));
#2733 = CARTESIAN_POINT('',(-25.8,24.373018086206));
#2734 = CARTESIAN_POINT('',(-27.6,25.412248570747));
#2735 = CARTESIAN_POINT('',(-29.4,26.451479055288));
#2736 = CARTESIAN_POINT('',(-27.6,27.49070953983));
#2737 = CARTESIAN_POINT('',(-25.8,28.529940024371));
#2738 = CARTESIAN_POINT('',(-25.8,26.451479055288));
#2739 = ( GEOMETRIC_REPRESENTATION_CONTEXT(2) 
PARAMETRIC_REPRESENTATION_CONTEXT() REPRESENTATION_CONTEXT('2D SPACE',''
  ) );
#2740 = PCURVE('',#1625,#2741);
#2741 = DEFINITIONAL_REPRESENTATION('',(#2742),#2746);
#2742 = LINE('',#2743,#2744);
#2743 = CARTESIAN_POINT('',(-6.28318530718,-12.));
#2744 = VECTOR('',#2745,1.);
#2745 = DIRECTION('',(1.,-0.));
#2746 = ( GEOMETRIC_REPRESENTATION_CONTEXT(2) 
PARAMETRIC_REPRESENTATION_CONTEXT() REPRESENTATION_CONTEXT('2D SPACE',''
  ) );
#2747 = FACE_BOUND('',#2748,.T.);
#2748 = EDGE_LOOP('',(#2749));
#2749 = ORIENTED_EDGE('',*,*,#2750,.T.);
#2750 = EDGE_CURVE('',#2751,#2751,#2753,.T.);
#2751 = VERTEX_POINT('',#2752);
#2752 = CARTESIAN_POINT('',(-7.8,65.,15.899494936612));
#2753 = SURFACE_CURVE('',#2754,(#2759,#2770),.PCURVE_S1.);
#2754 = CIRCLE('',#2755,1.2);
#2755 = AXIS2_PLACEMENT_3D('',#2756,#2757,#2758);
#2756 = CARTESIAN_POINT('',(-9.,65.,15.899494936612));
#2757 = DIRECTION('',(0.,0.,-1.));
#2758 = DIRECTION('',(1.,0.,0.));
#2759 = PCURVE('',#72,#2760);
#2760 = DEFINITIONAL_REPRESENTATION('',(#2761),#2769);
#2761 = ( BOUNDED_CURVE() B_SPLINE_CURVE(2,(#2762,#2763,#2764,#2765,
#2766,#2767,#2768),.UNSPECIFIED.,.T.,.F.) B_SPLINE_CURVE_WITH_KNOTS((1,2
    ,2,2,2,1),(-2.094395102393,0.,2.094395102393,4.188790204786,
6.28318530718,8.377580409573),.UNSPECIFIED.) CURVE() 
GEOMETRIC_REPRESENTATION_ITEM() RATIONAL_B_SPLINE_CURVE((1.,0.5,1.,0.5,
1.,0.5,1.)) REPRESENTATION_ITEM('') );
#2762 = CARTESIAN_POINT('',(-7.8,26.451479055288));
#2763 = CARTESIAN_POINT('',(-7.8,24.373018086206));
#2764 = CARTESIAN_POINT('',(-9.6,25.412248570747));
#2765 = CARTESIAN_POINT('',(-11.4,26.451479055288));
#2766 = CARTESIAN_POINT('',(-9.6,27.49070953983));
#2767 = CARTESIAN_POINT('',(-7.8,28.529940024371));
#2768 = CARTESIAN_POINT('',(-7.8,26.451479055288));
#2769 = ( GEOMETRIC_REPRESENTATION_CONTEXT(2) 
PARAMETRIC_REPRESENTATION_CONTEXT() REPRESENTATION_CONTEXT('2D SPACE',''
  ) );
#2770 = PCURVE('',#1656,#2771);
#2771 = DEFINITIONAL_REPRESENTATION('',(#2772),#2776);
#2772 = LINE('',#2773,#2774);
#2773 = CARTESIAN_POINT('',(-6.28318530718,-12.));
#2774 = VECTOR('',#2775,1.);
#2775 = DIRECTION('',(1.,-0.));
#2776 = ( GEOMETRIC_REPRESENTATION_CONTEXT(2) 
PARAMETRIC_REPRESENTATION_CONTEXT() REPRESENTATION_CONTEXT('2D SPACE',''
  ) );
#2777 = FACE_BOUND('',#2778,.T.);
#2778 = EDGE_LOOP('',(#2779));
#2779 = ORIENTED_EDGE('',*,*,#2780,.T.);
#2780 = EDGE_CURVE('',#2781,#2781,#2783,.T.);
#2781 = VERTEX_POINT('',#2782);
#2782 = CARTESIAN_POINT('',(10.2,65.,15.899494936612));
#2783 = SURFACE_CURVE('',#2784,(#2789,#2800),.PCURVE_S1.);
#2784 = CIRCLE('',#2785,1.2);
#2785 = AXIS2_PLACEMENT_3D('',#2786,#2787,#2788);
#2786 = CARTESIAN_POINT('',(9.,65.,15.899494936612));
#2787 = DIRECTION('',(0.,0.,-1.));
#2788 = DIRECTION('',(1.,0.,0.));
#2789 = PCURVE('',#72,#2790);
#2790 = DEFINITIONAL_REPRESENTATION('',(#2791),#2799);
#2791 = ( BOUNDED_CURVE() B_SPLINE_CURVE(2,(#2792,#2793,#2794,#2795,
#2796,#2797,#2798),.UNSPECIFIED.,.T.,.F.) B_SPLINE_CURVE_WITH_KNOTS((1,2
    ,2,2,2,1),(-2.094395102393,0.,2.094395102393,4.188790204786,
6.28318530718,8.377580409573),.UNSPECIFIED.) CURVE() 
GEOMETRIC_REPRESENTATION_ITEM() RATIONAL_B_SPLINE_CURVE((1.,0.5,1.,0.5,
1.,0.5,1.)) REPRESENTATION_ITEM('') );
#2792 = CARTESIAN_POINT('',(10.2,26.451479055288));
#2793 = CARTESIAN_POINT('',(10.2,24.373018086206));
#2794 = CARTESIAN_POINT('',(8.4,25.412248570747));
#2795 = CARTESIAN_POINT('',(6.6,26.451479055288));
#2796 = CARTESIAN_POINT('',(8.4,27.49070953983));
#2797 = CARTESIAN_POINT('',(10.2,28.529940024371));
#2798 = CARTESIAN_POINT('',(10.2,26.451479055288));
#2799 = ( GEOMETRIC_REPRESENTATION_CONTEXT(2) 
PARAMETRIC_REPRESENTATION_CONTEXT() REPRESENTATION_CONTEXT('2D SPACE',''
  ) );
#2800 = PCURVE('',#1687,#2801);
#2801 = DEFINITIONAL_REPRESENTATION('',(#2802),#2806);
#2802 = LINE('',#2803,#2804);
#2803 = CARTESIAN_POINT('',(-6.28318530718,-12.));
#2804 = VECTOR('',#2805,1.);
#2805 = DIRECTION('',(1.,-0.));
#2806 = ( GEOMETRIC_REPRESENTATION_CONTEXT(2) 
PARAMETRIC_REPRESENTATION_CONTEXT() REPRESENTATION_CONTEXT('2D SPACE',''
  ) );
#2807 = FACE_BOUND('',#2808,.T.);
#2808 = EDGE_LOOP('',(#2809));
#2809 = ORIENTED_EDGE('',*,*,#2810,.T.);
#2810 = EDGE_CURVE('',#2811,#2811,#2813,.T.);
#2811 = VERTEX_POINT('',#2812);
#2812 = CARTESIAN_POINT('',(28.2,65.,15.899494936612));
#2813 = SURFACE_CURVE('',#2814,(#2819,#2830),.PCURVE_S1.);
#2814 = CIRCLE('',#2815,1.2);
#2815 = AXIS2_PLACEMENT_3D('',#2816,#2817,#2818);
#2816 = CARTESIAN_POINT('',(27.,65.,15.899494936612));
#2817 = DIRECTION('',(0.,0.,-1.));
#2818 = DIRECTION('',(1.,0.,0.));
#2819 = PCURVE('',#72,#2820);
#2820 = DEFINITIONAL_REPRESENTATION('',(#2821),#2829);
#2821 = ( BOUNDED_CURVE() B_SPLINE_CURVE(2,(#2822,#2823,#2824,#2825,
#2826,#2827,#2828),.UNSPECIFIED.,.T.,.F.) B_SPLINE_CURVE_WITH_KNOTS((1,2
    ,2,2,2,1),(-2.094395102393,0.,2.094395102393,4.188790204786,
6.28318530718,8.377580409573),.UNSPECIFIED.) CURVE() 
GEOMETRIC_REPRESENTATION_ITEM() RATIONAL_B_SPLINE_CURVE((1.,0.5,1.,0.5,
1.,0.5,1.)) REPRESENTATION_ITEM('') );
#2822 = CARTESIAN_POINT('',(28.2,26.451479055288));
#2823 = CARTESIAN_POINT('',(28.2,24.373018086206));
#2824 = CARTESIAN_POINT('',(26.4,25.412248570747));
#2825 = CARTESIAN_POINT('',(24.6,26.451479055288));
#2826 = CARTESIAN_POINT('',(26.4,27.49070953983));
#2827 = CARTESIAN_POINT('',(28.2,28.529940024371));
#2828 = CARTESIAN_POINT('',(28.2,26.451479055288));
#2829 = ( GEOMETRIC_REPRESENTATION_CONTEXT(2) 
PARAMETRIC_REPRESENTATION_CONTEXT() REPRESENTATION_CONTEXT('2D SPACE',''
  ) );
#2830 = PCURVE('',#1718,#2831);
#2831 = DEFINITIONAL_REPRESENTATION('',(#2832),#2836);
#2832 = LINE('',#2833,#2834);
#2833 = CARTESIAN_POINT('',(-6.28318530718,-12.));
#2834 = VECTOR('',#2835,1.);
#2835 = DIRECTION('',(1.,-0.));
#2836 = ( GEOMETRIC_REPRESENTATION_CONTEXT(2) 
PARAMETRIC_REPRESENTATION_CONTEXT() REPRESENTATION_CONTEXT('2D SPACE',''
  ) );
#2837 = ADVANCED_FACE('',(#2838),#236,.T.);
#2838 = FACE_BOUND('',#2839,.T.);
#2839 = EDGE_LOOP('',(#2840,#2865,#2886,#2887,#2888,#2911,#2934,#2962,
    #2990,#3013,#3041));
#2840 = ORIENTED_EDGE('',*,*,#2841,.F.);
#2841 = EDGE_CURVE('',#2842,#2844,#2846,.T.);
#2842 = VERTEX_POINT('',#2843);
#2843 = CARTESIAN_POINT('',(-32.68007272319,6.128145258761E-02,
    8.485281374239));
#2844 = VERTEX_POINT('',#2845);
#2845 = CARTESIAN_POINT('',(-53.3632726874,17.416546914124,
    8.485281374239));
#2846 = SURFACE_CURVE('',#2847,(#2851,#2858),.PCURVE_S1.);
#2847 = LINE('',#2848,#2849);
#2848 = CARTESIAN_POINT('',(-32.68007272319,6.128145258761E-02,
    8.485281374239));
#2849 = VECTOR('',#2850,1.);
#2850 = DIRECTION('',(-0.766044443119,0.642787609687,0.));
#2851 = PCURVE('',#236,#2852);
#2852 = DEFINITIONAL_REPRESENTATION('',(#2853),#2857);
#2853 = LINE('',#2854,#2855);
#2854 = CARTESIAN_POINT('',(1.885045137837E-15,-17.));
#2855 = VECTOR('',#2856,1.);
#2856 = DIRECTION('',(-7.138740076725E-18,1.));
#2857 = ( GEOMETRIC_REPRESENTATION_CONTEXT(2) 
PARAMETRIC_REPRESENTATION_CONTEXT() REPRESENTATION_CONTEXT('2D SPACE',''
  ) );
#2858 = PCURVE('',#180,#2859);
#2859 = DEFINITIONAL_REPRESENTATION('',(#2860),#2864);
#2860 = LINE('',#2861,#2862);
#2861 = CARTESIAN_POINT('',(6.,27.));
#2862 = VECTOR('',#2863,1.);
#2863 = DIRECTION('',(-3.538526885512E-17,-1.));
#2864 = ( GEOMETRIC_REPRESENTATION_CONTEXT(2) 
PARAMETRIC_REPRESENTATION_CONTEXT() REPRESENTATION_CONTEXT('2D SPACE',''
  ) );
#2865 = ORIENTED_EDGE('',*,*,#2866,.T.);
#2866 = EDGE_CURVE('',#2842,#193,#2867,.T.);
#2867 = SURFACE_CURVE('',#2868,(#2872,#2879),.PCURVE_S1.);
#2868 = LINE('',#2869,#2870);
#2869 = CARTESIAN_POINT('',(-32.68007272319,6.128145258761E-02,
    8.485281374239));
#2870 = VECTOR('',#2871,1.);
#2871 = DIRECTION('',(0.454519477672,0.54167522042,0.707106781187));
#2872 = PCURVE('',#236,#2873);
#2873 = DEFINITIONAL_REPRESENTATION('',(#2874),#2878);
#2874 = LINE('',#2875,#2876);
#2875 = CARTESIAN_POINT('',(1.885045137837E-15,-17.));
#2876 = VECTOR('',#2877,1.);
#2877 = DIRECTION('',(1.,-3.310849933905E-17));
#2878 = ( GEOMETRIC_REPRESENTATION_CONTEXT(2) 
PARAMETRIC_REPRESENTATION_CONTEXT() REPRESENTATION_CONTEXT('2D SPACE',''
  ) );
#2879 = PCURVE('',#208,#2880);
#2880 = DEFINITIONAL_REPRESENTATION('',(#2881),#2885);
#2881 = LINE('',#2882,#2883);
#2882 = CARTESIAN_POINT('',(12.,1.080438475146E-15));
#2883 = VECTOR('',#2884,1.);
#2884 = DIRECTION('',(-1.014653635757E-17,1.));
#2885 = ( GEOMETRIC_REPRESENTATION_CONTEXT(2) 
PARAMETRIC_REPRESENTATION_CONTEXT() REPRESENTATION_CONTEXT('2D SPACE',''
  ) );
#2886 = ORIENTED_EDGE('',*,*,#220,.F.);
#2887 = ORIENTED_EDGE('',*,*,#1860,.T.);
#2888 = ORIENTED_EDGE('',*,*,#2889,.T.);
#2889 = EDGE_CURVE('',#1833,#2890,#2892,.T.);
#2890 = VERTEX_POINT('',#2891);
#2891 = CARTESIAN_POINT('',(-25.40776108044,8.728084979303,
    19.798989873223));
#2892 = SURFACE_CURVE('',#2893,(#2897,#2904),.PCURVE_S1.);
#2893 = LINE('',#2894,#2895);
#2894 = CARTESIAN_POINT('',(-32.68007272319,6.128145258761E-02,
    8.485281374239));
#2895 = VECTOR('',#2896,1.);
#2896 = DIRECTION('',(0.454519477672,0.54167522042,0.707106781187));
#2897 = PCURVE('',#236,#2898);
#2898 = DEFINITIONAL_REPRESENTATION('',(#2899),#2903);
#2899 = LINE('',#2900,#2901);
#2900 = CARTESIAN_POINT('',(1.885045137837E-15,-17.));
#2901 = VECTOR('',#2902,1.);
#2902 = DIRECTION('',(1.,-3.310849933905E-17));
#2903 = ( GEOMETRIC_REPRESENTATION_CONTEXT(2) 
PARAMETRIC_REPRESENTATION_CONTEXT() REPRESENTATION_CONTEXT('2D SPACE',''
  ) );
#2904 = PCURVE('',#1848,#2905);
#2905 = DEFINITIONAL_REPRESENTATION('',(#2906),#2910);
#2906 = LINE('',#2907,#2908);
#2907 = CARTESIAN_POINT('',(12.,1.080438475146E-15));
#2908 = VECTOR('',#2909,1.);
#2909 = DIRECTION('',(-1.014653635757E-17,1.));
#2910 = ( GEOMETRIC_REPRESENTATION_CONTEXT(2) 
PARAMETRIC_REPRESENTATION_CONTEXT() REPRESENTATION_CONTEXT('2D SPACE',''
  ) );
#2911 = ORIENTED_EDGE('',*,*,#2912,.T.);
#2912 = EDGE_CURVE('',#2890,#2913,#2915,.T.);
#2913 = VERTEX_POINT('',#2914);
#2914 = CARTESIAN_POINT('',(-46.09096104465,26.083350440839,
    19.798989873223));
#2915 = SURFACE_CURVE('',#2916,(#2920,#2927),.PCURVE_S1.);
#2916 = LINE('',#2917,#2918);
#2917 = CARTESIAN_POINT('',(-25.40776108044,8.728084979303,
    19.798989873223));
#2918 = VECTOR('',#2919,1.);
#2919 = DIRECTION('',(-0.766044443119,0.642787609687,0.));
#2920 = PCURVE('',#236,#2921);
#2921 = DEFINITIONAL_REPRESENTATION('',(#2922),#2926);
#2922 = LINE('',#2923,#2924);
#2923 = CARTESIAN_POINT('',(16.,-17.));
#2924 = VECTOR('',#2925,1.);
#2925 = DIRECTION('',(-7.138740076725E-18,1.));
#2926 = ( GEOMETRIC_REPRESENTATION_CONTEXT(2) 
PARAMETRIC_REPRESENTATION_CONTEXT() REPRESENTATION_CONTEXT('2D SPACE',''
  ) );
#2927 = PCURVE('',#1820,#2928);
#2928 = DEFINITIONAL_REPRESENTATION('',(#2929),#2933);
#2929 = LINE('',#2930,#2931);
#2930 = CARTESIAN_POINT('',(12.,1.133562329478E-15));
#2931 = VECTOR('',#2932,1.);
#2932 = DIRECTION('',(-3.538526885512E-17,-1.));
#2933 = ( GEOMETRIC_REPRESENTATION_CONTEXT(2) 
PARAMETRIC_REPRESENTATION_CONTEXT() REPRESENTATION_CONTEXT('2D SPACE',''
  ) );
#2934 = ORIENTED_EDGE('',*,*,#2935,.F.);
#2935 = EDGE_CURVE('',#2936,#2913,#2938,.T.);
#2936 = VERTEX_POINT('',#2937);
#2937 = CARTESIAN_POINT('',(-47.90903895534,23.916649559161,
    16.970562748477));
#2938 = SURFACE_CURVE('',#2939,(#2943,#2950),.PCURVE_S1.);
#2939 = LINE('',#2940,#2941);
#2940 = CARTESIAN_POINT('',(-47.90903895534,23.916649559161,
    16.970562748477));
#2941 = VECTOR('',#2942,1.);
#2942 = DIRECTION('',(0.454519477672,0.54167522042,0.707106781187));
#2943 = PCURVE('',#236,#2944);
#2944 = DEFINITIONAL_REPRESENTATION('',(#2945),#2949);
#2945 = LINE('',#2946,#2947);
#2946 = CARTESIAN_POINT('',(12.,10.));
#2947 = VECTOR('',#2948,1.);
#2948 = DIRECTION('',(1.,-3.310849933905E-17));
#2949 = ( GEOMETRIC_REPRESENTATION_CONTEXT(2) 
PARAMETRIC_REPRESENTATION_CONTEXT() REPRESENTATION_CONTEXT('2D SPACE',''
  ) );
#2950 = PCURVE('',#2951,#2956);
#2951 = PLANE('',#2952);
#2952 = AXIS2_PLACEMENT_3D('',#2953,#2954,#2955);
#2953 = CARTESIAN_POINT('',(-42.45480522328,30.416752204197,
    8.485281374239));
#2954 = DIRECTION('',(-0.766044443119,0.642787609687,0.));
#2955 = DIRECTION('',(-0.454519477672,-0.54167522042,0.707106781187));
#2956 = DEFINITIONAL_REPRESENTATION('',(#2957),#2961);
#2957 = LINE('',#2958,#2959);
#2958 = CARTESIAN_POINT('',(12.,2.336512442093E-15));
#2959 = VECTOR('',#2960,1.);
#2960 = DIRECTION('',(-1.014653635757E-17,1.));
#2961 = ( GEOMETRIC_REPRESENTATION_CONTEXT(2) 
PARAMETRIC_REPRESENTATION_CONTEXT() REPRESENTATION_CONTEXT('2D SPACE',''
  ) );
#2962 = ORIENTED_EDGE('',*,*,#2963,.F.);
#2963 = EDGE_CURVE('',#2964,#2936,#2966,.T.);
#2964 = VERTEX_POINT('',#2965);
#2965 = CARTESIAN_POINT('',(-41.01463896727,18.131561071982,
    16.970562748477));
#2966 = SURFACE_CURVE('',#2967,(#2971,#2978),.PCURVE_S1.);
#2967 = LINE('',#2968,#2969);
#2968 = CARTESIAN_POINT('',(-40.24859452415,17.488773462295,
    16.970562748477));
#2969 = VECTOR('',#2970,1.);
#2970 = DIRECTION('',(-0.766044443119,0.642787609687,0.));
#2971 = PCURVE('',#236,#2972);
#2972 = DEFINITIONAL_REPRESENTATION('',(#2973),#2977);
#2973 = LINE('',#2974,#2975);
#2974 = CARTESIAN_POINT('',(12.,1.133562329478E-15));
#2975 = VECTOR('',#2976,1.);
#2976 = DIRECTION('',(-7.138740076725E-18,1.));
#2977 = ( GEOMETRIC_REPRESENTATION_CONTEXT(2) 
PARAMETRIC_REPRESENTATION_CONTEXT() REPRESENTATION_CONTEXT('2D SPACE',''
  ) );
#2978 = PCURVE('',#2979,#2984);
#2979 = PLANE('',#2980);
#2980 = AXIS2_PLACEMENT_3D('',#2981,#2982,#2983);
#2981 = CARTESIAN_POINT('',(-45.18192208931,27.166700881679,
    12.727922061358));
#2982 = DIRECTION('',(0.454519477672,0.54167522042,0.707106781187));
#2983 = DIRECTION('',(-0.454519477672,-0.54167522042,0.707106781187));
#2984 = DEFINITIONAL_REPRESENTATION('',(#2985),#2989);
#2985 = LINE('',#2986,#2987);
#2986 = CARTESIAN_POINT('',(6.,10.));
#2987 = VECTOR('',#2988,1.);
#2988 = DIRECTION('',(-3.538526885512E-17,-1.));
#2989 = ( GEOMETRIC_REPRESENTATION_CONTEXT(2) 
PARAMETRIC_REPRESENTATION_CONTEXT() REPRESENTATION_CONTEXT('2D SPACE',''
  ) );
#2990 = ORIENTED_EDGE('',*,*,#2991,.F.);
#2991 = EDGE_CURVE('',#2992,#2964,#2994,.T.);
#2992 = VERTEX_POINT('',#2993);
#2993 = CARTESIAN_POINT('',(-44.65079478865,13.798159308624,
    11.313708498985));
#2994 = SURFACE_CURVE('',#2995,(#2999,#3006),.PCURVE_S1.);
#2995 = LINE('',#2996,#2997);
#2996 = CARTESIAN_POINT('',(-46.46887269933,11.631458426945,
    8.485281374239));
#2997 = VECTOR('',#2998,1.);
#2998 = DIRECTION('',(0.454519477672,0.54167522042,0.707106781187));
#2999 = PCURVE('',#236,#3000);
#3000 = DEFINITIONAL_REPRESENTATION('',(#3001),#3005);
#3001 = LINE('',#3002,#3003);
#3002 = CARTESIAN_POINT('',(-2.198076381217E-16,1.));
#3003 = VECTOR('',#3004,1.);
#3004 = DIRECTION('',(1.,-3.310849933905E-17));
#3005 = ( GEOMETRIC_REPRESENTATION_CONTEXT(2) 
PARAMETRIC_REPRESENTATION_CONTEXT() REPRESENTATION_CONTEXT('2D SPACE',''
  ) );
#3006 = PCURVE('',#563,#3007);
#3007 = DEFINITIONAL_REPRESENTATION('',(#3008),#3012);
#3008 = LINE('',#3009,#3010);
#3009 = CARTESIAN_POINT('',(12.,1.922600554459E-16));
#3010 = VECTOR('',#3011,1.);
#3011 = DIRECTION('',(-1.014653635757E-17,1.));
#3012 = ( GEOMETRIC_REPRESENTATION_CONTEXT(2) 
PARAMETRIC_REPRESENTATION_CONTEXT() REPRESENTATION_CONTEXT('2D SPACE',''
  ) );
#3013 = ORIENTED_EDGE('',*,*,#3014,.T.);
#3014 = EDGE_CURVE('',#2992,#3015,#3017,.T.);
#3015 = VERTEX_POINT('',#3016);
#3016 = CARTESIAN_POINT('',(-51.54519477672,19.583247795803,
    11.313708498985));
#3017 = SURFACE_CURVE('',#3018,(#3022,#3029),.PCURVE_S1.);
#3018 = LINE('',#3019,#3020);
#3019 = CARTESIAN_POINT('',(-43.88475034553,13.155371698938,
    11.313708498985));
#3020 = VECTOR('',#3021,1.);
#3021 = DIRECTION('',(-0.766044443119,0.642787609687,0.));
#3022 = PCURVE('',#236,#3023);
#3023 = DEFINITIONAL_REPRESENTATION('',(#3024),#3028);
#3024 = LINE('',#3025,#3026);
#3025 = CARTESIAN_POINT('',(4.,1.558095049009E-16));
#3026 = VECTOR('',#3027,1.);
#3027 = DIRECTION('',(-7.138740076725E-18,1.));
#3028 = ( GEOMETRIC_REPRESENTATION_CONTEXT(2) 
PARAMETRIC_REPRESENTATION_CONTEXT() REPRESENTATION_CONTEXT('2D SPACE',''
  ) );
#3029 = PCURVE('',#3030,#3035);
#3030 = PLANE('',#3031);
#3031 = AXIS2_PLACEMENT_3D('',#3032,#3033,#3034);
#3032 = CARTESIAN_POINT('',(-48.81807791068,22.833299118321,
    7.071067811865));
#3033 = DIRECTION('',(0.454519477672,0.54167522042,0.707106781187));
#3034 = DIRECTION('',(-0.454519477672,-0.54167522042,0.707106781187));
#3035 = DEFINITIONAL_REPRESENTATION('',(#3036),#3040);
#3036 = LINE('',#3037,#3038);
#3037 = CARTESIAN_POINT('',(6.,10.));
#3038 = VECTOR('',#3039,1.);
#3039 = DIRECTION('',(-3.538526885512E-17,-1.));
#3040 = ( GEOMETRIC_REPRESENTATION_CONTEXT(2) 
PARAMETRIC_REPRESENTATION_CONTEXT() REPRESENTATION_CONTEXT('2D SPACE',''
  ) );
#3041 = ORIENTED_EDGE('',*,*,#3042,.F.);
#3042 = EDGE_CURVE('',#2844,#3015,#3043,.T.);
#3043 = SURFACE_CURVE('',#3044,(#3048,#3055),.PCURVE_S1.);
#3044 = LINE('',#3045,#3046);
#3045 = CARTESIAN_POINT('',(-53.3632726874,17.416546914124,
    8.485281374239));
#3046 = VECTOR('',#3047,1.);
#3047 = DIRECTION('',(0.454519477672,0.54167522042,0.707106781187));
#3048 = PCURVE('',#236,#3049);
#3049 = DEFINITIONAL_REPRESENTATION('',(#3050),#3054);
#3050 = LINE('',#3051,#3052);
#3051 = CARTESIAN_POINT('',(2.543226327584E-16,10.));
#3052 = VECTOR('',#3053,1.);
#3053 = DIRECTION('',(1.,-3.310849933905E-17));
#3054 = ( GEOMETRIC_REPRESENTATION_CONTEXT(2) 
PARAMETRIC_REPRESENTATION_CONTEXT() REPRESENTATION_CONTEXT('2D SPACE',''
  ) );
#3055 = PCURVE('',#3056,#3061);
#3056 = PLANE('',#3057);
#3057 = AXIS2_PLACEMENT_3D('',#3058,#3059,#3060);
#3058 = CARTESIAN_POINT('',(-47.90903895534,23.916649559161,0.));
#3059 = DIRECTION('',(-0.766044443119,0.642787609687,0.));
#3060 = DIRECTION('',(-0.454519477672,-0.54167522042,0.707106781187));
#3061 = DEFINITIONAL_REPRESENTATION('',(#3062),#3066);
#3062 = LINE('',#3063,#3064);
#3063 = CARTESIAN_POINT('',(12.,1.080438475146E-15));
#3064 = VECTOR('',#3065,1.);
#3065 = DIRECTION('',(-1.014653635757E-17,1.));
#3066 = ( GEOMETRIC_REPRESENTATION_CONTEXT(2) 
PARAMETRIC_REPRESENTATION_CONTEXT() REPRESENTATION_CONTEXT('2D SPACE',''
  ) );
#3067 = ADVANCED_FACE('',(#3068),#208,.F.);
#3068 = FACE_BOUND('',#3069,.F.);
#3069 = EDGE_LOOP('',(#3070,#3071,#3092));
#3070 = ORIENTED_EDGE('',*,*,#192,.F.);
#3071 = ORIENTED_EDGE('',*,*,#3072,.T.);
#3072 = EDGE_CURVE('',#165,#2842,#3073,.T.);
#3073 = SURFACE_CURVE('',#3074,(#3078,#3085),.PCURVE_S1.);
#3074 = LINE('',#3075,#3076);
#3075 = CARTESIAN_POINT('',(-27.22583899113,6.561384097624,0.));
#3076 = VECTOR('',#3077,1.);
#3077 = DIRECTION('',(-0.454519477672,-0.54167522042,0.707106781187));
#3078 = PCURVE('',#208,#3079);
#3079 = DEFINITIONAL_REPRESENTATION('',(#3080),#3084);
#3080 = LINE('',#3081,#3082);
#3081 = CARTESIAN_POINT('',(0.,0.));
#3082 = VECTOR('',#3083,1.);
#3083 = DIRECTION('',(1.,-1.014653635757E-17));
#3084 = ( GEOMETRIC_REPRESENTATION_CONTEXT(2) 
PARAMETRIC_REPRESENTATION_CONTEXT() REPRESENTATION_CONTEXT('2D SPACE',''
  ) );
#3085 = PCURVE('',#180,#3086);
#3086 = DEFINITIONAL_REPRESENTATION('',(#3087),#3091);
#3087 = LINE('',#3088,#3089);
#3088 = CARTESIAN_POINT('',(-6.,27.));
#3089 = VECTOR('',#3090,1.);
#3090 = DIRECTION('',(1.,5.193951852464E-17));
#3091 = ( GEOMETRIC_REPRESENTATION_CONTEXT(2) 
PARAMETRIC_REPRESENTATION_CONTEXT() REPRESENTATION_CONTEXT('2D SPACE',''
  ) );
#3092 = ORIENTED_EDGE('',*,*,#2866,.T.);
#3093 = ADVANCED_FACE('',(#3094,#3224,#3259),#180,.F.);
#3094 = FACE_BOUND('',#3095,.F.);
#3095 = EDGE_LOOP('',(#3096,#3121,#3149,#3178,#3199,#3200,#3201,#3202,
    #3203));
#3096 = ORIENTED_EDGE('',*,*,#3097,.F.);
#3097 = EDGE_CURVE('',#3098,#3100,#3102,.T.);
#3098 = VERTEX_POINT('',#3099);
#3099 = CARTESIAN_POINT('',(-47.90903895534,23.916649559161,0.));
#3100 = VERTEX_POINT('',#3101);
#3101 = CARTESIAN_POINT('',(-27.22583899113,6.561384097624,0.));
#3102 = SURFACE_CURVE('',#3103,(#3107,#3114),.PCURVE_S1.);
#3103 = LINE('',#3104,#3105);
#3104 = CARTESIAN_POINT('',(-47.90903895534,23.916649559161,0.));
#3105 = VECTOR('',#3106,1.);
#3106 = DIRECTION('',(0.766044443119,-0.642787609687,0.));
#3107 = PCURVE('',#180,#3108);
#3108 = DEFINITIONAL_REPRESENTATION('',(#3109),#3113);
#3109 = LINE('',#3110,#3111);
#3110 = CARTESIAN_POINT('',(-6.,-1.226919548888E-16));
#3111 = VECTOR('',#3112,1.);
#3112 = DIRECTION('',(3.538526885512E-17,1.));
#3113 = ( GEOMETRIC_REPRESENTATION_CONTEXT(2) 
PARAMETRIC_REPRESENTATION_CONTEXT() REPRESENTATION_CONTEXT('2D SPACE',''
  ) );
#3114 = PCURVE('',#591,#3115);
#3115 = DEFINITIONAL_REPRESENTATION('',(#3116),#3120);
#3116 = LINE('',#3117,#3118);
#3117 = CARTESIAN_POINT('',(-5.255435910941E-16,10.));
#3118 = VECTOR('',#3119,1.);
#3119 = DIRECTION('',(7.138740076725E-18,-1.));
#3120 = ( GEOMETRIC_REPRESENTATION_CONTEXT(2) 
PARAMETRIC_REPRESENTATION_CONTEXT() REPRESENTATION_CONTEXT('2D SPACE',''
  ) );
#3121 = ORIENTED_EDGE('',*,*,#3122,.T.);
#3122 = EDGE_CURVE('',#3098,#3123,#3125,.T.);
#3123 = VERTEX_POINT('',#3124);
#3124 = CARTESIAN_POINT('',(-48.36355843301,23.374974338741,
    0.707106781187));
#3125 = SURFACE_CURVE('',#3126,(#3130,#3137),.PCURVE_S1.);
#3126 = LINE('',#3127,#3128);
#3127 = CARTESIAN_POINT('',(-47.90903895534,23.916649559161,0.));
#3128 = VECTOR('',#3129,1.);
#3129 = DIRECTION('',(-0.454519477672,-0.54167522042,0.707106781187));
#3130 = PCURVE('',#180,#3131);
#3131 = DEFINITIONAL_REPRESENTATION('',(#3132),#3136);
#3132 = LINE('',#3133,#3134);
#3133 = CARTESIAN_POINT('',(-6.,-1.226919548888E-16));
#3134 = VECTOR('',#3135,1.);
#3135 = DIRECTION('',(1.,5.193951852464E-17));
#3136 = ( GEOMETRIC_REPRESENTATION_CONTEXT(2) 
PARAMETRIC_REPRESENTATION_CONTEXT() REPRESENTATION_CONTEXT('2D SPACE',''
  ) );
#3137 = PCURVE('',#3138,#3143);
#3138 = PLANE('',#3139);
#3139 = AXIS2_PLACEMENT_3D('',#3140,#3141,#3142);
#3140 = CARTESIAN_POINT('',(-47.90903895534,23.916649559161,0.));
#3141 = DIRECTION('',(-0.766044443119,0.642787609687,0.));
#3142 = DIRECTION('',(-0.454519477672,-0.54167522042,0.707106781187));
#3143 = DEFINITIONAL_REPRESENTATION('',(#3144),#3148);
#3144 = LINE('',#3145,#3146);
#3145 = CARTESIAN_POINT('',(0.,0.));
#3146 = VECTOR('',#3147,1.);
#3147 = DIRECTION('',(1.,-1.014653635757E-17));
#3148 = ( GEOMETRIC_REPRESENTATION_CONTEXT(2) 
PARAMETRIC_REPRESENTATION_CONTEXT() REPRESENTATION_CONTEXT('2D SPACE',''
  ) );
#3149 = ORIENTED_EDGE('',*,*,#3150,.T.);
#3150 = EDGE_CURVE('',#3123,#3151,#3153,.T.);
#3151 = VERTEX_POINT('',#3152);
#3152 = CARTESIAN_POINT('',(-52.90875320973,17.958222134544,
    7.778174593052));
#3153 = SURFACE_CURVE('',#3154,(#3159,#3166),.PCURVE_S1.);
#3154 = CIRCLE('',#3155,5.);
#3155 = AXIS2_PLACEMENT_3D('',#3156,#3157,#3158);
#3156 = CARTESIAN_POINT('',(-50.63615582137,20.666598236642,
    4.242640687119));
#3157 = DIRECTION('',(0.454519477672,0.54167522042,0.707106781187));
#3158 = DIRECTION('',(0.454519477672,0.54167522042,-0.707106781187));
#3159 = PCURVE('',#180,#3160);
#3160 = DEFINITIONAL_REPRESENTATION('',(#3161),#3165);
#3161 = CIRCLE('',#3162,5.);
#3162 = AXIS2_PLACEMENT_2D('',#3163,#3164);
#3163 = CARTESIAN_POINT('',(0.,0.));
#3164 = DIRECTION('',(-1.,-1.365307947207E-14));
#3165 = ( GEOMETRIC_REPRESENTATION_CONTEXT(2) 
PARAMETRIC_REPRESENTATION_CONTEXT() REPRESENTATION_CONTEXT('2D SPACE',''
  ) );
#3166 = PCURVE('',#3167,#3172);
#3167 = CYLINDRICAL_SURFACE('',#3168,5.);
#3168 = AXIS2_PLACEMENT_3D('',#3169,#3170,#3171);
#3169 = CARTESIAN_POINT('',(-50.63615582137,20.666598236642,
    4.242640687119));
#3170 = DIRECTION('',(-0.454519477672,-0.54167522042,-0.707106781187));
#3171 = DIRECTION('',(-0.766044443119,0.642787609687,0.));
#3172 = DEFINITIONAL_REPRESENTATION('',(#3173),#3177);
#3173 = LINE('',#3174,#3175);
#3174 = CARTESIAN_POINT('',(-4.712388980385,0.));
#3175 = VECTOR('',#3176,1.);
#3176 = DIRECTION('',(-1.,0.));
#3177 = ( GEOMETRIC_REPRESENTATION_CONTEXT(2) 
PARAMETRIC_REPRESENTATION_CONTEXT() REPRESENTATION_CONTEXT('2D SPACE',''
  ) );
#3178 = ORIENTED_EDGE('',*,*,#3179,.T.);
#3179 = EDGE_CURVE('',#3151,#2844,#3180,.T.);
#3180 = SURFACE_CURVE('',#3181,(#3185,#3192),.PCURVE_S1.);
#3181 = LINE('',#3182,#3183);
#3182 = CARTESIAN_POINT('',(-47.90903895534,23.916649559161,0.));
#3183 = VECTOR('',#3184,1.);
#3184 = DIRECTION('',(-0.454519477672,-0.54167522042,0.707106781187));
#3185 = PCURVE('',#180,#3186);
#3186 = DEFINITIONAL_REPRESENTATION('',(#3187),#3191);
#3187 = LINE('',#3188,#3189);
#3188 = CARTESIAN_POINT('',(-6.,-1.226919548888E-16));
#3189 = VECTOR('',#3190,1.);
#3190 = DIRECTION('',(1.,5.193951852464E-17));
#3191 = ( GEOMETRIC_REPRESENTATION_CONTEXT(2) 
PARAMETRIC_REPRESENTATION_CONTEXT() REPRESENTATION_CONTEXT('2D SPACE',''
  ) );
#3192 = PCURVE('',#3056,#3193);
#3193 = DEFINITIONAL_REPRESENTATION('',(#3194),#3198);
#3194 = LINE('',#3195,#3196);
#3195 = CARTESIAN_POINT('',(0.,0.));
#3196 = VECTOR('',#3197,1.);
#3197 = DIRECTION('',(1.,-1.014653635757E-17));
#3198 = ( GEOMETRIC_REPRESENTATION_CONTEXT(2) 
PARAMETRIC_REPRESENTATION_CONTEXT() REPRESENTATION_CONTEXT('2D SPACE',''
  ) );
#3199 = ORIENTED_EDGE('',*,*,#2841,.F.);
#3200 = ORIENTED_EDGE('',*,*,#3072,.F.);
#3201 = ORIENTED_EDGE('',*,*,#164,.F.);
#3202 = ORIENTED_EDGE('',*,*,#631,.F.);
#3203 = ORIENTED_EDGE('',*,*,#3204,.F.);
#3204 = EDGE_CURVE('',#3100,#604,#3205,.T.);
#3205 = SURFACE_CURVE('',#3206,(#3210,#3217),.PCURVE_S1.);
#3206 = LINE('',#3207,#3208);
#3207 = CARTESIAN_POINT('',(-27.22583899113,6.561384097624,0.));
#3208 = VECTOR('',#3209,1.);
#3209 = DIRECTION('',(-0.454519477672,-0.54167522042,0.707106781187));
#3210 = PCURVE('',#180,#3211);
#3211 = DEFINITIONAL_REPRESENTATION('',(#3212),#3216);
#3212 = LINE('',#3213,#3214);
#3213 = CARTESIAN_POINT('',(-6.,27.));
#3214 = VECTOR('',#3215,1.);
#3215 = DIRECTION('',(1.,5.193951852464E-17));
#3216 = ( GEOMETRIC_REPRESENTATION_CONTEXT(2) 
PARAMETRIC_REPRESENTATION_CONTEXT() REPRESENTATION_CONTEXT('2D SPACE',''
  ) );
#3217 = PCURVE('',#619,#3218);
#3218 = DEFINITIONAL_REPRESENTATION('',(#3219),#3223);
#3219 = LINE('',#3220,#3221);
#3220 = CARTESIAN_POINT('',(0.,0.));
#3221 = VECTOR('',#3222,1.);
#3222 = DIRECTION('',(1.,-1.014653635757E-17));
#3223 = ( GEOMETRIC_REPRESENTATION_CONTEXT(2) 
PARAMETRIC_REPRESENTATION_CONTEXT() REPRESENTATION_CONTEXT('2D SPACE',''
  ) );
#3224 = FACE_BOUND('',#3225,.F.);
#3225 = EDGE_LOOP('',(#3226));
#3226 = ORIENTED_EDGE('',*,*,#3227,.T.);
#3227 = EDGE_CURVE('',#3228,#3228,#3230,.T.);
#3228 = VERTEX_POINT('',#3229);
#3229 = CARTESIAN_POINT('',(-51.86182693036,21.695058412141,
    4.242640687119));
#3230 = SURFACE_CURVE('',#3231,(#3236,#3247),.PCURVE_S1.);
#3231 = CIRCLE('',#3232,1.6);
#3232 = AXIS2_PLACEMENT_3D('',#3233,#3234,#3235);
#3233 = CARTESIAN_POINT('',(-50.63615582137,20.666598236642,
    4.242640687119));
#3234 = DIRECTION('',(-0.454519477672,-0.54167522042,-0.707106781187));
#3235 = DIRECTION('',(-0.766044443119,0.642787609687,0.));
#3236 = PCURVE('',#180,#3237);
#3237 = DEFINITIONAL_REPRESENTATION('',(#3238),#3246);
#3238 = ( BOUNDED_CURVE() B_SPLINE_CURVE(2,(#3239,#3240,#3241,#3242,
#3243,#3244,#3245),.UNSPECIFIED.,.T.,.F.) B_SPLINE_CURVE_WITH_KNOTS((1,2
    ,2,2,2,1),(-2.094395102393,0.,2.094395102393,4.188790204786,
6.28318530718,8.377580409573),.UNSPECIFIED.) CURVE() 
GEOMETRIC_REPRESENTATION_ITEM() RATIONAL_B_SPLINE_CURVE((1.,0.5,1.,0.5,
1.,0.5,1.)) REPRESENTATION_ITEM('') );
#3239 = CARTESIAN_POINT('',(-2.901957537039E-17,-1.6));
#3240 = CARTESIAN_POINT('',(-2.77128129211,-1.6));
#3241 = CARTESIAN_POINT('',(-1.385640646055,0.8));
#3242 = CARTESIAN_POINT('',(-3.338478249864E-16,3.2));
#3243 = CARTESIAN_POINT('',(1.385640646055,0.8));
#3244 = CARTESIAN_POINT('',(2.77128129211,-1.6));
#3245 = CARTESIAN_POINT('',(-2.901957537039E-17,-1.6));
#3246 = ( GEOMETRIC_REPRESENTATION_CONTEXT(2) 
PARAMETRIC_REPRESENTATION_CONTEXT() REPRESENTATION_CONTEXT('2D SPACE',''
  ) );
#3247 = PCURVE('',#3248,#3253);
#3248 = CYLINDRICAL_SURFACE('',#3249,1.6);
#3249 = AXIS2_PLACEMENT_3D('',#3250,#3251,#3252);
#3250 = CARTESIAN_POINT('',(-53.81779216508,16.874871693704,
    -0.707106781187));
#3251 = DIRECTION('',(-0.454519477672,-0.54167522042,-0.707106781187));
#3252 = DIRECTION('',(-0.766044443119,0.642787609687,0.));
#3253 = DEFINITIONAL_REPRESENTATION('',(#3254),#3258);
#3254 = LINE('',#3255,#3256);
#3255 = CARTESIAN_POINT('',(-6.28318530718,-7.));
#3256 = VECTOR('',#3257,1.);
#3257 = DIRECTION('',(1.,-0.));
#3258 = ( GEOMETRIC_REPRESENTATION_CONTEXT(2) 
PARAMETRIC_REPRESENTATION_CONTEXT() REPRESENTATION_CONTEXT('2D SPACE',''
  ) );
#3259 = FACE_BOUND('',#3260,.F.);
#3260 = EDGE_LOOP('',(#3261));
#3261 = ORIENTED_EDGE('',*,*,#3262,.T.);
#3262 = EDGE_CURVE('',#3263,#3263,#3265,.T.);
#3263 = VERTEX_POINT('',#3264);
#3264 = CARTESIAN_POINT('',(-42.49565597151,10.143658429039,
    7.071067811865));
#3265 = SURFACE_CURVE('',#3266,(#3271,#3282),.PCURVE_S1.);
#3266 = CIRCLE('',#3267,1.);
#3267 = AXIS2_PLACEMENT_3D('',#3268,#3269,#3270);
#3268 = CARTESIAN_POINT('',(-41.72961152839,9.500870819352,
    7.071067811865));
#3269 = DIRECTION('',(-0.454519477672,-0.54167522042,-0.707106781187));
#3270 = DIRECTION('',(-0.766044443119,0.642787609687,0.));
#3271 = PCURVE('',#180,#3272);
#3272 = DEFINITIONAL_REPRESENTATION('',(#3273),#3281);
#3273 = ( BOUNDED_CURVE() B_SPLINE_CURVE(2,(#3274,#3275,#3276,#3277,
#3278,#3279,#3280),.UNSPECIFIED.,.T.,.F.) B_SPLINE_CURVE_WITH_KNOTS((1,2
    ,2,2,2,1),(-2.094395102393,0.,2.094395102393,4.188790204786,
6.28318530718,8.377580409573),.UNSPECIFIED.) CURVE() 
GEOMETRIC_REPRESENTATION_ITEM() RATIONAL_B_SPLINE_CURVE((1.,0.5,1.,0.5,
1.,0.5,1.)) REPRESENTATION_ITEM('') );
#3274 = CARTESIAN_POINT('',(4.,13.));
#3275 = CARTESIAN_POINT('',(2.267949192431,13.));
#3276 = CARTESIAN_POINT('',(3.133974596216,14.5));
#3277 = CARTESIAN_POINT('',(4.,16.));
#3278 = CARTESIAN_POINT('',(4.866025403784,14.5));
#3279 = CARTESIAN_POINT('',(5.732050807569,13.));
#3280 = CARTESIAN_POINT('',(4.,13.));
#3281 = ( GEOMETRIC_REPRESENTATION_CONTEXT(2) 
PARAMETRIC_REPRESENTATION_CONTEXT() REPRESENTATION_CONTEXT('2D SPACE',''
  ) );
#3282 = PCURVE('',#3283,#3288);
#3283 = CYLINDRICAL_SURFACE('',#3284,1.);
#3284 = AXIS2_PLACEMENT_3D('',#3285,#3286,#3287);
#3285 = CARTESIAN_POINT('',(-43.54768943908,7.334169937673,
    4.242640687119));
#3286 = DIRECTION('',(-0.454519477672,-0.54167522042,-0.707106781187));
#3287 = DIRECTION('',(-0.766044443119,0.642787609687,0.));
#3288 = DEFINITIONAL_REPRESENTATION('',(#3289),#3293);
#3289 = LINE('',#3290,#3291);
#3290 = CARTESIAN_POINT('',(-6.28318530718,-4.));
#3291 = VECTOR('',#3292,1.);
#3292 = DIRECTION('',(1.,-0.));
#3293 = ( GEOMETRIC_REPRESENTATION_CONTEXT(2) 
PARAMETRIC_REPRESENTATION_CONTEXT() REPRESENTATION_CONTEXT('2D SPACE',''
  ) );
#3294 = ADVANCED_FACE('',(#3295),#313,.F.);
#3295 = FACE_BOUND('',#3296,.F.);
#3296 = EDGE_LOOP('',(#3297,#3298,#3299,#3320));
#3297 = ORIENTED_EDGE('',*,*,#297,.T.);
#3298 = ORIENTED_EDGE('',*,*,#1884,.T.);
#3299 = ORIENTED_EDGE('',*,*,#3300,.F.);
#3300 = EDGE_CURVE('',#656,#1885,#3301,.T.);
#3301 = SURFACE_CURVE('',#3302,(#3306,#3313),.PCURVE_S1.);
#3302 = LINE('',#3303,#3304);
#3303 = CARTESIAN_POINT('',(40.,72.,3.899494936612));
#3304 = VECTOR('',#3305,1.);
#3305 = DIRECTION('',(0.,0.,1.));
#3306 = PCURVE('',#313,#3307);
#3307 = DEFINITIONAL_REPRESENTATION('',(#3308),#3312);
#3308 = LINE('',#3309,#3310);
#3309 = CARTESIAN_POINT('',(48.,0.));
#3310 = VECTOR('',#3311,1.);
#3311 = DIRECTION('',(0.,-1.));
#3312 = ( GEOMETRIC_REPRESENTATION_CONTEXT(2) 
PARAMETRIC_REPRESENTATION_CONTEXT() REPRESENTATION_CONTEXT('2D SPACE',''
  ) );
#3313 = PCURVE('',#694,#3314);
#3314 = DEFINITIONAL_REPRESENTATION('',(#3315),#3319);
#3315 = LINE('',#3316,#3317);
#3316 = CARTESIAN_POINT('',(0.,-0.));
#3317 = VECTOR('',#3318,1.);
#3318 = DIRECTION('',(0.,-1.));
#3319 = ( GEOMETRIC_REPRESENTATION_CONTEXT(2) 
PARAMETRIC_REPRESENTATION_CONTEXT() REPRESENTATION_CONTEXT('2D SPACE',''
  ) );
#3320 = ORIENTED_EDGE('',*,*,#655,.F.);
#3321 = ADVANCED_FACE('',(#3322,#3420),#367,.F.);
#3322 = FACE_BOUND('',#3323,.F.);
#3323 = EDGE_LOOP('',(#3324,#3347,#3376,#3397,#3398,#3419));
#3324 = ORIENTED_EDGE('',*,*,#3325,.T.);
#3325 = EDGE_CURVE('',#352,#3326,#3328,.T.);
#3326 = VERTEX_POINT('',#3327);
#3327 = CARTESIAN_POINT('',(-35.,78.,4.899494936612));
#3328 = SURFACE_CURVE('',#3329,(#3333,#3340),.PCURVE_S1.);
#3329 = LINE('',#3330,#3331);
#3330 = CARTESIAN_POINT('',(-35.,78.,3.899494936612));
#3331 = VECTOR('',#3332,1.);
#3332 = DIRECTION('',(0.,0.,1.));
#3333 = PCURVE('',#367,#3334);
#3334 = DEFINITIONAL_REPRESENTATION('',(#3335),#3339);
#3335 = LINE('',#3336,#3337);
#3336 = CARTESIAN_POINT('',(-6.,0.));
#3337 = VECTOR('',#3338,1.);
#3338 = DIRECTION('',(1.,0.));
#3339 = ( GEOMETRIC_REPRESENTATION_CONTEXT(2) 
PARAMETRIC_REPRESENTATION_CONTEXT() REPRESENTATION_CONTEXT('2D SPACE',''
  ) );
#3340 = PCURVE('',#1532,#3341);
#3341 = DEFINITIONAL_REPRESENTATION('',(#3342),#3346);
#3342 = LINE('',#3343,#3344);
#3343 = CARTESIAN_POINT('',(0.,0.));
#3344 = VECTOR('',#3345,1.);
#3345 = DIRECTION('',(1.,0.));
#3346 = ( GEOMETRIC_REPRESENTATION_CONTEXT(2) 
PARAMETRIC_REPRESENTATION_CONTEXT() REPRESENTATION_CONTEXT('2D SPACE',''
  ) );
#3347 = ORIENTED_EDGE('',*,*,#3348,.T.);
#3348 = EDGE_CURVE('',#3326,#3349,#3351,.T.);
#3349 = VERTEX_POINT('',#3350);
#3350 = CARTESIAN_POINT('',(-35.,78.,14.899494936612));
#3351 = SURFACE_CURVE('',#3352,(#3357,#3364),.PCURVE_S1.);
#3352 = CIRCLE('',#3353,5.);
#3353 = AXIS2_PLACEMENT_3D('',#3354,#3355,#3356);
#3354 = CARTESIAN_POINT('',(-35.,78.,9.899494936612));
#3355 = DIRECTION('',(1.,0.,0.));
#3356 = DIRECTION('',(0.,1.136868377216E-14,-1.));
#3357 = PCURVE('',#367,#3358);
#3358 = DEFINITIONAL_REPRESENTATION('',(#3359),#3363);
#3359 = CIRCLE('',#3360,5.);
#3360 = AXIS2_PLACEMENT_2D('',#3361,#3362);
#3361 = CARTESIAN_POINT('',(0.,0.));
#3362 = DIRECTION('',(-1.,-1.136868377216E-14));
#3363 = ( GEOMETRIC_REPRESENTATION_CONTEXT(2) 
PARAMETRIC_REPRESENTATION_CONTEXT() REPRESENTATION_CONTEXT('2D SPACE',''
  ) );
#3364 = PCURVE('',#3365,#3370);
#3365 = CYLINDRICAL_SURFACE('',#3366,5.);
#3366 = AXIS2_PLACEMENT_3D('',#3367,#3368,#3369);
#3367 = CARTESIAN_POINT('',(-35.,78.,9.899494936612));
#3368 = DIRECTION('',(-1.,-0.,-0.));
#3369 = DIRECTION('',(0.,1.,0.));
#3370 = DEFINITIONAL_REPRESENTATION('',(#3371),#3375);
#3371 = LINE('',#3372,#3373);
#3372 = CARTESIAN_POINT('',(-4.712388980385,0.));
#3373 = VECTOR('',#3374,1.);
#3374 = DIRECTION('',(-1.,0.));
#3375 = ( GEOMETRIC_REPRESENTATION_CONTEXT(2) 
PARAMETRIC_REPRESENTATION_CONTEXT() REPRESENTATION_CONTEXT('2D SPACE',''
  ) );
#3376 = ORIENTED_EDGE('',*,*,#3377,.T.);
#3377 = EDGE_CURVE('',#3349,#1736,#3378,.T.);
#3378 = SURFACE_CURVE('',#3379,(#3383,#3390),.PCURVE_S1.);
#3379 = LINE('',#3380,#3381);
#3380 = CARTESIAN_POINT('',(-35.,78.,3.899494936612));
#3381 = VECTOR('',#3382,1.);
#3382 = DIRECTION('',(0.,0.,1.));
#3383 = PCURVE('',#367,#3384);
#3384 = DEFINITIONAL_REPRESENTATION('',(#3385),#3389);
#3385 = LINE('',#3386,#3387);
#3386 = CARTESIAN_POINT('',(-6.,0.));
#3387 = VECTOR('',#3388,1.);
#3388 = DIRECTION('',(1.,0.));
#3389 = ( GEOMETRIC_REPRESENTATION_CONTEXT(2) 
PARAMETRIC_REPRESENTATION_CONTEXT() REPRESENTATION_CONTEXT('2D SPACE',''
  ) );
#3390 = PCURVE('',#2646,#3391);
#3391 = DEFINITIONAL_REPRESENTATION('',(#3392),#3396);
#3392 = LINE('',#3393,#3394);
#3393 = CARTESIAN_POINT('',(0.,0.));
#3394 = VECTOR('',#3395,1.);
#3395 = DIRECTION('',(1.,0.));
#3396 = ( GEOMETRIC_REPRESENTATION_CONTEXT(2) 
PARAMETRIC_REPRESENTATION_CONTEXT() REPRESENTATION_CONTEXT('2D SPACE',''
  ) );
#3397 = ORIENTED_EDGE('',*,*,#1733,.F.);
#3398 = ORIENTED_EDGE('',*,*,#3399,.F.);
#3399 = EDGE_CURVE('',#350,#1734,#3400,.T.);
#3400 = SURFACE_CURVE('',#3401,(#3405,#3412),.PCURVE_S1.);
#3401 = LINE('',#3402,#3403);
#3402 = CARTESIAN_POINT('',(-35.,72.,6.899494936612));
#3403 = VECTOR('',#3404,1.);
#3404 = DIRECTION('',(-0.,0.,1.));
#3405 = PCURVE('',#367,#3406);
#3406 = DEFINITIONAL_REPRESENTATION('',(#3407),#3411);
#3407 = LINE('',#3408,#3409);
#3408 = CARTESIAN_POINT('',(-3.,6.));
#3409 = VECTOR('',#3410,1.);
#3410 = DIRECTION('',(1.,0.));
#3411 = ( GEOMETRIC_REPRESENTATION_CONTEXT(2) 
PARAMETRIC_REPRESENTATION_CONTEXT() REPRESENTATION_CONTEXT('2D SPACE',''
  ) );
#3412 = PCURVE('',#395,#3413);
#3413 = DEFINITIONAL_REPRESENTATION('',(#3414),#3418);
#3414 = LINE('',#3415,#3416);
#3415 = CARTESIAN_POINT('',(75.,-3.));
#3416 = VECTOR('',#3417,1.);
#3417 = DIRECTION('',(0.,-1.));
#3418 = ( GEOMETRIC_REPRESENTATION_CONTEXT(2) 
PARAMETRIC_REPRESENTATION_CONTEXT() REPRESENTATION_CONTEXT('2D SPACE',''
  ) );
#3419 = ORIENTED_EDGE('',*,*,#349,.T.);
#3420 = FACE_BOUND('',#3421,.F.);
#3421 = EDGE_LOOP('',(#3422));
#3422 = ORIENTED_EDGE('',*,*,#3423,.T.);
#3423 = EDGE_CURVE('',#3424,#3424,#3426,.T.);
#3424 = VERTEX_POINT('',#3425);
#3425 = CARTESIAN_POINT('',(-35.,79.6,9.899494936612));
#3426 = SURFACE_CURVE('',#3427,(#3432,#3443),.PCURVE_S1.);
#3427 = CIRCLE('',#3428,1.6);
#3428 = AXIS2_PLACEMENT_3D('',#3429,#3430,#3431);
#3429 = CARTESIAN_POINT('',(-35.,78.,9.899494936612));
#3430 = DIRECTION('',(-1.,0.,0.));
#3431 = DIRECTION('',(0.,1.,0.));
#3432 = PCURVE('',#367,#3433);
#3433 = DEFINITIONAL_REPRESENTATION('',(#3434),#3442);
#3434 = ( BOUNDED_CURVE() B_SPLINE_CURVE(2,(#3435,#3436,#3437,#3438,
#3439,#3440,#3441),.UNSPECIFIED.,.T.,.F.) B_SPLINE_CURVE_WITH_KNOTS((1,2
    ,2,2,2,1),(-2.094395102393,0.,2.094395102393,4.188790204786,
6.28318530718,8.377580409573),.UNSPECIFIED.) CURVE() 
GEOMETRIC_REPRESENTATION_ITEM() RATIONAL_B_SPLINE_CURVE((1.,0.5,1.,0.5,
1.,0.5,1.)) REPRESENTATION_ITEM('') );
#3435 = CARTESIAN_POINT('',(0.,-1.6));
#3436 = CARTESIAN_POINT('',(-2.77128129211,-1.6));
#3437 = CARTESIAN_POINT('',(-1.385640646055,0.8));
#3438 = CARTESIAN_POINT('',(-3.918869757272E-16,3.2));
#3439 = CARTESIAN_POINT('',(1.385640646055,0.8));
#3440 = CARTESIAN_POINT('',(2.77128129211,-1.6));
#3441 = CARTESIAN_POINT('',(0.,-1.6));
#3442 = ( GEOMETRIC_REPRESENTATION_CONTEXT(2) 
PARAMETRIC_REPRESENTATION_CONTEXT() REPRESENTATION_CONTEXT('2D SPACE',''
  ) );
#3443 = PCURVE('',#3444,#3449);
#3444 = CYLINDRICAL_SURFACE('',#3445,1.6);
#3445 = AXIS2_PLACEMENT_3D('',#3446,#3447,#3448);
#3446 = CARTESIAN_POINT('',(-42.,78.,9.899494936612));
#3447 = DIRECTION('',(-1.,-0.,-0.));
#3448 = DIRECTION('',(0.,1.,0.));
#3449 = DEFINITIONAL_REPRESENTATION('',(#3450),#3454);
#3450 = LINE('',#3451,#3452);
#3451 = CARTESIAN_POINT('',(-6.28318530718,-7.));
#3452 = VECTOR('',#3453,1.);
#3453 = DIRECTION('',(1.,-0.));
#3454 = ( GEOMETRIC_REPRESENTATION_CONTEXT(2) 
PARAMETRIC_REPRESENTATION_CONTEXT() REPRESENTATION_CONTEXT('2D SPACE',''
  ) );
#3455 = ADVANCED_FACE('',(#3456),#395,.F.);
#3456 = FACE_BOUND('',#3457,.F.);
#3457 = EDGE_LOOP('',(#3458,#3459,#3460,#3461));
#3458 = ORIENTED_EDGE('',*,*,#379,.F.);
#3459 = ORIENTED_EDGE('',*,*,#3399,.T.);
#3460 = ORIENTED_EDGE('',*,*,#1758,.T.);
#3461 = ORIENTED_EDGE('',*,*,#3462,.F.);
#3462 = EDGE_CURVE('',#380,#1759,#3463,.T.);
#3463 = SURFACE_CURVE('',#3464,(#3468,#3475),.PCURVE_S1.);
#3464 = LINE('',#3465,#3466);
#3465 = CARTESIAN_POINT('',(-40.,72.,3.899494936612));
#3466 = VECTOR('',#3467,1.);
#3467 = DIRECTION('',(0.,0.,1.));
#3468 = PCURVE('',#395,#3469);
#3469 = DEFINITIONAL_REPRESENTATION('',(#3470),#3474);
#3470 = LINE('',#3471,#3472);
#3471 = CARTESIAN_POINT('',(80.,0.));
#3472 = VECTOR('',#3473,1.);
#3473 = DIRECTION('',(0.,-1.));
#3474 = ( GEOMETRIC_REPRESENTATION_CONTEXT(2) 
PARAMETRIC_REPRESENTATION_CONTEXT() REPRESENTATION_CONTEXT('2D SPACE',''
  ) );
#3475 = PCURVE('',#423,#3476);
#3476 = DEFINITIONAL_REPRESENTATION('',(#3477),#3481);
#3477 = LINE('',#3478,#3479);
#3478 = CARTESIAN_POINT('',(0.,0.));
#3479 = VECTOR('',#3480,1.);
#3480 = DIRECTION('',(0.,-1.));
#3481 = ( GEOMETRIC_REPRESENTATION_CONTEXT(2) 
PARAMETRIC_REPRESENTATION_CONTEXT() REPRESENTATION_CONTEXT('2D SPACE',''
  ) );
#3482 = ADVANCED_FACE('',(#3483),#1532,.T.);
#3483 = FACE_BOUND('',#3484,.T.);
#3484 = EDGE_LOOP('',(#3485,#3508,#3509,#3510));
#3485 = ORIENTED_EDGE('',*,*,#3486,.F.);
#3486 = EDGE_CURVE('',#1491,#3487,#3489,.T.);
#3487 = VERTEX_POINT('',#3488);
#3488 = CARTESIAN_POINT('',(-31.,78.,4.899494936612));
#3489 = SURFACE_CURVE('',#3490,(#3494,#3501),.PCURVE_S1.);
#3490 = LINE('',#3491,#3492);
#3491 = CARTESIAN_POINT('',(-31.,78.,3.899494936612));
#3492 = VECTOR('',#3493,1.);
#3493 = DIRECTION('',(0.,0.,1.));
#3494 = PCURVE('',#1532,#3495);
#3495 = DEFINITIONAL_REPRESENTATION('',(#3496),#3500);
#3496 = LINE('',#3497,#3498);
#3497 = CARTESIAN_POINT('',(0.,4.));
#3498 = VECTOR('',#3499,1.);
#3499 = DIRECTION('',(1.,0.));
#3500 = ( GEOMETRIC_REPRESENTATION_CONTEXT(2) 
PARAMETRIC_REPRESENTATION_CONTEXT() REPRESENTATION_CONTEXT('2D SPACE',''
  ) );
#3501 = PCURVE('',#1506,#3502);
#3502 = DEFINITIONAL_REPRESENTATION('',(#3503),#3507);
#3503 = LINE('',#3504,#3505);
#3504 = CARTESIAN_POINT('',(-6.,0.));
#3505 = VECTOR('',#3506,1.);
#3506 = DIRECTION('',(1.,0.));
#3507 = ( GEOMETRIC_REPRESENTATION_CONTEXT(2) 
PARAMETRIC_REPRESENTATION_CONTEXT() REPRESENTATION_CONTEXT('2D SPACE',''
  ) );
#3508 = ORIENTED_EDGE('',*,*,#1518,.F.);
#3509 = ORIENTED_EDGE('',*,*,#3325,.T.);
#3510 = ORIENTED_EDGE('',*,*,#3511,.F.);
#3511 = EDGE_CURVE('',#3487,#3326,#3512,.T.);
#3512 = SURFACE_CURVE('',#3513,(#3517,#3524),.PCURVE_S1.);
#3513 = LINE('',#3514,#3515);
#3514 = CARTESIAN_POINT('',(-35.,78.,4.899494936612));
#3515 = VECTOR('',#3516,1.);
#3516 = DIRECTION('',(-1.,-0.,-0.));
#3517 = PCURVE('',#1532,#3518);
#3518 = DEFINITIONAL_REPRESENTATION('',(#3519),#3523);
#3519 = LINE('',#3520,#3521);
#3520 = CARTESIAN_POINT('',(1.,0.));
#3521 = VECTOR('',#3522,1.);
#3522 = DIRECTION('',(0.,-1.));
#3523 = ( GEOMETRIC_REPRESENTATION_CONTEXT(2) 
PARAMETRIC_REPRESENTATION_CONTEXT() REPRESENTATION_CONTEXT('2D SPACE',''
  ) );
#3524 = PCURVE('',#3365,#3525);
#3525 = DEFINITIONAL_REPRESENTATION('',(#3526),#3530);
#3526 = LINE('',#3527,#3528);
#3527 = CARTESIAN_POINT('',(-4.712388980385,0.));
#3528 = VECTOR('',#3529,1.);
#3529 = DIRECTION('',(-0.,1.));
#3530 = ( GEOMETRIC_REPRESENTATION_CONTEXT(2) 
PARAMETRIC_REPRESENTATION_CONTEXT() REPRESENTATION_CONTEXT('2D SPACE',''
  ) );
#3531 = ADVANCED_FACE('',(#3532),#423,.F.);
#3532 = FACE_BOUND('',#3533,.F.);
#3533 = EDGE_LOOP('',(#3534,#3535,#3536,#3537,#3560,#3588,#3616));
#3534 = ORIENTED_EDGE('',*,*,#407,.F.);
#3535 = ORIENTED_EDGE('',*,*,#3462,.T.);
#3536 = ORIENTED_EDGE('',*,*,#1781,.T.);
#3537 = ORIENTED_EDGE('',*,*,#3538,.F.);
#3538 = EDGE_CURVE('',#3539,#1782,#3541,.T.);
#3539 = VERTEX_POINT('',#3540);
#3540 = CARTESIAN_POINT('',(-40.,32.04917543272,11.313708498985));
#3541 = SURFACE_CURVE('',#3542,(#3546,#3553),.PCURVE_S1.);
#3542 = LINE('',#3543,#3544);
#3543 = CARTESIAN_POINT('',(-40.,41.126884191109,4.359780148368));
#3544 = VECTOR('',#3545,1.);
#3545 = DIRECTION('',(0.,-0.793844806099,0.608120402411));
#3546 = PCURVE('',#423,#3547);
#3547 = DEFINITIONAL_REPRESENTATION('',(#3548),#3552);
#3548 = LINE('',#3549,#3550);
#3549 = CARTESIAN_POINT('',(30.873115808891,-0.460285211757));
#3550 = VECTOR('',#3551,1.);
#3551 = DIRECTION('',(0.793844806099,-0.608120402411));
#3552 = ( GEOMETRIC_REPRESENTATION_CONTEXT(2) 
PARAMETRIC_REPRESENTATION_CONTEXT() REPRESENTATION_CONTEXT('2D SPACE',''
  ) );
#3553 = PCURVE('',#1820,#3554);
#3554 = DEFINITIONAL_REPRESENTATION('',(#3555),#3559);
#3555 = LINE('',#3556,#3557);
#3556 = CARTESIAN_POINT('',(-9.834339785213,-32.00385023906));
#3557 = VECTOR('',#3558,1.);
#3558 = DIRECTION('',(0.860012120646,0.510273605375));
#3559 = ( GEOMETRIC_REPRESENTATION_CONTEXT(2) 
PARAMETRIC_REPRESENTATION_CONTEXT() REPRESENTATION_CONTEXT('2D SPACE',''
  ) );
#3560 = ORIENTED_EDGE('',*,*,#3561,.T.);
#3561 = EDGE_CURVE('',#3539,#3562,#3564,.T.);
#3562 = VERTEX_POINT('',#3563);
#3563 = CARTESIAN_POINT('',(-40.,31.508458029058,10.899494936612));
#3564 = SURFACE_CURVE('',#3565,(#3569,#3576),.PCURVE_S1.);
#3565 = LINE('',#3566,#3567);
#3566 = CARTESIAN_POINT('',(-40.,35.529082893258,13.979472271698));
#3567 = VECTOR('',#3568,1.);
#3568 = DIRECTION('',(0.,-0.793844806099,-0.608120402411));
#3569 = PCURVE('',#423,#3570);
#3570 = DEFINITIONAL_REPRESENTATION('',(#3571),#3575);
#3571 = LINE('',#3572,#3573);
#3572 = CARTESIAN_POINT('',(36.470917106742,-10.07997733508));
#3573 = VECTOR('',#3574,1.);
#3574 = DIRECTION('',(0.793844806099,0.608120402411));
#3575 = ( GEOMETRIC_REPRESENTATION_CONTEXT(2) 
PARAMETRIC_REPRESENTATION_CONTEXT() REPRESENTATION_CONTEXT('2D SPACE',''
  ) );
#3576 = PCURVE('',#3577,#3582);
#3577 = PLANE('',#3578);
#3578 = AXIS2_PLACEMENT_3D('',#3579,#3580,#3581);
#3579 = CARTESIAN_POINT('',(-40.24859452415,17.488773462295,0.));
#3580 = DIRECTION('',(-0.454519477672,-0.54167522042,0.707106781187));
#3581 = DIRECTION('',(0.454519477672,0.54167522042,0.707106781187));
#3582 = DEFINITIONAL_REPRESENTATION('',(#3583),#3587);
#3583 = LINE('',#3584,#3585);
#3584 = CARTESIAN_POINT('',(19.769959281454,11.405652923316));
#3585 = VECTOR('',#3586,1.);
#3586 = DIRECTION('',(-0.860012120646,-0.510273605375));
#3587 = ( GEOMETRIC_REPRESENTATION_CONTEXT(2) 
PARAMETRIC_REPRESENTATION_CONTEXT() REPRESENTATION_CONTEXT('2D SPACE',''
  ) );
#3588 = ORIENTED_EDGE('',*,*,#3589,.F.);
#3589 = EDGE_CURVE('',#3590,#3562,#3592,.T.);
#3590 = VERTEX_POINT('',#3591);
#3591 = CARTESIAN_POINT('',(-40.,46.,10.899494936612));
#3592 = SURFACE_CURVE('',#3593,(#3597,#3604),.PCURVE_S1.);
#3593 = LINE('',#3594,#3595);
#3594 = CARTESIAN_POINT('',(-40.,48.,10.899494936612));
#3595 = VECTOR('',#3596,1.);
#3596 = DIRECTION('',(0.,-1.,0.));
#3597 = PCURVE('',#423,#3598);
#3598 = DEFINITIONAL_REPRESENTATION('',(#3599),#3603);
#3599 = LINE('',#3600,#3601);
#3600 = CARTESIAN_POINT('',(24.,-7.));
#3601 = VECTOR('',#3602,1.);
#3602 = DIRECTION('',(1.,0.));
#3603 = ( GEOMETRIC_REPRESENTATION_CONTEXT(2) 
PARAMETRIC_REPRESENTATION_CONTEXT() REPRESENTATION_CONTEXT('2D SPACE',''
  ) );
#3604 = PCURVE('',#3605,#3610);
#3605 = PLANE('',#3606);
#3606 = AXIS2_PLACEMENT_3D('',#3607,#3608,#3609);
#3607 = CARTESIAN_POINT('',(-42.,24.,10.899494936612));
#3608 = DIRECTION('',(0.,0.,1.));
#3609 = DIRECTION('',(1.,0.,0.));
#3610 = DEFINITIONAL_REPRESENTATION('',(#3611),#3615);
#3611 = LINE('',#3612,#3613);
#3612 = CARTESIAN_POINT('',(2.,24.));
#3613 = VECTOR('',#3614,1.);
#3614 = DIRECTION('',(0.,-1.));
#3615 = ( GEOMETRIC_REPRESENTATION_CONTEXT(2) 
PARAMETRIC_REPRESENTATION_CONTEXT() REPRESENTATION_CONTEXT('2D SPACE',''
  ) );
#3616 = ORIENTED_EDGE('',*,*,#3617,.F.);
#3617 = EDGE_CURVE('',#408,#3590,#3618,.T.);
#3618 = SURFACE_CURVE('',#3619,(#3623,#3630),.PCURVE_S1.);
#3619 = LINE('',#3620,#3621);
#3620 = CARTESIAN_POINT('',(-40.,46.,3.649494936612));
#3621 = VECTOR('',#3622,1.);
#3622 = DIRECTION('',(0.,-0.,1.));
#3623 = PCURVE('',#423,#3624);
#3624 = DEFINITIONAL_REPRESENTATION('',(#3625),#3629);
#3625 = LINE('',#3626,#3627);
#3626 = CARTESIAN_POINT('',(26.,0.25));
#3627 = VECTOR('',#3628,1.);
#3628 = DIRECTION('',(0.,-1.));
#3629 = ( GEOMETRIC_REPRESENTATION_CONTEXT(2) 
PARAMETRIC_REPRESENTATION_CONTEXT() REPRESENTATION_CONTEXT('2D SPACE',''
  ) );
#3630 = PCURVE('',#451,#3631);
#3631 = DEFINITIONAL_REPRESENTATION('',(#3632),#3636);
#3632 = LINE('',#3633,#3634);
#3633 = CARTESIAN_POINT('',(0.25,2.));
#3634 = VECTOR('',#3635,1.);
#3635 = DIRECTION('',(1.,0.));
#3636 = ( GEOMETRIC_REPRESENTATION_CONTEXT(2) 
PARAMETRIC_REPRESENTATION_CONTEXT() REPRESENTATION_CONTEXT('2D SPACE',''
  ) );
#3637 = ADVANCED_FACE('',(#3638,#3713),#1506,.T.);
#3638 = FACE_BOUND('',#3639,.T.);
#3639 = EDGE_LOOP('',(#3640,#3668,#3689,#3690,#3711,#3712));
#3640 = ORIENTED_EDGE('',*,*,#3641,.F.);
#3641 = EDGE_CURVE('',#3642,#3487,#3644,.T.);
#3642 = VERTEX_POINT('',#3643);
#3643 = CARTESIAN_POINT('',(-31.,78.,14.899494936612));
#3644 = SURFACE_CURVE('',#3645,(#3650,#3661),.PCURVE_S1.);
#3645 = CIRCLE('',#3646,5.);
#3646 = AXIS2_PLACEMENT_3D('',#3647,#3648,#3649);
#3647 = CARTESIAN_POINT('',(-31.,78.,9.899494936612));
#3648 = DIRECTION('',(-1.,0.,0.));
#3649 = DIRECTION('',(0.,1.136868377216E-14,1.));
#3650 = PCURVE('',#1506,#3651);
#3651 = DEFINITIONAL_REPRESENTATION('',(#3652),#3660);
#3652 = ( BOUNDED_CURVE() B_SPLINE_CURVE(2,(#3653,#3654,#3655,#3656,
#3657,#3658,#3659),.UNSPECIFIED.,.T.,.F.) B_SPLINE_CURVE_WITH_KNOTS((1,2
    ,2,2,2,1),(-2.094395102393,0.,2.094395102393,4.188790204786,
6.28318530718,8.377580409573),.UNSPECIFIED.) CURVE() 
GEOMETRIC_REPRESENTATION_ITEM() RATIONAL_B_SPLINE_CURVE((1.,0.5,1.,0.5,
1.,0.5,1.)) REPRESENTATION_ITEM('') );
#3653 = CARTESIAN_POINT('',(5.,-5.684341886081E-14));
#3654 = CARTESIAN_POINT('',(5.,-8.660254037844));
#3655 = CARTESIAN_POINT('',(-2.5,-4.330127018922));
#3656 = CARTESIAN_POINT('',(-10.,1.124621909225E-13));
#3657 = CARTESIAN_POINT('',(-2.5,4.330127018922));
#3658 = CARTESIAN_POINT('',(5.,8.660254037844));
#3659 = CARTESIAN_POINT('',(5.,-5.684341886081E-14));
#3660 = ( GEOMETRIC_REPRESENTATION_CONTEXT(2) 
PARAMETRIC_REPRESENTATION_CONTEXT() REPRESENTATION_CONTEXT('2D SPACE',''
  ) );
#3661 = PCURVE('',#3365,#3662);
#3662 = DEFINITIONAL_REPRESENTATION('',(#3663),#3667);
#3663 = LINE('',#3664,#3665);
#3664 = CARTESIAN_POINT('',(-7.853981633974,-4.));
#3665 = VECTOR('',#3666,1.);
#3666 = DIRECTION('',(1.,-0.));
#3667 = ( GEOMETRIC_REPRESENTATION_CONTEXT(2) 
PARAMETRIC_REPRESENTATION_CONTEXT() REPRESENTATION_CONTEXT('2D SPACE',''
  ) );
#3668 = ORIENTED_EDGE('',*,*,#3669,.T.);
#3669 = EDGE_CURVE('',#3642,#2610,#3670,.T.);
#3670 = SURFACE_CURVE('',#3671,(#3675,#3682),.PCURVE_S1.);
#3671 = LINE('',#3672,#3673);
#3672 = CARTESIAN_POINT('',(-31.,78.,3.899494936612));
#3673 = VECTOR('',#3674,1.);
#3674 = DIRECTION('',(0.,0.,1.));
#3675 = PCURVE('',#1506,#3676);
#3676 = DEFINITIONAL_REPRESENTATION('',(#3677),#3681);
#3677 = LINE('',#3678,#3679);
#3678 = CARTESIAN_POINT('',(-6.,0.));
#3679 = VECTOR('',#3680,1.);
#3680 = DIRECTION('',(1.,0.));
#3681 = ( GEOMETRIC_REPRESENTATION_CONTEXT(2) 
PARAMETRIC_REPRESENTATION_CONTEXT() REPRESENTATION_CONTEXT('2D SPACE',''
  ) );
#3682 = PCURVE('',#2646,#3683);
#3683 = DEFINITIONAL_REPRESENTATION('',(#3684),#3688);
#3684 = LINE('',#3685,#3686);
#3685 = CARTESIAN_POINT('',(0.,4.));
#3686 = VECTOR('',#3687,1.);
#3687 = DIRECTION('',(1.,0.));
#3688 = ( GEOMETRIC_REPRESENTATION_CONTEXT(2) 
PARAMETRIC_REPRESENTATION_CONTEXT() REPRESENTATION_CONTEXT('2D SPACE',''
  ) );
#3689 = ORIENTED_EDGE('',*,*,#2609,.F.);
#3690 = ORIENTED_EDGE('',*,*,#3691,.F.);
#3691 = EDGE_CURVE('',#1463,#2587,#3692,.T.);
#3692 = SURFACE_CURVE('',#3693,(#3697,#3704),.PCURVE_S1.);
#3693 = LINE('',#3694,#3695);
#3694 = CARTESIAN_POINT('',(-31.,72.,6.899494936612));
#3695 = VECTOR('',#3696,1.);
#3696 = DIRECTION('',(-0.,0.,1.));
#3697 = PCURVE('',#1506,#3698);
#3698 = DEFINITIONAL_REPRESENTATION('',(#3699),#3703);
#3699 = LINE('',#3700,#3701);
#3700 = CARTESIAN_POINT('',(-3.,6.));
#3701 = VECTOR('',#3702,1.);
#3702 = DIRECTION('',(1.,0.));
#3703 = ( GEOMETRIC_REPRESENTATION_CONTEXT(2) 
PARAMETRIC_REPRESENTATION_CONTEXT() REPRESENTATION_CONTEXT('2D SPACE',''
  ) );
#3704 = PCURVE('',#1478,#3705);
#3705 = DEFINITIONAL_REPRESENTATION('',(#3706),#3710);
#3706 = LINE('',#3707,#3708);
#3707 = CARTESIAN_POINT('',(71.,-3.));
#3708 = VECTOR('',#3709,1.);
#3709 = DIRECTION('',(0.,-1.));
#3710 = ( GEOMETRIC_REPRESENTATION_CONTEXT(2) 
PARAMETRIC_REPRESENTATION_CONTEXT() REPRESENTATION_CONTEXT('2D SPACE',''
  ) );
#3711 = ORIENTED_EDGE('',*,*,#1490,.T.);
#3712 = ORIENTED_EDGE('',*,*,#3486,.T.);
#3713 = FACE_BOUND('',#3714,.T.);
#3714 = EDGE_LOOP('',(#3715));
#3715 = ORIENTED_EDGE('',*,*,#3716,.T.);
#3716 = EDGE_CURVE('',#3717,#3717,#3719,.T.);
#3717 = VERTEX_POINT('',#3718);
#3718 = CARTESIAN_POINT('',(-31.,79.6,9.899494936612));
#3719 = SURFACE_CURVE('',#3720,(#3725,#3736),.PCURVE_S1.);
#3720 = CIRCLE('',#3721,1.6);
#3721 = AXIS2_PLACEMENT_3D('',#3722,#3723,#3724);
#3722 = CARTESIAN_POINT('',(-31.,78.,9.899494936612));
#3723 = DIRECTION('',(-1.,0.,0.));
#3724 = DIRECTION('',(0.,1.,0.));
#3725 = PCURVE('',#1506,#3726);
#3726 = DEFINITIONAL_REPRESENTATION('',(#3727),#3735);
#3727 = ( BOUNDED_CURVE() B_SPLINE_CURVE(2,(#3728,#3729,#3730,#3731,
#3732,#3733,#3734),.UNSPECIFIED.,.T.,.F.) B_SPLINE_CURVE_WITH_KNOTS((1,2
    ,2,2,2,1),(-2.094395102393,0.,2.094395102393,4.188790204786,
6.28318530718,8.377580409573),.UNSPECIFIED.) CURVE() 
GEOMETRIC_REPRESENTATION_ITEM() RATIONAL_B_SPLINE_CURVE((1.,0.5,1.,0.5,
1.,0.5,1.)) REPRESENTATION_ITEM('') );
#3728 = CARTESIAN_POINT('',(0.,-1.6));
#3729 = CARTESIAN_POINT('',(-2.77128129211,-1.6));
#3730 = CARTESIAN_POINT('',(-1.385640646055,0.8));
#3731 = CARTESIAN_POINT('',(-3.918869757272E-16,3.2));
#3732 = CARTESIAN_POINT('',(1.385640646055,0.8));
#3733 = CARTESIAN_POINT('',(2.77128129211,-1.6));
#3734 = CARTESIAN_POINT('',(0.,-1.6));
#3735 = ( GEOMETRIC_REPRESENTATION_CONTEXT(2) 
PARAMETRIC_REPRESENTATION_CONTEXT() REPRESENTATION_CONTEXT('2D SPACE',''
  ) );
#3736 = PCURVE('',#3444,#3737);
#3737 = DEFINITIONAL_REPRESENTATION('',(#3738),#3742);
#3738 = LINE('',#3739,#3740);
#3739 = CARTESIAN_POINT('',(-6.28318530718,-11.));
#3740 = VECTOR('',#3741,1.);
#3741 = DIRECTION('',(1.,-0.));
#3742 = ( GEOMETRIC_REPRESENTATION_CONTEXT(2) 
PARAMETRIC_REPRESENTATION_CONTEXT() REPRESENTATION_CONTEXT('2D SPACE',''
  ) );
#3743 = ADVANCED_FACE('',(#3744),#451,.F.);
#3744 = FACE_BOUND('',#3745,.F.);
#3745 = EDGE_LOOP('',(#3746,#3769,#3770,#3771));
#3746 = ORIENTED_EDGE('',*,*,#3747,.F.);
#3747 = EDGE_CURVE('',#436,#3748,#3750,.T.);
#3748 = VERTEX_POINT('',#3749);
#3749 = CARTESIAN_POINT('',(-37.,46.,10.899494936612));
#3750 = SURFACE_CURVE('',#3751,(#3755,#3762),.PCURVE_S1.);
#3751 = LINE('',#3752,#3753);
#3752 = CARTESIAN_POINT('',(-37.,46.,3.399494936612));
#3753 = VECTOR('',#3754,1.);
#3754 = DIRECTION('',(0.,0.,1.));
#3755 = PCURVE('',#451,#3756);
#3756 = DEFINITIONAL_REPRESENTATION('',(#3757),#3761);
#3757 = LINE('',#3758,#3759);
#3758 = CARTESIAN_POINT('',(0.,5.));
#3759 = VECTOR('',#3760,1.);
#3760 = DIRECTION('',(1.,0.));
#3761 = ( GEOMETRIC_REPRESENTATION_CONTEXT(2) 
PARAMETRIC_REPRESENTATION_CONTEXT() REPRESENTATION_CONTEXT('2D SPACE',''
  ) );
#3762 = PCURVE('',#479,#3763);
#3763 = DEFINITIONAL_REPRESENTATION('',(#3764),#3768);
#3764 = LINE('',#3765,#3766);
#3765 = CARTESIAN_POINT('',(0.,-22.));
#3766 = VECTOR('',#3767,1.);
#3767 = DIRECTION('',(1.,0.));
#3768 = ( GEOMETRIC_REPRESENTATION_CONTEXT(2) 
PARAMETRIC_REPRESENTATION_CONTEXT() REPRESENTATION_CONTEXT('2D SPACE',''
  ) );
#3769 = ORIENTED_EDGE('',*,*,#435,.T.);
#3770 = ORIENTED_EDGE('',*,*,#3617,.T.);
#3771 = ORIENTED_EDGE('',*,*,#3772,.T.);
#3772 = EDGE_CURVE('',#3590,#3748,#3773,.T.);
#3773 = SURFACE_CURVE('',#3774,(#3778,#3785),.PCURVE_S1.);
#3774 = LINE('',#3775,#3776);
#3775 = CARTESIAN_POINT('',(-42.,46.,10.899494936612));
#3776 = VECTOR('',#3777,1.);
#3777 = DIRECTION('',(1.,0.,0.));
#3778 = PCURVE('',#451,#3779);
#3779 = DEFINITIONAL_REPRESENTATION('',(#3780),#3784);
#3780 = LINE('',#3781,#3782);
#3781 = CARTESIAN_POINT('',(7.5,0.));
#3782 = VECTOR('',#3783,1.);
#3783 = DIRECTION('',(0.,1.));
#3784 = ( GEOMETRIC_REPRESENTATION_CONTEXT(2) 
PARAMETRIC_REPRESENTATION_CONTEXT() REPRESENTATION_CONTEXT('2D SPACE',''
  ) );
#3785 = PCURVE('',#3605,#3786);
#3786 = DEFINITIONAL_REPRESENTATION('',(#3787),#3791);
#3787 = LINE('',#3788,#3789);
#3788 = CARTESIAN_POINT('',(0.,22.));
#3789 = VECTOR('',#3790,1.);
#3790 = DIRECTION('',(1.,0.));
#3791 = ( GEOMETRIC_REPRESENTATION_CONTEXT(2) 
PARAMETRIC_REPRESENTATION_CONTEXT() REPRESENTATION_CONTEXT('2D SPACE',''
  ) );
#3792 = ADVANCED_FACE('',(#3793,#3819),#1478,.F.);
#3793 = FACE_BOUND('',#3794,.F.);
#3794 = EDGE_LOOP('',(#3795,#3796,#3817,#3818));
#3795 = ORIENTED_EDGE('',*,*,#1462,.F.);
#3796 = ORIENTED_EDGE('',*,*,#3797,.T.);
#3797 = EDGE_CURVE('',#1435,#2564,#3798,.T.);
#3798 = SURFACE_CURVE('',#3799,(#3803,#3810),.PCURVE_S1.);
#3799 = LINE('',#3800,#3801);
#3800 = CARTESIAN_POINT('',(-23.,72.,6.899494936612));
#3801 = VECTOR('',#3802,1.);
#3802 = DIRECTION('',(-0.,0.,1.));
#3803 = PCURVE('',#1478,#3804);
#3804 = DEFINITIONAL_REPRESENTATION('',(#3805),#3809);
#3805 = LINE('',#3806,#3807);
#3806 = CARTESIAN_POINT('',(63.,-3.));
#3807 = VECTOR('',#3808,1.);
#3808 = DIRECTION('',(0.,-1.));
#3809 = ( GEOMETRIC_REPRESENTATION_CONTEXT(2) 
PARAMETRIC_REPRESENTATION_CONTEXT() REPRESENTATION_CONTEXT('2D SPACE',''
  ) );
#3810 = PCURVE('',#1450,#3811);
#3811 = DEFINITIONAL_REPRESENTATION('',(#3812),#3816);
#3812 = LINE('',#3813,#3814);
#3813 = CARTESIAN_POINT('',(-3.,6.));
#3814 = VECTOR('',#3815,1.);
#3815 = DIRECTION('',(1.,0.));
#3816 = ( GEOMETRIC_REPRESENTATION_CONTEXT(2) 
PARAMETRIC_REPRESENTATION_CONTEXT() REPRESENTATION_CONTEXT('2D SPACE',''
  ) );
#3817 = ORIENTED_EDGE('',*,*,#2586,.T.);
#3818 = ORIENTED_EDGE('',*,*,#3691,.F.);
#3819 = FACE_BOUND('',#3820,.F.);
#3820 = EDGE_LOOP('',(#3821));
#3821 = ORIENTED_EDGE('',*,*,#3822,.T.);
#3822 = EDGE_CURVE('',#3823,#3823,#3825,.T.);
#3823 = VERTEX_POINT('',#3824);
#3824 = CARTESIAN_POINT('',(-25.9,72.,5.899494936612));
#3825 = SURFACE_CURVE('',#3826,(#3831,#3842),.PCURVE_S1.);
#3826 = CIRCLE('',#3827,1.1);
#3827 = AXIS2_PLACEMENT_3D('',#3828,#3829,#3830);
#3828 = CARTESIAN_POINT('',(-27.,72.,5.899494936612));
#3829 = DIRECTION('',(-0.,1.,0.));
#3830 = DIRECTION('',(1.,0.,0.));
#3831 = PCURVE('',#1478,#3832);
#3832 = DEFINITIONAL_REPRESENTATION('',(#3833),#3841);
#3833 = ( BOUNDED_CURVE() B_SPLINE_CURVE(2,(#3834,#3835,#3836,#3837,
#3838,#3839,#3840),.UNSPECIFIED.,.T.,.F.) B_SPLINE_CURVE_WITH_KNOTS((1,2
    ,2,2,2,1),(-2.094395102393,0.,2.094395102393,4.188790204786,
6.28318530718,8.377580409573),.UNSPECIFIED.) CURVE() 
GEOMETRIC_REPRESENTATION_ITEM() RATIONAL_B_SPLINE_CURVE((1.,0.5,1.,0.5,
1.,0.5,1.)) REPRESENTATION_ITEM('') );
#3834 = CARTESIAN_POINT('',(65.9,-2.));
#3835 = CARTESIAN_POINT('',(65.9,-9.474411167423E-02));
#3836 = CARTESIAN_POINT('',(67.55,-1.047372055837));
#3837 = CARTESIAN_POINT('',(69.2,-2.));
#3838 = CARTESIAN_POINT('',(67.55,-2.952627944163));
#3839 = CARTESIAN_POINT('',(65.9,-3.905255888326));
#3840 = CARTESIAN_POINT('',(65.9,-2.));
#3841 = ( GEOMETRIC_REPRESENTATION_CONTEXT(2) 
PARAMETRIC_REPRESENTATION_CONTEXT() REPRESENTATION_CONTEXT('2D SPACE',''
  ) );
#3842 = PCURVE('',#3843,#3848);
#3843 = CYLINDRICAL_SURFACE('',#3844,1.1);
#3844 = AXIS2_PLACEMENT_3D('',#3845,#3846,#3847);
#3845 = CARTESIAN_POINT('',(-27.,73.,5.899494936612));
#3846 = DIRECTION('',(-0.,1.,-0.));
#3847 = DIRECTION('',(1.,0.,0.));
#3848 = DEFINITIONAL_REPRESENTATION('',(#3849),#3853);
#3849 = LINE('',#3850,#3851);
#3850 = CARTESIAN_POINT('',(-6.28318530718,-1.));
#3851 = VECTOR('',#3852,1.);
#3852 = DIRECTION('',(1.,-0.));
#3853 = ( GEOMETRIC_REPRESENTATION_CONTEXT(2) 
PARAMETRIC_REPRESENTATION_CONTEXT() REPRESENTATION_CONTEXT('2D SPACE',''
  ) );
#3854 = ADVANCED_FACE('',(#3855),#479,.F.);
#3855 = FACE_BOUND('',#3856,.F.);
#3856 = EDGE_LOOP('',(#3857,#3880,#3881,#3882));
#3857 = ORIENTED_EDGE('',*,*,#3858,.F.);
#3858 = EDGE_CURVE('',#464,#3859,#3861,.T.);
#3859 = VERTEX_POINT('',#3860);
#3860 = CARTESIAN_POINT('',(-37.,24.,10.899494936612));
#3861 = SURFACE_CURVE('',#3862,(#3866,#3873),.PCURVE_S1.);
#3862 = LINE('',#3863,#3864);
#3863 = CARTESIAN_POINT('',(-37.,24.,3.399494936612));
#3864 = VECTOR('',#3865,1.);
#3865 = DIRECTION('',(0.,0.,1.));
#3866 = PCURVE('',#479,#3867);
#3867 = DEFINITIONAL_REPRESENTATION('',(#3868),#3872);
#3868 = LINE('',#3869,#3870);
#3869 = CARTESIAN_POINT('',(0.,0.));
#3870 = VECTOR('',#3871,1.);
#3871 = DIRECTION('',(1.,0.));
#3872 = ( GEOMETRIC_REPRESENTATION_CONTEXT(2) 
PARAMETRIC_REPRESENTATION_CONTEXT() REPRESENTATION_CONTEXT('2D SPACE',''
  ) );
#3873 = PCURVE('',#507,#3874);
#3874 = DEFINITIONAL_REPRESENTATION('',(#3875),#3879);
#3875 = LINE('',#3876,#3877);
#3876 = CARTESIAN_POINT('',(0.,5.));
#3877 = VECTOR('',#3878,1.);
#3878 = DIRECTION('',(1.,0.));
#3879 = ( GEOMETRIC_REPRESENTATION_CONTEXT(2) 
PARAMETRIC_REPRESENTATION_CONTEXT() REPRESENTATION_CONTEXT('2D SPACE',''
  ) );
#3880 = ORIENTED_EDGE('',*,*,#463,.T.);
#3881 = ORIENTED_EDGE('',*,*,#3747,.T.);
#3882 = ORIENTED_EDGE('',*,*,#3883,.F.);
#3883 = EDGE_CURVE('',#3859,#3748,#3884,.T.);
#3884 = SURFACE_CURVE('',#3885,(#3889,#3896),.PCURVE_S1.);
#3885 = LINE('',#3886,#3887);
#3886 = CARTESIAN_POINT('',(-37.,24.,10.899494936612));
#3887 = VECTOR('',#3888,1.);
#3888 = DIRECTION('',(0.,1.,0.));
#3889 = PCURVE('',#479,#3890);
#3890 = DEFINITIONAL_REPRESENTATION('',(#3891),#3895);
#3891 = LINE('',#3892,#3893);
#3892 = CARTESIAN_POINT('',(7.5,0.));
#3893 = VECTOR('',#3894,1.);
#3894 = DIRECTION('',(0.,-1.));
#3895 = ( GEOMETRIC_REPRESENTATION_CONTEXT(2) 
PARAMETRIC_REPRESENTATION_CONTEXT() REPRESENTATION_CONTEXT('2D SPACE',''
  ) );
#3896 = PCURVE('',#3605,#3897);
#3897 = DEFINITIONAL_REPRESENTATION('',(#3898),#3902);
#3898 = LINE('',#3899,#3900);
#3899 = CARTESIAN_POINT('',(5.,0.));
#3900 = VECTOR('',#3901,1.);
#3901 = DIRECTION('',(0.,1.));
#3902 = ( GEOMETRIC_REPRESENTATION_CONTEXT(2) 
PARAMETRIC_REPRESENTATION_CONTEXT() REPRESENTATION_CONTEXT('2D SPACE',''
  ) );
#3903 = ADVANCED_FACE('',(#3904,#3982),#1450,.F.);
#3904 = FACE_BOUND('',#3905,.F.);
#3905 = EDGE_LOOP('',(#3906,#3929,#3958,#3979,#3980,#3981));
#3906 = ORIENTED_EDGE('',*,*,#3907,.T.);
#3907 = EDGE_CURVE('',#1407,#3908,#3910,.T.);
#3908 = VERTEX_POINT('',#3909);
#3909 = CARTESIAN_POINT('',(-23.,78.,4.899494936612));
#3910 = SURFACE_CURVE('',#3911,(#3915,#3922),.PCURVE_S1.);
#3911 = LINE('',#3912,#3913);
#3912 = CARTESIAN_POINT('',(-23.,78.,3.899494936612));
#3913 = VECTOR('',#3914,1.);
#3914 = DIRECTION('',(0.,0.,1.));
#3915 = PCURVE('',#1450,#3916);
#3916 = DEFINITIONAL_REPRESENTATION('',(#3917),#3921);
#3917 = LINE('',#3918,#3919);
#3918 = CARTESIAN_POINT('',(-6.,0.));
#3919 = VECTOR('',#3920,1.);
#3920 = DIRECTION('',(1.,0.));
#3921 = ( GEOMETRIC_REPRESENTATION_CONTEXT(2) 
PARAMETRIC_REPRESENTATION_CONTEXT() REPRESENTATION_CONTEXT('2D SPACE',''
  ) );
#3922 = PCURVE('',#1422,#3923);
#3923 = DEFINITIONAL_REPRESENTATION('',(#3924),#3928);
#3924 = LINE('',#3925,#3926);
#3925 = CARTESIAN_POINT('',(0.,0.));
#3926 = VECTOR('',#3927,1.);
#3927 = DIRECTION('',(1.,0.));
#3928 = ( GEOMETRIC_REPRESENTATION_CONTEXT(2) 
PARAMETRIC_REPRESENTATION_CONTEXT() REPRESENTATION_CONTEXT('2D SPACE',''
  ) );
#3929 = ORIENTED_EDGE('',*,*,#3930,.T.);
#3930 = EDGE_CURVE('',#3908,#3931,#3933,.T.);
#3931 = VERTEX_POINT('',#3932);
#3932 = CARTESIAN_POINT('',(-23.,78.,14.899494936612));
#3933 = SURFACE_CURVE('',#3934,(#3939,#3946),.PCURVE_S1.);
#3934 = CIRCLE('',#3935,5.);
#3935 = AXIS2_PLACEMENT_3D('',#3936,#3937,#3938);
#3936 = CARTESIAN_POINT('',(-23.,78.,9.899494936612));
#3937 = DIRECTION('',(1.,0.,0.));
#3938 = DIRECTION('',(0.,1.136868377216E-14,-1.));
#3939 = PCURVE('',#1450,#3940);
#3940 = DEFINITIONAL_REPRESENTATION('',(#3941),#3945);
#3941 = CIRCLE('',#3942,5.);
#3942 = AXIS2_PLACEMENT_2D('',#3943,#3944);
#3943 = CARTESIAN_POINT('',(0.,0.));
#3944 = DIRECTION('',(-1.,-1.136868377216E-14));
#3945 = ( GEOMETRIC_REPRESENTATION_CONTEXT(2) 
PARAMETRIC_REPRESENTATION_CONTEXT() REPRESENTATION_CONTEXT('2D SPACE',''
  ) );
#3946 = PCURVE('',#3947,#3952);
#3947 = CYLINDRICAL_SURFACE('',#3948,5.);
#3948 = AXIS2_PLACEMENT_3D('',#3949,#3950,#3951);
#3949 = CARTESIAN_POINT('',(-23.,78.,9.899494936612));
#3950 = DIRECTION('',(-1.,-0.,-0.));
#3951 = DIRECTION('',(0.,1.,0.));
#3952 = DEFINITIONAL_REPRESENTATION('',(#3953),#3957);
#3953 = LINE('',#3954,#3955);
#3954 = CARTESIAN_POINT('',(-4.712388980385,0.));
#3955 = VECTOR('',#3956,1.);
#3956 = DIRECTION('',(-1.,0.));
#3957 = ( GEOMETRIC_REPRESENTATION_CONTEXT(2) 
PARAMETRIC_REPRESENTATION_CONTEXT() REPRESENTATION_CONTEXT('2D SPACE',''
  ) );
#3958 = ORIENTED_EDGE('',*,*,#3959,.T.);
#3959 = EDGE_CURVE('',#3931,#2536,#3960,.T.);
#3960 = SURFACE_CURVE('',#3961,(#3965,#3972),.PCURVE_S1.);
#3961 = LINE('',#3962,#3963);
#3962 = CARTESIAN_POINT('',(-23.,78.,3.899494936612));
#3963 = VECTOR('',#3964,1.);
#3964 = DIRECTION('',(0.,0.,1.));
#3965 = PCURVE('',#1450,#3966);
#3966 = DEFINITIONAL_REPRESENTATION('',(#3967),#3971);
#3967 = LINE('',#3968,#3969);
#3968 = CARTESIAN_POINT('',(-6.,0.));
#3969 = VECTOR('',#3970,1.);
#3970 = DIRECTION('',(1.,0.));
#3971 = ( GEOMETRIC_REPRESENTATION_CONTEXT(2) 
PARAMETRIC_REPRESENTATION_CONTEXT() REPRESENTATION_CONTEXT('2D SPACE',''
  ) );
#3972 = PCURVE('',#2551,#3973);
#3973 = DEFINITIONAL_REPRESENTATION('',(#3974),#3978);
#3974 = LINE('',#3975,#3976);
#3975 = CARTESIAN_POINT('',(0.,0.));
#3976 = VECTOR('',#3977,1.);
#3977 = DIRECTION('',(1.,0.));
#3978 = ( GEOMETRIC_REPRESENTATION_CONTEXT(2) 
PARAMETRIC_REPRESENTATION_CONTEXT() REPRESENTATION_CONTEXT('2D SPACE',''
  ) );
#3979 = ORIENTED_EDGE('',*,*,#2563,.F.);
#3980 = ORIENTED_EDGE('',*,*,#3797,.F.);
#3981 = ORIENTED_EDGE('',*,*,#1434,.T.);
#3982 = FACE_BOUND('',#3983,.F.);
#3983 = EDGE_LOOP('',(#3984));
#3984 = ORIENTED_EDGE('',*,*,#3985,.T.);
#3985 = EDGE_CURVE('',#3986,#3986,#3988,.T.);
#3986 = VERTEX_POINT('',#3987);
#3987 = CARTESIAN_POINT('',(-23.,79.6,9.899494936612));
#3988 = SURFACE_CURVE('',#3989,(#3994,#4005),.PCURVE_S1.);
#3989 = CIRCLE('',#3990,1.6);
#3990 = AXIS2_PLACEMENT_3D('',#3991,#3992,#3993);
#3991 = CARTESIAN_POINT('',(-23.,78.,9.899494936612));
#3992 = DIRECTION('',(-1.,0.,0.));
#3993 = DIRECTION('',(0.,1.,0.));
#3994 = PCURVE('',#1450,#3995);
#3995 = DEFINITIONAL_REPRESENTATION('',(#3996),#4004);
#3996 = ( BOUNDED_CURVE() B_SPLINE_CURVE(2,(#3997,#3998,#3999,#4000,
#4001,#4002,#4003),.UNSPECIFIED.,.T.,.F.) B_SPLINE_CURVE_WITH_KNOTS((1,2
    ,2,2,2,1),(-2.094395102393,0.,2.094395102393,4.188790204786,
6.28318530718,8.377580409573),.UNSPECIFIED.) CURVE() 
GEOMETRIC_REPRESENTATION_ITEM() RATIONAL_B_SPLINE_CURVE((1.,0.5,1.,0.5,
1.,0.5,1.)) REPRESENTATION_ITEM('') );
#3997 = CARTESIAN_POINT('',(0.,-1.6));
#3998 = CARTESIAN_POINT('',(-2.77128129211,-1.6));
#3999 = CARTESIAN_POINT('',(-1.385640646055,0.8));
#4000 = CARTESIAN_POINT('',(-3.918869757272E-16,3.2));
#4001 = CARTESIAN_POINT('',(1.385640646055,0.8));
#4002 = CARTESIAN_POINT('',(2.77128129211,-1.6));
#4003 = CARTESIAN_POINT('',(0.,-1.6));
#4004 = ( GEOMETRIC_REPRESENTATION_CONTEXT(2) 
PARAMETRIC_REPRESENTATION_CONTEXT() REPRESENTATION_CONTEXT('2D SPACE',''
  ) );
#4005 = PCURVE('',#4006,#4011);
#4006 = CYLINDRICAL_SURFACE('',#4007,1.6);
#4007 = AXIS2_PLACEMENT_3D('',#4008,#4009,#4010);
#4008 = CARTESIAN_POINT('',(-42.,78.,9.899494936612));
#4009 = DIRECTION('',(-1.,-0.,-0.));
#4010 = DIRECTION('',(0.,1.,0.));
#4011 = DEFINITIONAL_REPRESENTATION('',(#4012),#4016);
#4012 = LINE('',#4013,#4014);
#4013 = CARTESIAN_POINT('',(-6.28318530718,-19.));
#4014 = VECTOR('',#4015,1.);
#4015 = DIRECTION('',(1.,-0.));
#4016 = ( GEOMETRIC_REPRESENTATION_CONTEXT(2) 
PARAMETRIC_REPRESENTATION_CONTEXT() REPRESENTATION_CONTEXT('2D SPACE',''
  ) );
#4017 = ADVANCED_FACE('',(#4018),#507,.T.);
#4018 = FACE_BOUND('',#4019,.T.);
#4019 = EDGE_LOOP('',(#4020,#4021,#4022,#4045));
#4020 = ORIENTED_EDGE('',*,*,#3858,.F.);
#4021 = ORIENTED_EDGE('',*,*,#491,.T.);
#4022 = ORIENTED_EDGE('',*,*,#4023,.T.);
#4023 = EDGE_CURVE('',#492,#4024,#4026,.T.);
#4024 = VERTEX_POINT('',#4025);
#4025 = CARTESIAN_POINT('',(-40.,24.,10.899494936612));
#4026 = SURFACE_CURVE('',#4027,(#4031,#4038),.PCURVE_S1.);
#4027 = LINE('',#4028,#4029);
#4028 = CARTESIAN_POINT('',(-40.,24.,3.899494936612));
#4029 = VECTOR('',#4030,1.);
#4030 = DIRECTION('',(0.,0.,1.));
#4031 = PCURVE('',#507,#4032);
#4032 = DEFINITIONAL_REPRESENTATION('',(#4033),#4037);
#4033 = LINE('',#4034,#4035);
#4034 = CARTESIAN_POINT('',(0.5,2.));
#4035 = VECTOR('',#4036,1.);
#4036 = DIRECTION('',(1.,0.));
#4037 = ( GEOMETRIC_REPRESENTATION_CONTEXT(2) 
PARAMETRIC_REPRESENTATION_CONTEXT() REPRESENTATION_CONTEXT('2D SPACE',''
  ) );
#4038 = PCURVE('',#535,#4039);
#4039 = DEFINITIONAL_REPRESENTATION('',(#4040),#4044);
#4040 = LINE('',#4041,#4042);
#4041 = CARTESIAN_POINT('',(0.,0.));
#4042 = VECTOR('',#4043,1.);
#4043 = DIRECTION('',(0.,-1.));
#4044 = ( GEOMETRIC_REPRESENTATION_CONTEXT(2) 
PARAMETRIC_REPRESENTATION_CONTEXT() REPRESENTATION_CONTEXT('2D SPACE',''
  ) );
#4045 = ORIENTED_EDGE('',*,*,#4046,.T.);
#4046 = EDGE_CURVE('',#4024,#3859,#4047,.T.);
#4047 = SURFACE_CURVE('',#4048,(#4052,#4059),.PCURVE_S1.);
#4048 = LINE('',#4049,#4050);
#4049 = CARTESIAN_POINT('',(-42.,24.,10.899494936612));
#4050 = VECTOR('',#4051,1.);
#4051 = DIRECTION('',(1.,0.,0.));
#4052 = PCURVE('',#507,#4053);
#4053 = DEFINITIONAL_REPRESENTATION('',(#4054),#4058);
#4054 = LINE('',#4055,#4056);
#4055 = CARTESIAN_POINT('',(7.5,0.));
#4056 = VECTOR('',#4057,1.);
#4057 = DIRECTION('',(0.,1.));
#4058 = ( GEOMETRIC_REPRESENTATION_CONTEXT(2) 
PARAMETRIC_REPRESENTATION_CONTEXT() REPRESENTATION_CONTEXT('2D SPACE',''
  ) );
#4059 = PCURVE('',#3605,#4060);
#4060 = DEFINITIONAL_REPRESENTATION('',(#4061),#4065);
#4061 = LINE('',#4062,#4063);
#4062 = CARTESIAN_POINT('',(0.,0.));
#4063 = VECTOR('',#4064,1.);
#4064 = DIRECTION('',(1.,0.));
#4065 = ( GEOMETRIC_REPRESENTATION_CONTEXT(2) 
PARAMETRIC_REPRESENTATION_CONTEXT() REPRESENTATION_CONTEXT('2D SPACE',''
  ) );
#4066 = ADVANCED_FACE('',(#4067),#1422,.T.);
#4067 = FACE_BOUND('',#4068,.T.);
#4068 = EDGE_LOOP('',(#4069,#4092,#4093,#4094));
#4069 = ORIENTED_EDGE('',*,*,#4070,.F.);
#4070 = EDGE_CURVE('',#1379,#4071,#4073,.T.);
#4071 = VERTEX_POINT('',#4072);
#4072 = CARTESIAN_POINT('',(-19.,78.,4.899494936612));
#4073 = SURFACE_CURVE('',#4074,(#4078,#4085),.PCURVE_S1.);
#4074 = LINE('',#4075,#4076);
#4075 = CARTESIAN_POINT('',(-19.,78.,3.899494936612));
#4076 = VECTOR('',#4077,1.);
#4077 = DIRECTION('',(0.,0.,1.));
#4078 = PCURVE('',#1422,#4079);
#4079 = DEFINITIONAL_REPRESENTATION('',(#4080),#4084);
#4080 = LINE('',#4081,#4082);
#4081 = CARTESIAN_POINT('',(0.,4.));
#4082 = VECTOR('',#4083,1.);
#4083 = DIRECTION('',(1.,0.));
#4084 = ( GEOMETRIC_REPRESENTATION_CONTEXT(2) 
PARAMETRIC_REPRESENTATION_CONTEXT() REPRESENTATION_CONTEXT('2D SPACE',''
  ) );
#4085 = PCURVE('',#1394,#4086);
#4086 = DEFINITIONAL_REPRESENTATION('',(#4087),#4091);
#4087 = LINE('',#4088,#4089);
#4088 = CARTESIAN_POINT('',(-6.,0.));
#4089 = VECTOR('',#4090,1.);
#4090 = DIRECTION('',(1.,0.));
#4091 = ( GEOMETRIC_REPRESENTATION_CONTEXT(2) 
PARAMETRIC_REPRESENTATION_CONTEXT() REPRESENTATION_CONTEXT('2D SPACE',''
  ) );
#4092 = ORIENTED_EDGE('',*,*,#1406,.F.);
#4093 = ORIENTED_EDGE('',*,*,#3907,.T.);
#4094 = ORIENTED_EDGE('',*,*,#4095,.F.);
#4095 = EDGE_CURVE('',#4071,#3908,#4096,.T.);
#4096 = SURFACE_CURVE('',#4097,(#4101,#4108),.PCURVE_S1.);
#4097 = LINE('',#4098,#4099);
#4098 = CARTESIAN_POINT('',(-23.,78.,4.899494936612));
#4099 = VECTOR('',#4100,1.);
#4100 = DIRECTION('',(-1.,-0.,-0.));
#4101 = PCURVE('',#1422,#4102);
#4102 = DEFINITIONAL_REPRESENTATION('',(#4103),#4107);
#4103 = LINE('',#4104,#4105);
#4104 = CARTESIAN_POINT('',(1.,0.));
#4105 = VECTOR('',#4106,1.);
#4106 = DIRECTION('',(0.,-1.));
#4107 = ( GEOMETRIC_REPRESENTATION_CONTEXT(2) 
PARAMETRIC_REPRESENTATION_CONTEXT() REPRESENTATION_CONTEXT('2D SPACE',''
  ) );
#4108 = PCURVE('',#3947,#4109);
#4109 = DEFINITIONAL_REPRESENTATION('',(#4110),#4114);
#4110 = LINE('',#4111,#4112);
#4111 = CARTESIAN_POINT('',(-4.712388980385,0.));
#4112 = VECTOR('',#4113,1.);
#4113 = DIRECTION('',(-0.,1.));
#4114 = ( GEOMETRIC_REPRESENTATION_CONTEXT(2) 
PARAMETRIC_REPRESENTATION_CONTEXT() REPRESENTATION_CONTEXT('2D SPACE',''
  ) );
#4115 = ADVANCED_FACE('',(#4116),#535,.F.);
#4116 = FACE_BOUND('',#4117,.F.);
#4117 = EDGE_LOOP('',(#4118,#4119,#4120,#4148,#4171));
#4118 = ORIENTED_EDGE('',*,*,#519,.F.);
#4119 = ORIENTED_EDGE('',*,*,#4023,.T.);
#4120 = ORIENTED_EDGE('',*,*,#4121,.T.);
#4121 = EDGE_CURVE('',#4024,#4122,#4124,.T.);
#4122 = VERTEX_POINT('',#4123);
#4123 = CARTESIAN_POINT('',(-40.,24.,11.822880361417));
#4124 = SURFACE_CURVE('',#4125,(#4129,#4136),.PCURVE_S1.);
#4125 = LINE('',#4126,#4127);
#4126 = CARTESIAN_POINT('',(-40.,24.,3.899494936612));
#4127 = VECTOR('',#4128,1.);
#4128 = DIRECTION('',(0.,0.,1.));
#4129 = PCURVE('',#535,#4130);
#4130 = DEFINITIONAL_REPRESENTATION('',(#4131),#4135);
#4131 = LINE('',#4132,#4133);
#4132 = CARTESIAN_POINT('',(0.,0.));
#4133 = VECTOR('',#4134,1.);
#4134 = DIRECTION('',(0.,-1.));
#4135 = ( GEOMETRIC_REPRESENTATION_CONTEXT(2) 
PARAMETRIC_REPRESENTATION_CONTEXT() REPRESENTATION_CONTEXT('2D SPACE',''
  ) );
#4136 = PCURVE('',#4137,#4142);
#4137 = PLANE('',#4138);
#4138 = AXIS2_PLACEMENT_3D('',#4139,#4140,#4141);
#4139 = CARTESIAN_POINT('',(-40.,72.,3.899494936612));
#4140 = DIRECTION('',(1.,0.,-0.));
#4141 = DIRECTION('',(0.,-1.,0.));
#4142 = DEFINITIONAL_REPRESENTATION('',(#4143),#4147);
#4143 = LINE('',#4144,#4145);
#4144 = CARTESIAN_POINT('',(48.,0.));
#4145 = VECTOR('',#4146,1.);
#4146 = DIRECTION('',(0.,-1.));
#4147 = ( GEOMETRIC_REPRESENTATION_CONTEXT(2) 
PARAMETRIC_REPRESENTATION_CONTEXT() REPRESENTATION_CONTEXT('2D SPACE',''
  ) );
#4148 = ORIENTED_EDGE('',*,*,#4149,.T.);
#4149 = EDGE_CURVE('',#4122,#4150,#4152,.T.);
#4150 = VERTEX_POINT('',#4151);
#4151 = CARTESIAN_POINT('',(-38.54022587946,21.080451758936,
    13.121059350283));
#4152 = SURFACE_CURVE('',#4153,(#4157,#4164),.PCURVE_S1.);
#4153 = LINE('',#4154,#4155);
#4154 = CARTESIAN_POINT('',(-41.53317087789,27.066341755794,
    10.459429542532));
#4155 = VECTOR('',#4156,1.);
#4156 = DIRECTION('',(0.415555073248,-0.831110146496,0.369553657117));
#4157 = PCURVE('',#535,#4158);
#4158 = DEFINITIONAL_REPRESENTATION('',(#4159),#4163);
#4159 = LINE('',#4160,#4161);
#4160 = CARTESIAN_POINT('',(-3.428274304101,-6.55993460592));
#4161 = VECTOR('',#4162,1.);
#4162 = DIRECTION('',(0.929209392178,-0.369553657117));
#4163 = ( GEOMETRIC_REPRESENTATION_CONTEXT(2) 
PARAMETRIC_REPRESENTATION_CONTEXT() REPRESENTATION_CONTEXT('2D SPACE',''
  ) );
#4164 = PCURVE('',#2979,#4165);
#4165 = DEFINITIONAL_REPRESENTATION('',(#4166),#4170);
#4166 = LINE('',#4167,#4168);
#4167 = CARTESIAN_POINT('',(-3.208132886265,2.859615192466));
#4168 = VECTOR('',#4169,1.);
#4169 = DIRECTION('',(0.522627793919,0.852560959124));
#4170 = ( GEOMETRIC_REPRESENTATION_CONTEXT(2) 
PARAMETRIC_REPRESENTATION_CONTEXT() REPRESENTATION_CONTEXT('2D SPACE',''
  ) );
#4171 = ORIENTED_EDGE('',*,*,#4172,.F.);
#4172 = EDGE_CURVE('',#520,#4150,#4173,.T.);
#4173 = SURFACE_CURVE('',#4174,(#4178,#4185),.PCURVE_S1.);
#4174 = LINE('',#4175,#4176);
#4175 = CARTESIAN_POINT('',(-38.54022587946,21.080451758936,
    1.949747468306));
#4176 = VECTOR('',#4177,1.);
#4177 = DIRECTION('',(0.,0.,1.));
#4178 = PCURVE('',#535,#4179);
#4179 = DEFINITIONAL_REPRESENTATION('',(#4180),#4184);
#4180 = LINE('',#4181,#4182);
#4181 = CARTESIAN_POINT('',(3.264154165305,1.949747468306));
#4182 = VECTOR('',#4183,1.);
#4183 = DIRECTION('',(0.,-1.));
#4184 = ( GEOMETRIC_REPRESENTATION_CONTEXT(2) 
PARAMETRIC_REPRESENTATION_CONTEXT() REPRESENTATION_CONTEXT('2D SPACE',''
  ) );
#4185 = PCURVE('',#563,#4186);
#4186 = DEFINITIONAL_REPRESENTATION('',(#4187),#4191);
#4187 = LINE('',#4188,#4189);
#4188 = CARTESIAN_POINT('',(-1.343330300623,4.100689613504));
#4189 = VECTOR('',#4190,1.);
#4190 = DIRECTION('',(0.707106781187,0.707106781187));
#4191 = ( GEOMETRIC_REPRESENTATION_CONTEXT(2) 
PARAMETRIC_REPRESENTATION_CONTEXT() REPRESENTATION_CONTEXT('2D SPACE',''
  ) );
#4192 = ADVANCED_FACE('',(#4193,#4268),#1394,.T.);
#4193 = FACE_BOUND('',#4194,.T.);
#4194 = EDGE_LOOP('',(#4195,#4223,#4244,#4245,#4266,#4267));
#4195 = ORIENTED_EDGE('',*,*,#4196,.F.);
#4196 = EDGE_CURVE('',#4197,#4071,#4199,.T.);
#4197 = VERTEX_POINT('',#4198);
#4198 = CARTESIAN_POINT('',(-19.,78.,14.899494936612));
#4199 = SURFACE_CURVE('',#4200,(#4205,#4216),.PCURVE_S1.);
#4200 = CIRCLE('',#4201,5.);
#4201 = AXIS2_PLACEMENT_3D('',#4202,#4203,#4204);
#4202 = CARTESIAN_POINT('',(-19.,78.,9.899494936612));
#4203 = DIRECTION('',(-1.,0.,0.));
#4204 = DIRECTION('',(0.,1.136868377216E-14,1.));
#4205 = PCURVE('',#1394,#4206);
#4206 = DEFINITIONAL_REPRESENTATION('',(#4207),#4215);
#4207 = ( BOUNDED_CURVE() B_SPLINE_CURVE(2,(#4208,#4209,#4210,#4211,
#4212,#4213,#4214),.UNSPECIFIED.,.T.,.F.) B_SPLINE_CURVE_WITH_KNOTS((1,2
    ,2,2,2,1),(-2.094395102393,0.,2.094395102393,4.188790204786,
6.28318530718,8.377580409573),.UNSPECIFIED.) CURVE() 
GEOMETRIC_REPRESENTATION_ITEM() RATIONAL_B_SPLINE_CURVE((1.,0.5,1.,0.5,
1.,0.5,1.)) REPRESENTATION_ITEM('') );
#4208 = CARTESIAN_POINT('',(5.,-5.684341886081E-14));
#4209 = CARTESIAN_POINT('',(5.,-8.660254037844));
#4210 = CARTESIAN_POINT('',(-2.5,-4.330127018922));
#4211 = CARTESIAN_POINT('',(-10.,1.124621909225E-13));
#4212 = CARTESIAN_POINT('',(-2.5,4.330127018922));
#4213 = CARTESIAN_POINT('',(5.,8.660254037844));
#4214 = CARTESIAN_POINT('',(5.,-5.684341886081E-14));
#4215 = ( GEOMETRIC_REPRESENTATION_CONTEXT(2) 
PARAMETRIC_REPRESENTATION_CONTEXT() REPRESENTATION_CONTEXT('2D SPACE',''
  ) );
#4216 = PCURVE('',#3947,#4217);
#4217 = DEFINITIONAL_REPRESENTATION('',(#4218),#4222);
#4218 = LINE('',#4219,#4220);
#4219 = CARTESIAN_POINT('',(-7.853981633974,-4.));
#4220 = VECTOR('',#4221,1.);
#4221 = DIRECTION('',(1.,-0.));
#4222 = ( GEOMETRIC_REPRESENTATION_CONTEXT(2) 
PARAMETRIC_REPRESENTATION_CONTEXT() REPRESENTATION_CONTEXT('2D SPACE',''
  ) );
#4223 = ORIENTED_EDGE('',*,*,#4224,.T.);
#4224 = EDGE_CURVE('',#4197,#2513,#4225,.T.);
#4225 = SURFACE_CURVE('',#4226,(#4230,#4237),.PCURVE_S1.);
#4226 = LINE('',#4227,#4228);
#4227 = CARTESIAN_POINT('',(-19.,78.,3.899494936612));
#4228 = VECTOR('',#4229,1.);
#4229 = DIRECTION('',(0.,0.,1.));
#4230 = PCURVE('',#1394,#4231);
#4231 = DEFINITIONAL_REPRESENTATION('',(#4232),#4236);
#4232 = LINE('',#4233,#4234);
#4233 = CARTESIAN_POINT('',(-6.,0.));
#4234 = VECTOR('',#4235,1.);
#4235 = DIRECTION('',(1.,0.));
#4236 = ( GEOMETRIC_REPRESENTATION_CONTEXT(2) 
PARAMETRIC_REPRESENTATION_CONTEXT() REPRESENTATION_CONTEXT('2D SPACE',''
  ) );
#4237 = PCURVE('',#2551,#4238);
#4238 = DEFINITIONAL_REPRESENTATION('',(#4239),#4243);
#4239 = LINE('',#4240,#4241);
#4240 = CARTESIAN_POINT('',(0.,4.));
#4241 = VECTOR('',#4242,1.);
#4242 = DIRECTION('',(1.,0.));
#4243 = ( GEOMETRIC_REPRESENTATION_CONTEXT(2) 
PARAMETRIC_REPRESENTATION_CONTEXT() REPRESENTATION_CONTEXT('2D SPACE',''
  ) );
#4244 = ORIENTED_EDGE('',*,*,#2512,.F.);
#4245 = ORIENTED_EDGE('',*,*,#4246,.F.);
#4246 = EDGE_CURVE('',#1351,#2490,#4247,.T.);
#4247 = SURFACE_CURVE('',#4248,(#4252,#4259),.PCURVE_S1.);
#4248 = LINE('',#4249,#4250);
#4249 = CARTESIAN_POINT('',(-19.,72.,6.899494936612));
#4250 = VECTOR('',#4251,1.);
#4251 = DIRECTION('',(-0.,0.,1.));
#4252 = PCURVE('',#1394,#4253);
#4253 = DEFINITIONAL_REPRESENTATION('',(#4254),#4258);
#4254 = LINE('',#4255,#4256);
#4255 = CARTESIAN_POINT('',(-3.,6.));
#4256 = VECTOR('',#4257,1.);
#4257 = DIRECTION('',(1.,0.));
#4258 = ( GEOMETRIC_REPRESENTATION_CONTEXT(2) 
PARAMETRIC_REPRESENTATION_CONTEXT() REPRESENTATION_CONTEXT('2D SPACE',''
  ) );
#4259 = PCURVE('',#1366,#4260);
#4260 = DEFINITIONAL_REPRESENTATION('',(#4261),#4265);
#4261 = LINE('',#4262,#4263);
#4262 = CARTESIAN_POINT('',(59.,-3.));
#4263 = VECTOR('',#4264,1.);
#4264 = DIRECTION('',(0.,-1.));
#4265 = ( GEOMETRIC_REPRESENTATION_CONTEXT(2) 
PARAMETRIC_REPRESENTATION_CONTEXT() REPRESENTATION_CONTEXT('2D SPACE',''
  ) );
#4266 = ORIENTED_EDGE('',*,*,#1378,.T.);
#4267 = ORIENTED_EDGE('',*,*,#4070,.T.);
#4268 = FACE_BOUND('',#4269,.T.);
#4269 = EDGE_LOOP('',(#4270));
#4270 = ORIENTED_EDGE('',*,*,#4271,.T.);
#4271 = EDGE_CURVE('',#4272,#4272,#4274,.T.);
#4272 = VERTEX_POINT('',#4273);
#4273 = CARTESIAN_POINT('',(-19.,79.6,9.899494936612));
#4274 = SURFACE_CURVE('',#4275,(#4280,#4291),.PCURVE_S1.);
#4275 = CIRCLE('',#4276,1.6);
#4276 = AXIS2_PLACEMENT_3D('',#4277,#4278,#4279);
#4277 = CARTESIAN_POINT('',(-19.,78.,9.899494936612));
#4278 = DIRECTION('',(-1.,0.,0.));
#4279 = DIRECTION('',(0.,1.,0.));
#4280 = PCURVE('',#1394,#4281);
#4281 = DEFINITIONAL_REPRESENTATION('',(#4282),#4290);
#4282 = ( BOUNDED_CURVE() B_SPLINE_CURVE(2,(#4283,#4284,#4285,#4286,
#4287,#4288,#4289),.UNSPECIFIED.,.T.,.F.) B_SPLINE_CURVE_WITH_KNOTS((1,2
    ,2,2,2,1),(-2.094395102393,0.,2.094395102393,4.188790204786,
6.28318530718,8.377580409573),.UNSPECIFIED.) CURVE() 
GEOMETRIC_REPRESENTATION_ITEM() RATIONAL_B_SPLINE_CURVE((1.,0.5,1.,0.5,
1.,0.5,1.)) REPRESENTATION_ITEM('') );
#4283 = CARTESIAN_POINT('',(0.,-1.6));
#4284 = CARTESIAN_POINT('',(-2.77128129211,-1.6));
#4285 = CARTESIAN_POINT('',(-1.385640646055,0.8));
#4286 = CARTESIAN_POINT('',(-3.918869757272E-16,3.2));
#4287 = CARTESIAN_POINT('',(1.385640646055,0.8));
#4288 = CARTESIAN_POINT('',(2.77128129211,-1.6));
#4289 = CARTESIAN_POINT('',(0.,-1.6));
#4290 = ( GEOMETRIC_REPRESENTATION_CONTEXT(2) 
PARAMETRIC_REPRESENTATION_CONTEXT() REPRESENTATION_CONTEXT('2D SPACE',''
  ) );
#4291 = PCURVE('',#4006,#4292);
#4292 = DEFINITIONAL_REPRESENTATION('',(#4293),#4297);
#4293 = LINE('',#4294,#4295);
#4294 = CARTESIAN_POINT('',(-6.28318530718,-23.));
#4295 = VECTOR('',#4296,1.);
#4296 = DIRECTION('',(1.,-0.));
#4297 = ( GEOMETRIC_REPRESENTATION_CONTEXT(2) 
PARAMETRIC_REPRESENTATION_CONTEXT() REPRESENTATION_CONTEXT('2D SPACE',''
  ) );
#4298 = ADVANCED_FACE('',(#4299),#563,.T.);
#4299 = FACE_BOUND('',#4300,.T.);
#4300 = EDGE_LOOP('',(#4301,#4324,#4345,#4346,#4367,#4368));
#4301 = ORIENTED_EDGE('',*,*,#4302,.F.);
#4302 = EDGE_CURVE('',#4303,#548,#4305,.T.);
#4303 = VERTEX_POINT('',#4304);
#4304 = CARTESIAN_POINT('',(-39.19656105658,20.298261953661,
    2.828427124746));
#4305 = SURFACE_CURVE('',#4306,(#4310,#4317),.PCURVE_S1.);
#4306 = LINE('',#4307,#4308);
#4307 = CARTESIAN_POINT('',(-41.01463896727,18.131561071982,0.));
#4308 = VECTOR('',#4309,1.);
#4309 = DIRECTION('',(0.454519477672,0.54167522042,0.707106781187));
#4310 = PCURVE('',#563,#4311);
#4311 = DEFINITIONAL_REPRESENTATION('',(#4312),#4316);
#4312 = LINE('',#4313,#4314);
#4313 = CARTESIAN_POINT('',(0.,0.));
#4314 = VECTOR('',#4315,1.);
#4315 = DIRECTION('',(-1.014653635757E-17,1.));
#4316 = ( GEOMETRIC_REPRESENTATION_CONTEXT(2) 
PARAMETRIC_REPRESENTATION_CONTEXT() REPRESENTATION_CONTEXT('2D SPACE',''
  ) );
#4317 = PCURVE('',#591,#4318);
#4318 = DEFINITIONAL_REPRESENTATION('',(#4319),#4323);
#4319 = LINE('',#4320,#4321);
#4320 = CARTESIAN_POINT('',(-2.871874482508E-16,1.));
#4321 = VECTOR('',#4322,1.);
#4322 = DIRECTION('',(1.,-3.310849933905E-17));
#4323 = ( GEOMETRIC_REPRESENTATION_CONTEXT(2) 
PARAMETRIC_REPRESENTATION_CONTEXT() REPRESENTATION_CONTEXT('2D SPACE',''
  ) );
#4324 = ORIENTED_EDGE('',*,*,#4325,.T.);
#4325 = EDGE_CURVE('',#4303,#2992,#4326,.T.);
#4326 = SURFACE_CURVE('',#4327,(#4331,#4338),.PCURVE_S1.);
#4327 = LINE('',#4328,#4329);
#4328 = CARTESIAN_POINT('',(-40.5601194896,18.673236292401,
    4.949747468306));
#4329 = VECTOR('',#4330,1.);
#4330 = DIRECTION('',(-0.454519477672,-0.54167522042,0.707106781187));
#4331 = PCURVE('',#563,#4332);
#4332 = DEFINITIONAL_REPRESENTATION('',(#4333),#4337);
#4333 = LINE('',#4334,#4335);
#4334 = CARTESIAN_POINT('',(3.,4.));
#4335 = VECTOR('',#4336,1.);
#4336 = DIRECTION('',(1.,-1.014653635757E-17));
#4337 = ( GEOMETRIC_REPRESENTATION_CONTEXT(2) 
PARAMETRIC_REPRESENTATION_CONTEXT() REPRESENTATION_CONTEXT('2D SPACE',''
  ) );
#4338 = PCURVE('',#3030,#4339);
#4339 = DEFINITIONAL_REPRESENTATION('',(#4340),#4344);
#4340 = LINE('',#4341,#4342);
#4341 = CARTESIAN_POINT('',(-3.,9.));
#4342 = VECTOR('',#4343,1.);
#4343 = DIRECTION('',(1.,5.193951852464E-17));
#4344 = ( GEOMETRIC_REPRESENTATION_CONTEXT(2) 
PARAMETRIC_REPRESENTATION_CONTEXT() REPRESENTATION_CONTEXT('2D SPACE',''
  ) );
#4345 = ORIENTED_EDGE('',*,*,#2991,.T.);
#4346 = ORIENTED_EDGE('',*,*,#4347,.F.);
#4347 = EDGE_CURVE('',#4150,#2964,#4348,.T.);
#4348 = SURFACE_CURVE('',#4349,(#4353,#4360),.PCURVE_S1.);
#4349 = LINE('',#4350,#4351);
#4350 = CARTESIAN_POINT('',(-36.92396366822,23.006638055759,
    10.606601717798));
#4351 = VECTOR('',#4352,1.);
#4352 = DIRECTION('',(-0.454519477672,-0.54167522042,0.707106781187));
#4353 = PCURVE('',#563,#4354);
#4354 = DEFINITIONAL_REPRESENTATION('',(#4355),#4359);
#4355 = LINE('',#4356,#4357);
#4356 = CARTESIAN_POINT('',(3.,12.));
#4357 = VECTOR('',#4358,1.);
#4358 = DIRECTION('',(1.,-1.014653635757E-17));
#4359 = ( GEOMETRIC_REPRESENTATION_CONTEXT(2) 
PARAMETRIC_REPRESENTATION_CONTEXT() REPRESENTATION_CONTEXT('2D SPACE',''
  ) );
#4360 = PCURVE('',#2979,#4361);
#4361 = DEFINITIONAL_REPRESENTATION('',(#4362),#4366);
#4362 = LINE('',#4363,#4364);
#4363 = CARTESIAN_POINT('',(-3.,9.));
#4364 = VECTOR('',#4365,1.);
#4365 = DIRECTION('',(1.,5.193951852464E-17));
#4366 = ( GEOMETRIC_REPRESENTATION_CONTEXT(2) 
PARAMETRIC_REPRESENTATION_CONTEXT() REPRESENTATION_CONTEXT('2D SPACE',''
  ) );
#4367 = ORIENTED_EDGE('',*,*,#4172,.F.);
#4368 = ORIENTED_EDGE('',*,*,#547,.F.);
#4369 = ADVANCED_FACE('',(#4370),#1366,.F.);
#4370 = FACE_BOUND('',#4371,.F.);
#4371 = EDGE_LOOP('',(#4372,#4373,#4394,#4395));
#4372 = ORIENTED_EDGE('',*,*,#1350,.F.);
#4373 = ORIENTED_EDGE('',*,*,#4374,.T.);
#4374 = EDGE_CURVE('',#1323,#2467,#4375,.T.);
#4375 = SURFACE_CURVE('',#4376,(#4380,#4387),.PCURVE_S1.);
#4376 = LINE('',#4377,#4378);
#4377 = CARTESIAN_POINT('',(-17.,72.,6.899494936612));
#4378 = VECTOR('',#4379,1.);
#4379 = DIRECTION('',(-0.,0.,1.));
#4380 = PCURVE('',#1366,#4381);
#4381 = DEFINITIONAL_REPRESENTATION('',(#4382),#4386);
#4382 = LINE('',#4383,#4384);
#4383 = CARTESIAN_POINT('',(57.,-3.));
#4384 = VECTOR('',#4385,1.);
#4385 = DIRECTION('',(0.,-1.));
#4386 = ( GEOMETRIC_REPRESENTATION_CONTEXT(2) 
PARAMETRIC_REPRESENTATION_CONTEXT() REPRESENTATION_CONTEXT('2D SPACE',''
  ) );
#4387 = PCURVE('',#1338,#4388);
#4388 = DEFINITIONAL_REPRESENTATION('',(#4389),#4393);
#4389 = LINE('',#4390,#4391);
#4390 = CARTESIAN_POINT('',(-3.,6.));
#4391 = VECTOR('',#4392,1.);
#4392 = DIRECTION('',(1.,0.));
#4393 = ( GEOMETRIC_REPRESENTATION_CONTEXT(2) 
PARAMETRIC_REPRESENTATION_CONTEXT() REPRESENTATION_CONTEXT('2D SPACE',''
  ) );
#4394 = ORIENTED_EDGE('',*,*,#2489,.T.);
#4395 = ORIENTED_EDGE('',*,*,#4246,.F.);
#4396 = ADVANCED_FACE('',(#4397),#591,.F.);
#4397 = FACE_BOUND('',#4398,.F.);
#4398 = EDGE_LOOP('',(#4399,#4422,#4423,#4444,#4445,#4446));
#4399 = ORIENTED_EDGE('',*,*,#4400,.F.);
#4400 = EDGE_CURVE('',#3098,#4401,#4403,.T.);
#4401 = VERTEX_POINT('',#4402);
#4402 = CARTESIAN_POINT('',(-46.09096104465,26.083350440839,
    2.828427124746));
#4403 = SURFACE_CURVE('',#4404,(#4408,#4415),.PCURVE_S1.);
#4404 = LINE('',#4405,#4406);
#4405 = CARTESIAN_POINT('',(-47.90903895534,23.916649559161,0.));
#4406 = VECTOR('',#4407,1.);
#4407 = DIRECTION('',(0.454519477672,0.54167522042,0.707106781187));
#4408 = PCURVE('',#591,#4409);
#4409 = DEFINITIONAL_REPRESENTATION('',(#4410),#4414);
#4410 = LINE('',#4411,#4412);
#4411 = CARTESIAN_POINT('',(-5.255435910941E-16,10.));
#4412 = VECTOR('',#4413,1.);
#4413 = DIRECTION('',(1.,-3.310849933905E-17));
#4414 = ( GEOMETRIC_REPRESENTATION_CONTEXT(2) 
PARAMETRIC_REPRESENTATION_CONTEXT() REPRESENTATION_CONTEXT('2D SPACE',''
  ) );
#4415 = PCURVE('',#3138,#4416);
#4416 = DEFINITIONAL_REPRESENTATION('',(#4417),#4421);
#4417 = LINE('',#4418,#4419);
#4418 = CARTESIAN_POINT('',(0.,0.));
#4419 = VECTOR('',#4420,1.);
#4420 = DIRECTION('',(-1.014653635757E-17,1.));
#4421 = ( GEOMETRIC_REPRESENTATION_CONTEXT(2) 
PARAMETRIC_REPRESENTATION_CONTEXT() REPRESENTATION_CONTEXT('2D SPACE',''
  ) );
#4422 = ORIENTED_EDGE('',*,*,#3097,.T.);
#4423 = ORIENTED_EDGE('',*,*,#4424,.T.);
#4424 = EDGE_CURVE('',#3100,#576,#4425,.T.);
#4425 = SURFACE_CURVE('',#4426,(#4430,#4437),.PCURVE_S1.);
#4426 = LINE('',#4427,#4428);
#4427 = CARTESIAN_POINT('',(-27.22583899113,6.561384097624,0.));
#4428 = VECTOR('',#4429,1.);
#4429 = DIRECTION('',(0.454519477672,0.54167522042,0.707106781187));
#4430 = PCURVE('',#591,#4431);
#4431 = DEFINITIONAL_REPRESENTATION('',(#4432),#4436);
#4432 = LINE('',#4433,#4434);
#4433 = CARTESIAN_POINT('',(7.723919253642E-16,-17.));
#4434 = VECTOR('',#4435,1.);
#4435 = DIRECTION('',(1.,-3.310849933905E-17));
#4436 = ( GEOMETRIC_REPRESENTATION_CONTEXT(2) 
PARAMETRIC_REPRESENTATION_CONTEXT() REPRESENTATION_CONTEXT('2D SPACE',''
  ) );
#4437 = PCURVE('',#619,#4438);
#4438 = DEFINITIONAL_REPRESENTATION('',(#4439),#4443);
#4439 = LINE('',#4440,#4441);
#4440 = CARTESIAN_POINT('',(0.,0.));
#4441 = VECTOR('',#4442,1.);
#4442 = DIRECTION('',(-1.014653635757E-17,1.));
#4443 = ( GEOMETRIC_REPRESENTATION_CONTEXT(2) 
PARAMETRIC_REPRESENTATION_CONTEXT() REPRESENTATION_CONTEXT('2D SPACE',''
  ) );
#4444 = ORIENTED_EDGE('',*,*,#575,.F.);
#4445 = ORIENTED_EDGE('',*,*,#4302,.F.);
#4446 = ORIENTED_EDGE('',*,*,#4447,.T.);
#4447 = EDGE_CURVE('',#4303,#4401,#4448,.T.);
#4448 = SURFACE_CURVE('',#4449,(#4453,#4460),.PCURVE_S1.);
#4449 = LINE('',#4450,#4451);
#4450 = CARTESIAN_POINT('',(-38.43051661346,19.655474343974,
    2.828427124746));
#4451 = VECTOR('',#4452,1.);
#4452 = DIRECTION('',(-0.766044443119,0.642787609687,0.));
#4453 = PCURVE('',#591,#4454);
#4454 = DEFINITIONAL_REPRESENTATION('',(#4455),#4459);
#4455 = LINE('',#4456,#4457);
#4456 = CARTESIAN_POINT('',(4.,1.558095049009E-16));
#4457 = VECTOR('',#4458,1.);
#4458 = DIRECTION('',(-7.138740076725E-18,1.));
#4459 = ( GEOMETRIC_REPRESENTATION_CONTEXT(2) 
PARAMETRIC_REPRESENTATION_CONTEXT() REPRESENTATION_CONTEXT('2D SPACE',''
  ) );
#4460 = PCURVE('',#3030,#4461);
#4461 = DEFINITIONAL_REPRESENTATION('',(#4462),#4466);
#4462 = LINE('',#4463,#4464);
#4463 = CARTESIAN_POINT('',(-6.,10.));
#4464 = VECTOR('',#4465,1.);
#4465 = DIRECTION('',(-3.538526885512E-17,-1.));
#4466 = ( GEOMETRIC_REPRESENTATION_CONTEXT(2) 
PARAMETRIC_REPRESENTATION_CONTEXT() REPRESENTATION_CONTEXT('2D SPACE',''
  ) );
#4467 = ADVANCED_FACE('',(#4468,#4546),#1338,.F.);
#4468 = FACE_BOUND('',#4469,.F.);
#4469 = EDGE_LOOP('',(#4470,#4493,#4522,#4543,#4544,#4545));
#4470 = ORIENTED_EDGE('',*,*,#4471,.T.);
#4471 = EDGE_CURVE('',#1295,#4472,#4474,.T.);
#4472 = VERTEX_POINT('',#4473);
#4473 = CARTESIAN_POINT('',(-17.,78.,4.899494936612));
#4474 = SURFACE_CURVE('',#4475,(#4479,#4486),.PCURVE_S1.);
#4475 = LINE('',#4476,#4477);
#4476 = CARTESIAN_POINT('',(-17.,78.,3.899494936612));
#4477 = VECTOR('',#4478,1.);
#4478 = DIRECTION('',(0.,0.,1.));
#4479 = PCURVE('',#1338,#4480);
#4480 = DEFINITIONAL_REPRESENTATION('',(#4481),#4485);
#4481 = LINE('',#4482,#4483);
#4482 = CARTESIAN_POINT('',(-6.,0.));
#4483 = VECTOR('',#4484,1.);
#4484 = DIRECTION('',(1.,0.));
#4485 = ( GEOMETRIC_REPRESENTATION_CONTEXT(2) 
PARAMETRIC_REPRESENTATION_CONTEXT() REPRESENTATION_CONTEXT('2D SPACE',''
  ) );
#4486 = PCURVE('',#1310,#4487);
#4487 = DEFINITIONAL_REPRESENTATION('',(#4488),#4492);
#4488 = LINE('',#4489,#4490);
#4489 = CARTESIAN_POINT('',(0.,0.));
#4490 = VECTOR('',#4491,1.);
#4491 = DIRECTION('',(1.,0.));
#4492 = ( GEOMETRIC_REPRESENTATION_CONTEXT(2) 
PARAMETRIC_REPRESENTATION_CONTEXT() REPRESENTATION_CONTEXT('2D SPACE',''
  ) );
#4493 = ORIENTED_EDGE('',*,*,#4494,.T.);
#4494 = EDGE_CURVE('',#4472,#4495,#4497,.T.);
#4495 = VERTEX_POINT('',#4496);
#4496 = CARTESIAN_POINT('',(-17.,78.,14.899494936612));
#4497 = SURFACE_CURVE('',#4498,(#4503,#4510),.PCURVE_S1.);
#4498 = CIRCLE('',#4499,5.);
#4499 = AXIS2_PLACEMENT_3D('',#4500,#4501,#4502);
#4500 = CARTESIAN_POINT('',(-17.,78.,9.899494936612));
#4501 = DIRECTION('',(1.,0.,0.));
#4502 = DIRECTION('',(0.,1.136868377216E-14,-1.));
#4503 = PCURVE('',#1338,#4504);
#4504 = DEFINITIONAL_REPRESENTATION('',(#4505),#4509);
#4505 = CIRCLE('',#4506,5.);
#4506 = AXIS2_PLACEMENT_2D('',#4507,#4508);
#4507 = CARTESIAN_POINT('',(0.,0.));
#4508 = DIRECTION('',(-1.,-1.136868377216E-14));
#4509 = ( GEOMETRIC_REPRESENTATION_CONTEXT(2) 
PARAMETRIC_REPRESENTATION_CONTEXT() REPRESENTATION_CONTEXT('2D SPACE',''
  ) );
#4510 = PCURVE('',#4511,#4516);
#4511 = CYLINDRICAL_SURFACE('',#4512,5.);
#4512 = AXIS2_PLACEMENT_3D('',#4513,#4514,#4515);
#4513 = CARTESIAN_POINT('',(-17.,78.,9.899494936612));
#4514 = DIRECTION('',(-1.,-0.,-0.));
#4515 = DIRECTION('',(0.,1.,0.));
#4516 = DEFINITIONAL_REPRESENTATION('',(#4517),#4521);
#4517 = LINE('',#4518,#4519);
#4518 = CARTESIAN_POINT('',(-4.712388980385,0.));
#4519 = VECTOR('',#4520,1.);
#4520 = DIRECTION('',(-1.,0.));
#4521 = ( GEOMETRIC_REPRESENTATION_CONTEXT(2) 
PARAMETRIC_REPRESENTATION_CONTEXT() REPRESENTATION_CONTEXT('2D SPACE',''
  ) );
#4522 = ORIENTED_EDGE('',*,*,#4523,.T.);
#4523 = EDGE_CURVE('',#4495,#2439,#4524,.T.);
#4524 = SURFACE_CURVE('',#4525,(#4529,#4536),.PCURVE_S1.);
#4525 = LINE('',#4526,#4527);
#4526 = CARTESIAN_POINT('',(-17.,78.,3.899494936612));
#4527 = VECTOR('',#4528,1.);
#4528 = DIRECTION('',(0.,0.,1.));
#4529 = PCURVE('',#1338,#4530);
#4530 = DEFINITIONAL_REPRESENTATION('',(#4531),#4535);
#4531 = LINE('',#4532,#4533);
#4532 = CARTESIAN_POINT('',(-6.,0.));
#4533 = VECTOR('',#4534,1.);
#4534 = DIRECTION('',(1.,0.));
#4535 = ( GEOMETRIC_REPRESENTATION_CONTEXT(2) 
PARAMETRIC_REPRESENTATION_CONTEXT() REPRESENTATION_CONTEXT('2D SPACE',''
  ) );
#4536 = PCURVE('',#2454,#4537);
#4537 = DEFINITIONAL_REPRESENTATION('',(#4538),#4542);
#4538 = LINE('',#4539,#4540);
#4539 = CARTESIAN_POINT('',(0.,0.));
#4540 = VECTOR('',#4541,1.);
#4541 = DIRECTION('',(1.,0.));
#4542 = ( GEOMETRIC_REPRESENTATION_CONTEXT(2) 
PARAMETRIC_REPRESENTATION_CONTEXT() REPRESENTATION_CONTEXT('2D SPACE',''
  ) );
#4543 = ORIENTED_EDGE('',*,*,#2466,.F.);
#4544 = ORIENTED_EDGE('',*,*,#4374,.F.);
#4545 = ORIENTED_EDGE('',*,*,#1322,.T.);
#4546 = FACE_BOUND('',#4547,.F.);
#4547 = EDGE_LOOP('',(#4548));
#4548 = ORIENTED_EDGE('',*,*,#4549,.T.);
#4549 = EDGE_CURVE('',#4550,#4550,#4552,.T.);
#4550 = VERTEX_POINT('',#4551);
#4551 = CARTESIAN_POINT('',(-17.,79.6,9.899494936612));
#4552 = SURFACE_CURVE('',#4553,(#4558,#4569),.PCURVE_S1.);
#4553 = CIRCLE('',#4554,1.6);
#4554 = AXIS2_PLACEMENT_3D('',#4555,#4556,#4557);
#4555 = CARTESIAN_POINT('',(-17.,78.,9.899494936612));
#4556 = DIRECTION('',(-1.,0.,0.));
#4557 = DIRECTION('',(0.,1.,0.));
#4558 = PCURVE('',#1338,#4559);
#4559 = DEFINITIONAL_REPRESENTATION('',(#4560),#4568);
#4560 = ( BOUNDED_CURVE() B_SPLINE_CURVE(2,(#4561,#4562,#4563,#4564,
#4565,#4566,#4567),.UNSPECIFIED.,.T.,.F.) B_SPLINE_CURVE_WITH_KNOTS((1,2
    ,2,2,2,1),(-2.094395102393,0.,2.094395102393,4.188790204786,
6.28318530718,8.377580409573),.UNSPECIFIED.) CURVE() 
GEOMETRIC_REPRESENTATION_ITEM() RATIONAL_B_SPLINE_CURVE((1.,0.5,1.,0.5,
1.,0.5,1.)) REPRESENTATION_ITEM('') );
#4561 = CARTESIAN_POINT('',(0.,-1.6));
#4562 = CARTESIAN_POINT('',(-2.77128129211,-1.6));
#4563 = CARTESIAN_POINT('',(-1.385640646055,0.8));
#4564 = CARTESIAN_POINT('',(-3.918869757272E-16,3.2));
#4565 = CARTESIAN_POINT('',(1.385640646055,0.8));
#4566 = CARTESIAN_POINT('',(2.77128129211,-1.6));
#4567 = CARTESIAN_POINT('',(0.,-1.6));
#4568 = ( GEOMETRIC_REPRESENTATION_CONTEXT(2) 
PARAMETRIC_REPRESENTATION_CONTEXT() REPRESENTATION_CONTEXT('2D SPACE',''
  ) );
#4569 = PCURVE('',#4570,#4575);
#4570 = CYLINDRICAL_SURFACE('',#4571,1.6);
#4571 = AXIS2_PLACEMENT_3D('',#4572,#4573,#4574);
#4572 = CARTESIAN_POINT('',(-24.,78.,9.899494936612));
#4573 = DIRECTION('',(-1.,-0.,-0.));
#4574 = DIRECTION('',(0.,1.,0.));
#4575 = DEFINITIONAL_REPRESENTATION('',(#4576),#4580);
#4576 = LINE('',#4577,#4578);
#4577 = CARTESIAN_POINT('',(-6.28318530718,-7.));
#4578 = VECTOR('',#4579,1.);
#4579 = DIRECTION('',(1.,-0.));
#4580 = ( GEOMETRIC_REPRESENTATION_CONTEXT(2) 
PARAMETRIC_REPRESENTATION_CONTEXT() REPRESENTATION_CONTEXT('2D SPACE',''
  ) );
#4581 = ADVANCED_FACE('',(#4582),#619,.F.);
#4582 = FACE_BOUND('',#4583,.F.);
#4583 = EDGE_LOOP('',(#4584,#4585,#4586));
#4584 = ORIENTED_EDGE('',*,*,#4424,.F.);
#4585 = ORIENTED_EDGE('',*,*,#3204,.T.);
#4586 = ORIENTED_EDGE('',*,*,#603,.F.);
#4587 = ADVANCED_FACE('',(#4588),#1310,.T.);
#4588 = FACE_BOUND('',#4589,.T.);
#4589 = EDGE_LOOP('',(#4590,#4613,#4614,#4615));
#4590 = ORIENTED_EDGE('',*,*,#4591,.F.);
#4591 = EDGE_CURVE('',#1267,#4592,#4594,.T.);
#4592 = VERTEX_POINT('',#4593);
#4593 = CARTESIAN_POINT('',(-13.,78.,4.899494936612));
#4594 = SURFACE_CURVE('',#4595,(#4599,#4606),.PCURVE_S1.);
#4595 = LINE('',#4596,#4597);
#4596 = CARTESIAN_POINT('',(-13.,78.,3.899494936612));
#4597 = VECTOR('',#4598,1.);
#4598 = DIRECTION('',(0.,0.,1.));
#4599 = PCURVE('',#1310,#4600);
#4600 = DEFINITIONAL_REPRESENTATION('',(#4601),#4605);
#4601 = LINE('',#4602,#4603);
#4602 = CARTESIAN_POINT('',(0.,4.));
#4603 = VECTOR('',#4604,1.);
#4604 = DIRECTION('',(1.,0.));
#4605 = ( GEOMETRIC_REPRESENTATION_CONTEXT(2) 
PARAMETRIC_REPRESENTATION_CONTEXT() REPRESENTATION_CONTEXT('2D SPACE',''
  ) );
#4606 = PCURVE('',#1282,#4607);
#4607 = DEFINITIONAL_REPRESENTATION('',(#4608),#4612);
#4608 = LINE('',#4609,#4610);
#4609 = CARTESIAN_POINT('',(-6.,0.));
#4610 = VECTOR('',#4611,1.);
#4611 = DIRECTION('',(1.,0.));
#4612 = ( GEOMETRIC_REPRESENTATION_CONTEXT(2) 
PARAMETRIC_REPRESENTATION_CONTEXT() REPRESENTATION_CONTEXT('2D SPACE',''
  ) );
#4613 = ORIENTED_EDGE('',*,*,#1294,.F.);
#4614 = ORIENTED_EDGE('',*,*,#4471,.T.);
#4615 = ORIENTED_EDGE('',*,*,#4616,.F.);
#4616 = EDGE_CURVE('',#4592,#4472,#4617,.T.);
#4617 = SURFACE_CURVE('',#4618,(#4622,#4629),.PCURVE_S1.);
#4618 = LINE('',#4619,#4620);
#4619 = CARTESIAN_POINT('',(-17.,78.,4.899494936612));
#4620 = VECTOR('',#4621,1.);
#4621 = DIRECTION('',(-1.,-0.,-0.));
#4622 = PCURVE('',#1310,#4623);
#4623 = DEFINITIONAL_REPRESENTATION('',(#4624),#4628);
#4624 = LINE('',#4625,#4626);
#4625 = CARTESIAN_POINT('',(1.,0.));
#4626 = VECTOR('',#4627,1.);
#4627 = DIRECTION('',(0.,-1.));
#4628 = ( GEOMETRIC_REPRESENTATION_CONTEXT(2) 
PARAMETRIC_REPRESENTATION_CONTEXT() REPRESENTATION_CONTEXT('2D SPACE',''
  ) );
#4629 = PCURVE('',#4511,#4630);
#4630 = DEFINITIONAL_REPRESENTATION('',(#4631),#4635);
#4631 = LINE('',#4632,#4633);
#4632 = CARTESIAN_POINT('',(-4.712388980385,0.));
#4633 = VECTOR('',#4634,1.);
#4634 = DIRECTION('',(-0.,1.));
#4635 = ( GEOMETRIC_REPRESENTATION_CONTEXT(2) 
PARAMETRIC_REPRESENTATION_CONTEXT() REPRESENTATION_CONTEXT('2D SPACE',''
  ) );
#4636 = ADVANCED_FACE('',(#4637,#4712),#1282,.T.);
#4637 = FACE_BOUND('',#4638,.T.);
#4638 = EDGE_LOOP('',(#4639,#4667,#4688,#4689,#4710,#4711));
#4639 = ORIENTED_EDGE('',*,*,#4640,.F.);
#4640 = EDGE_CURVE('',#4641,#4592,#4643,.T.);
#4641 = VERTEX_POINT('',#4642);
#4642 = CARTESIAN_POINT('',(-13.,78.,14.899494936612));
#4643 = SURFACE_CURVE('',#4644,(#4649,#4660),.PCURVE_S1.);
#4644 = CIRCLE('',#4645,5.);
#4645 = AXIS2_PLACEMENT_3D('',#4646,#4647,#4648);
#4646 = CARTESIAN_POINT('',(-13.,78.,9.899494936612));
#4647 = DIRECTION('',(-1.,0.,0.));
#4648 = DIRECTION('',(0.,1.136868377216E-14,1.));
#4649 = PCURVE('',#1282,#4650);
#4650 = DEFINITIONAL_REPRESENTATION('',(#4651),#4659);
#4651 = ( BOUNDED_CURVE() B_SPLINE_CURVE(2,(#4652,#4653,#4654,#4655,
#4656,#4657,#4658),.UNSPECIFIED.,.T.,.F.) B_SPLINE_CURVE_WITH_KNOTS((1,2
    ,2,2,2,1),(-2.094395102393,0.,2.094395102393,4.188790204786,
6.28318530718,8.377580409573),.UNSPECIFIED.) CURVE() 
GEOMETRIC_REPRESENTATION_ITEM() RATIONAL_B_SPLINE_CURVE((1.,0.5,1.,0.5,
1.,0.5,1.)) REPRESENTATION_ITEM('') );
#4652 = CARTESIAN_POINT('',(5.,-5.684341886081E-14));
#4653 = CARTESIAN_POINT('',(5.,-8.660254037844));
#4654 = CARTESIAN_POINT('',(-2.5,-4.330127018922));
#4655 = CARTESIAN_POINT('',(-10.,1.124621909225E-13));
#4656 = CARTESIAN_POINT('',(-2.5,4.330127018922));
#4657 = CARTESIAN_POINT('',(5.,8.660254037844));
#4658 = CARTESIAN_POINT('',(5.,-5.684341886081E-14));
#4659 = ( GEOMETRIC_REPRESENTATION_CONTEXT(2) 
PARAMETRIC_REPRESENTATION_CONTEXT() REPRESENTATION_CONTEXT('2D SPACE',''
  ) );
#4660 = PCURVE('',#4511,#4661);
#4661 = DEFINITIONAL_REPRESENTATION('',(#4662),#4666);
#4662 = LINE('',#4663,#4664);
#4663 = CARTESIAN_POINT('',(-7.853981633974,-4.));
#4664 = VECTOR('',#4665,1.);
#4665 = DIRECTION('',(1.,-0.));
#4666 = ( GEOMETRIC_REPRESENTATION_CONTEXT(2) 
PARAMETRIC_REPRESENTATION_CONTEXT() REPRESENTATION_CONTEXT('2D SPACE',''
  ) );
#4667 = ORIENTED_EDGE('',*,*,#4668,.T.);
#4668 = EDGE_CURVE('',#4641,#2416,#4669,.T.);
#4669 = SURFACE_CURVE('',#4670,(#4674,#4681),.PCURVE_S1.);
#4670 = LINE('',#4671,#4672);
#4671 = CARTESIAN_POINT('',(-13.,78.,3.899494936612));
#4672 = VECTOR('',#4673,1.);
#4673 = DIRECTION('',(0.,0.,1.));
#4674 = PCURVE('',#1282,#4675);
#4675 = DEFINITIONAL_REPRESENTATION('',(#4676),#4680);
#4676 = LINE('',#4677,#4678);
#4677 = CARTESIAN_POINT('',(-6.,0.));
#4678 = VECTOR('',#4679,1.);
#4679 = DIRECTION('',(1.,0.));
#4680 = ( GEOMETRIC_REPRESENTATION_CONTEXT(2) 
PARAMETRIC_REPRESENTATION_CONTEXT() REPRESENTATION_CONTEXT('2D SPACE',''
  ) );
#4681 = PCURVE('',#2454,#4682);
#4682 = DEFINITIONAL_REPRESENTATION('',(#4683),#4687);
#4683 = LINE('',#4684,#4685);
#4684 = CARTESIAN_POINT('',(0.,4.));
#4685 = VECTOR('',#4686,1.);
#4686 = DIRECTION('',(1.,0.));
#4687 = ( GEOMETRIC_REPRESENTATION_CONTEXT(2) 
PARAMETRIC_REPRESENTATION_CONTEXT() REPRESENTATION_CONTEXT('2D SPACE',''
  ) );
#4688 = ORIENTED_EDGE('',*,*,#2415,.F.);
#4689 = ORIENTED_EDGE('',*,*,#4690,.F.);
#4690 = EDGE_CURVE('',#1239,#2393,#4691,.T.);
#4691 = SURFACE_CURVE('',#4692,(#4696,#4703),.PCURVE_S1.);
#4692 = LINE('',#4693,#4694);
#4693 = CARTESIAN_POINT('',(-13.,72.,6.899494936612));
#4694 = VECTOR('',#4695,1.);
#4695 = DIRECTION('',(-0.,0.,1.));
#4696 = PCURVE('',#1282,#4697);
#4697 = DEFINITIONAL_REPRESENTATION('',(#4698),#4702);
#4698 = LINE('',#4699,#4700);
#4699 = CARTESIAN_POINT('',(-3.,6.));
#4700 = VECTOR('',#4701,1.);
#4701 = DIRECTION('',(1.,0.));
#4702 = ( GEOMETRIC_REPRESENTATION_CONTEXT(2) 
PARAMETRIC_REPRESENTATION_CONTEXT() REPRESENTATION_CONTEXT('2D SPACE',''
  ) );
#4703 = PCURVE('',#1254,#4704);
#4704 = DEFINITIONAL_REPRESENTATION('',(#4705),#4709);
#4705 = LINE('',#4706,#4707);
#4706 = CARTESIAN_POINT('',(53.,-3.));
#4707 = VECTOR('',#4708,1.);
#4708 = DIRECTION('',(0.,-1.));
#4709 = ( GEOMETRIC_REPRESENTATION_CONTEXT(2) 
PARAMETRIC_REPRESENTATION_CONTEXT() REPRESENTATION_CONTEXT('2D SPACE',''
  ) );
#4710 = ORIENTED_EDGE('',*,*,#1266,.T.);
#4711 = ORIENTED_EDGE('',*,*,#4591,.T.);
#4712 = FACE_BOUND('',#4713,.T.);
#4713 = EDGE_LOOP('',(#4714));
#4714 = ORIENTED_EDGE('',*,*,#4715,.T.);
#4715 = EDGE_CURVE('',#4716,#4716,#4718,.T.);
#4716 = VERTEX_POINT('',#4717);
#4717 = CARTESIAN_POINT('',(-13.,79.6,9.899494936612));
#4718 = SURFACE_CURVE('',#4719,(#4724,#4735),.PCURVE_S1.);
#4719 = CIRCLE('',#4720,1.6);
#4720 = AXIS2_PLACEMENT_3D('',#4721,#4722,#4723);
#4721 = CARTESIAN_POINT('',(-13.,78.,9.899494936612));
#4722 = DIRECTION('',(-1.,0.,0.));
#4723 = DIRECTION('',(0.,1.,0.));
#4724 = PCURVE('',#1282,#4725);
#4725 = DEFINITIONAL_REPRESENTATION('',(#4726),#4734);
#4726 = ( BOUNDED_CURVE() B_SPLINE_CURVE(2,(#4727,#4728,#4729,#4730,
#4731,#4732,#4733),.UNSPECIFIED.,.T.,.F.) B_SPLINE_CURVE_WITH_KNOTS((1,2
    ,2,2,2,1),(-2.094395102393,0.,2.094395102393,4.188790204786,
6.28318530718,8.377580409573),.UNSPECIFIED.) CURVE() 
GEOMETRIC_REPRESENTATION_ITEM() RATIONAL_B_SPLINE_CURVE((1.,0.5,1.,0.5,
1.,0.5,1.)) REPRESENTATION_ITEM('') );
#4727 = CARTESIAN_POINT('',(0.,-1.6));
#4728 = CARTESIAN_POINT('',(-2.77128129211,-1.6));
#4729 = CARTESIAN_POINT('',(-1.385640646055,0.8));
#4730 = CARTESIAN_POINT('',(-3.918869757272E-16,3.2));
#4731 = CARTESIAN_POINT('',(1.385640646055,0.8));
#4732 = CARTESIAN_POINT('',(2.77128129211,-1.6));
#4733 = CARTESIAN_POINT('',(0.,-1.6));
#4734 = ( GEOMETRIC_REPRESENTATION_CONTEXT(2) 
PARAMETRIC_REPRESENTATION_CONTEXT() REPRESENTATION_CONTEXT('2D SPACE',''
  ) );
#4735 = PCURVE('',#4570,#4736);
#4736 = DEFINITIONAL_REPRESENTATION('',(#4737),#4741);
#4737 = LINE('',#4738,#4739);
#4738 = CARTESIAN_POINT('',(-6.28318530718,-11.));
#4739 = VECTOR('',#4740,1.);
#4740 = DIRECTION('',(1.,-0.));
#4741 = ( GEOMETRIC_REPRESENTATION_CONTEXT(2) 
PARAMETRIC_REPRESENTATION_CONTEXT() REPRESENTATION_CONTEXT('2D SPACE',''
  ) );
#4742 = ADVANCED_FACE('',(#4743,#4769),#1254,.F.);
#4743 = FACE_BOUND('',#4744,.F.);
#4744 = EDGE_LOOP('',(#4745,#4746,#4767,#4768));
#4745 = ORIENTED_EDGE('',*,*,#1238,.F.);
#4746 = ORIENTED_EDGE('',*,*,#4747,.T.);
#4747 = EDGE_CURVE('',#1211,#2370,#4748,.T.);
#4748 = SURFACE_CURVE('',#4749,(#4753,#4760),.PCURVE_S1.);
#4749 = LINE('',#4750,#4751);
#4750 = CARTESIAN_POINT('',(-5.,72.,6.899494936612));
#4751 = VECTOR('',#4752,1.);
#4752 = DIRECTION('',(-0.,0.,1.));
#4753 = PCURVE('',#1254,#4754);
#4754 = DEFINITIONAL_REPRESENTATION('',(#4755),#4759);
#4755 = LINE('',#4756,#4757);
#4756 = CARTESIAN_POINT('',(45.,-3.));
#4757 = VECTOR('',#4758,1.);
#4758 = DIRECTION('',(0.,-1.));
#4759 = ( GEOMETRIC_REPRESENTATION_CONTEXT(2) 
PARAMETRIC_REPRESENTATION_CONTEXT() REPRESENTATION_CONTEXT('2D SPACE',''
  ) );
#4760 = PCURVE('',#1226,#4761);
#4761 = DEFINITIONAL_REPRESENTATION('',(#4762),#4766);
#4762 = LINE('',#4763,#4764);
#4763 = CARTESIAN_POINT('',(-3.,6.));
#4764 = VECTOR('',#4765,1.);
#4765 = DIRECTION('',(1.,0.));
#4766 = ( GEOMETRIC_REPRESENTATION_CONTEXT(2) 
PARAMETRIC_REPRESENTATION_CONTEXT() REPRESENTATION_CONTEXT('2D SPACE',''
  ) );
#4767 = ORIENTED_EDGE('',*,*,#2392,.T.);
#4768 = ORIENTED_EDGE('',*,*,#4690,.F.);
#4769 = FACE_BOUND('',#4770,.F.);
#4770 = EDGE_LOOP('',(#4771));
#4771 = ORIENTED_EDGE('',*,*,#4772,.T.);
#4772 = EDGE_CURVE('',#4773,#4773,#4775,.T.);
#4773 = VERTEX_POINT('',#4774);
#4774 = CARTESIAN_POINT('',(-7.9,72.,5.899494936612));
#4775 = SURFACE_CURVE('',#4776,(#4781,#4792),.PCURVE_S1.);
#4776 = CIRCLE('',#4777,1.1);
#4777 = AXIS2_PLACEMENT_3D('',#4778,#4779,#4780);
#4778 = CARTESIAN_POINT('',(-9.,72.,5.899494936612));
#4779 = DIRECTION('',(-0.,1.,0.));
#4780 = DIRECTION('',(1.,0.,0.));
#4781 = PCURVE('',#1254,#4782);
#4782 = DEFINITIONAL_REPRESENTATION('',(#4783),#4791);
#4783 = ( BOUNDED_CURVE() B_SPLINE_CURVE(2,(#4784,#4785,#4786,#4787,
#4788,#4789,#4790),.UNSPECIFIED.,.T.,.F.) B_SPLINE_CURVE_WITH_KNOTS((1,2
    ,2,2,2,1),(-2.094395102393,0.,2.094395102393,4.188790204786,
6.28318530718,8.377580409573),.UNSPECIFIED.) CURVE() 
GEOMETRIC_REPRESENTATION_ITEM() RATIONAL_B_SPLINE_CURVE((1.,0.5,1.,0.5,
1.,0.5,1.)) REPRESENTATION_ITEM('') );
#4784 = CARTESIAN_POINT('',(47.9,-2.));
#4785 = CARTESIAN_POINT('',(47.9,-9.474411167424E-02));
#4786 = CARTESIAN_POINT('',(49.55,-1.047372055837));
#4787 = CARTESIAN_POINT('',(51.2,-2.));
#4788 = CARTESIAN_POINT('',(49.55,-2.952627944163));
#4789 = CARTESIAN_POINT('',(47.9,-3.905255888326));
#4790 = CARTESIAN_POINT('',(47.9,-2.));
#4791 = ( GEOMETRIC_REPRESENTATION_CONTEXT(2) 
PARAMETRIC_REPRESENTATION_CONTEXT() REPRESENTATION_CONTEXT('2D SPACE',''
  ) );
#4792 = PCURVE('',#4793,#4798);
#4793 = CYLINDRICAL_SURFACE('',#4794,1.1);
#4794 = AXIS2_PLACEMENT_3D('',#4795,#4796,#4797);
#4795 = CARTESIAN_POINT('',(-9.,73.,5.899494936612));
#4796 = DIRECTION('',(-0.,1.,-0.));
#4797 = DIRECTION('',(1.,0.,0.));
#4798 = DEFINITIONAL_REPRESENTATION('',(#4799),#4803);
#4799 = LINE('',#4800,#4801);
#4800 = CARTESIAN_POINT('',(-6.28318530718,-1.));
#4801 = VECTOR('',#4802,1.);
#4802 = DIRECTION('',(1.,-0.));
#4803 = ( GEOMETRIC_REPRESENTATION_CONTEXT(2) 
PARAMETRIC_REPRESENTATION_CONTEXT() REPRESENTATION_CONTEXT('2D SPACE',''
  ) );
#4804 = ADVANCED_FACE('',(#4805,#4883),#1226,.F.);
#4805 = FACE_BOUND('',#4806,.F.);
#4806 = EDGE_LOOP('',(#4807,#4830,#4859,#4880,#4881,#4882));
#4807 = ORIENTED_EDGE('',*,*,#4808,.T.);
#4808 = EDGE_CURVE('',#1183,#4809,#4811,.T.);
#4809 = VERTEX_POINT('',#4810);
#4810 = CARTESIAN_POINT('',(-5.,78.,4.899494936612));
#4811 = SURFACE_CURVE('',#4812,(#4816,#4823),.PCURVE_S1.);
#4812 = LINE('',#4813,#4814);
#4813 = CARTESIAN_POINT('',(-5.,78.,3.899494936612));
#4814 = VECTOR('',#4815,1.);
#4815 = DIRECTION('',(0.,0.,1.));
#4816 = PCURVE('',#1226,#4817);
#4817 = DEFINITIONAL_REPRESENTATION('',(#4818),#4822);
#4818 = LINE('',#4819,#4820);
#4819 = CARTESIAN_POINT('',(-6.,0.));
#4820 = VECTOR('',#4821,1.);
#4821 = DIRECTION('',(1.,0.));
#4822 = ( GEOMETRIC_REPRESENTATION_CONTEXT(2) 
PARAMETRIC_REPRESENTATION_CONTEXT() REPRESENTATION_CONTEXT('2D SPACE',''
  ) );
#4823 = PCURVE('',#1198,#4824);
#4824 = DEFINITIONAL_REPRESENTATION('',(#4825),#4829);
#4825 = LINE('',#4826,#4827);
#4826 = CARTESIAN_POINT('',(0.,0.));
#4827 = VECTOR('',#4828,1.);
#4828 = DIRECTION('',(1.,0.));
#4829 = ( GEOMETRIC_REPRESENTATION_CONTEXT(2) 
PARAMETRIC_REPRESENTATION_CONTEXT() REPRESENTATION_CONTEXT('2D SPACE',''
  ) );
#4830 = ORIENTED_EDGE('',*,*,#4831,.T.);
#4831 = EDGE_CURVE('',#4809,#4832,#4834,.T.);
#4832 = VERTEX_POINT('',#4833);
#4833 = CARTESIAN_POINT('',(-5.,78.,14.899494936612));
#4834 = SURFACE_CURVE('',#4835,(#4840,#4847),.PCURVE_S1.);
#4835 = CIRCLE('',#4836,5.);
#4836 = AXIS2_PLACEMENT_3D('',#4837,#4838,#4839);
#4837 = CARTESIAN_POINT('',(-5.,78.,9.899494936612));
#4838 = DIRECTION('',(1.,0.,0.));
#4839 = DIRECTION('',(0.,1.136868377216E-14,-1.));
#4840 = PCURVE('',#1226,#4841);
#4841 = DEFINITIONAL_REPRESENTATION('',(#4842),#4846);
#4842 = CIRCLE('',#4843,5.);
#4843 = AXIS2_PLACEMENT_2D('',#4844,#4845);
#4844 = CARTESIAN_POINT('',(0.,0.));
#4845 = DIRECTION('',(-1.,-1.136868377216E-14));
#4846 = ( GEOMETRIC_REPRESENTATION_CONTEXT(2) 
PARAMETRIC_REPRESENTATION_CONTEXT() REPRESENTATION_CONTEXT('2D SPACE',''
  ) );
#4847 = PCURVE('',#4848,#4853);
#4848 = CYLINDRICAL_SURFACE('',#4849,5.);
#4849 = AXIS2_PLACEMENT_3D('',#4850,#4851,#4852);
#4850 = CARTESIAN_POINT('',(-5.,78.,9.899494936612));
#4851 = DIRECTION('',(-1.,-0.,-0.));
#4852 = DIRECTION('',(0.,1.,0.));
#4853 = DEFINITIONAL_REPRESENTATION('',(#4854),#4858);
#4854 = LINE('',#4855,#4856);
#4855 = CARTESIAN_POINT('',(-4.712388980385,0.));
#4856 = VECTOR('',#4857,1.);
#4857 = DIRECTION('',(-1.,0.));
#4858 = ( GEOMETRIC_REPRESENTATION_CONTEXT(2) 
PARAMETRIC_REPRESENTATION_CONTEXT() REPRESENTATION_CONTEXT('2D SPACE',''
  ) );
#4859 = ORIENTED_EDGE('',*,*,#4860,.T.);
#4860 = EDGE_CURVE('',#4832,#2342,#4861,.T.);
#4861 = SURFACE_CURVE('',#4862,(#4866,#4873),.PCURVE_S1.);
#4862 = LINE('',#4863,#4864);
#4863 = CARTESIAN_POINT('',(-5.,78.,3.899494936612));
#4864 = VECTOR('',#4865,1.);
#4865 = DIRECTION('',(0.,0.,1.));
#4866 = PCURVE('',#1226,#4867);
#4867 = DEFINITIONAL_REPRESENTATION('',(#4868),#4872);
#4868 = LINE('',#4869,#4870);
#4869 = CARTESIAN_POINT('',(-6.,0.));
#4870 = VECTOR('',#4871,1.);
#4871 = DIRECTION('',(1.,0.));
#4872 = ( GEOMETRIC_REPRESENTATION_CONTEXT(2) 
PARAMETRIC_REPRESENTATION_CONTEXT() REPRESENTATION_CONTEXT('2D SPACE',''
  ) );
#4873 = PCURVE('',#2357,#4874);
#4874 = DEFINITIONAL_REPRESENTATION('',(#4875),#4879);
#4875 = LINE('',#4876,#4877);
#4876 = CARTESIAN_POINT('',(0.,0.));
#4877 = VECTOR('',#4878,1.);
#4878 = DIRECTION('',(1.,0.));
#4879 = ( GEOMETRIC_REPRESENTATION_CONTEXT(2) 
PARAMETRIC_REPRESENTATION_CONTEXT() REPRESENTATION_CONTEXT('2D SPACE',''
  ) );
#4880 = ORIENTED_EDGE('',*,*,#2369,.F.);
#4881 = ORIENTED_EDGE('',*,*,#4747,.F.);
#4882 = ORIENTED_EDGE('',*,*,#1210,.T.);
#4883 = FACE_BOUND('',#4884,.F.);
#4884 = EDGE_LOOP('',(#4885));
#4885 = ORIENTED_EDGE('',*,*,#4886,.T.);
#4886 = EDGE_CURVE('',#4887,#4887,#4889,.T.);
#4887 = VERTEX_POINT('',#4888);
#4888 = CARTESIAN_POINT('',(-5.,79.6,9.899494936612));
#4889 = SURFACE_CURVE('',#4890,(#4895,#4906),.PCURVE_S1.);
#4890 = CIRCLE('',#4891,1.6);
#4891 = AXIS2_PLACEMENT_3D('',#4892,#4893,#4894);
#4892 = CARTESIAN_POINT('',(-5.,78.,9.899494936612));
#4893 = DIRECTION('',(-1.,0.,0.));
#4894 = DIRECTION('',(0.,1.,0.));
#4895 = PCURVE('',#1226,#4896);
#4896 = DEFINITIONAL_REPRESENTATION('',(#4897),#4905);
#4897 = ( BOUNDED_CURVE() B_SPLINE_CURVE(2,(#4898,#4899,#4900,#4901,
#4902,#4903,#4904),.UNSPECIFIED.,.T.,.F.) B_SPLINE_CURVE_WITH_KNOTS((1,2
    ,2,2,2,1),(-2.094395102393,0.,2.094395102393,4.188790204786,
6.28318530718,8.377580409573),.UNSPECIFIED.) CURVE() 
GEOMETRIC_REPRESENTATION_ITEM() RATIONAL_B_SPLINE_CURVE((1.,0.5,1.,0.5,
1.,0.5,1.)) REPRESENTATION_ITEM('') );
#4898 = CARTESIAN_POINT('',(0.,-1.6));
#4899 = CARTESIAN_POINT('',(-2.77128129211,-1.6));
#4900 = CARTESIAN_POINT('',(-1.385640646055,0.8));
#4901 = CARTESIAN_POINT('',(-3.918869757272E-16,3.2));
#4902 = CARTESIAN_POINT('',(1.385640646055,0.8));
#4903 = CARTESIAN_POINT('',(2.77128129211,-1.6));
#4904 = CARTESIAN_POINT('',(0.,-1.6));
#4905 = ( GEOMETRIC_REPRESENTATION_CONTEXT(2) 
PARAMETRIC_REPRESENTATION_CONTEXT() REPRESENTATION_CONTEXT('2D SPACE',''
  ) );
#4906 = PCURVE('',#4907,#4912);
#4907 = CYLINDRICAL_SURFACE('',#4908,1.6);
#4908 = AXIS2_PLACEMENT_3D('',#4909,#4910,#4911);
#4909 = CARTESIAN_POINT('',(-24.,78.,9.899494936612));
#4910 = DIRECTION('',(-1.,-0.,-0.));
#4911 = DIRECTION('',(0.,1.,0.));
#4912 = DEFINITIONAL_REPRESENTATION('',(#4913),#4917);
#4913 = LINE('',#4914,#4915);
#4914 = CARTESIAN_POINT('',(-6.28318530718,-19.));
#4915 = VECTOR('',#4916,1.);
#4916 = DIRECTION('',(1.,-0.));
#4917 = ( GEOMETRIC_REPRESENTATION_CONTEXT(2) 
PARAMETRIC_REPRESENTATION_CONTEXT() REPRESENTATION_CONTEXT('2D SPACE',''
  ) );
#4918 = ADVANCED_FACE('',(#4919),#1198,.T.);
#4919 = FACE_BOUND('',#4920,.T.);
#4920 = EDGE_LOOP('',(#4921,#4944,#4945,#4946));
#4921 = ORIENTED_EDGE('',*,*,#4922,.F.);
#4922 = EDGE_CURVE('',#1155,#4923,#4925,.T.);
#4923 = VERTEX_POINT('',#4924);
#4924 = CARTESIAN_POINT('',(-1.,78.,4.899494936612));
#4925 = SURFACE_CURVE('',#4926,(#4930,#4937),.PCURVE_S1.);
#4926 = LINE('',#4927,#4928);
#4927 = CARTESIAN_POINT('',(-1.,78.,3.899494936612));
#4928 = VECTOR('',#4929,1.);
#4929 = DIRECTION('',(0.,0.,1.));
#4930 = PCURVE('',#1198,#4931);
#4931 = DEFINITIONAL_REPRESENTATION('',(#4932),#4936);
#4932 = LINE('',#4933,#4934);
#4933 = CARTESIAN_POINT('',(0.,4.));
#4934 = VECTOR('',#4935,1.);
#4935 = DIRECTION('',(1.,0.));
#4936 = ( GEOMETRIC_REPRESENTATION_CONTEXT(2) 
PARAMETRIC_REPRESENTATION_CONTEXT() REPRESENTATION_CONTEXT('2D SPACE',''
  ) );
#4937 = PCURVE('',#1170,#4938);
#4938 = DEFINITIONAL_REPRESENTATION('',(#4939),#4943);
#4939 = LINE('',#4940,#4941);
#4940 = CARTESIAN_POINT('',(-6.,0.));
#4941 = VECTOR('',#4942,1.);
#4942 = DIRECTION('',(1.,0.));
#4943 = ( GEOMETRIC_REPRESENTATION_CONTEXT(2) 
PARAMETRIC_REPRESENTATION_CONTEXT() REPRESENTATION_CONTEXT('2D SPACE',''
  ) );
#4944 = ORIENTED_EDGE('',*,*,#1182,.F.);
#4945 = ORIENTED_EDGE('',*,*,#4808,.T.);
#4946 = ORIENTED_EDGE('',*,*,#4947,.F.);
#4947 = EDGE_CURVE('',#4923,#4809,#4948,.T.);
#4948 = SURFACE_CURVE('',#4949,(#4953,#4960),.PCURVE_S1.);
#4949 = LINE('',#4950,#4951);
#4950 = CARTESIAN_POINT('',(-5.,78.,4.899494936612));
#4951 = VECTOR('',#4952,1.);
#4952 = DIRECTION('',(-1.,-0.,-0.));
#4953 = PCURVE('',#1198,#4954);
#4954 = DEFINITIONAL_REPRESENTATION('',(#4955),#4959);
#4955 = LINE('',#4956,#4957);
#4956 = CARTESIAN_POINT('',(1.,0.));
#4957 = VECTOR('',#4958,1.);
#4958 = DIRECTION('',(0.,-1.));
#4959 = ( GEOMETRIC_REPRESENTATION_CONTEXT(2) 
PARAMETRIC_REPRESENTATION_CONTEXT() REPRESENTATION_CONTEXT('2D SPACE',''
  ) );
#4960 = PCURVE('',#4848,#4961);
#4961 = DEFINITIONAL_REPRESENTATION('',(#4962),#4966);
#4962 = LINE('',#4963,#4964);
#4963 = CARTESIAN_POINT('',(-4.712388980385,0.));
#4964 = VECTOR('',#4965,1.);
#4965 = DIRECTION('',(-0.,1.));
#4966 = ( GEOMETRIC_REPRESENTATION_CONTEXT(2) 
PARAMETRIC_REPRESENTATION_CONTEXT() REPRESENTATION_CONTEXT('2D SPACE',''
  ) );
#4967 = ADVANCED_FACE('',(#4968,#5043),#1170,.T.);
#4968 = FACE_BOUND('',#4969,.T.);
#4969 = EDGE_LOOP('',(#4970,#4998,#5019,#5020,#5041,#5042));
#4970 = ORIENTED_EDGE('',*,*,#4971,.F.);
#4971 = EDGE_CURVE('',#4972,#4923,#4974,.T.);
#4972 = VERTEX_POINT('',#4973);
#4973 = CARTESIAN_POINT('',(-1.,78.,14.899494936612));
#4974 = SURFACE_CURVE('',#4975,(#4980,#4991),.PCURVE_S1.);
#4975 = CIRCLE('',#4976,5.);
#4976 = AXIS2_PLACEMENT_3D('',#4977,#4978,#4979);
#4977 = CARTESIAN_POINT('',(-1.,78.,9.899494936612));
#4978 = DIRECTION('',(-1.,0.,0.));
#4979 = DIRECTION('',(0.,1.136868377216E-14,1.));
#4980 = PCURVE('',#1170,#4981);
#4981 = DEFINITIONAL_REPRESENTATION('',(#4982),#4990);
#4982 = ( BOUNDED_CURVE() B_SPLINE_CURVE(2,(#4983,#4984,#4985,#4986,
#4987,#4988,#4989),.UNSPECIFIED.,.T.,.F.) B_SPLINE_CURVE_WITH_KNOTS((1,2
    ,2,2,2,1),(-2.094395102393,0.,2.094395102393,4.188790204786,
6.28318530718,8.377580409573),.UNSPECIFIED.) CURVE() 
GEOMETRIC_REPRESENTATION_ITEM() RATIONAL_B_SPLINE_CURVE((1.,0.5,1.,0.5,
1.,0.5,1.)) REPRESENTATION_ITEM('') );
#4983 = CARTESIAN_POINT('',(5.,-5.684341886081E-14));
#4984 = CARTESIAN_POINT('',(5.,-8.660254037844));
#4985 = CARTESIAN_POINT('',(-2.5,-4.330127018922));
#4986 = CARTESIAN_POINT('',(-10.,1.124621909225E-13));
#4987 = CARTESIAN_POINT('',(-2.5,4.330127018922));
#4988 = CARTESIAN_POINT('',(5.,8.660254037844));
#4989 = CARTESIAN_POINT('',(5.,-5.684341886081E-14));
#4990 = ( GEOMETRIC_REPRESENTATION_CONTEXT(2) 
PARAMETRIC_REPRESENTATION_CONTEXT() REPRESENTATION_CONTEXT('2D SPACE',''
  ) );
#4991 = PCURVE('',#4848,#4992);
#4992 = DEFINITIONAL_REPRESENTATION('',(#4993),#4997);
#4993 = LINE('',#4994,#4995);
#4994 = CARTESIAN_POINT('',(-7.853981633974,-4.));
#4995 = VECTOR('',#4996,1.);
#4996 = DIRECTION('',(1.,-0.));
#4997 = ( GEOMETRIC_REPRESENTATION_CONTEXT(2) 
PARAMETRIC_REPRESENTATION_CONTEXT() REPRESENTATION_CONTEXT('2D SPACE',''
  ) );
#4998 = ORIENTED_EDGE('',*,*,#4999,.T.);
#4999 = EDGE_CURVE('',#4972,#2319,#5000,.T.);
#5000 = SURFACE_CURVE('',#5001,(#5005,#5012),.PCURVE_S1.);
#5001 = LINE('',#5002,#5003);
#5002 = CARTESIAN_POINT('',(-1.,78.,3.899494936612));
#5003 = VECTOR('',#5004,1.);
#5004 = DIRECTION('',(0.,0.,1.));
#5005 = PCURVE('',#1170,#5006);
#5006 = DEFINITIONAL_REPRESENTATION('',(#5007),#5011);
#5007 = LINE('',#5008,#5009);
#5008 = CARTESIAN_POINT('',(-6.,0.));
#5009 = VECTOR('',#5010,1.);
#5010 = DIRECTION('',(1.,0.));
#5011 = ( GEOMETRIC_REPRESENTATION_CONTEXT(2) 
PARAMETRIC_REPRESENTATION_CONTEXT() REPRESENTATION_CONTEXT('2D SPACE',''
  ) );
#5012 = PCURVE('',#2357,#5013);
#5013 = DEFINITIONAL_REPRESENTATION('',(#5014),#5018);
#5014 = LINE('',#5015,#5016);
#5015 = CARTESIAN_POINT('',(0.,4.));
#5016 = VECTOR('',#5017,1.);
#5017 = DIRECTION('',(1.,0.));
#5018 = ( GEOMETRIC_REPRESENTATION_CONTEXT(2) 
PARAMETRIC_REPRESENTATION_CONTEXT() REPRESENTATION_CONTEXT('2D SPACE',''
  ) );
#5019 = ORIENTED_EDGE('',*,*,#2318,.F.);
#5020 = ORIENTED_EDGE('',*,*,#5021,.F.);
#5021 = EDGE_CURVE('',#1127,#2296,#5022,.T.);
#5022 = SURFACE_CURVE('',#5023,(#5027,#5034),.PCURVE_S1.);
#5023 = LINE('',#5024,#5025);
#5024 = CARTESIAN_POINT('',(-1.,72.,6.899494936612));
#5025 = VECTOR('',#5026,1.);
#5026 = DIRECTION('',(-0.,0.,1.));
#5027 = PCURVE('',#1170,#5028);
#5028 = DEFINITIONAL_REPRESENTATION('',(#5029),#5033);
#5029 = LINE('',#5030,#5031);
#5030 = CARTESIAN_POINT('',(-3.,6.));
#5031 = VECTOR('',#5032,1.);
#5032 = DIRECTION('',(1.,0.));
#5033 = ( GEOMETRIC_REPRESENTATION_CONTEXT(2) 
PARAMETRIC_REPRESENTATION_CONTEXT() REPRESENTATION_CONTEXT('2D SPACE',''
  ) );
#5034 = PCURVE('',#1142,#5035);
#5035 = DEFINITIONAL_REPRESENTATION('',(#5036),#5040);
#5036 = LINE('',#5037,#5038);
#5037 = CARTESIAN_POINT('',(41.,-3.));
#5038 = VECTOR('',#5039,1.);
#5039 = DIRECTION('',(0.,-1.));
#5040 = ( GEOMETRIC_REPRESENTATION_CONTEXT(2) 
PARAMETRIC_REPRESENTATION_CONTEXT() REPRESENTATION_CONTEXT('2D SPACE',''
  ) );
#5041 = ORIENTED_EDGE('',*,*,#1154,.T.);
#5042 = ORIENTED_EDGE('',*,*,#4922,.T.);
#5043 = FACE_BOUND('',#5044,.T.);
#5044 = EDGE_LOOP('',(#5045));
#5045 = ORIENTED_EDGE('',*,*,#5046,.T.);
#5046 = EDGE_CURVE('',#5047,#5047,#5049,.T.);
#5047 = VERTEX_POINT('',#5048);
#5048 = CARTESIAN_POINT('',(-1.,79.6,9.899494936612));
#5049 = SURFACE_CURVE('',#5050,(#5055,#5066),.PCURVE_S1.);
#5050 = CIRCLE('',#5051,1.6);
#5051 = AXIS2_PLACEMENT_3D('',#5052,#5053,#5054);
#5052 = CARTESIAN_POINT('',(-1.,78.,9.899494936612));
#5053 = DIRECTION('',(-1.,0.,0.));
#5054 = DIRECTION('',(0.,1.,0.));
#5055 = PCURVE('',#1170,#5056);
#5056 = DEFINITIONAL_REPRESENTATION('',(#5057),#5065);
#5057 = ( BOUNDED_CURVE() B_SPLINE_CURVE(2,(#5058,#5059,#5060,#5061,
#5062,#5063,#5064),.UNSPECIFIED.,.T.,.F.) B_SPLINE_CURVE_WITH_KNOTS((1,2
    ,2,2,2,1),(-2.094395102393,0.,2.094395102393,4.188790204786,
6.28318530718,8.377580409573),.UNSPECIFIED.) CURVE() 
GEOMETRIC_REPRESENTATION_ITEM() RATIONAL_B_SPLINE_CURVE((1.,0.5,1.,0.5,
1.,0.5,1.)) REPRESENTATION_ITEM('') );
#5058 = CARTESIAN_POINT('',(0.,-1.6));
#5059 = CARTESIAN_POINT('',(-2.77128129211,-1.6));
#5060 = CARTESIAN_POINT('',(-1.385640646055,0.8));
#5061 = CARTESIAN_POINT('',(-3.918869757272E-16,3.2));
#5062 = CARTESIAN_POINT('',(1.385640646055,0.8));
#5063 = CARTESIAN_POINT('',(2.77128129211,-1.6));
#5064 = CARTESIAN_POINT('',(0.,-1.6));
#5065 = ( GEOMETRIC_REPRESENTATION_CONTEXT(2) 
PARAMETRIC_REPRESENTATION_CONTEXT() REPRESENTATION_CONTEXT('2D SPACE',''
  ) );
#5066 = PCURVE('',#4907,#5067);
#5067 = DEFINITIONAL_REPRESENTATION('',(#5068),#5072);
#5068 = LINE('',#5069,#5070);
#5069 = CARTESIAN_POINT('',(-6.28318530718,-23.));
#5070 = VECTOR('',#5071,1.);
#5071 = DIRECTION('',(1.,-0.));
#5072 = ( GEOMETRIC_REPRESENTATION_CONTEXT(2) 
PARAMETRIC_REPRESENTATION_CONTEXT() REPRESENTATION_CONTEXT('2D SPACE',''
  ) );
#5073 = ADVANCED_FACE('',(#5074),#694,.F.);
#5074 = FACE_BOUND('',#5075,.F.);
#5075 = EDGE_LOOP('',(#5076,#5077,#5078,#5079));
#5076 = ORIENTED_EDGE('',*,*,#678,.F.);
#5077 = ORIENTED_EDGE('',*,*,#3300,.T.);
#5078 = ORIENTED_EDGE('',*,*,#1907,.T.);
#5079 = ORIENTED_EDGE('',*,*,#5080,.F.);
#5080 = EDGE_CURVE('',#679,#1908,#5081,.T.);
#5081 = SURFACE_CURVE('',#5082,(#5086,#5093),.PCURVE_S1.);
#5082 = LINE('',#5083,#5084);
#5083 = CARTESIAN_POINT('',(35.,72.,6.899494936612));
#5084 = VECTOR('',#5085,1.);
#5085 = DIRECTION('',(-0.,0.,1.));
#5086 = PCURVE('',#694,#5087);
#5087 = DEFINITIONAL_REPRESENTATION('',(#5088),#5092);
#5088 = LINE('',#5089,#5090);
#5089 = CARTESIAN_POINT('',(5.,-3.));
#5090 = VECTOR('',#5091,1.);
#5091 = DIRECTION('',(0.,-1.));
#5092 = ( GEOMETRIC_REPRESENTATION_CONTEXT(2) 
PARAMETRIC_REPRESENTATION_CONTEXT() REPRESENTATION_CONTEXT('2D SPACE',''
  ) );
#5093 = PCURVE('',#722,#5094);
#5094 = DEFINITIONAL_REPRESENTATION('',(#5095),#5099);
#5095 = LINE('',#5096,#5097);
#5096 = CARTESIAN_POINT('',(-3.,6.));
#5097 = VECTOR('',#5098,1.);
#5098 = DIRECTION('',(1.,0.));
#5099 = ( GEOMETRIC_REPRESENTATION_CONTEXT(2) 
PARAMETRIC_REPRESENTATION_CONTEXT() REPRESENTATION_CONTEXT('2D SPACE',''
  ) );
#5100 = ADVANCED_FACE('',(#5101),#1142,.F.);
#5101 = FACE_BOUND('',#5102,.F.);
#5102 = EDGE_LOOP('',(#5103,#5104,#5125,#5126));
#5103 = ORIENTED_EDGE('',*,*,#1126,.F.);
#5104 = ORIENTED_EDGE('',*,*,#5105,.T.);
#5105 = EDGE_CURVE('',#1099,#2273,#5106,.T.);
#5106 = SURFACE_CURVE('',#5107,(#5111,#5118),.PCURVE_S1.);
#5107 = LINE('',#5108,#5109);
#5108 = CARTESIAN_POINT('',(1.,72.,6.899494936612));
#5109 = VECTOR('',#5110,1.);
#5110 = DIRECTION('',(-0.,0.,1.));
#5111 = PCURVE('',#1142,#5112);
#5112 = DEFINITIONAL_REPRESENTATION('',(#5113),#5117);
#5113 = LINE('',#5114,#5115);
#5114 = CARTESIAN_POINT('',(39.,-3.));
#5115 = VECTOR('',#5116,1.);
#5116 = DIRECTION('',(0.,-1.));
#5117 = ( GEOMETRIC_REPRESENTATION_CONTEXT(2) 
PARAMETRIC_REPRESENTATION_CONTEXT() REPRESENTATION_CONTEXT('2D SPACE',''
  ) );
#5118 = PCURVE('',#1114,#5119);
#5119 = DEFINITIONAL_REPRESENTATION('',(#5120),#5124);
#5120 = LINE('',#5121,#5122);
#5121 = CARTESIAN_POINT('',(-3.,6.));
#5122 = VECTOR('',#5123,1.);
#5123 = DIRECTION('',(1.,0.));
#5124 = ( GEOMETRIC_REPRESENTATION_CONTEXT(2) 
PARAMETRIC_REPRESENTATION_CONTEXT() REPRESENTATION_CONTEXT('2D SPACE',''
  ) );
#5125 = ORIENTED_EDGE('',*,*,#2295,.T.);
#5126 = ORIENTED_EDGE('',*,*,#5021,.F.);
#5127 = ADVANCED_FACE('',(#5128,#5210),#722,.T.);
#5128 = FACE_BOUND('',#5129,.T.);
#5129 = EDGE_LOOP('',(#5130,#5165,#5186,#5187,#5188,#5189));
#5130 = ORIENTED_EDGE('',*,*,#5131,.F.);
#5131 = EDGE_CURVE('',#5132,#5134,#5136,.T.);
#5132 = VERTEX_POINT('',#5133);
#5133 = CARTESIAN_POINT('',(35.,78.,14.899494936612));
#5134 = VERTEX_POINT('',#5135);
#5135 = CARTESIAN_POINT('',(35.,78.,4.899494936612));
#5136 = SURFACE_CURVE('',#5137,(#5142,#5153),.PCURVE_S1.);
#5137 = CIRCLE('',#5138,5.);
#5138 = AXIS2_PLACEMENT_3D('',#5139,#5140,#5141);
#5139 = CARTESIAN_POINT('',(35.,78.,9.899494936612));
#5140 = DIRECTION('',(-1.,0.,0.));
#5141 = DIRECTION('',(0.,1.136868377216E-14,1.));
#5142 = PCURVE('',#722,#5143);
#5143 = DEFINITIONAL_REPRESENTATION('',(#5144),#5152);
#5144 = ( BOUNDED_CURVE() B_SPLINE_CURVE(2,(#5145,#5146,#5147,#5148,
#5149,#5150,#5151),.UNSPECIFIED.,.T.,.F.) B_SPLINE_CURVE_WITH_KNOTS((1,2
    ,2,2,2,1),(-2.094395102393,0.,2.094395102393,4.188790204786,
6.28318530718,8.377580409573),.UNSPECIFIED.) CURVE() 
GEOMETRIC_REPRESENTATION_ITEM() RATIONAL_B_SPLINE_CURVE((1.,0.5,1.,0.5,
1.,0.5,1.)) REPRESENTATION_ITEM('') );
#5145 = CARTESIAN_POINT('',(5.,-5.684341886081E-14));
#5146 = CARTESIAN_POINT('',(5.,-8.660254037844));
#5147 = CARTESIAN_POINT('',(-2.5,-4.330127018922));
#5148 = CARTESIAN_POINT('',(-10.,1.124621909225E-13));
#5149 = CARTESIAN_POINT('',(-2.5,4.330127018922));
#5150 = CARTESIAN_POINT('',(5.,8.660254037844));
#5151 = CARTESIAN_POINT('',(5.,-5.684341886081E-14));
#5152 = ( GEOMETRIC_REPRESENTATION_CONTEXT(2) 
PARAMETRIC_REPRESENTATION_CONTEXT() REPRESENTATION_CONTEXT('2D SPACE',''
  ) );
#5153 = PCURVE('',#5154,#5159);
#5154 = CYLINDRICAL_SURFACE('',#5155,5.);
#5155 = AXIS2_PLACEMENT_3D('',#5156,#5157,#5158);
#5156 = CARTESIAN_POINT('',(31.,78.,9.899494936612));
#5157 = DIRECTION('',(-1.,-0.,-0.));
#5158 = DIRECTION('',(0.,1.,0.));
#5159 = DEFINITIONAL_REPRESENTATION('',(#5160),#5164);
#5160 = LINE('',#5161,#5162);
#5161 = CARTESIAN_POINT('',(-7.853981633974,-4.));
#5162 = VECTOR('',#5163,1.);
#5163 = DIRECTION('',(1.,-0.));
#5164 = ( GEOMETRIC_REPRESENTATION_CONTEXT(2) 
PARAMETRIC_REPRESENTATION_CONTEXT() REPRESENTATION_CONTEXT('2D SPACE',''
  ) );
#5165 = ORIENTED_EDGE('',*,*,#5166,.T.);
#5166 = EDGE_CURVE('',#5132,#1931,#5167,.T.);
#5167 = SURFACE_CURVE('',#5168,(#5172,#5179),.PCURVE_S1.);
#5168 = LINE('',#5169,#5170);
#5169 = CARTESIAN_POINT('',(35.,78.,3.899494936612));
#5170 = VECTOR('',#5171,1.);
#5171 = DIRECTION('',(0.,0.,1.));
#5172 = PCURVE('',#722,#5173);
#5173 = DEFINITIONAL_REPRESENTATION('',(#5174),#5178);
#5174 = LINE('',#5175,#5176);
#5175 = CARTESIAN_POINT('',(-6.,0.));
#5176 = VECTOR('',#5177,1.);
#5177 = DIRECTION('',(1.,0.));
#5178 = ( GEOMETRIC_REPRESENTATION_CONTEXT(2) 
PARAMETRIC_REPRESENTATION_CONTEXT() REPRESENTATION_CONTEXT('2D SPACE',''
  ) );
#5179 = PCURVE('',#1969,#5180);
#5180 = DEFINITIONAL_REPRESENTATION('',(#5181),#5185);
#5181 = LINE('',#5182,#5183);
#5182 = CARTESIAN_POINT('',(0.,4.));
#5183 = VECTOR('',#5184,1.);
#5184 = DIRECTION('',(1.,0.));
#5185 = ( GEOMETRIC_REPRESENTATION_CONTEXT(2) 
PARAMETRIC_REPRESENTATION_CONTEXT() REPRESENTATION_CONTEXT('2D SPACE',''
  ) );
#5186 = ORIENTED_EDGE('',*,*,#1930,.F.);
#5187 = ORIENTED_EDGE('',*,*,#5080,.F.);
#5188 = ORIENTED_EDGE('',*,*,#706,.T.);
#5189 = ORIENTED_EDGE('',*,*,#5190,.T.);
#5190 = EDGE_CURVE('',#707,#5134,#5191,.T.);
#5191 = SURFACE_CURVE('',#5192,(#5196,#5203),.PCURVE_S1.);
#5192 = LINE('',#5193,#5194);
#5193 = CARTESIAN_POINT('',(35.,78.,3.899494936612));
#5194 = VECTOR('',#5195,1.);
#5195 = DIRECTION('',(0.,0.,1.));
#5196 = PCURVE('',#722,#5197);
#5197 = DEFINITIONAL_REPRESENTATION('',(#5198),#5202);
#5198 = LINE('',#5199,#5200);
#5199 = CARTESIAN_POINT('',(-6.,0.));
#5200 = VECTOR('',#5201,1.);
#5201 = DIRECTION('',(1.,0.));
#5202 = ( GEOMETRIC_REPRESENTATION_CONTEXT(2) 
PARAMETRIC_REPRESENTATION_CONTEXT() REPRESENTATION_CONTEXT('2D SPACE',''
  ) );
#5203 = PCURVE('',#750,#5204);
#5204 = DEFINITIONAL_REPRESENTATION('',(#5205),#5209);
#5205 = LINE('',#5206,#5207);
#5206 = CARTESIAN_POINT('',(0.,4.));
#5207 = VECTOR('',#5208,1.);
#5208 = DIRECTION('',(1.,0.));
#5209 = ( GEOMETRIC_REPRESENTATION_CONTEXT(2) 
PARAMETRIC_REPRESENTATION_CONTEXT() REPRESENTATION_CONTEXT('2D SPACE',''
  ) );
#5210 = FACE_BOUND('',#5211,.T.);
#5211 = EDGE_LOOP('',(#5212));
#5212 = ORIENTED_EDGE('',*,*,#5213,.T.);
#5213 = EDGE_CURVE('',#5214,#5214,#5216,.T.);
#5214 = VERTEX_POINT('',#5215);
#5215 = CARTESIAN_POINT('',(35.,79.6,9.899494936612));
#5216 = SURFACE_CURVE('',#5217,(#5222,#5233),.PCURVE_S1.);
#5217 = CIRCLE('',#5218,1.6);
#5218 = AXIS2_PLACEMENT_3D('',#5219,#5220,#5221);
#5219 = CARTESIAN_POINT('',(35.,78.,9.899494936612));
#5220 = DIRECTION('',(-1.,0.,0.));
#5221 = DIRECTION('',(0.,1.,0.));
#5222 = PCURVE('',#722,#5223);
#5223 = DEFINITIONAL_REPRESENTATION('',(#5224),#5232);
#5224 = ( BOUNDED_CURVE() B_SPLINE_CURVE(2,(#5225,#5226,#5227,#5228,
#5229,#5230,#5231),.UNSPECIFIED.,.T.,.F.) B_SPLINE_CURVE_WITH_KNOTS((1,2
    ,2,2,2,1),(-2.094395102393,0.,2.094395102393,4.188790204786,
6.28318530718,8.377580409573),.UNSPECIFIED.) CURVE() 
GEOMETRIC_REPRESENTATION_ITEM() RATIONAL_B_SPLINE_CURVE((1.,0.5,1.,0.5,
1.,0.5,1.)) REPRESENTATION_ITEM('') );
#5225 = CARTESIAN_POINT('',(0.,-1.6));
#5226 = CARTESIAN_POINT('',(-2.77128129211,-1.6));
#5227 = CARTESIAN_POINT('',(-1.385640646055,0.8));
#5228 = CARTESIAN_POINT('',(-3.918869757272E-16,3.2));
#5229 = CARTESIAN_POINT('',(1.385640646055,0.8));
#5230 = CARTESIAN_POINT('',(2.77128129211,-1.6));
#5231 = CARTESIAN_POINT('',(0.,-1.6));
#5232 = ( GEOMETRIC_REPRESENTATION_CONTEXT(2) 
PARAMETRIC_REPRESENTATION_CONTEXT() REPRESENTATION_CONTEXT('2D SPACE',''
  ) );
#5233 = PCURVE('',#5234,#5239);
#5234 = CYLINDRICAL_SURFACE('',#5235,1.6);
#5235 = AXIS2_PLACEMENT_3D('',#5236,#5237,#5238);
#5236 = CARTESIAN_POINT('',(12.,78.,9.899494936612));
#5237 = DIRECTION('',(-1.,-0.,-0.));
#5238 = DIRECTION('',(0.,1.,0.));
#5239 = DEFINITIONAL_REPRESENTATION('',(#5240),#5244);
#5240 = LINE('',#5241,#5242);
#5241 = CARTESIAN_POINT('',(-6.28318530718,-23.));
#5242 = VECTOR('',#5243,1.);
#5243 = DIRECTION('',(1.,-0.));
#5244 = ( GEOMETRIC_REPRESENTATION_CONTEXT(2) 
PARAMETRIC_REPRESENTATION_CONTEXT() REPRESENTATION_CONTEXT('2D SPACE',''
  ) );
#5245 = ADVANCED_FACE('',(#5246,#5324),#1114,.F.);
#5246 = FACE_BOUND('',#5247,.F.);
#5247 = EDGE_LOOP('',(#5248,#5271,#5300,#5321,#5322,#5323));
#5248 = ORIENTED_EDGE('',*,*,#5249,.T.);
#5249 = EDGE_CURVE('',#1071,#5250,#5252,.T.);
#5250 = VERTEX_POINT('',#5251);
#5251 = CARTESIAN_POINT('',(1.,78.,4.899494936612));
#5252 = SURFACE_CURVE('',#5253,(#5257,#5264),.PCURVE_S1.);
#5253 = LINE('',#5254,#5255);
#5254 = CARTESIAN_POINT('',(1.,78.,3.899494936612));
#5255 = VECTOR('',#5256,1.);
#5256 = DIRECTION('',(0.,0.,1.));
#5257 = PCURVE('',#1114,#5258);
#5258 = DEFINITIONAL_REPRESENTATION('',(#5259),#5263);
#5259 = LINE('',#5260,#5261);
#5260 = CARTESIAN_POINT('',(-6.,0.));
#5261 = VECTOR('',#5262,1.);
#5262 = DIRECTION('',(1.,0.));
#5263 = ( GEOMETRIC_REPRESENTATION_CONTEXT(2) 
PARAMETRIC_REPRESENTATION_CONTEXT() REPRESENTATION_CONTEXT('2D SPACE',''
  ) );
#5264 = PCURVE('',#1086,#5265);
#5265 = DEFINITIONAL_REPRESENTATION('',(#5266),#5270);
#5266 = LINE('',#5267,#5268);
#5267 = CARTESIAN_POINT('',(0.,0.));
#5268 = VECTOR('',#5269,1.);
#5269 = DIRECTION('',(1.,0.));
#5270 = ( GEOMETRIC_REPRESENTATION_CONTEXT(2) 
PARAMETRIC_REPRESENTATION_CONTEXT() REPRESENTATION_CONTEXT('2D SPACE',''
  ) );
#5271 = ORIENTED_EDGE('',*,*,#5272,.T.);
#5272 = EDGE_CURVE('',#5250,#5273,#5275,.T.);
#5273 = VERTEX_POINT('',#5274);
#5274 = CARTESIAN_POINT('',(1.,78.,14.899494936612));
#5275 = SURFACE_CURVE('',#5276,(#5281,#5288),.PCURVE_S1.);
#5276 = CIRCLE('',#5277,5.);
#5277 = AXIS2_PLACEMENT_3D('',#5278,#5279,#5280);
#5278 = CARTESIAN_POINT('',(1.,78.,9.899494936612));
#5279 = DIRECTION('',(1.,0.,0.));
#5280 = DIRECTION('',(0.,1.136868377216E-14,-1.));
#5281 = PCURVE('',#1114,#5282);
#5282 = DEFINITIONAL_REPRESENTATION('',(#5283),#5287);
#5283 = CIRCLE('',#5284,5.);
#5284 = AXIS2_PLACEMENT_2D('',#5285,#5286);
#5285 = CARTESIAN_POINT('',(0.,0.));
#5286 = DIRECTION('',(-1.,-1.136868377216E-14));
#5287 = ( GEOMETRIC_REPRESENTATION_CONTEXT(2) 
PARAMETRIC_REPRESENTATION_CONTEXT() REPRESENTATION_CONTEXT('2D SPACE',''
  ) );
#5288 = PCURVE('',#5289,#5294);
#5289 = CYLINDRICAL_SURFACE('',#5290,5.);
#5290 = AXIS2_PLACEMENT_3D('',#5291,#5292,#5293);
#5291 = CARTESIAN_POINT('',(1.,78.,9.899494936612));
#5292 = DIRECTION('',(-1.,-0.,-0.));
#5293 = DIRECTION('',(0.,1.,0.));
#5294 = DEFINITIONAL_REPRESENTATION('',(#5295),#5299);
#5295 = LINE('',#5296,#5297);
#5296 = CARTESIAN_POINT('',(-4.712388980385,0.));
#5297 = VECTOR('',#5298,1.);
#5298 = DIRECTION('',(-1.,0.));
#5299 = ( GEOMETRIC_REPRESENTATION_CONTEXT(2) 
PARAMETRIC_REPRESENTATION_CONTEXT() REPRESENTATION_CONTEXT('2D SPACE',''
  ) );
#5300 = ORIENTED_EDGE('',*,*,#5301,.T.);
#5301 = EDGE_CURVE('',#5273,#2245,#5302,.T.);
#5302 = SURFACE_CURVE('',#5303,(#5307,#5314),.PCURVE_S1.);
#5303 = LINE('',#5304,#5305);
#5304 = CARTESIAN_POINT('',(1.,78.,3.899494936612));
#5305 = VECTOR('',#5306,1.);
#5306 = DIRECTION('',(0.,0.,1.));
#5307 = PCURVE('',#1114,#5308);
#5308 = DEFINITIONAL_REPRESENTATION('',(#5309),#5313);
#5309 = LINE('',#5310,#5311);
#5310 = CARTESIAN_POINT('',(-6.,0.));
#5311 = VECTOR('',#5312,1.);
#5312 = DIRECTION('',(1.,0.));
#5313 = ( GEOMETRIC_REPRESENTATION_CONTEXT(2) 
PARAMETRIC_REPRESENTATION_CONTEXT() REPRESENTATION_CONTEXT('2D SPACE',''
  ) );
#5314 = PCURVE('',#2260,#5315);
#5315 = DEFINITIONAL_REPRESENTATION('',(#5316),#5320);
#5316 = LINE('',#5317,#5318);
#5317 = CARTESIAN_POINT('',(0.,0.));
#5318 = VECTOR('',#5319,1.);
#5319 = DIRECTION('',(1.,0.));
#5320 = ( GEOMETRIC_REPRESENTATION_CONTEXT(2) 
PARAMETRIC_REPRESENTATION_CONTEXT() REPRESENTATION_CONTEXT('2D SPACE',''
  ) );
#5321 = ORIENTED_EDGE('',*,*,#2272,.F.);
#5322 = ORIENTED_EDGE('',*,*,#5105,.F.);
#5323 = ORIENTED_EDGE('',*,*,#1098,.T.);
#5324 = FACE_BOUND('',#5325,.F.);
#5325 = EDGE_LOOP('',(#5326));
#5326 = ORIENTED_EDGE('',*,*,#5327,.T.);
#5327 = EDGE_CURVE('',#5328,#5328,#5330,.T.);
#5328 = VERTEX_POINT('',#5329);
#5329 = CARTESIAN_POINT('',(1.,79.6,9.899494936612));
#5330 = SURFACE_CURVE('',#5331,(#5336,#5347),.PCURVE_S1.);
#5331 = CIRCLE('',#5332,1.6);
#5332 = AXIS2_PLACEMENT_3D('',#5333,#5334,#5335);
#5333 = CARTESIAN_POINT('',(1.,78.,9.899494936612));
#5334 = DIRECTION('',(-1.,0.,0.));
#5335 = DIRECTION('',(0.,1.,0.));
#5336 = PCURVE('',#1114,#5337);
#5337 = DEFINITIONAL_REPRESENTATION('',(#5338),#5346);
#5338 = ( BOUNDED_CURVE() B_SPLINE_CURVE(2,(#5339,#5340,#5341,#5342,
#5343,#5344,#5345),.UNSPECIFIED.,.T.,.F.) B_SPLINE_CURVE_WITH_KNOTS((1,2
    ,2,2,2,1),(-2.094395102393,0.,2.094395102393,4.188790204786,
6.28318530718,8.377580409573),.UNSPECIFIED.) CURVE() 
GEOMETRIC_REPRESENTATION_ITEM() RATIONAL_B_SPLINE_CURVE((1.,0.5,1.,0.5,
1.,0.5,1.)) REPRESENTATION_ITEM('') );
#5339 = CARTESIAN_POINT('',(0.,-1.6));
#5340 = CARTESIAN_POINT('',(-2.77128129211,-1.6));
#5341 = CARTESIAN_POINT('',(-1.385640646055,0.8));
#5342 = CARTESIAN_POINT('',(-3.918869757272E-16,3.2));
#5343 = CARTESIAN_POINT('',(1.385640646055,0.8));
#5344 = CARTESIAN_POINT('',(2.77128129211,-1.6));
#5345 = CARTESIAN_POINT('',(0.,-1.6));
#5346 = ( GEOMETRIC_REPRESENTATION_CONTEXT(2) 
PARAMETRIC_REPRESENTATION_CONTEXT() REPRESENTATION_CONTEXT('2D SPACE',''
  ) );
#5347 = PCURVE('',#5348,#5353);
#5348 = CYLINDRICAL_SURFACE('',#5349,1.6);
#5349 = AXIS2_PLACEMENT_3D('',#5350,#5351,#5352);
#5350 = CARTESIAN_POINT('',(-6.,78.,9.899494936612));
#5351 = DIRECTION('',(-1.,-0.,-0.));
#5352 = DIRECTION('',(0.,1.,0.));
#5353 = DEFINITIONAL_REPRESENTATION('',(#5354),#5358);
#5354 = LINE('',#5355,#5356);
#5355 = CARTESIAN_POINT('',(-6.28318530718,-7.));
#5356 = VECTOR('',#5357,1.);
#5357 = DIRECTION('',(1.,-0.));
#5358 = ( GEOMETRIC_REPRESENTATION_CONTEXT(2) 
PARAMETRIC_REPRESENTATION_CONTEXT() REPRESENTATION_CONTEXT('2D SPACE',''
  ) );
#5359 = ADVANCED_FACE('',(#5360),#750,.T.);
#5360 = FACE_BOUND('',#5361,.T.);
#5361 = EDGE_LOOP('',(#5362,#5363,#5364,#5387));
#5362 = ORIENTED_EDGE('',*,*,#5190,.F.);
#5363 = ORIENTED_EDGE('',*,*,#734,.F.);
#5364 = ORIENTED_EDGE('',*,*,#5365,.T.);
#5365 = EDGE_CURVE('',#735,#5366,#5368,.T.);
#5366 = VERTEX_POINT('',#5367);
#5367 = CARTESIAN_POINT('',(31.,78.,4.899494936612));
#5368 = SURFACE_CURVE('',#5369,(#5373,#5380),.PCURVE_S1.);
#5369 = LINE('',#5370,#5371);
#5370 = CARTESIAN_POINT('',(31.,78.,3.899494936612));
#5371 = VECTOR('',#5372,1.);
#5372 = DIRECTION('',(0.,0.,1.));
#5373 = PCURVE('',#750,#5374);
#5374 = DEFINITIONAL_REPRESENTATION('',(#5375),#5379);
#5375 = LINE('',#5376,#5377);
#5376 = CARTESIAN_POINT('',(0.,0.));
#5377 = VECTOR('',#5378,1.);
#5378 = DIRECTION('',(1.,0.));
#5379 = ( GEOMETRIC_REPRESENTATION_CONTEXT(2) 
PARAMETRIC_REPRESENTATION_CONTEXT() REPRESENTATION_CONTEXT('2D SPACE',''
  ) );
#5380 = PCURVE('',#778,#5381);
#5381 = DEFINITIONAL_REPRESENTATION('',(#5382),#5386);
#5382 = LINE('',#5383,#5384);
#5383 = CARTESIAN_POINT('',(-6.,0.));
#5384 = VECTOR('',#5385,1.);
#5385 = DIRECTION('',(1.,0.));
#5386 = ( GEOMETRIC_REPRESENTATION_CONTEXT(2) 
PARAMETRIC_REPRESENTATION_CONTEXT() REPRESENTATION_CONTEXT('2D SPACE',''
  ) );
#5387 = ORIENTED_EDGE('',*,*,#5388,.F.);
#5388 = EDGE_CURVE('',#5134,#5366,#5389,.T.);
#5389 = SURFACE_CURVE('',#5390,(#5394,#5401),.PCURVE_S1.);
#5390 = LINE('',#5391,#5392);
#5391 = CARTESIAN_POINT('',(31.,78.,4.899494936612));
#5392 = VECTOR('',#5393,1.);
#5393 = DIRECTION('',(-1.,-0.,-0.));
#5394 = PCURVE('',#750,#5395);
#5395 = DEFINITIONAL_REPRESENTATION('',(#5396),#5400);
#5396 = LINE('',#5397,#5398);
#5397 = CARTESIAN_POINT('',(1.,0.));
#5398 = VECTOR('',#5399,1.);
#5399 = DIRECTION('',(0.,-1.));
#5400 = ( GEOMETRIC_REPRESENTATION_CONTEXT(2) 
PARAMETRIC_REPRESENTATION_CONTEXT() REPRESENTATION_CONTEXT('2D SPACE',''
  ) );
#5401 = PCURVE('',#5154,#5402);
#5402 = DEFINITIONAL_REPRESENTATION('',(#5403),#5407);
#5403 = LINE('',#5404,#5405);
#5404 = CARTESIAN_POINT('',(-4.712388980385,0.));
#5405 = VECTOR('',#5406,1.);
#5406 = DIRECTION('',(-0.,1.));
#5407 = ( GEOMETRIC_REPRESENTATION_CONTEXT(2) 
PARAMETRIC_REPRESENTATION_CONTEXT() REPRESENTATION_CONTEXT('2D SPACE',''
  ) );
#5408 = ADVANCED_FACE('',(#5409),#1086,.T.);
#5409 = FACE_BOUND('',#5410,.T.);
#5410 = EDGE_LOOP('',(#5411,#5434,#5435,#5436));
#5411 = ORIENTED_EDGE('',*,*,#5412,.F.);
#5412 = EDGE_CURVE('',#1043,#5413,#5415,.T.);
#5413 = VERTEX_POINT('',#5414);
#5414 = CARTESIAN_POINT('',(5.,78.,4.899494936612));
#5415 = SURFACE_CURVE('',#5416,(#5420,#5427),.PCURVE_S1.);
#5416 = LINE('',#5417,#5418);
#5417 = CARTESIAN_POINT('',(5.,78.,3.899494936612));
#5418 = VECTOR('',#5419,1.);
#5419 = DIRECTION('',(0.,0.,1.));
#5420 = PCURVE('',#1086,#5421);
#5421 = DEFINITIONAL_REPRESENTATION('',(#5422),#5426);
#5422 = LINE('',#5423,#5424);
#5423 = CARTESIAN_POINT('',(0.,4.));
#5424 = VECTOR('',#5425,1.);
#5425 = DIRECTION('',(1.,0.));
#5426 = ( GEOMETRIC_REPRESENTATION_CONTEXT(2) 
PARAMETRIC_REPRESENTATION_CONTEXT() REPRESENTATION_CONTEXT('2D SPACE',''
  ) );
#5427 = PCURVE('',#1058,#5428);
#5428 = DEFINITIONAL_REPRESENTATION('',(#5429),#5433);
#5429 = LINE('',#5430,#5431);
#5430 = CARTESIAN_POINT('',(-6.,0.));
#5431 = VECTOR('',#5432,1.);
#5432 = DIRECTION('',(1.,0.));
#5433 = ( GEOMETRIC_REPRESENTATION_CONTEXT(2) 
PARAMETRIC_REPRESENTATION_CONTEXT() REPRESENTATION_CONTEXT('2D SPACE',''
  ) );
#5434 = ORIENTED_EDGE('',*,*,#1070,.F.);
#5435 = ORIENTED_EDGE('',*,*,#5249,.T.);
#5436 = ORIENTED_EDGE('',*,*,#5437,.F.);
#5437 = EDGE_CURVE('',#5413,#5250,#5438,.T.);
#5438 = SURFACE_CURVE('',#5439,(#5443,#5450),.PCURVE_S1.);
#5439 = LINE('',#5440,#5441);
#5440 = CARTESIAN_POINT('',(1.,78.,4.899494936612));
#5441 = VECTOR('',#5442,1.);
#5442 = DIRECTION('',(-1.,-0.,-0.));
#5443 = PCURVE('',#1086,#5444);
#5444 = DEFINITIONAL_REPRESENTATION('',(#5445),#5449);
#5445 = LINE('',#5446,#5447);
#5446 = CARTESIAN_POINT('',(1.,0.));
#5447 = VECTOR('',#5448,1.);
#5448 = DIRECTION('',(0.,-1.));
#5449 = ( GEOMETRIC_REPRESENTATION_CONTEXT(2) 
PARAMETRIC_REPRESENTATION_CONTEXT() REPRESENTATION_CONTEXT('2D SPACE',''
  ) );
#5450 = PCURVE('',#5289,#5451);
#5451 = DEFINITIONAL_REPRESENTATION('',(#5452),#5456);
#5452 = LINE('',#5453,#5454);
#5453 = CARTESIAN_POINT('',(-4.712388980385,0.));
#5454 = VECTOR('',#5455,1.);
#5455 = DIRECTION('',(-0.,1.));
#5456 = ( GEOMETRIC_REPRESENTATION_CONTEXT(2) 
PARAMETRIC_REPRESENTATION_CONTEXT() REPRESENTATION_CONTEXT('2D SPACE',''
  ) );
#5457 = ADVANCED_FACE('',(#5458,#5529),#778,.F.);
#5458 = FACE_BOUND('',#5459,.F.);
#5459 = EDGE_LOOP('',(#5460,#5461,#5485,#5506,#5507,#5528));
#5460 = ORIENTED_EDGE('',*,*,#5365,.T.);
#5461 = ORIENTED_EDGE('',*,*,#5462,.T.);
#5462 = EDGE_CURVE('',#5366,#5463,#5465,.T.);
#5463 = VERTEX_POINT('',#5464);
#5464 = CARTESIAN_POINT('',(31.,78.,14.899494936612));
#5465 = SURFACE_CURVE('',#5466,(#5471,#5478),.PCURVE_S1.);
#5466 = CIRCLE('',#5467,5.);
#5467 = AXIS2_PLACEMENT_3D('',#5468,#5469,#5470);
#5468 = CARTESIAN_POINT('',(31.,78.,9.899494936612));
#5469 = DIRECTION('',(1.,0.,0.));
#5470 = DIRECTION('',(0.,1.136868377216E-14,-1.));
#5471 = PCURVE('',#778,#5472);
#5472 = DEFINITIONAL_REPRESENTATION('',(#5473),#5477);
#5473 = CIRCLE('',#5474,5.);
#5474 = AXIS2_PLACEMENT_2D('',#5475,#5476);
#5475 = CARTESIAN_POINT('',(0.,0.));
#5476 = DIRECTION('',(-1.,-1.136868377216E-14));
#5477 = ( GEOMETRIC_REPRESENTATION_CONTEXT(2) 
PARAMETRIC_REPRESENTATION_CONTEXT() REPRESENTATION_CONTEXT('2D SPACE',''
  ) );
#5478 = PCURVE('',#5154,#5479);
#5479 = DEFINITIONAL_REPRESENTATION('',(#5480),#5484);
#5480 = LINE('',#5481,#5482);
#5481 = CARTESIAN_POINT('',(-4.712388980385,0.));
#5482 = VECTOR('',#5483,1.);
#5483 = DIRECTION('',(-1.,0.));
#5484 = ( GEOMETRIC_REPRESENTATION_CONTEXT(2) 
PARAMETRIC_REPRESENTATION_CONTEXT() REPRESENTATION_CONTEXT('2D SPACE',''
  ) );
#5485 = ORIENTED_EDGE('',*,*,#5486,.T.);
#5486 = EDGE_CURVE('',#5463,#1954,#5487,.T.);
#5487 = SURFACE_CURVE('',#5488,(#5492,#5499),.PCURVE_S1.);
#5488 = LINE('',#5489,#5490);
#5489 = CARTESIAN_POINT('',(31.,78.,3.899494936612));
#5490 = VECTOR('',#5491,1.);
#5491 = DIRECTION('',(0.,0.,1.));
#5492 = PCURVE('',#778,#5493);
#5493 = DEFINITIONAL_REPRESENTATION('',(#5494),#5498);
#5494 = LINE('',#5495,#5496);
#5495 = CARTESIAN_POINT('',(-6.,0.));
#5496 = VECTOR('',#5497,1.);
#5497 = DIRECTION('',(1.,0.));
#5498 = ( GEOMETRIC_REPRESENTATION_CONTEXT(2) 
PARAMETRIC_REPRESENTATION_CONTEXT() REPRESENTATION_CONTEXT('2D SPACE',''
  ) );
#5499 = PCURVE('',#1969,#5500);
#5500 = DEFINITIONAL_REPRESENTATION('',(#5501),#5505);
#5501 = LINE('',#5502,#5503);
#5502 = CARTESIAN_POINT('',(0.,0.));
#5503 = VECTOR('',#5504,1.);
#5504 = DIRECTION('',(1.,0.));
#5505 = ( GEOMETRIC_REPRESENTATION_CONTEXT(2) 
PARAMETRIC_REPRESENTATION_CONTEXT() REPRESENTATION_CONTEXT('2D SPACE',''
  ) );
#5506 = ORIENTED_EDGE('',*,*,#1981,.F.);
#5507 = ORIENTED_EDGE('',*,*,#5508,.F.);
#5508 = EDGE_CURVE('',#763,#1982,#5509,.T.);
#5509 = SURFACE_CURVE('',#5510,(#5514,#5521),.PCURVE_S1.);
#5510 = LINE('',#5511,#5512);
#5511 = CARTESIAN_POINT('',(31.,72.,6.899494936612));
#5512 = VECTOR('',#5513,1.);
#5513 = DIRECTION('',(-0.,0.,1.));
#5514 = PCURVE('',#778,#5515);
#5515 = DEFINITIONAL_REPRESENTATION('',(#5516),#5520);
#5516 = LINE('',#5517,#5518);
#5517 = CARTESIAN_POINT('',(-3.,6.));
#5518 = VECTOR('',#5519,1.);
#5519 = DIRECTION('',(1.,0.));
#5520 = ( GEOMETRIC_REPRESENTATION_CONTEXT(2) 
PARAMETRIC_REPRESENTATION_CONTEXT() REPRESENTATION_CONTEXT('2D SPACE',''
  ) );
#5521 = PCURVE('',#806,#5522);
#5522 = DEFINITIONAL_REPRESENTATION('',(#5523),#5527);
#5523 = LINE('',#5524,#5525);
#5524 = CARTESIAN_POINT('',(9.,-3.));
#5525 = VECTOR('',#5526,1.);
#5526 = DIRECTION('',(0.,-1.));
#5527 = ( GEOMETRIC_REPRESENTATION_CONTEXT(2) 
PARAMETRIC_REPRESENTATION_CONTEXT() REPRESENTATION_CONTEXT('2D SPACE',''
  ) );
#5528 = ORIENTED_EDGE('',*,*,#762,.T.);
#5529 = FACE_BOUND('',#5530,.F.);
#5530 = EDGE_LOOP('',(#5531));
#5531 = ORIENTED_EDGE('',*,*,#5532,.T.);
#5532 = EDGE_CURVE('',#5533,#5533,#5535,.T.);
#5533 = VERTEX_POINT('',#5534);
#5534 = CARTESIAN_POINT('',(31.,79.6,9.899494936612));
#5535 = SURFACE_CURVE('',#5536,(#5541,#5552),.PCURVE_S1.);
#5536 = CIRCLE('',#5537,1.6);
#5537 = AXIS2_PLACEMENT_3D('',#5538,#5539,#5540);
#5538 = CARTESIAN_POINT('',(31.,78.,9.899494936612));
#5539 = DIRECTION('',(-1.,0.,0.));
#5540 = DIRECTION('',(0.,1.,0.));
#5541 = PCURVE('',#778,#5542);
#5542 = DEFINITIONAL_REPRESENTATION('',(#5543),#5551);
#5543 = ( BOUNDED_CURVE() B_SPLINE_CURVE(2,(#5544,#5545,#5546,#5547,
#5548,#5549,#5550),.UNSPECIFIED.,.T.,.F.) B_SPLINE_CURVE_WITH_KNOTS((1,2
    ,2,2,2,1),(-2.094395102393,0.,2.094395102393,4.188790204786,
6.28318530718,8.377580409573),.UNSPECIFIED.) CURVE() 
GEOMETRIC_REPRESENTATION_ITEM() RATIONAL_B_SPLINE_CURVE((1.,0.5,1.,0.5,
1.,0.5,1.)) REPRESENTATION_ITEM('') );
#5544 = CARTESIAN_POINT('',(0.,-1.6));
#5545 = CARTESIAN_POINT('',(-2.77128129211,-1.6));
#5546 = CARTESIAN_POINT('',(-1.385640646055,0.8));
#5547 = CARTESIAN_POINT('',(-3.918869757272E-16,3.2));
#5548 = CARTESIAN_POINT('',(1.385640646055,0.8));
#5549 = CARTESIAN_POINT('',(2.77128129211,-1.6));
#5550 = CARTESIAN_POINT('',(0.,-1.6));
#5551 = ( GEOMETRIC_REPRESENTATION_CONTEXT(2) 
PARAMETRIC_REPRESENTATION_CONTEXT() REPRESENTATION_CONTEXT('2D SPACE',''
  ) );
#5552 = PCURVE('',#5234,#5553);
#5553 = DEFINITIONAL_REPRESENTATION('',(#5554),#5558);
#5554 = LINE('',#5555,#5556);
#5555 = CARTESIAN_POINT('',(-6.28318530718,-19.));
#5556 = VECTOR('',#5557,1.);
#5557 = DIRECTION('',(1.,-0.));
#5558 = ( GEOMETRIC_REPRESENTATION_CONTEXT(2) 
PARAMETRIC_REPRESENTATION_CONTEXT() REPRESENTATION_CONTEXT('2D SPACE',''
  ) );
#5559 = ADVANCED_FACE('',(#5560,#5635),#1058,.T.);
#5560 = FACE_BOUND('',#5561,.T.);
#5561 = EDGE_LOOP('',(#5562,#5590,#5611,#5612,#5633,#5634));
#5562 = ORIENTED_EDGE('',*,*,#5563,.F.);
#5563 = EDGE_CURVE('',#5564,#5413,#5566,.T.);
#5564 = VERTEX_POINT('',#5565);
#5565 = CARTESIAN_POINT('',(5.,78.,14.899494936612));
#5566 = SURFACE_CURVE('',#5567,(#5572,#5583),.PCURVE_S1.);
#5567 = CIRCLE('',#5568,5.);
#5568 = AXIS2_PLACEMENT_3D('',#5569,#5570,#5571);
#5569 = CARTESIAN_POINT('',(5.,78.,9.899494936612));
#5570 = DIRECTION('',(-1.,0.,0.));
#5571 = DIRECTION('',(0.,1.136868377216E-14,1.));
#5572 = PCURVE('',#1058,#5573);
#5573 = DEFINITIONAL_REPRESENTATION('',(#5574),#5582);
#5574 = ( BOUNDED_CURVE() B_SPLINE_CURVE(2,(#5575,#5576,#5577,#5578,
#5579,#5580,#5581),.UNSPECIFIED.,.T.,.F.) B_SPLINE_CURVE_WITH_KNOTS((1,2
    ,2,2,2,1),(-2.094395102393,0.,2.094395102393,4.188790204786,
6.28318530718,8.377580409573),.UNSPECIFIED.) CURVE() 
GEOMETRIC_REPRESENTATION_ITEM() RATIONAL_B_SPLINE_CURVE((1.,0.5,1.,0.5,
1.,0.5,1.)) REPRESENTATION_ITEM('') );
#5575 = CARTESIAN_POINT('',(5.,-5.684341886081E-14));
#5576 = CARTESIAN_POINT('',(5.,-8.660254037844));
#5577 = CARTESIAN_POINT('',(-2.5,-4.330127018922));
#5578 = CARTESIAN_POINT('',(-10.,1.124621909225E-13));
#5579 = CARTESIAN_POINT('',(-2.5,4.330127018922));
#5580 = CARTESIAN_POINT('',(5.,8.660254037844));
#5581 = CARTESIAN_POINT('',(5.,-5.684341886081E-14));
#5582 = ( GEOMETRIC_REPRESENTATION_CONTEXT(2) 
PARAMETRIC_REPRESENTATION_CONTEXT() REPRESENTATION_CONTEXT('2D SPACE',''
  ) );
#5583 = PCURVE('',#5289,#5584);
#5584 = DEFINITIONAL_REPRESENTATION('',(#5585),#5589);
#5585 = LINE('',#5586,#5587);
#5586 = CARTESIAN_POINT('',(-7.853981633974,-4.));
#5587 = VECTOR('',#5588,1.);
#5588 = DIRECTION('',(1.,-0.));
#5589 = ( GEOMETRIC_REPRESENTATION_CONTEXT(2) 
PARAMETRIC_REPRESENTATION_CONTEXT() REPRESENTATION_CONTEXT('2D SPACE',''
  ) );
#5590 = ORIENTED_EDGE('',*,*,#5591,.T.);
#5591 = EDGE_CURVE('',#5564,#2222,#5592,.T.);
#5592 = SURFACE_CURVE('',#5593,(#5597,#5604),.PCURVE_S1.);
#5593 = LINE('',#5594,#5595);
#5594 = CARTESIAN_POINT('',(5.,78.,3.899494936612));
#5595 = VECTOR('',#5596,1.);
#5596 = DIRECTION('',(0.,0.,1.));
#5597 = PCURVE('',#1058,#5598);
#5598 = DEFINITIONAL_REPRESENTATION('',(#5599),#5603);
#5599 = LINE('',#5600,#5601);
#5600 = CARTESIAN_POINT('',(-6.,0.));
#5601 = VECTOR('',#5602,1.);
#5602 = DIRECTION('',(1.,0.));
#5603 = ( GEOMETRIC_REPRESENTATION_CONTEXT(2) 
PARAMETRIC_REPRESENTATION_CONTEXT() REPRESENTATION_CONTEXT('2D SPACE',''
  ) );
#5604 = PCURVE('',#2260,#5605);
#5605 = DEFINITIONAL_REPRESENTATION('',(#5606),#5610);
#5606 = LINE('',#5607,#5608);
#5607 = CARTESIAN_POINT('',(0.,4.));
#5608 = VECTOR('',#5609,1.);
#5609 = DIRECTION('',(1.,0.));
#5610 = ( GEOMETRIC_REPRESENTATION_CONTEXT(2) 
PARAMETRIC_REPRESENTATION_CONTEXT() REPRESENTATION_CONTEXT('2D SPACE',''
  ) );
#5611 = ORIENTED_EDGE('',*,*,#2221,.F.);
#5612 = ORIENTED_EDGE('',*,*,#5613,.F.);
#5613 = EDGE_CURVE('',#1015,#2199,#5614,.T.);
#5614 = SURFACE_CURVE('',#5615,(#5619,#5626),.PCURVE_S1.);
#5615 = LINE('',#5616,#5617);
#5616 = CARTESIAN_POINT('',(5.,72.,6.899494936612));
#5617 = VECTOR('',#5618,1.);
#5618 = DIRECTION('',(-0.,0.,1.));
#5619 = PCURVE('',#1058,#5620);
#5620 = DEFINITIONAL_REPRESENTATION('',(#5621),#5625);
#5621 = LINE('',#5622,#5623);
#5622 = CARTESIAN_POINT('',(-3.,6.));
#5623 = VECTOR('',#5624,1.);
#5624 = DIRECTION('',(1.,0.));
#5625 = ( GEOMETRIC_REPRESENTATION_CONTEXT(2) 
PARAMETRIC_REPRESENTATION_CONTEXT() REPRESENTATION_CONTEXT('2D SPACE',''
  ) );
#5626 = PCURVE('',#1030,#5627);
#5627 = DEFINITIONAL_REPRESENTATION('',(#5628),#5632);
#5628 = LINE('',#5629,#5630);
#5629 = CARTESIAN_POINT('',(35.,-3.));
#5630 = VECTOR('',#5631,1.);
#5631 = DIRECTION('',(0.,-1.));
#5632 = ( GEOMETRIC_REPRESENTATION_CONTEXT(2) 
PARAMETRIC_REPRESENTATION_CONTEXT() REPRESENTATION_CONTEXT('2D SPACE',''
  ) );
#5633 = ORIENTED_EDGE('',*,*,#1042,.T.);
#5634 = ORIENTED_EDGE('',*,*,#5412,.T.);
#5635 = FACE_BOUND('',#5636,.T.);
#5636 = EDGE_LOOP('',(#5637));
#5637 = ORIENTED_EDGE('',*,*,#5638,.T.);
#5638 = EDGE_CURVE('',#5639,#5639,#5641,.T.);
#5639 = VERTEX_POINT('',#5640);
#5640 = CARTESIAN_POINT('',(5.,79.6,9.899494936612));
#5641 = SURFACE_CURVE('',#5642,(#5647,#5658),.PCURVE_S1.);
#5642 = CIRCLE('',#5643,1.6);
#5643 = AXIS2_PLACEMENT_3D('',#5644,#5645,#5646);
#5644 = CARTESIAN_POINT('',(5.,78.,9.899494936612));
#5645 = DIRECTION('',(-1.,0.,0.));
#5646 = DIRECTION('',(0.,1.,0.));
#5647 = PCURVE('',#1058,#5648);
#5648 = DEFINITIONAL_REPRESENTATION('',(#5649),#5657);
#5649 = ( BOUNDED_CURVE() B_SPLINE_CURVE(2,(#5650,#5651,#5652,#5653,
#5654,#5655,#5656),.UNSPECIFIED.,.T.,.F.) B_SPLINE_CURVE_WITH_KNOTS((1,2
    ,2,2,2,1),(-2.094395102393,0.,2.094395102393,4.188790204786,
6.28318530718,8.377580409573),.UNSPECIFIED.) CURVE() 
GEOMETRIC_REPRESENTATION_ITEM() RATIONAL_B_SPLINE_CURVE((1.,0.5,1.,0.5,
1.,0.5,1.)) REPRESENTATION_ITEM('') );
#5650 = CARTESIAN_POINT('',(0.,-1.6));
#5651 = CARTESIAN_POINT('',(-2.77128129211,-1.6));
#5652 = CARTESIAN_POINT('',(-1.385640646055,0.8));
#5653 = CARTESIAN_POINT('',(-3.918869757272E-16,3.2));
#5654 = CARTESIAN_POINT('',(1.385640646055,0.8));
#5655 = CARTESIAN_POINT('',(2.77128129211,-1.6));
#5656 = CARTESIAN_POINT('',(0.,-1.6));
#5657 = ( GEOMETRIC_REPRESENTATION_CONTEXT(2) 
PARAMETRIC_REPRESENTATION_CONTEXT() REPRESENTATION_CONTEXT('2D SPACE',''
  ) );
#5658 = PCURVE('',#5348,#5659);
#5659 = DEFINITIONAL_REPRESENTATION('',(#5660),#5664);
#5660 = LINE('',#5661,#5662);
#5661 = CARTESIAN_POINT('',(-6.28318530718,-11.));
#5662 = VECTOR('',#5663,1.);
#5663 = DIRECTION('',(1.,-0.));
#5664 = ( GEOMETRIC_REPRESENTATION_CONTEXT(2) 
PARAMETRIC_REPRESENTATION_CONTEXT() REPRESENTATION_CONTEXT('2D SPACE',''
  ) );
#5665 = ADVANCED_FACE('',(#5666,#5692),#806,.F.);
#5666 = FACE_BOUND('',#5667,.F.);
#5667 = EDGE_LOOP('',(#5668,#5669,#5670,#5671));
#5668 = ORIENTED_EDGE('',*,*,#790,.F.);
#5669 = ORIENTED_EDGE('',*,*,#5508,.T.);
#5670 = ORIENTED_EDGE('',*,*,#2004,.T.);
#5671 = ORIENTED_EDGE('',*,*,#5672,.F.);
#5672 = EDGE_CURVE('',#791,#2005,#5673,.T.);
#5673 = SURFACE_CURVE('',#5674,(#5678,#5685),.PCURVE_S1.);
#5674 = LINE('',#5675,#5676);
#5675 = CARTESIAN_POINT('',(23.,72.,6.899494936612));
#5676 = VECTOR('',#5677,1.);
#5677 = DIRECTION('',(-0.,0.,1.));
#5678 = PCURVE('',#806,#5679);
#5679 = DEFINITIONAL_REPRESENTATION('',(#5680),#5684);
#5680 = LINE('',#5681,#5682);
#5681 = CARTESIAN_POINT('',(17.,-3.));
#5682 = VECTOR('',#5683,1.);
#5683 = DIRECTION('',(0.,-1.));
#5684 = ( GEOMETRIC_REPRESENTATION_CONTEXT(2) 
PARAMETRIC_REPRESENTATION_CONTEXT() REPRESENTATION_CONTEXT('2D SPACE',''
  ) );
#5685 = PCURVE('',#834,#5686);
#5686 = DEFINITIONAL_REPRESENTATION('',(#5687),#5691);
#5687 = LINE('',#5688,#5689);
#5688 = CARTESIAN_POINT('',(-3.,6.));
#5689 = VECTOR('',#5690,1.);
#5690 = DIRECTION('',(1.,0.));
#5691 = ( GEOMETRIC_REPRESENTATION_CONTEXT(2) 
PARAMETRIC_REPRESENTATION_CONTEXT() REPRESENTATION_CONTEXT('2D SPACE',''
  ) );
#5692 = FACE_BOUND('',#5693,.F.);
#5693 = EDGE_LOOP('',(#5694));
#5694 = ORIENTED_EDGE('',*,*,#5695,.T.);
#5695 = EDGE_CURVE('',#5696,#5696,#5698,.T.);
#5696 = VERTEX_POINT('',#5697);
#5697 = CARTESIAN_POINT('',(28.1,72.,5.899494936612));
#5698 = SURFACE_CURVE('',#5699,(#5704,#5715),.PCURVE_S1.);
#5699 = CIRCLE('',#5700,1.1);
#5700 = AXIS2_PLACEMENT_3D('',#5701,#5702,#5703);
#5701 = CARTESIAN_POINT('',(27.,72.,5.899494936612));
#5702 = DIRECTION('',(-0.,1.,0.));
#5703 = DIRECTION('',(1.,0.,0.));
#5704 = PCURVE('',#806,#5705);
#5705 = DEFINITIONAL_REPRESENTATION('',(#5706),#5714);
#5706 = ( BOUNDED_CURVE() B_SPLINE_CURVE(2,(#5707,#5708,#5709,#5710,
#5711,#5712,#5713),.UNSPECIFIED.,.T.,.F.) B_SPLINE_CURVE_WITH_KNOTS((1,2
    ,2,2,2,1),(-2.094395102393,0.,2.094395102393,4.188790204786,
6.28318530718,8.377580409573),.UNSPECIFIED.) CURVE() 
GEOMETRIC_REPRESENTATION_ITEM() RATIONAL_B_SPLINE_CURVE((1.,0.5,1.,0.5,
1.,0.5,1.)) REPRESENTATION_ITEM('') );
#5707 = CARTESIAN_POINT('',(11.9,-2.));
#5708 = CARTESIAN_POINT('',(11.9,-9.474411167423E-02));
#5709 = CARTESIAN_POINT('',(13.55,-1.047372055837));
#5710 = CARTESIAN_POINT('',(15.2,-2.));
#5711 = CARTESIAN_POINT('',(13.55,-2.952627944163));
#5712 = CARTESIAN_POINT('',(11.9,-3.905255888326));
#5713 = CARTESIAN_POINT('',(11.9,-2.));
#5714 = ( GEOMETRIC_REPRESENTATION_CONTEXT(2) 
PARAMETRIC_REPRESENTATION_CONTEXT() REPRESENTATION_CONTEXT('2D SPACE',''
  ) );
#5715 = PCURVE('',#5716,#5721);
#5716 = CYLINDRICAL_SURFACE('',#5717,1.1);
#5717 = AXIS2_PLACEMENT_3D('',#5718,#5719,#5720);
#5718 = CARTESIAN_POINT('',(27.,73.,5.899494936612));
#5719 = DIRECTION('',(-0.,1.,-0.));
#5720 = DIRECTION('',(1.,0.,0.));
#5721 = DEFINITIONAL_REPRESENTATION('',(#5722),#5726);
#5722 = LINE('',#5723,#5724);
#5723 = CARTESIAN_POINT('',(-6.28318530718,-1.));
#5724 = VECTOR('',#5725,1.);
#5725 = DIRECTION('',(1.,-0.));
#5726 = ( GEOMETRIC_REPRESENTATION_CONTEXT(2) 
PARAMETRIC_REPRESENTATION_CONTEXT() REPRESENTATION_CONTEXT('2D SPACE',''
  ) );
#5727 = ADVANCED_FACE('',(#5728,#5754),#1030,.F.);
#5728 = FACE_BOUND('',#5729,.F.);
#5729 = EDGE_LOOP('',(#5730,#5731,#5752,#5753));
#5730 = ORIENTED_EDGE('',*,*,#1014,.F.);
#5731 = ORIENTED_EDGE('',*,*,#5732,.T.);
#5732 = EDGE_CURVE('',#987,#2176,#5733,.T.);
#5733 = SURFACE_CURVE('',#5734,(#5738,#5745),.PCURVE_S1.);
#5734 = LINE('',#5735,#5736);
#5735 = CARTESIAN_POINT('',(13.,72.,6.899494936612));
#5736 = VECTOR('',#5737,1.);
#5737 = DIRECTION('',(-0.,0.,1.));
#5738 = PCURVE('',#1030,#5739);
#5739 = DEFINITIONAL_REPRESENTATION('',(#5740),#5744);
#5740 = LINE('',#5741,#5742);
#5741 = CARTESIAN_POINT('',(27.,-3.));
#5742 = VECTOR('',#5743,1.);
#5743 = DIRECTION('',(0.,-1.));
#5744 = ( GEOMETRIC_REPRESENTATION_CONTEXT(2) 
PARAMETRIC_REPRESENTATION_CONTEXT() REPRESENTATION_CONTEXT('2D SPACE',''
  ) );
#5745 = PCURVE('',#1002,#5746);
#5746 = DEFINITIONAL_REPRESENTATION('',(#5747),#5751);
#5747 = LINE('',#5748,#5749);
#5748 = CARTESIAN_POINT('',(-3.,6.));
#5749 = VECTOR('',#5750,1.);
#5750 = DIRECTION('',(1.,0.));
#5751 = ( GEOMETRIC_REPRESENTATION_CONTEXT(2) 
PARAMETRIC_REPRESENTATION_CONTEXT() REPRESENTATION_CONTEXT('2D SPACE',''
  ) );
#5752 = ORIENTED_EDGE('',*,*,#2198,.T.);
#5753 = ORIENTED_EDGE('',*,*,#5613,.F.);
#5754 = FACE_BOUND('',#5755,.F.);
#5755 = EDGE_LOOP('',(#5756));
#5756 = ORIENTED_EDGE('',*,*,#5757,.T.);
#5757 = EDGE_CURVE('',#5758,#5758,#5760,.T.);
#5758 = VERTEX_POINT('',#5759);
#5759 = CARTESIAN_POINT('',(10.1,72.,5.899494936612));
#5760 = SURFACE_CURVE('',#5761,(#5766,#5777),.PCURVE_S1.);
#5761 = CIRCLE('',#5762,1.1);
#5762 = AXIS2_PLACEMENT_3D('',#5763,#5764,#5765);
#5763 = CARTESIAN_POINT('',(9.,72.,5.899494936612));
#5764 = DIRECTION('',(-0.,1.,0.));
#5765 = DIRECTION('',(1.,0.,0.));
#5766 = PCURVE('',#1030,#5767);
#5767 = DEFINITIONAL_REPRESENTATION('',(#5768),#5776);
#5768 = ( BOUNDED_CURVE() B_SPLINE_CURVE(2,(#5769,#5770,#5771,#5772,
#5773,#5774,#5775),.UNSPECIFIED.,.T.,.F.) B_SPLINE_CURVE_WITH_KNOTS((1,2
    ,2,2,2,1),(-2.094395102393,0.,2.094395102393,4.188790204786,
6.28318530718,8.377580409573),.UNSPECIFIED.) CURVE() 
GEOMETRIC_REPRESENTATION_ITEM() RATIONAL_B_SPLINE_CURVE((1.,0.5,1.,0.5,
1.,0.5,1.)) REPRESENTATION_ITEM('') );
#5769 = CARTESIAN_POINT('',(29.9,-2.));
#5770 = CARTESIAN_POINT('',(29.9,-9.474411167424E-02));
#5771 = CARTESIAN_POINT('',(31.55,-1.047372055837));
#5772 = CARTESIAN_POINT('',(33.2,-2.));
#5773 = CARTESIAN_POINT('',(31.55,-2.952627944163));
#5774 = CARTESIAN_POINT('',(29.9,-3.905255888326));
#5775 = CARTESIAN_POINT('',(29.9,-2.));
#5776 = ( GEOMETRIC_REPRESENTATION_CONTEXT(2) 
PARAMETRIC_REPRESENTATION_CONTEXT() REPRESENTATION_CONTEXT('2D SPACE',''
  ) );
#5777 = PCURVE('',#5778,#5783);
#5778 = CYLINDRICAL_SURFACE('',#5779,1.1);
#5779 = AXIS2_PLACEMENT_3D('',#5780,#5781,#5782);
#5780 = CARTESIAN_POINT('',(9.,73.,5.899494936612));
#5781 = DIRECTION('',(-0.,1.,-0.));
#5782 = DIRECTION('',(1.,0.,0.));
#5783 = DEFINITIONAL_REPRESENTATION('',(#5784),#5788);
#5784 = LINE('',#5785,#5786);
#5785 = CARTESIAN_POINT('',(-6.28318530718,-1.));
#5786 = VECTOR('',#5787,1.);
#5787 = DIRECTION('',(1.,-0.));
#5788 = ( GEOMETRIC_REPRESENTATION_CONTEXT(2) 
PARAMETRIC_REPRESENTATION_CONTEXT() REPRESENTATION_CONTEXT('2D SPACE',''
  ) );
#5789 = ADVANCED_FACE('',(#5790,#5872),#834,.T.);
#5790 = FACE_BOUND('',#5791,.T.);
#5791 = EDGE_LOOP('',(#5792,#5827,#5848,#5849,#5850,#5851));
#5792 = ORIENTED_EDGE('',*,*,#5793,.F.);
#5793 = EDGE_CURVE('',#5794,#5796,#5798,.T.);
#5794 = VERTEX_POINT('',#5795);
#5795 = CARTESIAN_POINT('',(23.,78.,14.899494936612));
#5796 = VERTEX_POINT('',#5797);
#5797 = CARTESIAN_POINT('',(23.,78.,4.899494936612));
#5798 = SURFACE_CURVE('',#5799,(#5804,#5815),.PCURVE_S1.);
#5799 = CIRCLE('',#5800,5.);
#5800 = AXIS2_PLACEMENT_3D('',#5801,#5802,#5803);
#5801 = CARTESIAN_POINT('',(23.,78.,9.899494936612));
#5802 = DIRECTION('',(-1.,0.,0.));
#5803 = DIRECTION('',(0.,1.136868377216E-14,1.));
#5804 = PCURVE('',#834,#5805);
#5805 = DEFINITIONAL_REPRESENTATION('',(#5806),#5814);
#5806 = ( BOUNDED_CURVE() B_SPLINE_CURVE(2,(#5807,#5808,#5809,#5810,
#5811,#5812,#5813),.UNSPECIFIED.,.T.,.F.) B_SPLINE_CURVE_WITH_KNOTS((1,2
    ,2,2,2,1),(-2.094395102393,0.,2.094395102393,4.188790204786,
6.28318530718,8.377580409573),.UNSPECIFIED.) CURVE() 
GEOMETRIC_REPRESENTATION_ITEM() RATIONAL_B_SPLINE_CURVE((1.,0.5,1.,0.5,
1.,0.5,1.)) REPRESENTATION_ITEM('') );
#5807 = CARTESIAN_POINT('',(5.,-5.684341886081E-14));
#5808 = CARTESIAN_POINT('',(5.,-8.660254037844));
#5809 = CARTESIAN_POINT('',(-2.5,-4.330127018922));
#5810 = CARTESIAN_POINT('',(-10.,1.124621909225E-13));
#5811 = CARTESIAN_POINT('',(-2.5,4.330127018922));
#5812 = CARTESIAN_POINT('',(5.,8.660254037844));
#5813 = CARTESIAN_POINT('',(5.,-5.684341886081E-14));
#5814 = ( GEOMETRIC_REPRESENTATION_CONTEXT(2) 
PARAMETRIC_REPRESENTATION_CONTEXT() REPRESENTATION_CONTEXT('2D SPACE',''
  ) );
#5815 = PCURVE('',#5816,#5821);
#5816 = CYLINDRICAL_SURFACE('',#5817,5.);
#5817 = AXIS2_PLACEMENT_3D('',#5818,#5819,#5820);
#5818 = CARTESIAN_POINT('',(19.,78.,9.899494936612));
#5819 = DIRECTION('',(-1.,-0.,-0.));
#5820 = DIRECTION('',(0.,1.,0.));
#5821 = DEFINITIONAL_REPRESENTATION('',(#5822),#5826);
#5822 = LINE('',#5823,#5824);
#5823 = CARTESIAN_POINT('',(-7.853981633974,-4.));
#5824 = VECTOR('',#5825,1.);
#5825 = DIRECTION('',(1.,-0.));
#5826 = ( GEOMETRIC_REPRESENTATION_CONTEXT(2) 
PARAMETRIC_REPRESENTATION_CONTEXT() REPRESENTATION_CONTEXT('2D SPACE',''
  ) );
#5827 = ORIENTED_EDGE('',*,*,#5828,.T.);
#5828 = EDGE_CURVE('',#5794,#2028,#5829,.T.);
#5829 = SURFACE_CURVE('',#5830,(#5834,#5841),.PCURVE_S1.);
#5830 = LINE('',#5831,#5832);
#5831 = CARTESIAN_POINT('',(23.,78.,3.899494936612));
#5832 = VECTOR('',#5833,1.);
#5833 = DIRECTION('',(0.,0.,1.));
#5834 = PCURVE('',#834,#5835);
#5835 = DEFINITIONAL_REPRESENTATION('',(#5836),#5840);
#5836 = LINE('',#5837,#5838);
#5837 = CARTESIAN_POINT('',(-6.,0.));
#5838 = VECTOR('',#5839,1.);
#5839 = DIRECTION('',(1.,0.));
#5840 = ( GEOMETRIC_REPRESENTATION_CONTEXT(2) 
PARAMETRIC_REPRESENTATION_CONTEXT() REPRESENTATION_CONTEXT('2D SPACE',''
  ) );
#5841 = PCURVE('',#2066,#5842);
#5842 = DEFINITIONAL_REPRESENTATION('',(#5843),#5847);
#5843 = LINE('',#5844,#5845);
#5844 = CARTESIAN_POINT('',(0.,4.));
#5845 = VECTOR('',#5846,1.);
#5846 = DIRECTION('',(1.,0.));
#5847 = ( GEOMETRIC_REPRESENTATION_CONTEXT(2) 
PARAMETRIC_REPRESENTATION_CONTEXT() REPRESENTATION_CONTEXT('2D SPACE',''
  ) );
#5848 = ORIENTED_EDGE('',*,*,#2027,.F.);
#5849 = ORIENTED_EDGE('',*,*,#5672,.F.);
#5850 = ORIENTED_EDGE('',*,*,#818,.T.);
#5851 = ORIENTED_EDGE('',*,*,#5852,.T.);
#5852 = EDGE_CURVE('',#819,#5796,#5853,.T.);
#5853 = SURFACE_CURVE('',#5854,(#5858,#5865),.PCURVE_S1.);
#5854 = LINE('',#5855,#5856);
#5855 = CARTESIAN_POINT('',(23.,78.,3.899494936612));
#5856 = VECTOR('',#5857,1.);
#5857 = DIRECTION('',(0.,0.,1.));
#5858 = PCURVE('',#834,#5859);
#5859 = DEFINITIONAL_REPRESENTATION('',(#5860),#5864);
#5860 = LINE('',#5861,#5862);
#5861 = CARTESIAN_POINT('',(-6.,0.));
#5862 = VECTOR('',#5863,1.);
#5863 = DIRECTION('',(1.,0.));
#5864 = ( GEOMETRIC_REPRESENTATION_CONTEXT(2) 
PARAMETRIC_REPRESENTATION_CONTEXT() REPRESENTATION_CONTEXT('2D SPACE',''
  ) );
#5865 = PCURVE('',#862,#5866);
#5866 = DEFINITIONAL_REPRESENTATION('',(#5867),#5871);
#5867 = LINE('',#5868,#5869);
#5868 = CARTESIAN_POINT('',(0.,4.));
#5869 = VECTOR('',#5870,1.);
#5870 = DIRECTION('',(1.,0.));
#5871 = ( GEOMETRIC_REPRESENTATION_CONTEXT(2) 
PARAMETRIC_REPRESENTATION_CONTEXT() REPRESENTATION_CONTEXT('2D SPACE',''
  ) );
#5872 = FACE_BOUND('',#5873,.T.);
#5873 = EDGE_LOOP('',(#5874));
#5874 = ORIENTED_EDGE('',*,*,#5875,.T.);
#5875 = EDGE_CURVE('',#5876,#5876,#5878,.T.);
#5876 = VERTEX_POINT('',#5877);
#5877 = CARTESIAN_POINT('',(23.,79.6,9.899494936612));
#5878 = SURFACE_CURVE('',#5879,(#5884,#5895),.PCURVE_S1.);
#5879 = CIRCLE('',#5880,1.6);
#5880 = AXIS2_PLACEMENT_3D('',#5881,#5882,#5883);
#5881 = CARTESIAN_POINT('',(23.,78.,9.899494936612));
#5882 = DIRECTION('',(-1.,0.,0.));
#5883 = DIRECTION('',(0.,1.,0.));
#5884 = PCURVE('',#834,#5885);
#5885 = DEFINITIONAL_REPRESENTATION('',(#5886),#5894);
#5886 = ( BOUNDED_CURVE() B_SPLINE_CURVE(2,(#5887,#5888,#5889,#5890,
#5891,#5892,#5893),.UNSPECIFIED.,.T.,.F.) B_SPLINE_CURVE_WITH_KNOTS((1,2
    ,2,2,2,1),(-2.094395102393,0.,2.094395102393,4.188790204786,
6.28318530718,8.377580409573),.UNSPECIFIED.) CURVE() 
GEOMETRIC_REPRESENTATION_ITEM() RATIONAL_B_SPLINE_CURVE((1.,0.5,1.,0.5,
1.,0.5,1.)) REPRESENTATION_ITEM('') );
#5887 = CARTESIAN_POINT('',(0.,-1.6));
#5888 = CARTESIAN_POINT('',(-2.77128129211,-1.6));
#5889 = CARTESIAN_POINT('',(-1.385640646055,0.8));
#5890 = CARTESIAN_POINT('',(-3.918869757272E-16,3.2));
#5891 = CARTESIAN_POINT('',(1.385640646055,0.8));
#5892 = CARTESIAN_POINT('',(2.77128129211,-1.6));
#5893 = CARTESIAN_POINT('',(0.,-1.6));
#5894 = ( GEOMETRIC_REPRESENTATION_CONTEXT(2) 
PARAMETRIC_REPRESENTATION_CONTEXT() REPRESENTATION_CONTEXT('2D SPACE',''
  ) );
#5895 = PCURVE('',#5896,#5901);
#5896 = CYLINDRICAL_SURFACE('',#5897,1.6);
#5897 = AXIS2_PLACEMENT_3D('',#5898,#5899,#5900);
#5898 = CARTESIAN_POINT('',(12.,78.,9.899494936612));
#5899 = DIRECTION('',(-1.,-0.,-0.));
#5900 = DIRECTION('',(0.,1.,0.));
#5901 = DEFINITIONAL_REPRESENTATION('',(#5902),#5906);
#5902 = LINE('',#5903,#5904);
#5903 = CARTESIAN_POINT('',(-6.28318530718,-11.));
#5904 = VECTOR('',#5905,1.);
#5905 = DIRECTION('',(1.,-0.));
#5906 = ( GEOMETRIC_REPRESENTATION_CONTEXT(2) 
PARAMETRIC_REPRESENTATION_CONTEXT() REPRESENTATION_CONTEXT('2D SPACE',''
  ) );
#5907 = ADVANCED_FACE('',(#5908,#5986),#1002,.F.);
#5908 = FACE_BOUND('',#5909,.F.);
#5909 = EDGE_LOOP('',(#5910,#5933,#5962,#5983,#5984,#5985));
#5910 = ORIENTED_EDGE('',*,*,#5911,.T.);
#5911 = EDGE_CURVE('',#959,#5912,#5914,.T.);
#5912 = VERTEX_POINT('',#5913);
#5913 = CARTESIAN_POINT('',(13.,78.,4.899494936612));
#5914 = SURFACE_CURVE('',#5915,(#5919,#5926),.PCURVE_S1.);
#5915 = LINE('',#5916,#5917);
#5916 = CARTESIAN_POINT('',(13.,78.,3.899494936612));
#5917 = VECTOR('',#5918,1.);
#5918 = DIRECTION('',(0.,0.,1.));
#5919 = PCURVE('',#1002,#5920);
#5920 = DEFINITIONAL_REPRESENTATION('',(#5921),#5925);
#5921 = LINE('',#5922,#5923);
#5922 = CARTESIAN_POINT('',(-6.,0.));
#5923 = VECTOR('',#5924,1.);
#5924 = DIRECTION('',(1.,0.));
#5925 = ( GEOMETRIC_REPRESENTATION_CONTEXT(2) 
PARAMETRIC_REPRESENTATION_CONTEXT() REPRESENTATION_CONTEXT('2D SPACE',''
  ) );
#5926 = PCURVE('',#974,#5927);
#5927 = DEFINITIONAL_REPRESENTATION('',(#5928),#5932);
#5928 = LINE('',#5929,#5930);
#5929 = CARTESIAN_POINT('',(0.,0.));
#5930 = VECTOR('',#5931,1.);
#5931 = DIRECTION('',(1.,0.));
#5932 = ( GEOMETRIC_REPRESENTATION_CONTEXT(2) 
PARAMETRIC_REPRESENTATION_CONTEXT() REPRESENTATION_CONTEXT('2D SPACE',''
  ) );
#5933 = ORIENTED_EDGE('',*,*,#5934,.T.);
#5934 = EDGE_CURVE('',#5912,#5935,#5937,.T.);
#5935 = VERTEX_POINT('',#5936);
#5936 = CARTESIAN_POINT('',(13.,78.,14.899494936612));
#5937 = SURFACE_CURVE('',#5938,(#5943,#5950),.PCURVE_S1.);
#5938 = CIRCLE('',#5939,5.);
#5939 = AXIS2_PLACEMENT_3D('',#5940,#5941,#5942);
#5940 = CARTESIAN_POINT('',(13.,78.,9.899494936612));
#5941 = DIRECTION('',(1.,0.,0.));
#5942 = DIRECTION('',(0.,1.136868377216E-14,-1.));
#5943 = PCURVE('',#1002,#5944);
#5944 = DEFINITIONAL_REPRESENTATION('',(#5945),#5949);
#5945 = CIRCLE('',#5946,5.);
#5946 = AXIS2_PLACEMENT_2D('',#5947,#5948);
#5947 = CARTESIAN_POINT('',(0.,0.));
#5948 = DIRECTION('',(-1.,-1.136868377216E-14));
#5949 = ( GEOMETRIC_REPRESENTATION_CONTEXT(2) 
PARAMETRIC_REPRESENTATION_CONTEXT() REPRESENTATION_CONTEXT('2D SPACE',''
  ) );
#5950 = PCURVE('',#5951,#5956);
#5951 = CYLINDRICAL_SURFACE('',#5952,5.);
#5952 = AXIS2_PLACEMENT_3D('',#5953,#5954,#5955);
#5953 = CARTESIAN_POINT('',(13.,78.,9.899494936612));
#5954 = DIRECTION('',(-1.,-0.,-0.));
#5955 = DIRECTION('',(0.,1.,0.));
#5956 = DEFINITIONAL_REPRESENTATION('',(#5957),#5961);
#5957 = LINE('',#5958,#5959);
#5958 = CARTESIAN_POINT('',(-4.712388980385,0.));
#5959 = VECTOR('',#5960,1.);
#5960 = DIRECTION('',(-1.,0.));
#5961 = ( GEOMETRIC_REPRESENTATION_CONTEXT(2) 
PARAMETRIC_REPRESENTATION_CONTEXT() REPRESENTATION_CONTEXT('2D SPACE',''
  ) );
#5962 = ORIENTED_EDGE('',*,*,#5963,.T.);
#5963 = EDGE_CURVE('',#5935,#2148,#5964,.T.);
#5964 = SURFACE_CURVE('',#5965,(#5969,#5976),.PCURVE_S1.);
#5965 = LINE('',#5966,#5967);
#5966 = CARTESIAN_POINT('',(13.,78.,3.899494936612));
#5967 = VECTOR('',#5968,1.);
#5968 = DIRECTION('',(0.,0.,1.));
#5969 = PCURVE('',#1002,#5970);
#5970 = DEFINITIONAL_REPRESENTATION('',(#5971),#5975);
#5971 = LINE('',#5972,#5973);
#5972 = CARTESIAN_POINT('',(-6.,0.));
#5973 = VECTOR('',#5974,1.);
#5974 = DIRECTION('',(1.,0.));
#5975 = ( GEOMETRIC_REPRESENTATION_CONTEXT(2) 
PARAMETRIC_REPRESENTATION_CONTEXT() REPRESENTATION_CONTEXT('2D SPACE',''
  ) );
#5976 = PCURVE('',#2163,#5977);
#5977 = DEFINITIONAL_REPRESENTATION('',(#5978),#5982);
#5978 = LINE('',#5979,#5980);
#5979 = CARTESIAN_POINT('',(0.,0.));
#5980 = VECTOR('',#5981,1.);
#5981 = DIRECTION('',(1.,0.));
#5982 = ( GEOMETRIC_REPRESENTATION_CONTEXT(2) 
PARAMETRIC_REPRESENTATION_CONTEXT() REPRESENTATION_CONTEXT('2D SPACE',''
  ) );
#5983 = ORIENTED_EDGE('',*,*,#2175,.F.);
#5984 = ORIENTED_EDGE('',*,*,#5732,.F.);
#5985 = ORIENTED_EDGE('',*,*,#986,.T.);
#5986 = FACE_BOUND('',#5987,.F.);
#5987 = EDGE_LOOP('',(#5988));
#5988 = ORIENTED_EDGE('',*,*,#5989,.T.);
#5989 = EDGE_CURVE('',#5990,#5990,#5992,.T.);
#5990 = VERTEX_POINT('',#5991);
#5991 = CARTESIAN_POINT('',(13.,79.6,9.899494936612));
#5992 = SURFACE_CURVE('',#5993,(#5998,#6009),.PCURVE_S1.);
#5993 = CIRCLE('',#5994,1.6);
#5994 = AXIS2_PLACEMENT_3D('',#5995,#5996,#5997);
#5995 = CARTESIAN_POINT('',(13.,78.,9.899494936612));
#5996 = DIRECTION('',(-1.,0.,0.));
#5997 = DIRECTION('',(0.,1.,0.));
#5998 = PCURVE('',#1002,#5999);
#5999 = DEFINITIONAL_REPRESENTATION('',(#6000),#6008);
#6000 = ( BOUNDED_CURVE() B_SPLINE_CURVE(2,(#6001,#6002,#6003,#6004,
#6005,#6006,#6007),.UNSPECIFIED.,.T.,.F.) B_SPLINE_CURVE_WITH_KNOTS((1,2
    ,2,2,2,1),(-2.094395102393,0.,2.094395102393,4.188790204786,
6.28318530718,8.377580409573),.UNSPECIFIED.) CURVE() 
GEOMETRIC_REPRESENTATION_ITEM() RATIONAL_B_SPLINE_CURVE((1.,0.5,1.,0.5,
1.,0.5,1.)) REPRESENTATION_ITEM('') );
#6001 = CARTESIAN_POINT('',(0.,-1.6));
#6002 = CARTESIAN_POINT('',(-2.77128129211,-1.6));
#6003 = CARTESIAN_POINT('',(-1.385640646055,0.8));
#6004 = CARTESIAN_POINT('',(-3.918869757272E-16,3.2));
#6005 = CARTESIAN_POINT('',(1.385640646055,0.8));
#6006 = CARTESIAN_POINT('',(2.77128129211,-1.6));
#6007 = CARTESIAN_POINT('',(0.,-1.6));
#6008 = ( GEOMETRIC_REPRESENTATION_CONTEXT(2) 
PARAMETRIC_REPRESENTATION_CONTEXT() REPRESENTATION_CONTEXT('2D SPACE',''
  ) );
#6009 = PCURVE('',#6010,#6015);
#6010 = CYLINDRICAL_SURFACE('',#6011,1.6);
#6011 = AXIS2_PLACEMENT_3D('',#6012,#6013,#6014);
#6012 = CARTESIAN_POINT('',(-6.,78.,9.899494936612));
#6013 = DIRECTION('',(-1.,-0.,-0.));
#6014 = DIRECTION('',(0.,1.,0.));
#6015 = DEFINITIONAL_REPRESENTATION('',(#6016),#6020);
#6016 = LINE('',#6017,#6018);
#6017 = CARTESIAN_POINT('',(-6.28318530718,-19.));
#6018 = VECTOR('',#6019,1.);
#6019 = DIRECTION('',(1.,-0.));
#6020 = ( GEOMETRIC_REPRESENTATION_CONTEXT(2) 
PARAMETRIC_REPRESENTATION_CONTEXT() REPRESENTATION_CONTEXT('2D SPACE',''
  ) );
#6021 = ADVANCED_FACE('',(#6022),#862,.T.);
#6022 = FACE_BOUND('',#6023,.T.);
#6023 = EDGE_LOOP('',(#6024,#6025,#6026,#6049));
#6024 = ORIENTED_EDGE('',*,*,#5852,.F.);
#6025 = ORIENTED_EDGE('',*,*,#846,.F.);
#6026 = ORIENTED_EDGE('',*,*,#6027,.T.);
#6027 = EDGE_CURVE('',#847,#6028,#6030,.T.);
#6028 = VERTEX_POINT('',#6029);
#6029 = CARTESIAN_POINT('',(19.,78.,4.899494936612));
#6030 = SURFACE_CURVE('',#6031,(#6035,#6042),.PCURVE_S1.);
#6031 = LINE('',#6032,#6033);
#6032 = CARTESIAN_POINT('',(19.,78.,3.899494936612));
#6033 = VECTOR('',#6034,1.);
#6034 = DIRECTION('',(0.,0.,1.));
#6035 = PCURVE('',#862,#6036);
#6036 = DEFINITIONAL_REPRESENTATION('',(#6037),#6041);
#6037 = LINE('',#6038,#6039);
#6038 = CARTESIAN_POINT('',(0.,0.));
#6039 = VECTOR('',#6040,1.);
#6040 = DIRECTION('',(1.,0.));
#6041 = ( GEOMETRIC_REPRESENTATION_CONTEXT(2) 
PARAMETRIC_REPRESENTATION_CONTEXT() REPRESENTATION_CONTEXT('2D SPACE',''
  ) );
#6042 = PCURVE('',#890,#6043);
#6043 = DEFINITIONAL_REPRESENTATION('',(#6044),#6048);
#6044 = LINE('',#6045,#6046);
#6045 = CARTESIAN_POINT('',(-6.,0.));
#6046 = VECTOR('',#6047,1.);
#6047 = DIRECTION('',(1.,0.));
#6048 = ( GEOMETRIC_REPRESENTATION_CONTEXT(2) 
PARAMETRIC_REPRESENTATION_CONTEXT() REPRESENTATION_CONTEXT('2D SPACE',''
  ) );
#6049 = ORIENTED_EDGE('',*,*,#6050,.F.);
#6050 = EDGE_CURVE('',#5796,#6028,#6051,.T.);
#6051 = SURFACE_CURVE('',#6052,(#6056,#6063),.PCURVE_S1.);
#6052 = LINE('',#6053,#6054);
#6053 = CARTESIAN_POINT('',(19.,78.,4.899494936612));
#6054 = VECTOR('',#6055,1.);
#6055 = DIRECTION('',(-1.,-0.,-0.));
#6056 = PCURVE('',#862,#6057);
#6057 = DEFINITIONAL_REPRESENTATION('',(#6058),#6062);
#6058 = LINE('',#6059,#6060);
#6059 = CARTESIAN_POINT('',(1.,0.));
#6060 = VECTOR('',#6061,1.);
#6061 = DIRECTION('',(0.,-1.));
#6062 = ( GEOMETRIC_REPRESENTATION_CONTEXT(2) 
PARAMETRIC_REPRESENTATION_CONTEXT() REPRESENTATION_CONTEXT('2D SPACE',''
  ) );
#6063 = PCURVE('',#5816,#6064);
#6064 = DEFINITIONAL_REPRESENTATION('',(#6065),#6069);
#6065 = LINE('',#6066,#6067);
#6066 = CARTESIAN_POINT('',(-4.712388980385,0.));
#6067 = VECTOR('',#6068,1.);
#6068 = DIRECTION('',(-0.,1.));
#6069 = ( GEOMETRIC_REPRESENTATION_CONTEXT(2) 
PARAMETRIC_REPRESENTATION_CONTEXT() REPRESENTATION_CONTEXT('2D SPACE',''
  ) );
#6070 = ADVANCED_FACE('',(#6071),#974,.T.);
#6071 = FACE_BOUND('',#6072,.T.);
#6072 = EDGE_LOOP('',(#6073,#6096,#6097,#6098));
#6073 = ORIENTED_EDGE('',*,*,#6074,.F.);
#6074 = EDGE_CURVE('',#931,#6075,#6077,.T.);
#6075 = VERTEX_POINT('',#6076);
#6076 = CARTESIAN_POINT('',(17.,78.,4.899494936612));
#6077 = SURFACE_CURVE('',#6078,(#6082,#6089),.PCURVE_S1.);
#6078 = LINE('',#6079,#6080);
#6079 = CARTESIAN_POINT('',(17.,78.,3.899494936612));
#6080 = VECTOR('',#6081,1.);
#6081 = DIRECTION('',(0.,0.,1.));
#6082 = PCURVE('',#974,#6083);
#6083 = DEFINITIONAL_REPRESENTATION('',(#6084),#6088);
#6084 = LINE('',#6085,#6086);
#6085 = CARTESIAN_POINT('',(0.,4.));
#6086 = VECTOR('',#6087,1.);
#6087 = DIRECTION('',(1.,0.));
#6088 = ( GEOMETRIC_REPRESENTATION_CONTEXT(2) 
PARAMETRIC_REPRESENTATION_CONTEXT() REPRESENTATION_CONTEXT('2D SPACE',''
  ) );
#6089 = PCURVE('',#946,#6090);
#6090 = DEFINITIONAL_REPRESENTATION('',(#6091),#6095);
#6091 = LINE('',#6092,#6093);
#6092 = CARTESIAN_POINT('',(-6.,0.));
#6093 = VECTOR('',#6094,1.);
#6094 = DIRECTION('',(1.,0.));
#6095 = ( GEOMETRIC_REPRESENTATION_CONTEXT(2) 
PARAMETRIC_REPRESENTATION_CONTEXT() REPRESENTATION_CONTEXT('2D SPACE',''
  ) );
#6096 = ORIENTED_EDGE('',*,*,#958,.F.);
#6097 = ORIENTED_EDGE('',*,*,#5911,.T.);
#6098 = ORIENTED_EDGE('',*,*,#6099,.F.);
#6099 = EDGE_CURVE('',#6075,#5912,#6100,.T.);
#6100 = SURFACE_CURVE('',#6101,(#6105,#6112),.PCURVE_S1.);
#6101 = LINE('',#6102,#6103);
#6102 = CARTESIAN_POINT('',(13.,78.,4.899494936612));
#6103 = VECTOR('',#6104,1.);
#6104 = DIRECTION('',(-1.,-0.,-0.));
#6105 = PCURVE('',#974,#6106);
#6106 = DEFINITIONAL_REPRESENTATION('',(#6107),#6111);
#6107 = LINE('',#6108,#6109);
#6108 = CARTESIAN_POINT('',(1.,0.));
#6109 = VECTOR('',#6110,1.);
#6110 = DIRECTION('',(0.,-1.));
#6111 = ( GEOMETRIC_REPRESENTATION_CONTEXT(2) 
PARAMETRIC_REPRESENTATION_CONTEXT() REPRESENTATION_CONTEXT('2D SPACE',''
  ) );
#6112 = PCURVE('',#5951,#6113);
#6113 = DEFINITIONAL_REPRESENTATION('',(#6114),#6118);
#6114 = LINE('',#6115,#6116);
#6115 = CARTESIAN_POINT('',(-4.712388980385,0.));
#6116 = VECTOR('',#6117,1.);
#6117 = DIRECTION('',(-0.,1.));
#6118 = ( GEOMETRIC_REPRESENTATION_CONTEXT(2) 
PARAMETRIC_REPRESENTATION_CONTEXT() REPRESENTATION_CONTEXT('2D SPACE',''
  ) );
#6119 = ADVANCED_FACE('',(#6120,#6191),#890,.F.);
#6120 = FACE_BOUND('',#6121,.F.);
#6121 = EDGE_LOOP('',(#6122,#6123,#6147,#6168,#6169,#6190));
#6122 = ORIENTED_EDGE('',*,*,#6027,.T.);
#6123 = ORIENTED_EDGE('',*,*,#6124,.T.);
#6124 = EDGE_CURVE('',#6028,#6125,#6127,.T.);
#6125 = VERTEX_POINT('',#6126);
#6126 = CARTESIAN_POINT('',(19.,78.,14.899494936612));
#6127 = SURFACE_CURVE('',#6128,(#6133,#6140),.PCURVE_S1.);
#6128 = CIRCLE('',#6129,5.);
#6129 = AXIS2_PLACEMENT_3D('',#6130,#6131,#6132);
#6130 = CARTESIAN_POINT('',(19.,78.,9.899494936612));
#6131 = DIRECTION('',(1.,0.,0.));
#6132 = DIRECTION('',(0.,1.136868377216E-14,-1.));
#6133 = PCURVE('',#890,#6134);
#6134 = DEFINITIONAL_REPRESENTATION('',(#6135),#6139);
#6135 = CIRCLE('',#6136,5.);
#6136 = AXIS2_PLACEMENT_2D('',#6137,#6138);
#6137 = CARTESIAN_POINT('',(0.,0.));
#6138 = DIRECTION('',(-1.,-1.136868377216E-14));
#6139 = ( GEOMETRIC_REPRESENTATION_CONTEXT(2) 
PARAMETRIC_REPRESENTATION_CONTEXT() REPRESENTATION_CONTEXT('2D SPACE',''
  ) );
#6140 = PCURVE('',#5816,#6141);
#6141 = DEFINITIONAL_REPRESENTATION('',(#6142),#6146);
#6142 = LINE('',#6143,#6144);
#6143 = CARTESIAN_POINT('',(-4.712388980385,0.));
#6144 = VECTOR('',#6145,1.);
#6145 = DIRECTION('',(-1.,0.));
#6146 = ( GEOMETRIC_REPRESENTATION_CONTEXT(2) 
PARAMETRIC_REPRESENTATION_CONTEXT() REPRESENTATION_CONTEXT('2D SPACE',''
  ) );
#6147 = ORIENTED_EDGE('',*,*,#6148,.T.);
#6148 = EDGE_CURVE('',#6125,#2051,#6149,.T.);
#6149 = SURFACE_CURVE('',#6150,(#6154,#6161),.PCURVE_S1.);
#6150 = LINE('',#6151,#6152);
#6151 = CARTESIAN_POINT('',(19.,78.,3.899494936612));
#6152 = VECTOR('',#6153,1.);
#6153 = DIRECTION('',(0.,0.,1.));
#6154 = PCURVE('',#890,#6155);
#6155 = DEFINITIONAL_REPRESENTATION('',(#6156),#6160);
#6156 = LINE('',#6157,#6158);
#6157 = CARTESIAN_POINT('',(-6.,0.));
#6158 = VECTOR('',#6159,1.);
#6159 = DIRECTION('',(1.,0.));
#6160 = ( GEOMETRIC_REPRESENTATION_CONTEXT(2) 
PARAMETRIC_REPRESENTATION_CONTEXT() REPRESENTATION_CONTEXT('2D SPACE',''
  ) );
#6161 = PCURVE('',#2066,#6162);
#6162 = DEFINITIONAL_REPRESENTATION('',(#6163),#6167);
#6163 = LINE('',#6164,#6165);
#6164 = CARTESIAN_POINT('',(0.,0.));
#6165 = VECTOR('',#6166,1.);
#6166 = DIRECTION('',(1.,0.));
#6167 = ( GEOMETRIC_REPRESENTATION_CONTEXT(2) 
PARAMETRIC_REPRESENTATION_CONTEXT() REPRESENTATION_CONTEXT('2D SPACE',''
  ) );
#6168 = ORIENTED_EDGE('',*,*,#2078,.F.);
#6169 = ORIENTED_EDGE('',*,*,#6170,.F.);
#6170 = EDGE_CURVE('',#875,#2079,#6171,.T.);
#6171 = SURFACE_CURVE('',#6172,(#6176,#6183),.PCURVE_S1.);
#6172 = LINE('',#6173,#6174);
#6173 = CARTESIAN_POINT('',(19.,72.,6.899494936612));
#6174 = VECTOR('',#6175,1.);
#6175 = DIRECTION('',(-0.,0.,1.));
#6176 = PCURVE('',#890,#6177);
#6177 = DEFINITIONAL_REPRESENTATION('',(#6178),#6182);
#6178 = LINE('',#6179,#6180);
#6179 = CARTESIAN_POINT('',(-3.,6.));
#6180 = VECTOR('',#6181,1.);
#6181 = DIRECTION('',(1.,0.));
#6182 = ( GEOMETRIC_REPRESENTATION_CONTEXT(2) 
PARAMETRIC_REPRESENTATION_CONTEXT() REPRESENTATION_CONTEXT('2D SPACE',''
  ) );
#6183 = PCURVE('',#918,#6184);
#6184 = DEFINITIONAL_REPRESENTATION('',(#6185),#6189);
#6185 = LINE('',#6186,#6187);
#6186 = CARTESIAN_POINT('',(21.,-3.));
#6187 = VECTOR('',#6188,1.);
#6188 = DIRECTION('',(0.,-1.));
#6189 = ( GEOMETRIC_REPRESENTATION_CONTEXT(2) 
PARAMETRIC_REPRESENTATION_CONTEXT() REPRESENTATION_CONTEXT('2D SPACE',''
  ) );
#6190 = ORIENTED_EDGE('',*,*,#874,.T.);
#6191 = FACE_BOUND('',#6192,.F.);
#6192 = EDGE_LOOP('',(#6193));
#6193 = ORIENTED_EDGE('',*,*,#6194,.T.);
#6194 = EDGE_CURVE('',#6195,#6195,#6197,.T.);
#6195 = VERTEX_POINT('',#6196);
#6196 = CARTESIAN_POINT('',(19.,79.6,9.899494936612));
#6197 = SURFACE_CURVE('',#6198,(#6203,#6214),.PCURVE_S1.);
#6198 = CIRCLE('',#6199,1.6);
#6199 = AXIS2_PLACEMENT_3D('',#6200,#6201,#6202);
#6200 = CARTESIAN_POINT('',(19.,78.,9.899494936612));
#6201 = DIRECTION('',(-1.,0.,0.));
#6202 = DIRECTION('',(0.,1.,0.));
#6203 = PCURVE('',#890,#6204);
#6204 = DEFINITIONAL_REPRESENTATION('',(#6205),#6213);
#6205 = ( BOUNDED_CURVE() B_SPLINE_CURVE(2,(#6206,#6207,#6208,#6209,
#6210,#6211,#6212),.UNSPECIFIED.,.T.,.F.) B_SPLINE_CURVE_WITH_KNOTS((1,2
    ,2,2,2,1),(-2.094395102393,0.,2.094395102393,4.188790204786,
6.28318530718,8.377580409573),.UNSPECIFIED.) CURVE() 
GEOMETRIC_REPRESENTATION_ITEM() RATIONAL_B_SPLINE_CURVE((1.,0.5,1.,0.5,
1.,0.5,1.)) REPRESENTATION_ITEM('') );
#6206 = CARTESIAN_POINT('',(0.,-1.6));
#6207 = CARTESIAN_POINT('',(-2.77128129211,-1.6));
#6208 = CARTESIAN_POINT('',(-1.385640646055,0.8));
#6209 = CARTESIAN_POINT('',(-3.918869757272E-16,3.2));
#6210 = CARTESIAN_POINT('',(1.385640646055,0.8));
#6211 = CARTESIAN_POINT('',(2.77128129211,-1.6));
#6212 = CARTESIAN_POINT('',(0.,-1.6));
#6213 = ( GEOMETRIC_REPRESENTATION_CONTEXT(2) 
PARAMETRIC_REPRESENTATION_CONTEXT() REPRESENTATION_CONTEXT('2D SPACE',''
  ) );
#6214 = PCURVE('',#5896,#6215);
#6215 = DEFINITIONAL_REPRESENTATION('',(#6216),#6220);
#6216 = LINE('',#6217,#6218);
#6217 = CARTESIAN_POINT('',(-6.28318530718,-7.));
#6218 = VECTOR('',#6219,1.);
#6219 = DIRECTION('',(1.,-0.));
#6220 = ( GEOMETRIC_REPRESENTATION_CONTEXT(2) 
PARAMETRIC_REPRESENTATION_CONTEXT() REPRESENTATION_CONTEXT('2D SPACE',''
  ) );
#6221 = ADVANCED_FACE('',(#6222,#6297),#946,.T.);
#6222 = FACE_BOUND('',#6223,.T.);
#6223 = EDGE_LOOP('',(#6224,#6252,#6273,#6274,#6295,#6296));
#6224 = ORIENTED_EDGE('',*,*,#6225,.F.);
#6225 = EDGE_CURVE('',#6226,#6075,#6228,.T.);
#6226 = VERTEX_POINT('',#6227);
#6227 = CARTESIAN_POINT('',(17.,78.,14.899494936612));
#6228 = SURFACE_CURVE('',#6229,(#6234,#6245),.PCURVE_S1.);
#6229 = CIRCLE('',#6230,5.);
#6230 = AXIS2_PLACEMENT_3D('',#6231,#6232,#6233);
#6231 = CARTESIAN_POINT('',(17.,78.,9.899494936612));
#6232 = DIRECTION('',(-1.,0.,0.));
#6233 = DIRECTION('',(0.,1.136868377216E-14,1.));
#6234 = PCURVE('',#946,#6235);
#6235 = DEFINITIONAL_REPRESENTATION('',(#6236),#6244);
#6236 = ( BOUNDED_CURVE() B_SPLINE_CURVE(2,(#6237,#6238,#6239,#6240,
#6241,#6242,#6243),.UNSPECIFIED.,.T.,.F.) B_SPLINE_CURVE_WITH_KNOTS((1,2
    ,2,2,2,1),(-2.094395102393,0.,2.094395102393,4.188790204786,
6.28318530718,8.377580409573),.UNSPECIFIED.) CURVE() 
GEOMETRIC_REPRESENTATION_ITEM() RATIONAL_B_SPLINE_CURVE((1.,0.5,1.,0.5,
1.,0.5,1.)) REPRESENTATION_ITEM('') );
#6237 = CARTESIAN_POINT('',(5.,-5.684341886081E-14));
#6238 = CARTESIAN_POINT('',(5.,-8.660254037844));
#6239 = CARTESIAN_POINT('',(-2.5,-4.330127018922));
#6240 = CARTESIAN_POINT('',(-10.,1.124621909225E-13));
#6241 = CARTESIAN_POINT('',(-2.5,4.330127018922));
#6242 = CARTESIAN_POINT('',(5.,8.660254037844));
#6243 = CARTESIAN_POINT('',(5.,-5.684341886081E-14));
#6244 = ( GEOMETRIC_REPRESENTATION_CONTEXT(2) 
PARAMETRIC_REPRESENTATION_CONTEXT() REPRESENTATION_CONTEXT('2D SPACE',''
  ) );
#6245 = PCURVE('',#5951,#6246);
#6246 = DEFINITIONAL_REPRESENTATION('',(#6247),#6251);
#6247 = LINE('',#6248,#6249);
#6248 = CARTESIAN_POINT('',(-7.853981633974,-4.));
#6249 = VECTOR('',#6250,1.);
#6250 = DIRECTION('',(1.,-0.));
#6251 = ( GEOMETRIC_REPRESENTATION_CONTEXT(2) 
PARAMETRIC_REPRESENTATION_CONTEXT() REPRESENTATION_CONTEXT('2D SPACE',''
  ) );
#6252 = ORIENTED_EDGE('',*,*,#6253,.T.);
#6253 = EDGE_CURVE('',#6226,#2125,#6254,.T.);
#6254 = SURFACE_CURVE('',#6255,(#6259,#6266),.PCURVE_S1.);
#6255 = LINE('',#6256,#6257);
#6256 = CARTESIAN_POINT('',(17.,78.,3.899494936612));
#6257 = VECTOR('',#6258,1.);
#6258 = DIRECTION('',(0.,0.,1.));
#6259 = PCURVE('',#946,#6260);
#6260 = DEFINITIONAL_REPRESENTATION('',(#6261),#6265);
#6261 = LINE('',#6262,#6263);
#6262 = CARTESIAN_POINT('',(-6.,0.));
#6263 = VECTOR('',#6264,1.);
#6264 = DIRECTION('',(1.,0.));
#6265 = ( GEOMETRIC_REPRESENTATION_CONTEXT(2) 
PARAMETRIC_REPRESENTATION_CONTEXT() REPRESENTATION_CONTEXT('2D SPACE',''
  ) );
#6266 = PCURVE('',#2163,#6267);
#6267 = DEFINITIONAL_REPRESENTATION('',(#6268),#6272);
#6268 = LINE('',#6269,#6270);
#6269 = CARTESIAN_POINT('',(0.,4.));
#6270 = VECTOR('',#6271,1.);
#6271 = DIRECTION('',(1.,0.));
#6272 = ( GEOMETRIC_REPRESENTATION_CONTEXT(2) 
PARAMETRIC_REPRESENTATION_CONTEXT() REPRESENTATION_CONTEXT('2D SPACE',''
  ) );
#6273 = ORIENTED_EDGE('',*,*,#2124,.F.);
#6274 = ORIENTED_EDGE('',*,*,#6275,.F.);
#6275 = EDGE_CURVE('',#903,#2102,#6276,.T.);
#6276 = SURFACE_CURVE('',#6277,(#6281,#6288),.PCURVE_S1.);
#6277 = LINE('',#6278,#6279);
#6278 = CARTESIAN_POINT('',(17.,72.,6.899494936612));
#6279 = VECTOR('',#6280,1.);
#6280 = DIRECTION('',(-0.,0.,1.));
#6281 = PCURVE('',#946,#6282);
#6282 = DEFINITIONAL_REPRESENTATION('',(#6283),#6287);
#6283 = LINE('',#6284,#6285);
#6284 = CARTESIAN_POINT('',(-3.,6.));
#6285 = VECTOR('',#6286,1.);
#6286 = DIRECTION('',(1.,0.));
#6287 = ( GEOMETRIC_REPRESENTATION_CONTEXT(2) 
PARAMETRIC_REPRESENTATION_CONTEXT() REPRESENTATION_CONTEXT('2D SPACE',''
  ) );
#6288 = PCURVE('',#918,#6289);
#6289 = DEFINITIONAL_REPRESENTATION('',(#6290),#6294);
#6290 = LINE('',#6291,#6292);
#6291 = CARTESIAN_POINT('',(23.,-3.));
#6292 = VECTOR('',#6293,1.);
#6293 = DIRECTION('',(0.,-1.));
#6294 = ( GEOMETRIC_REPRESENTATION_CONTEXT(2) 
PARAMETRIC_REPRESENTATION_CONTEXT() REPRESENTATION_CONTEXT('2D SPACE',''
  ) );
#6295 = ORIENTED_EDGE('',*,*,#930,.T.);
#6296 = ORIENTED_EDGE('',*,*,#6074,.T.);
#6297 = FACE_BOUND('',#6298,.T.);
#6298 = EDGE_LOOP('',(#6299));
#6299 = ORIENTED_EDGE('',*,*,#6300,.T.);
#6300 = EDGE_CURVE('',#6301,#6301,#6303,.T.);
#6301 = VERTEX_POINT('',#6302);
#6302 = CARTESIAN_POINT('',(17.,79.6,9.899494936612));
#6303 = SURFACE_CURVE('',#6304,(#6309,#6320),.PCURVE_S1.);
#6304 = CIRCLE('',#6305,1.6);
#6305 = AXIS2_PLACEMENT_3D('',#6306,#6307,#6308);
#6306 = CARTESIAN_POINT('',(17.,78.,9.899494936612));
#6307 = DIRECTION('',(-1.,0.,0.));
#6308 = DIRECTION('',(0.,1.,0.));
#6309 = PCURVE('',#946,#6310);
#6310 = DEFINITIONAL_REPRESENTATION('',(#6311),#6319);
#6311 = ( BOUNDED_CURVE() B_SPLINE_CURVE(2,(#6312,#6313,#6314,#6315,
#6316,#6317,#6318),.UNSPECIFIED.,.T.,.F.) B_SPLINE_CURVE_WITH_KNOTS((1,2
    ,2,2,2,1),(-2.094395102393,0.,2.094395102393,4.188790204786,
6.28318530718,8.377580409573),.UNSPECIFIED.) CURVE() 
GEOMETRIC_REPRESENTATION_ITEM() RATIONAL_B_SPLINE_CURVE((1.,0.5,1.,0.5,
1.,0.5,1.)) REPRESENTATION_ITEM('') );
#6312 = CARTESIAN_POINT('',(0.,-1.6));
#6313 = CARTESIAN_POINT('',(-2.77128129211,-1.6));
#6314 = CARTESIAN_POINT('',(-1.385640646055,0.8));
#6315 = CARTESIAN_POINT('',(-3.918869757272E-16,3.2));
#6316 = CARTESIAN_POINT('',(1.385640646055,0.8));
#6317 = CARTESIAN_POINT('',(2.77128129211,-1.6));
#6318 = CARTESIAN_POINT('',(0.,-1.6));
#6319 = ( GEOMETRIC_REPRESENTATION_CONTEXT(2) 
PARAMETRIC_REPRESENTATION_CONTEXT() REPRESENTATION_CONTEXT('2D SPACE',''
  ) );
#6320 = PCURVE('',#6010,#6321);
#6321 = DEFINITIONAL_REPRESENTATION('',(#6322),#6326);
#6322 = LINE('',#6323,#6324);
#6323 = CARTESIAN_POINT('',(-6.28318530718,-23.));
#6324 = VECTOR('',#6325,1.);
#6325 = DIRECTION('',(1.,-0.));
#6326 = ( GEOMETRIC_REPRESENTATION_CONTEXT(2) 
PARAMETRIC_REPRESENTATION_CONTEXT() REPRESENTATION_CONTEXT('2D SPACE',''
  ) );
#6327 = ADVANCED_FACE('',(#6328),#918,.F.);
#6328 = FACE_BOUND('',#6329,.F.);
#6329 = EDGE_LOOP('',(#6330,#6331,#6332,#6333));
#6330 = ORIENTED_EDGE('',*,*,#902,.F.);
#6331 = ORIENTED_EDGE('',*,*,#6170,.T.);
#6332 = ORIENTED_EDGE('',*,*,#2101,.T.);
#6333 = ORIENTED_EDGE('',*,*,#6275,.F.);
#6334 = ADVANCED_FACE('',(#6335),#1563,.F.);
#6335 = FACE_BOUND('',#6336,.T.);
#6336 = EDGE_LOOP('',(#6337,#6338,#6359,#6360));
#6337 = ORIENTED_EDGE('',*,*,#1546,.F.);
#6338 = ORIENTED_EDGE('',*,*,#6339,.T.);
#6339 = EDGE_CURVE('',#1547,#2661,#6340,.T.);
#6340 = SEAM_CURVE('',#6341,(#6345,#6352),.PCURVE_S1.);
#6341 = LINE('',#6342,#6343);
#6342 = CARTESIAN_POINT('',(-15.8,10.,3.899494936612));
#6343 = VECTOR('',#6344,1.);
#6344 = DIRECTION('',(0.,0.,1.));
#6345 = PCURVE('',#1563,#6346);
#6346 = DEFINITIONAL_REPRESENTATION('',(#6347),#6351);
#6347 = LINE('',#6348,#6349);
#6348 = CARTESIAN_POINT('',(-6.28318530718,0.));
#6349 = VECTOR('',#6350,1.);
#6350 = DIRECTION('',(-0.,-1.));
#6351 = ( GEOMETRIC_REPRESENTATION_CONTEXT(2) 
PARAMETRIC_REPRESENTATION_CONTEXT() REPRESENTATION_CONTEXT('2D SPACE',''
  ) );
#6352 = PCURVE('',#1563,#6353);
#6353 = DEFINITIONAL_REPRESENTATION('',(#6354),#6358);
#6354 = LINE('',#6355,#6356);
#6355 = CARTESIAN_POINT('',(-0.,0.));
#6356 = VECTOR('',#6357,1.);
#6357 = DIRECTION('',(-0.,-1.));
#6358 = ( GEOMETRIC_REPRESENTATION_CONTEXT(2) 
PARAMETRIC_REPRESENTATION_CONTEXT() REPRESENTATION_CONTEXT('2D SPACE',''
  ) );
#6359 = ORIENTED_EDGE('',*,*,#2660,.F.);
#6360 = ORIENTED_EDGE('',*,*,#6339,.F.);
#6361 = ADVANCED_FACE('',(#6362),#1594,.F.);
#6362 = FACE_BOUND('',#6363,.T.);
#6363 = EDGE_LOOP('',(#6364,#6365,#6386,#6387));
#6364 = ORIENTED_EDGE('',*,*,#1577,.F.);
#6365 = ORIENTED_EDGE('',*,*,#6366,.T.);
#6366 = EDGE_CURVE('',#1578,#2691,#6367,.T.);
#6367 = SEAM_CURVE('',#6368,(#6372,#6379),.PCURVE_S1.);
#6368 = LINE('',#6369,#6370);
#6369 = CARTESIAN_POINT('',(20.2,10.,3.899494936612));
#6370 = VECTOR('',#6371,1.);
#6371 = DIRECTION('',(0.,0.,1.));
#6372 = PCURVE('',#1594,#6373);
#6373 = DEFINITIONAL_REPRESENTATION('',(#6374),#6378);
#6374 = LINE('',#6375,#6376);
#6375 = CARTESIAN_POINT('',(-6.28318530718,0.));
#6376 = VECTOR('',#6377,1.);
#6377 = DIRECTION('',(-0.,-1.));
#6378 = ( GEOMETRIC_REPRESENTATION_CONTEXT(2) 
PARAMETRIC_REPRESENTATION_CONTEXT() REPRESENTATION_CONTEXT('2D SPACE',''
  ) );
#6379 = PCURVE('',#1594,#6380);
#6380 = DEFINITIONAL_REPRESENTATION('',(#6381),#6385);
#6381 = LINE('',#6382,#6383);
#6382 = CARTESIAN_POINT('',(-0.,0.));
#6383 = VECTOR('',#6384,1.);
#6384 = DIRECTION('',(-0.,-1.));
#6385 = ( GEOMETRIC_REPRESENTATION_CONTEXT(2) 
PARAMETRIC_REPRESENTATION_CONTEXT() REPRESENTATION_CONTEXT('2D SPACE',''
  ) );
#6386 = ORIENTED_EDGE('',*,*,#2690,.F.);
#6387 = ORIENTED_EDGE('',*,*,#6366,.F.);
#6388 = ADVANCED_FACE('',(#6389,#6415,#6773),#1625,.F.);
#6389 = FACE_BOUND('',#6390,.T.);
#6390 = EDGE_LOOP('',(#6391,#6392,#6413,#6414));
#6391 = ORIENTED_EDGE('',*,*,#1608,.F.);
#6392 = ORIENTED_EDGE('',*,*,#6393,.T.);
#6393 = EDGE_CURVE('',#1609,#2721,#6394,.T.);
#6394 = SEAM_CURVE('',#6395,(#6399,#6406),.PCURVE_S1.);
#6395 = LINE('',#6396,#6397);
#6396 = CARTESIAN_POINT('',(-25.8,65.,3.899494936612));
#6397 = VECTOR('',#6398,1.);
#6398 = DIRECTION('',(0.,0.,1.));
#6399 = PCURVE('',#1625,#6400);
#6400 = DEFINITIONAL_REPRESENTATION('',(#6401),#6405);
#6401 = LINE('',#6402,#6403);
#6402 = CARTESIAN_POINT('',(-6.28318530718,0.));
#6403 = VECTOR('',#6404,1.);
#6404 = DIRECTION('',(-0.,-1.));
#6405 = ( GEOMETRIC_REPRESENTATION_CONTEXT(2) 
PARAMETRIC_REPRESENTATION_CONTEXT() REPRESENTATION_CONTEXT('2D SPACE',''
  ) );
#6406 = PCURVE('',#1625,#6407);
#6407 = DEFINITIONAL_REPRESENTATION('',(#6408),#6412);
#6408 = LINE('',#6409,#6410);
#6409 = CARTESIAN_POINT('',(-0.,0.));
#6410 = VECTOR('',#6411,1.);
#6411 = DIRECTION('',(-0.,-1.));
#6412 = ( GEOMETRIC_REPRESENTATION_CONTEXT(2) 
PARAMETRIC_REPRESENTATION_CONTEXT() REPRESENTATION_CONTEXT('2D SPACE',''
  ) );
#6413 = ORIENTED_EDGE('',*,*,#2720,.F.);
#6414 = ORIENTED_EDGE('',*,*,#6393,.F.);
#6415 = FACE_BOUND('',#6416,.T.);
#6416 = EDGE_LOOP('',(#6417));
#6417 = ORIENTED_EDGE('',*,*,#6418,.F.);
#6418 = EDGE_CURVE('',#6419,#6419,#6421,.T.);
#6419 = VERTEX_POINT('',#6420);
#6420 = CARTESIAN_POINT('',(-25.9,65.479583152333,5.899494936612));
#6421 = SURFACE_CURVE('',#6422,(#6537,#6655),.PCURVE_S1.);
#6422 = B_SPLINE_CURVE_WITH_KNOTS('',8,(#6423,#6424,#6425,#6426,#6427,
    #6428,#6429,#6430,#6431,#6432,#6433,#6434,#6435,#6436,#6437,#6438,
    #6439,#6440,#6441,#6442,#6443,#6444,#6445,#6446,#6447,#6448,#6449,
    #6450,#6451,#6452,#6453,#6454,#6455,#6456,#6457,#6458,#6459,#6460,
    #6461,#6462,#6463,#6464,#6465,#6466,#6467,#6468,#6469,#6470,#6471,
    #6472,#6473,#6474,#6475,#6476,#6477,#6478,#6479,#6480,#6481,#6482,
    #6483,#6484,#6485,#6486,#6487,#6488,#6489,#6490,#6491,#6492,#6493,
    #6494,#6495,#6496,#6497,#6498,#6499,#6500,#6501,#6502,#6503,#6504,
    #6505,#6506,#6507,#6508,#6509,#6510,#6511,#6512,#6513,#6514,#6515,
    #6516,#6517,#6518,#6519,#6520,#6521,#6522,#6523,#6524,#6525,#6526,
    #6527,#6528,#6529,#6530,#6531,#6532,#6533,#6534,#6535,#6536),
  .UNSPECIFIED.,.T.,.F.,(9,7,7,7,7,7,7,7,7,7,7,7,7,7,7,7,9),(0.,
    2.935987276785E-02,9.617131692795E-02,0.181971542047,0.249076344331,
    0.293423521653,0.402606611287,0.469924429758,0.499371531054,
    0.529078009192,0.595975156458,0.681885442748,0.749076324501,
    0.793480388717,0.902803534319,0.97020770556,1.),.UNSPECIFIED.);
#6423 = CARTESIAN_POINT('',(-25.9,65.479583152331,5.899494936612));
#6424 = CARTESIAN_POINT('',(-25.9,65.479583152331,5.926558076291));
#6425 = CARTESIAN_POINT('',(-25.90076097248,65.481328445761,
    5.953437803288));
#6426 = CARTESIAN_POINT('',(-25.90226476556,65.484777918554,
    5.980114498766));
#6427 = CARTESIAN_POINT('',(-25.90449351282,65.489847468027,
    6.006556529318));
#6428 = CARTESIAN_POINT('',(-25.90742596847,65.496408878724,
    6.032710445427));
#6429 = CARTESIAN_POINT('',(-25.91103072962,65.504289728969,
    6.05849188814));
#6430 = CARTESIAN_POINT('',(-25.9152563455,65.513274328153,
    6.083777203986));
#6431 = CARTESIAN_POINT('',(-25.93085466783,65.545477959182,
    6.164417871325));
#6432 = CARTESIAN_POINT('',(-25.94474003576,65.572795688749,
    6.21839136109));
#6433 = CARTESIAN_POINT('',(-25.96139322452,65.603375956215,
    6.27042148755));
#6434 = CARTESIAN_POINT('',(-25.98057767443,65.635776385191,
    6.320418524118));
#6435 = CARTESIAN_POINT('',(-26.00204690862,65.669038227857,
    6.368385846944));
#6436 = CARTESIAN_POINT('',(-26.02569123196,65.70271242575,
    6.414567813481));
#6437 = CARTESIAN_POINT('',(-26.05171515413,65.736740199953,
    6.45943896784));
#6438 = CARTESIAN_POINT('',(-26.11786568138,65.815590204087,
    6.560120593405));
#6439 = CARTESIAN_POINT('',(-26.1592405062,65.859946422782,
    6.614414378475));
#6440 = CARTESIAN_POINT('',(-26.20487912904,65.903610927132,
    6.666352115835));
#6441 = CARTESIAN_POINT('',(-26.254897146,65.946019302833,6.71573556439)
  );
#6442 = CARTESIAN_POINT('',(-26.3094218619,65.986619567205,
    6.762253004303));
#6443 = CARTESIAN_POINT('',(-26.36856449176,66.024816089745,
    6.805480349714));
#6444 = CARTESIAN_POINT('',(-26.43239336442,66.059952629795,
    6.844870321586));
#6445 = CARTESIAN_POINT('',(-26.55450200064,66.115797476706,
    6.907040360389));
#6446 = CARTESIAN_POINT('',(-26.61119456384,66.13808869303,
    6.931688621956));
#6447 = CARTESIAN_POINT('',(-26.67064364974,66.157593044289,
    6.953138945562));
#6448 = CARTESIAN_POINT('',(-26.73244454863,66.173832610971,
    6.970927350923));
#6449 = CARTESIAN_POINT('',(-26.79614619133,66.186425214224,
    6.984684812271));
#6450 = CARTESIAN_POINT('',(-26.8612628001,66.195087119852,
    6.994135493614));
#6451 = CARTESIAN_POINT('',(-26.92728556433,66.199634468591,
    6.999096174051));
#6452 = CARTESIAN_POINT('',(-27.03758153962,66.200214050607,
    6.999728447001));
#6453 = CARTESIAN_POINT('',(-27.08144246736,66.198610158872,
    6.997978670276));
#6454 = CARTESIAN_POINT('',(-27.12509365921,66.195175824819,
    6.994232454348));
#6455 = CARTESIAN_POINT('',(-27.16835147747,66.189942712292,
    6.988521241342));
#6456 = CARTESIAN_POINT('',(-27.21103471629,66.182969798358,
    6.980903083126));
#6457 = CARTESIAN_POINT('',(-27.25296720621,66.174343090042,
    6.971462730332));
#6458 = CARTESIAN_POINT('',(-27.29398041867,66.164175341065,
    6.96031172137));
#6459 = CARTESIAN_POINT('',(-27.43223795115,66.124121392662,
    6.916263732856));
#6460 = CARTESIAN_POINT('',(-27.52353205629,66.087283135701,
    6.875566652945));
#6461 = CARTESIAN_POINT('',(-27.60741491058,66.043773819979,
    6.827137097562));
#6462 = CARTESIAN_POINT('',(-27.68378228975,65.995094073541,
    6.772331699395));
#6463 = CARTESIAN_POINT('',(-27.75269054526,65.942581096972,
    6.712272080286));
#6464 = CARTESIAN_POINT('',(-27.81430763289,65.887486410617,
    6.647815259732));
#6465 = CARTESIAN_POINT('',(-27.86884967395,65.8309916074,6.579584481425
    ));
#6466 = CARTESIAN_POINT('',(-27.94586428649,65.739872508126,
    6.463553457398));
#6467 = CARTESIAN_POINT('',(-27.97225353452,65.705596135987,
    6.418494947258));
#6468 = CARTESIAN_POINT('',(-27.99622692293,65.671657880995,
    6.372117218946));
#6469 = CARTESIAN_POINT('',(-28.01799849566,65.638110461463,
    6.323939690115));
#6470 = CARTESIAN_POINT('',(-28.03746070862,65.605397849318,
    6.273712720572));
#6471 = CARTESIAN_POINT('',(-28.05436429442,65.574481534648,
    6.221432690924));
#6472 = CARTESIAN_POINT('',(-28.06846962808,65.546817867011,
    6.167194641773));
#6473 = CARTESIAN_POINT('',(-28.084316472,65.514178666994,6.086276671724
    ));
#6474 = CARTESIAN_POINT('',(-28.08860375547,65.50508259442,6.06098114099
    ));
#6475 = CARTESIAN_POINT('',(-28.09227075883,65.497080852053,
    6.035184742375));
#6476 = CARTESIAN_POINT('',(-28.09526546054,65.490390627613,
    6.009010679625));
#6477 = CARTESIAN_POINT('',(-28.09755597609,65.485186593073,
    5.982542694084));
#6478 = CARTESIAN_POINT('',(-28.09912060319,65.481599996372,
    5.955833168047));
#6479 = CARTESIAN_POINT('',(-28.09994087098,65.479718772279,
    5.92891195767));
#6480 = CARTESIAN_POINT('',(-28.10005481527,65.479457426557,
    5.874441109231));
#6481 = CARTESIAN_POINT('',(-28.09933418846,65.481110099772,
    5.847266164112));
#6482 = CARTESIAN_POINT('',(-28.09785383719,65.484508007224,
    5.820292575257));
#6483 = CARTESIAN_POINT('',(-28.09563174355,65.489567069305,
    5.793553628056));
#6484 = CARTESIAN_POINT('',(-28.09268942364,65.496156559577,
    5.767104998887));
#6485 = CARTESIAN_POINT('',(-28.08905900407,65.504098972188,
    5.741034554482));
#6486 = CARTESIAN_POINT('',(-28.08479369882,65.51317100876,
    5.715471389902));
#6487 = CARTESIAN_POINT('',(-28.06914533216,65.545477959182,
    5.634572001898));
#6488 = CARTESIAN_POINT('',(-28.05525996423,65.572795688749,
    5.580598512133));
#6489 = CARTESIAN_POINT('',(-28.03860677547,65.603375956215,
    5.528568385673));
#6490 = CARTESIAN_POINT('',(-28.01942232556,65.635776385191,
    5.478571349105));
#6491 = CARTESIAN_POINT('',(-27.99795309137,65.669038227857,
    5.43060402628));
#6492 = CARTESIAN_POINT('',(-27.97430876803,65.70271242575,
    5.384422059742));
#6493 = CARTESIAN_POINT('',(-27.94828484586,65.736740199953,
    5.339550905383));
#6494 = CARTESIAN_POINT('',(-27.88213431861,65.815590204087,
    5.238869279819));
#6495 = CARTESIAN_POINT('',(-27.84075949379,65.859946422783,
    5.184575494748));
#6496 = CARTESIAN_POINT('',(-27.79512087096,65.903610927132,
    5.132637757389));
#6497 = CARTESIAN_POINT('',(-27.74510285399,65.946019302833,
    5.083254308833));
#6498 = CARTESIAN_POINT('',(-27.69057813809,65.986619567205,
    5.03673686892));
#6499 = CARTESIAN_POINT('',(-27.63143550823,66.024816089745,
    4.993509523509));
#6500 = CARTESIAN_POINT('',(-27.56760663557,66.059952629795,
    4.954119551638));
#6501 = CARTESIAN_POINT('',(-27.4454979993,66.115797476726,
    4.891949512812));
#6502 = CARTESIAN_POINT('',(-27.38880543614,66.138088693031,
    4.867301251266));
#6503 = CARTESIAN_POINT('',(-27.32935635028,66.157593044276,
    4.845850927676));
#6504 = CARTESIAN_POINT('',(-27.26755545141,66.173832610961,
    4.828062522311));
#6505 = CARTESIAN_POINT('',(-27.20385380869,66.186425214225,
    4.814305060951));
#6506 = CARTESIAN_POINT('',(-27.13873719987,66.195087119858,
    4.804854379602));
#6507 = CARTESIAN_POINT('',(-27.07271443561,66.199634468591,
    4.799893699172));
#6508 = CARTESIAN_POINT('',(-26.96241846037,66.200214050607,
    4.799261426222));
#6509 = CARTESIAN_POINT('',(-26.91855753263,66.198610158872,
    4.801011202947));
#6510 = CARTESIAN_POINT('',(-26.87490634078,66.195175824819,
    4.804757418875));
#6511 = CARTESIAN_POINT('',(-26.83164852252,66.189942712292,
    4.810468631881));
#6512 = CARTESIAN_POINT('',(-26.7889652837,66.182969798358,
    4.818086790097));
#6513 = CARTESIAN_POINT('',(-26.74703279379,66.174343090042,
    4.827527142891));
#6514 = CARTESIAN_POINT('',(-26.70601958132,66.164175341065,
    4.838678151854));
#6515 = CARTESIAN_POINT('',(-26.56776204884,66.124121392662,
    4.882726140367));
#6516 = CARTESIAN_POINT('',(-26.4764679437,66.087283135701,
    4.923423220278));
#6517 = CARTESIAN_POINT('',(-26.3925850894,66.043773819979,
    4.971852775661));
#6518 = CARTESIAN_POINT('',(-26.31621771024,65.995094073542,
    5.026658173828));
#6519 = CARTESIAN_POINT('',(-26.24730945473,65.942581096971,
    5.086717792938));
#6520 = CARTESIAN_POINT('',(-26.1856923671,65.887486410618,
    5.151174613491));
#6521 = CARTESIAN_POINT('',(-26.13115032604,65.830991607399,
    5.219405391798));
#6522 = CARTESIAN_POINT('',(-26.0541357135,65.739872508126,
    5.335436415825));
#6523 = CARTESIAN_POINT('',(-26.02774646547,65.705596135987,
    5.380494925966));
#6524 = CARTESIAN_POINT('',(-26.00377307706,65.671657880996,
    5.426872654277));
#6525 = CARTESIAN_POINT('',(-25.98200150433,65.638110461464,
    5.475050183108));
#6526 = CARTESIAN_POINT('',(-25.96253929137,65.605397849318,
    5.525277152651));
#6527 = CARTESIAN_POINT('',(-25.94563570558,65.574481534649,
    5.577557182299));
#6528 = CARTESIAN_POINT('',(-25.93153037191,65.546817867011,
    5.631795231451));
#6529 = CARTESIAN_POINT('',(-25.91563324749,65.514075105991,
    5.712969946338));
#6530 = CARTESIAN_POINT('',(-25.91130556271,65.504890260356,
    5.738543105391));
#6531 = CARTESIAN_POINT('',(-25.90761206981,65.496825145648,
    5.764629185159));
#6532 = CARTESIAN_POINT('',(-25.90460672652,65.490104953852,
    5.791098925793));
#6533 = CARTESIAN_POINT('',(-25.9023221956,65.484909654768,
    5.817864662233));
#6534 = CARTESIAN_POINT('',(-25.90078043773,65.48137308515,
    5.844871528048));
#6535 = CARTESIAN_POINT('',(-25.9,65.479583152331,5.872087879037));
#6536 = CARTESIAN_POINT('',(-25.9,65.479583152331,5.899494936612));
#6537 = PCURVE('',#1625,#6538);
#6538 = DEFINITIONAL_REPRESENTATION('',(#6539),#6654);
#6539 = B_SPLINE_CURVE_WITH_KNOTS('',8,(#6540,#6541,#6542,#6543,#6544,
    #6545,#6546,#6547,#6548,#6549,#6550,#6551,#6552,#6553,#6554,#6555,
    #6556,#6557,#6558,#6559,#6560,#6561,#6562,#6563,#6564,#6565,#6566,
    #6567,#6568,#6569,#6570,#6571,#6572,#6573,#6574,#6575,#6576,#6577,
    #6578,#6579,#6580,#6581,#6582,#6583,#6584,#6585,#6586,#6587,#6588,
    #6589,#6590,#6591,#6592,#6593,#6594,#6595,#6596,#6597,#6598,#6599,
    #6600,#6601,#6602,#6603,#6604,#6605,#6606,#6607,#6608,#6609,#6610,
    #6611,#6612,#6613,#6614,#6615,#6616,#6617,#6618,#6619,#6620,#6621,
    #6622,#6623,#6624,#6625,#6626,#6627,#6628,#6629,#6630,#6631,#6632,
    #6633,#6634,#6635,#6636,#6637,#6638,#6639,#6640,#6641,#6642,#6643,
    #6644,#6645,#6646,#6647,#6648,#6649,#6650,#6651,#6652,#6653),
  .UNSPECIFIED.,.T.,.F.,(9,7,7,7,7,7,7,7,7,7,7,7,7,7,7,7,9),(0.,
    2.935987276785E-02,9.617131692795E-02,0.181971542047,0.249076344331,
    0.293423521653,0.402606611287,0.469924429758,0.499371531054,
    0.529078009192,0.595975156458,0.681885442748,0.749076324501,
    0.793480388717,0.902803534319,0.97020770556,1.),.UNSPECIFIED.);
#6540 = CARTESIAN_POINT('',(-0.411137862322,-2.));
#6541 = CARTESIAN_POINT('',(-0.411137862322,-2.027063139679));
#6542 = CARTESIAN_POINT('',(-0.412724484908,-2.053942866677));
#6543 = CARTESIAN_POINT('',(-0.415860391177,-2.080619562154));
#6544 = CARTESIAN_POINT('',(-0.420475201539,-2.107061592707));
#6545 = CARTESIAN_POINT('',(-0.426463970114,-2.133215508815));
#6546 = CARTESIAN_POINT('',(-0.433685223007,-2.158996951528));
#6547 = CARTESIAN_POINT('',(-0.441958560439,-2.184282267374));
#6548 = CARTESIAN_POINT('',(-0.471777242958,-2.264922934714));
#6549 = CARTESIAN_POINT('',(-0.497309472654,-2.318896424479));
#6550 = CARTESIAN_POINT('',(-0.526306689623,-2.370926550938));
#6551 = CARTESIAN_POINT('',(-0.557643937,-2.420923587507));
#6552 = CARTESIAN_POINT('',(-0.590584117734,-2.468890910332));
#6553 = CARTESIAN_POINT('',(-0.624827924807,-2.515072876869));
#6554 = CARTESIAN_POINT('',(-0.660490022987,-2.559944031228));
#6555 = CARTESIAN_POINT('',(-0.74625947902,-2.660625656793));
#6556 = CARTESIAN_POINT('',(-0.796737557919,-2.714919441864));
#6557 = CARTESIAN_POINT('',(-0.849228858892,-2.766857179223));
#6558 = CARTESIAN_POINT('',(-0.903672071864,-2.816240627779));
#6559 = CARTESIAN_POINT('',(-0.96008388243,-2.862758067692));
#6560 = CARTESIAN_POINT('',(-1.018519842371,-2.905985413103));
#6561 = CARTESIAN_POINT('',(-1.079069885224,-2.945375384974));
#6562 = CARTESIAN_POINT('',(-1.190963826724,-3.007545423778));
#6563 = CARTESIAN_POINT('',(-1.241653600629,-3.032193685345));
#6564 = CARTESIAN_POINT('',(-1.293646811475,-3.05364400895));
#6565 = CARTESIAN_POINT('',(-1.346700773788,-3.071432414312));
#6566 = CARTESIAN_POINT('',(-1.400602799708,-3.085189875659));
#6567 = CARTESIAN_POINT('',(-1.455162010112,-3.094640557002));
#6568 = CARTESIAN_POINT('',(-1.510200175507,-3.09960123744));
#6569 = CARTESIAN_POINT('',(-1.602114757234,-3.100233510389));
#6570 = CARTESIAN_POINT('',(-1.638657978937,-3.098483733664));
#6571 = CARTESIAN_POINT('',(-1.675092997646,-3.094737517737));
#6572 = CARTESIAN_POINT('',(-1.71134092125,-3.08902630473));
#6573 = CARTESIAN_POINT('',(-1.747320799184,-3.081408146514));
#6574 = CARTESIAN_POINT('',(-1.782948201908,-3.07196779372));
#6575 = CARTESIAN_POINT('',(-1.81813380038,-3.060816784758));
#6576 = CARTESIAN_POINT('',(-1.938085943817,-3.016768796245));
#6577 = CARTESIAN_POINT('',(-2.019701862364,-2.976071716333));
#6578 = CARTESIAN_POINT('',(-2.097878833312,-2.927642160951));
#6579 = CARTESIAN_POINT('',(-2.172786248162,-2.872836762782));
#6580 = CARTESIAN_POINT('',(-2.24452300597,-2.812777143675));
#6581 = CARTESIAN_POINT('',(-2.313088735413,-2.74832032312));
#6582 = CARTESIAN_POINT('',(-2.378384970714,-2.680089544813));
#6583 = CARTESIAN_POINT('',(-2.477806704304,-2.564058520786));
#6584 = CARTESIAN_POINT('',(-2.51381738407,-2.519000010646));
#6585 = CARTESIAN_POINT('',(-2.548397719969,-2.472622282334));
#6586 = CARTESIAN_POINT('',(-2.581673084551,-2.424444753504));
#6587 = CARTESIAN_POINT('',(-2.613350814277,-2.37421778396));
#6588 = CARTESIAN_POINT('',(-2.64269294845,-2.321937754312));
#6589 = CARTESIAN_POINT('',(-2.668565025985,-2.267699705161));
#6590 = CARTESIAN_POINT('',(-2.698800672719,-2.186781735112));
#6591 = CARTESIAN_POINT('',(-2.707179929128,-2.161486204378));
#6592 = CARTESIAN_POINT('',(-2.714514348584,-2.135689805763));
#6593 = CARTESIAN_POINT('',(-2.72062226624,-2.109515743013));
#6594 = CARTESIAN_POINT('',(-2.725360379151,-2.083047757472));
#6595 = CARTESIAN_POINT('',(-2.72862129376,-2.056338231436));
#6596 = CARTESIAN_POINT('',(-2.730331500141,-2.029417021059));
#6597 = CARTESIAN_POINT('',(-2.730569087681,-1.974946172619));
#6598 = CARTESIAN_POINT('',(-2.72906665549,-1.9477712275));
#6599 = CARTESIAN_POINT('',(-2.725977941717,-1.920797638645));
#6600 = CARTESIAN_POINT('',(-2.721373360158,-1.894058691445));
#6601 = CARTESIAN_POINT('',(-2.715359878298,-1.867610062275));
#6602 = CARTESIAN_POINT('',(-2.708083090739,-1.84153961787));
#6603 = CARTESIAN_POINT('',(-2.699729760878,-1.81597645329));
#6604 = CARTESIAN_POINT('',(-2.669815410632,-1.735077065286));
#6605 = CARTESIAN_POINT('',(-2.644283180936,-1.681103575521));
#6606 = CARTESIAN_POINT('',(-2.615285963967,-1.629073449062));
#6607 = CARTESIAN_POINT('',(-2.58394871659,-1.579076412493));
#6608 = CARTESIAN_POINT('',(-2.551008535856,-1.531109089668));
#6609 = CARTESIAN_POINT('',(-2.516764728783,-1.484927123131));
#6610 = CARTESIAN_POINT('',(-2.481102630602,-1.440055968772));
#6611 = CARTESIAN_POINT('',(-2.39533317457,-1.339374343207));
#6612 = CARTESIAN_POINT('',(-2.34485509567,-1.285080558136));
#6613 = CARTESIAN_POINT('',(-2.292363794698,-1.233142820777));
#6614 = CARTESIAN_POINT('',(-2.237920581726,-1.183759372221));
#6615 = CARTESIAN_POINT('',(-2.181508771159,-1.137241932308));
#6616 = CARTESIAN_POINT('',(-2.123072811219,-1.094014586898));
#6617 = CARTESIAN_POINT('',(-2.062522768366,-1.054624615026));
#6618 = CARTESIAN_POINT('',(-1.950628826826,-0.9924545762));
#6619 = CARTESIAN_POINT('',(-1.89993905295,-0.967806314655));
#6620 = CARTESIAN_POINT('',(-1.84794584214,-0.946355991065));
#6621 = CARTESIAN_POINT('',(-1.79489187984,-0.928567585699));
#6622 = CARTESIAN_POINT('',(-1.740989853901,-0.914810124339));
#6623 = CARTESIAN_POINT('',(-1.68643064346,-0.905359442991));
#6624 = CARTESIAN_POINT('',(-1.63139247804,-0.90039876256));
#6625 = CARTESIAN_POINT('',(-1.539477896356,-0.899766489611));
#6626 = CARTESIAN_POINT('',(-1.502934674653,-0.901516266336));
#6627 = CARTESIAN_POINT('',(-1.466499655944,-0.905262482263));
#6628 = CARTESIAN_POINT('',(-1.43025173234,-0.91097369527));
#6629 = CARTESIAN_POINT('',(-1.394271854406,-0.918591853486));
#6630 = CARTESIAN_POINT('',(-1.358644451682,-0.92803220628));
#6631 = CARTESIAN_POINT('',(-1.32345885321,-0.939183215242));
#6632 = CARTESIAN_POINT('',(-1.203506709773,-0.983231203755));
#6633 = CARTESIAN_POINT('',(-1.121890791226,-1.023928283667));
#6634 = CARTESIAN_POINT('',(-1.043713820277,-1.072357839049));
#6635 = CARTESIAN_POINT('',(-0.968806405428,-1.127163237218));
#6636 = CARTESIAN_POINT('',(-0.897069647619,-1.187222856325));
#6637 = CARTESIAN_POINT('',(-0.828503918177,-1.25167967688));
#6638 = CARTESIAN_POINT('',(-0.763207682875,-1.319910455187));
#6639 = CARTESIAN_POINT('',(-0.663785949286,-1.435941479213));
#6640 = CARTESIAN_POINT('',(-0.627775269519,-1.480999989354));
#6641 = CARTESIAN_POINT('',(-0.593194933621,-1.527377717665));
#6642 = CARTESIAN_POINT('',(-0.559919569039,-1.575555246496));
#6643 = CARTESIAN_POINT('',(-0.528241839313,-1.62578221604));
#6644 = CARTESIAN_POINT('',(-0.49889970514,-1.678062245687));
#6645 = CARTESIAN_POINT('',(-0.473027627605,-1.732300294839));
#6646 = CARTESIAN_POINT('',(-0.442696046108,-1.813475009726));
#6647 = CARTESIAN_POINT('',(-0.434235538955,-1.839048168779));
#6648 = CARTESIAN_POINT('',(-0.426843927133,-1.865134248547));
#6649 = CARTESIAN_POINT('',(-0.420709597402,-1.891603989181));
#6650 = CARTESIAN_POINT('',(-0.415980153208,-1.918369725622));
#6651 = CARTESIAN_POINT('',(-0.412765065254,-1.945376591437));
#6652 = CARTESIAN_POINT('',(-0.411137862322,-1.972592942425));
#6653 = CARTESIAN_POINT('',(-0.411137862322,-2.));
#6654 = ( GEOMETRIC_REPRESENTATION_CONTEXT(2) 
PARAMETRIC_REPRESENTATION_CONTEXT() REPRESENTATION_CONTEXT('2D SPACE',''
  ) );
#6655 = PCURVE('',#3843,#6656);
#6656 = DEFINITIONAL_REPRESENTATION('',(#6657),#6772);
#6657 = B_SPLINE_CURVE_WITH_KNOTS('',8,(#6658,#6659,#6660,#6661,#6662,
    #6663,#6664,#6665,#6666,#6667,#6668,#6669,#6670,#6671,#6672,#6673,
    #6674,#6675,#6676,#6677,#6678,#6679,#6680,#6681,#6682,#6683,#6684,
    #6685,#6686,#6687,#6688,#6689,#6690,#6691,#6692,#6693,#6694,#6695,
    #6696,#6697,#6698,#6699,#6700,#6701,#6702,#6703,#6704,#6705,#6706,
    #6707,#6708,#6709,#6710,#6711,#6712,#6713,#6714,#6715,#6716,#6717,
    #6718,#6719,#6720,#6721,#6722,#6723,#6724,#6725,#6726,#6727,#6728,
    #6729,#6730,#6731,#6732,#6733,#6734,#6735,#6736,#6737,#6738,#6739,
    #6740,#6741,#6742,#6743,#6744,#6745,#6746,#6747,#6748,#6749,#6750,
    #6751,#6752,#6753,#6754,#6755,#6756,#6757,#6758,#6759,#6760,#6761,
    #6762,#6763,#6764,#6765,#6766,#6767,#6768,#6769,#6770,#6771),
  .UNSPECIFIED.,.F.,.F.,(9,7,7,7,7,7,7,7,7,7,7,7,7,7,7,7,9),(0.,
    2.935987276785E-02,9.617131692795E-02,0.181971542047,0.249076344331,
    0.293423521653,0.402606611287,0.469924429758,0.499371531054,
    0.529078009192,0.595975156458,0.681885442748,0.749076324501,
    0.793480388717,0.902803534319,0.97020770556,1.),.UNSPECIFIED.);
#6658 = CARTESIAN_POINT('',(0.,-7.520416847669));
#6659 = CARTESIAN_POINT('',(-2.460285425366E-02,-7.520416847669));
#6660 = CARTESIAN_POINT('',(-4.903894922303E-02,-7.518671554239));
#6661 = CARTESIAN_POINT('',(-7.331323959988E-02,-7.515222081446));
#6662 = CARTESIAN_POINT('',(-9.741819279578E-02,-7.510152531973));
#6663 = CARTESIAN_POINT('',(-0.121325535423,-7.503591121276));
#6664 = CARTESIAN_POINT('',(-0.144977128037,-7.495710271031));
#6665 = CARTESIAN_POINT('',(-0.168274968145,-7.486725671847));
#6666 = CARTESIAN_POINT('',(-0.242943518887,-7.454522040818));
#6667 = CARTESIAN_POINT('',(-0.293514893959,-7.427204311251));
#6668 = CARTESIAN_POINT('',(-0.34304082977,-7.396624043785));
#6669 = CARTESIAN_POINT('',(-0.391573329881,-7.364223614809));
#6670 = CARTESIAN_POINT('',(-0.439211693214,-7.330961772143));
#6671 = CARTESIAN_POINT('',(-0.486271502791,-7.29728757425));
#6672 = CARTESIAN_POINT('',(-0.533354026938,-7.263259800047));
#6673 = CARTESIAN_POINT('',(-0.642870929975,-7.184409795913));
#6674 = CARTESIAN_POINT('',(-0.704775819204,-7.140053577218));
#6675 = CARTESIAN_POINT('',(-0.767374701341,-7.096389072868));
#6676 = CARTESIAN_POINT('',(-0.830946983738,-7.053980697167));
#6677 = CARTESIAN_POINT('',(-0.895745809873,-7.013380432795));
#6678 = CARTESIAN_POINT('',(-0.96200975546,-6.975183910255));
#6679 = CARTESIAN_POINT('',(-1.029966723613,-6.940047370205));
#6680 = CARTESIAN_POINT('',(-1.154534182739,-6.884202523294));
#6681 = CARTESIAN_POINT('',(-1.210629321607,-6.86191130697));
#6682 = CARTESIAN_POINT('',(-1.267887606814,-6.842406955711));
#6683 = CARTESIAN_POINT('',(-1.326093228766,-6.826167389029));
#6684 = CARTESIAN_POINT('',(-1.385065140034,-6.813574785776));
#6685 = CARTESIAN_POINT('',(-1.444645742291,-6.804912880148));
#6686 = CARTESIAN_POINT('',(-1.504691271027,-6.800365531409));
#6687 = CARTESIAN_POINT('',(-1.604961986966,-6.799785949393));
#6688 = CARTESIAN_POINT('',(-1.644825797756,-6.801389841128));
#6689 = CARTESIAN_POINT('',(-1.684585288307,-6.804824175181));
#6690 = CARTESIAN_POINT('',(-1.724169797382,-6.810057287708));
#6691 = CARTESIAN_POINT('',(-1.763506251742,-6.817030201642));
#6692 = CARTESIAN_POINT('',(-1.802517393256,-6.825656909958));
#6693 = CARTESIAN_POINT('',(-1.84112000601,-6.835824658935));
#6694 = CARTESIAN_POINT('',(-1.97303335905,-6.875878607338));
#6695 = CARTESIAN_POINT('',(-2.063342683089,-6.912716864299));
#6696 = CARTESIAN_POINT('',(-2.150623707925,-6.956226180021));
#6697 = CARTESIAN_POINT('',(-2.235277975343,-7.004905926459));
#6698 = CARTESIAN_POINT('',(-2.317670166866,-7.057418903028));
#6699 = CARTESIAN_POINT('',(-2.398200683616,-7.112513589383));
#6700 = CARTESIAN_POINT('',(-2.477301143769,-7.1690083926));
#6701 = CARTESIAN_POINT('',(-2.603904738964,-7.260127491874));
#6702 = CARTESIAN_POINT('',(-2.651300031454,-7.294403864013));
#6703 = CARTESIAN_POINT('',(-2.698652884313,-7.328342119005));
#6704 = CARTESIAN_POINT('',(-2.746575834955,-7.361889538537));
#6705 = CARTESIAN_POINT('',(-2.795391586748,-7.394602150682));
#6706 = CARTESIAN_POINT('',(-2.845201098704,-7.425518465352));
#6707 = CARTESIAN_POINT('',(-2.896053937365,-7.453182132989));
#6708 = CARTESIAN_POINT('',(-2.971013101671,-7.485821333006));
#6709 = CARTESIAN_POINT('',(-2.994329389442,-7.49491740558));
#6710 = CARTESIAN_POINT('',(-3.01800230875,-7.502919147947));
#6711 = CARTESIAN_POINT('',(-3.041934168501,-7.509609372387));
#6712 = CARTESIAN_POINT('',(-3.066067347834,-7.514813406927));
#6713 = CARTESIAN_POINT('',(-3.0903745372,-7.518400003628));
#6714 = CARTESIAN_POINT('',(-3.114849851714,-7.520281227721));
#6715 = CARTESIAN_POINT('',(-3.164368913182,-7.520542573443));
#6716 = CARTESIAN_POINT('',(-3.18907196154,-7.518889900228));
#6717 = CARTESIAN_POINT('',(-3.213614034341,-7.515491992776));
#6718 = CARTESIAN_POINT('',(-3.237986839388,-7.510432930695));
#6719 = CARTESIAN_POINT('',(-3.262160827728,-7.503843440423));
#6720 = CARTESIAN_POINT('',(-3.286075378614,-7.495901027812));
#6721 = CARTESIAN_POINT('',(-3.309628061502,-7.48682899124));
#6722 = CARTESIAN_POINT('',(-3.384536172477,-7.454522040818));
#6723 = CARTESIAN_POINT('',(-3.435107547549,-7.427204311251));
#6724 = CARTESIAN_POINT('',(-3.48463348336,-7.396624043785));
#6725 = CARTESIAN_POINT('',(-3.533165983471,-7.364223614809));
#6726 = CARTESIAN_POINT('',(-3.580804346804,-7.330961772143));
#6727 = CARTESIAN_POINT('',(-3.627864156381,-7.29728757425));
#6728 = CARTESIAN_POINT('',(-3.674946680528,-7.263259800047));
#6729 = CARTESIAN_POINT('',(-3.784463583565,-7.184409795913));
#6730 = CARTESIAN_POINT('',(-3.846368472795,-7.140053577217));
#6731 = CARTESIAN_POINT('',(-3.90896735493,-7.096389072868));
#6732 = CARTESIAN_POINT('',(-3.972539637328,-7.053980697167));
#6733 = CARTESIAN_POINT('',(-4.037338463464,-7.013380432795));
#6734 = CARTESIAN_POINT('',(-4.10360240905,-6.975183910255));
#6735 = CARTESIAN_POINT('',(-4.171559377203,-6.940047370205));
#6736 = CARTESIAN_POINT('',(-4.296126836373,-6.884202523274));
#6737 = CARTESIAN_POINT('',(-4.352221975209,-6.861911306969));
#6738 = CARTESIAN_POINT('',(-4.409480260376,-6.842406955724));
#6739 = CARTESIAN_POINT('',(-4.467685882314,-6.826167389039));
#6740 = CARTESIAN_POINT('',(-4.526657793603,-6.813574785775));
#6741 = CARTESIAN_POINT('',(-4.586238395901,-6.804912880142));
#6742 = CARTESIAN_POINT('',(-4.646283924664,-6.800365531409));
#6743 = CARTESIAN_POINT('',(-4.746554640556,-6.799785949393));
#6744 = CARTESIAN_POINT('',(-4.786418451346,-6.801389841128));
#6745 = CARTESIAN_POINT('',(-4.826177941896,-6.804824175181));
#6746 = CARTESIAN_POINT('',(-4.865762450972,-6.810057287708));
#6747 = CARTESIAN_POINT('',(-4.905098905332,-6.817030201642));
#6748 = CARTESIAN_POINT('',(-4.944110046846,-6.825656909958));
#6749 = CARTESIAN_POINT('',(-4.9827126596,-6.835824658935));
#6750 = CARTESIAN_POINT('',(-5.11462601264,-6.875878607338));
#6751 = CARTESIAN_POINT('',(-5.204935336678,-6.912716864299));
#6752 = CARTESIAN_POINT('',(-5.292216361516,-6.956226180021));
#6753 = CARTESIAN_POINT('',(-5.376870628931,-7.004905926458));
#6754 = CARTESIAN_POINT('',(-5.459262820457,-7.057418903029));
#6755 = CARTESIAN_POINT('',(-5.539793337205,-7.112513589382));
#6756 = CARTESIAN_POINT('',(-5.618893797359,-7.169008392601));
#6757 = CARTESIAN_POINT('',(-5.745497392553,-7.260127491874));
#6758 = CARTESIAN_POINT('',(-5.792892685045,-7.294403864013));
#6759 = CARTESIAN_POINT('',(-5.840245537902,-7.328342119004));
#6760 = CARTESIAN_POINT('',(-5.888168488545,-7.361889538536));
#6761 = CARTESIAN_POINT('',(-5.936984240339,-7.394602150682));
#6762 = CARTESIAN_POINT('',(-5.986793752293,-7.425518465352));
#6763 = CARTESIAN_POINT('',(-6.037646590955,-7.453182132989));
#6764 = CARTESIAN_POINT('',(-6.112843593389,-7.485924894009));
#6765 = CARTESIAN_POINT('',(-6.136414621735,-7.495109739644));
#6766 = CARTESIAN_POINT('',(-6.160351184225,-7.503174854352));
#6767 = CARTESIAN_POINT('',(-6.184550588942,-7.509895046148));
#6768 = CARTESIAN_POINT('',(-6.208952359608,-7.515090345232));
#6769 = CARTESIAN_POINT('',(-6.233527684675,-7.51862691485));
#6770 = CARTESIAN_POINT('',(-6.258269800294,-7.520416847669));
#6771 = CARTESIAN_POINT('',(-6.28318530718,-7.520416847669));
#6772 = ( GEOMETRIC_REPRESENTATION_CONTEXT(2) 
PARAMETRIC_REPRESENTATION_CONTEXT() REPRESENTATION_CONTEXT('2D SPACE',''
  ) );
#6773 = FACE_BOUND('',#6774,.T.);
#6774 = EDGE_LOOP('',(#6775));
#6775 = ORIENTED_EDGE('',*,*,#6776,.T.);
#6776 = EDGE_CURVE('',#6777,#6777,#6779,.T.);
#6777 = VERTEX_POINT('',#6778);
#6778 = CARTESIAN_POINT('',(-25.9,64.520416847667,5.899494936612));
#6779 = SURFACE_CURVE('',#6780,(#6895,#7013),.PCURVE_S1.);
#6780 = B_SPLINE_CURVE_WITH_KNOTS('',8,(#6781,#6782,#6783,#6784,#6785,
    #6786,#6787,#6788,#6789,#6790,#6791,#6792,#6793,#6794,#6795,#6796,
    #6797,#6798,#6799,#6800,#6801,#6802,#6803,#6804,#6805,#6806,#6807,
    #6808,#6809,#6810,#6811,#6812,#6813,#6814,#6815,#6816,#6817,#6818,
    #6819,#6820,#6821,#6822,#6823,#6824,#6825,#6826,#6827,#6828,#6829,
    #6830,#6831,#6832,#6833,#6834,#6835,#6836,#6837,#6838,#6839,#6840,
    #6841,#6842,#6843,#6844,#6845,#6846,#6847,#6848,#6849,#6850,#6851,
    #6852,#6853,#6854,#6855,#6856,#6857,#6858,#6859,#6860,#6861,#6862,
    #6863,#6864,#6865,#6866,#6867,#6868,#6869,#6870,#6871,#6872,#6873,
    #6874,#6875,#6876,#6877,#6878,#6879,#6880,#6881,#6882,#6883,#6884,
    #6885,#6886,#6887,#6888,#6889,#6890,#6891,#6892,#6893,#6894),
  .UNSPECIFIED.,.T.,.F.,(9,7,7,7,7,7,7,7,7,7,7,7,7,7,7,7,9),(0.,
    2.935987273156E-02,9.617131680911E-02,0.181971541822,0.249076344077,
    0.293423521415,0.402606611086,0.46992442958,0.499371530886,
    0.529078009034,0.595975156323,0.681885442642,0.749076324417,
    0.793480388649,0.902803534287,0.97020770555,1.),.UNSPECIFIED.);
#6781 = CARTESIAN_POINT('',(-25.9,64.520416847669,5.899494936612));
#6782 = CARTESIAN_POINT('',(-25.9,64.520416847669,5.926558076291));
#6783 = CARTESIAN_POINT('',(-25.90076097248,64.518671554239,
    5.953437803288));
#6784 = CARTESIAN_POINT('',(-25.90226476556,64.515222081446,
    5.980114498766));
#6785 = CARTESIAN_POINT('',(-25.90449351282,64.510152531973,
    6.006556529318));
#6786 = CARTESIAN_POINT('',(-25.90742596847,64.503591121276,
    6.032710445427));
#6787 = CARTESIAN_POINT('',(-25.91103072962,64.495710271031,
    6.05849188814));
#6788 = CARTESIAN_POINT('',(-25.9152563455,64.486725671847,
    6.083777203986));
#6789 = CARTESIAN_POINT('',(-25.93085466784,64.454522040818,
    6.164417871325));
#6790 = CARTESIAN_POINT('',(-25.94474003576,64.427204311251,
    6.21839136109));
#6791 = CARTESIAN_POINT('',(-25.96139322452,64.396624043785,
    6.27042148755));
#6792 = CARTESIAN_POINT('',(-25.98057767443,64.364223614809,
    6.320418524118));
#6793 = CARTESIAN_POINT('',(-26.00204690862,64.330961772143,
    6.368385846944));
#6794 = CARTESIAN_POINT('',(-26.02569123196,64.29728757425,
    6.414567813481));
#6795 = CARTESIAN_POINT('',(-26.05171515413,64.263259800047,
    6.45943896784));
#6796 = CARTESIAN_POINT('',(-26.11786568138,64.184409795913,
    6.560120593405));
#6797 = CARTESIAN_POINT('',(-26.1592405062,64.140053577218,
    6.614414378475));
#6798 = CARTESIAN_POINT('',(-26.20487912904,64.096389072868,
    6.666352115835));
#6799 = CARTESIAN_POINT('',(-26.254897146,64.053980697167,6.71573556439)
  );
#6800 = CARTESIAN_POINT('',(-26.3094218619,64.013380432795,
    6.762253004303));
#6801 = CARTESIAN_POINT('',(-26.36856449176,63.975183910255,
    6.805480349714));
#6802 = CARTESIAN_POINT('',(-26.43239336442,63.940047370205,
    6.844870321586));
#6803 = CARTESIAN_POINT('',(-26.55450200069,63.884202523274,
    6.907040360411));
#6804 = CARTESIAN_POINT('',(-26.61119456385,63.861911306969,
    6.931688621957));
#6805 = CARTESIAN_POINT('',(-26.67064364971,63.842406955724,
    6.953138945547));
#6806 = CARTESIAN_POINT('',(-26.73244454858,63.826167389039,
    6.970927350912));
#6807 = CARTESIAN_POINT('',(-26.7961461913,63.813574785775,
    6.984684812272));
#6808 = CARTESIAN_POINT('',(-26.86126280012,63.804912880142,
    6.994135493621));
#6809 = CARTESIAN_POINT('',(-26.92728556438,63.800365531409,
    6.999096174052));
#6810 = CARTESIAN_POINT('',(-27.03758153962,63.799785949393,
    6.999728447001));
#6811 = CARTESIAN_POINT('',(-27.08144246736,63.801389841128,
    6.997978670276));
#6812 = CARTESIAN_POINT('',(-27.12509365921,63.804824175181,
    6.994232454348));
#6813 = CARTESIAN_POINT('',(-27.16835147747,63.810057287708,
    6.988521241342));
#6814 = CARTESIAN_POINT('',(-27.21103471629,63.817030201642,
    6.980903083126));
#6815 = CARTESIAN_POINT('',(-27.25296720621,63.825656909958,
    6.971462730332));
#6816 = CARTESIAN_POINT('',(-27.29398041867,63.835824658935,
    6.96031172137));
#6817 = CARTESIAN_POINT('',(-27.43223795115,63.875878607338,
    6.916263732857));
#6818 = CARTESIAN_POINT('',(-27.52353205629,63.912716864299,
    6.875566652945));
#6819 = CARTESIAN_POINT('',(-27.60741491058,63.95622618002,
    6.827137097562));
#6820 = CARTESIAN_POINT('',(-27.68378228975,64.00490592646,
    6.772331699394));
#6821 = CARTESIAN_POINT('',(-27.75269054525,64.057418903027,
    6.712272080287));
#6822 = CARTESIAN_POINT('',(-27.81430763289,64.112513589384,
    6.647815259731));
#6823 = CARTESIAN_POINT('',(-27.86884967395,64.1690083926,6.579584481425
    ));
#6824 = CARTESIAN_POINT('',(-27.94586428649,64.260127491874,
    6.463553457398));
#6825 = CARTESIAN_POINT('',(-27.97225353452,64.294403864013,
    6.418494947258));
#6826 = CARTESIAN_POINT('',(-27.99622692293,64.328342119005,
    6.372117218946));
#6827 = CARTESIAN_POINT('',(-28.01799849566,64.361889538536,
    6.323939690115));
#6828 = CARTESIAN_POINT('',(-28.03746070862,64.394602150682,
    6.273712720572));
#6829 = CARTESIAN_POINT('',(-28.05436429442,64.425518465352,
    6.221432690924));
#6830 = CARTESIAN_POINT('',(-28.06846962808,64.453182132989,
    6.167194641773));
#6831 = CARTESIAN_POINT('',(-28.084316472,64.485821333006,6.086276671724
    ));
#6832 = CARTESIAN_POINT('',(-28.08860375547,64.49491740558,6.06098114099
    ));
#6833 = CARTESIAN_POINT('',(-28.09227075883,64.502919147947,
    6.035184742375));
#6834 = CARTESIAN_POINT('',(-28.09526546054,64.509609372387,
    6.009010679625));
#6835 = CARTESIAN_POINT('',(-28.09755597609,64.514813406927,
    5.982542694084));
#6836 = CARTESIAN_POINT('',(-28.09912060319,64.518400003628,
    5.955833168047));
#6837 = CARTESIAN_POINT('',(-28.09994087098,64.520281227721,
    5.92891195767));
#6838 = CARTESIAN_POINT('',(-28.10005481527,64.520542573443,
    5.874441109231));
#6839 = CARTESIAN_POINT('',(-28.09933418846,64.518889900228,
    5.847266164112));
#6840 = CARTESIAN_POINT('',(-28.09785383719,64.515491992776,
    5.820292575257));
#6841 = CARTESIAN_POINT('',(-28.09563174355,64.510432930695,
    5.793553628056));
#6842 = CARTESIAN_POINT('',(-28.09268942364,64.503843440423,
    5.767104998887));
#6843 = CARTESIAN_POINT('',(-28.08905900407,64.495901027812,
    5.741034554482));
#6844 = CARTESIAN_POINT('',(-28.08479369882,64.48682899124,
    5.715471389902));
#6845 = CARTESIAN_POINT('',(-28.06914533216,64.454522040818,
    5.634572001898));
#6846 = CARTESIAN_POINT('',(-28.05525996423,64.427204311251,
    5.580598512133));
#6847 = CARTESIAN_POINT('',(-28.03860677547,64.396624043785,
    5.528568385673));
#6848 = CARTESIAN_POINT('',(-28.01942232556,64.364223614809,
    5.478571349105));
#6849 = CARTESIAN_POINT('',(-27.99795309137,64.330961772143,
    5.43060402628));
#6850 = CARTESIAN_POINT('',(-27.97430876803,64.29728757425,
    5.384422059742));
#6851 = CARTESIAN_POINT('',(-27.94828484586,64.263259800047,
    5.339550905383));
#6852 = CARTESIAN_POINT('',(-27.88213431861,64.184409795913,
    5.238869279819));
#6853 = CARTESIAN_POINT('',(-27.84075949379,64.140053577218,
    5.184575494748));
#6854 = CARTESIAN_POINT('',(-27.79512087096,64.096389072868,
    5.132637757389));
#6855 = CARTESIAN_POINT('',(-27.74510285399,64.053980697167,
    5.083254308833));
#6856 = CARTESIAN_POINT('',(-27.69057813809,64.013380432796,
    5.03673686892));
#6857 = CARTESIAN_POINT('',(-27.63143550823,63.975183910255,
    4.993509523509));
#6858 = CARTESIAN_POINT('',(-27.56760663557,63.940047370205,
    4.954119551638));
#6859 = CARTESIAN_POINT('',(-27.4454979993,63.884202523274,
    4.891949512812));
#6860 = CARTESIAN_POINT('',(-27.38880543614,63.861911306969,
    4.867301251266));
#6861 = CARTESIAN_POINT('',(-27.32935635028,63.842406955724,
    4.845850927676));
#6862 = CARTESIAN_POINT('',(-27.26755545141,63.826167389039,
    4.828062522311));
#6863 = CARTESIAN_POINT('',(-27.20385380869,63.813574785775,
    4.814305060951));
#6864 = CARTESIAN_POINT('',(-27.13873719987,63.804912880142,
    4.804854379602));
#6865 = CARTESIAN_POINT('',(-27.07271443561,63.800365531409,
    4.799893699172));
#6866 = CARTESIAN_POINT('',(-26.96241846037,63.799785949393,
    4.799261426222));
#6867 = CARTESIAN_POINT('',(-26.91855753263,63.801389841128,
    4.801011202947));
#6868 = CARTESIAN_POINT('',(-26.87490634078,63.804824175181,
    4.804757418875));
#6869 = CARTESIAN_POINT('',(-26.83164852252,63.810057287708,
    4.810468631881));
#6870 = CARTESIAN_POINT('',(-26.7889652837,63.817030201642,
    4.818086790097));
#6871 = CARTESIAN_POINT('',(-26.74703279379,63.825656909958,
    4.827527142891));
#6872 = CARTESIAN_POINT('',(-26.70601958132,63.835824658935,
    4.838678151854));
#6873 = CARTESIAN_POINT('',(-26.56776204884,63.875878607338,
    4.882726140367));
#6874 = CARTESIAN_POINT('',(-26.4764679437,63.9127168643,4.923423220279)
  );
#6875 = CARTESIAN_POINT('',(-26.39258508941,63.956226180019,
    4.971852775659));
#6876 = CARTESIAN_POINT('',(-26.31621771024,64.004905926461,
    5.026658173832));
#6877 = CARTESIAN_POINT('',(-26.24730945474,64.057418903026,
    5.086717792934));
#6878 = CARTESIAN_POINT('',(-26.1856923671,64.112513589384,
    5.151174613493));
#6879 = CARTESIAN_POINT('',(-26.13115032605,64.1690083926,5.219405391798
    ));
#6880 = CARTESIAN_POINT('',(-26.0541357135,64.260127491874,
    5.335436415825));
#6881 = CARTESIAN_POINT('',(-26.02774646547,64.294403864013,
    5.380494925965));
#6882 = CARTESIAN_POINT('',(-26.00377307706,64.328342119005,
    5.426872654277));
#6883 = CARTESIAN_POINT('',(-25.98200150433,64.361889538536,
    5.475050183108));
#6884 = CARTESIAN_POINT('',(-25.96253929137,64.394602150682,
    5.525277152651));
#6885 = CARTESIAN_POINT('',(-25.94563570558,64.425518465352,5.5775571823
    ));
#6886 = CARTESIAN_POINT('',(-25.93153037191,64.453182132989,
    5.63179523145));
#6887 = CARTESIAN_POINT('',(-25.91563324749,64.485924894009,
    5.712969946338));
#6888 = CARTESIAN_POINT('',(-25.91130556271,64.495109739644,
    5.738543105391));
#6889 = CARTESIAN_POINT('',(-25.90761206981,64.503174854352,
    5.764629185159));
#6890 = CARTESIAN_POINT('',(-25.90460672652,64.509895046148,
    5.791098925793));
#6891 = CARTESIAN_POINT('',(-25.9023221956,64.515090345232,
    5.817864662233));
#6892 = CARTESIAN_POINT('',(-25.90078043773,64.51862691485,
    5.844871528048));
#6893 = CARTESIAN_POINT('',(-25.9,64.520416847669,5.872087879037));
#6894 = CARTESIAN_POINT('',(-25.9,64.520416847669,5.899494936612));
#6895 = PCURVE('',#1625,#6896);
#6896 = DEFINITIONAL_REPRESENTATION('',(#6897),#7012);
#6897 = B_SPLINE_CURVE_WITH_KNOTS('',8,(#6898,#6899,#6900,#6901,#6902,
    #6903,#6904,#6905,#6906,#6907,#6908,#6909,#6910,#6911,#6912,#6913,
    #6914,#6915,#6916,#6917,#6918,#6919,#6920,#6921,#6922,#6923,#6924,
    #6925,#6926,#6927,#6928,#6929,#6930,#6931,#6932,#6933,#6934,#6935,
    #6936,#6937,#6938,#6939,#6940,#6941,#6942,#6943,#6944,#6945,#6946,
    #6947,#6948,#6949,#6950,#6951,#6952,#6953,#6954,#6955,#6956,#6957,
    #6958,#6959,#6960,#6961,#6962,#6963,#6964,#6965,#6966,#6967,#6968,
    #6969,#6970,#6971,#6972,#6973,#6974,#6975,#6976,#6977,#6978,#6979,
    #6980,#6981,#6982,#6983,#6984,#6985,#6986,#6987,#6988,#6989,#6990,
    #6991,#6992,#6993,#6994,#6995,#6996,#6997,#6998,#6999,#7000,#7001,
    #7002,#7003,#7004,#7005,#7006,#7007,#7008,#7009,#7010,#7011),
  .UNSPECIFIED.,.T.,.F.,(9,7,7,7,7,7,7,7,7,7,7,7,7,7,7,7,9),(0.,
    2.935987273156E-02,9.617131680911E-02,0.181971541822,0.249076344077,
    0.293423521415,0.402606611086,0.46992442958,0.499371530886,
    0.529078009034,0.595975156323,0.681885442642,0.749076324417,
    0.793480388649,0.902803534287,0.97020770555,1.),.UNSPECIFIED.);
#6898 = CARTESIAN_POINT('',(-5.872047444857,-2.));
#6899 = CARTESIAN_POINT('',(-5.872047444857,-2.027063139679));
#6900 = CARTESIAN_POINT('',(-5.870460822272,-2.053942866677));
#6901 = CARTESIAN_POINT('',(-5.867324916003,-2.080619562154));
#6902 = CARTESIAN_POINT('',(-5.862710105641,-2.107061592707));
#6903 = CARTESIAN_POINT('',(-5.856721337065,-2.133215508815));
#6904 = CARTESIAN_POINT('',(-5.849500084172,-2.158996951528));
#6905 = CARTESIAN_POINT('',(-5.841226746741,-2.184282267374));
#6906 = CARTESIAN_POINT('',(-5.811408064222,-2.264922934714));
#6907 = CARTESIAN_POINT('',(-5.785875834526,-2.318896424479));
#6908 = CARTESIAN_POINT('',(-5.756878617556,-2.370926550939));
#6909 = CARTESIAN_POINT('',(-5.72554137018,-2.420923587507));
#6910 = CARTESIAN_POINT('',(-5.692601189446,-2.468890910332));
#6911 = CARTESIAN_POINT('',(-5.658357382373,-2.515072876869));
#6912 = CARTESIAN_POINT('',(-5.622695284192,-2.559944031228));
#6913 = CARTESIAN_POINT('',(-5.53692582816,-2.660625656793));
#6914 = CARTESIAN_POINT('',(-5.48644774926,-2.714919441864));
#6915 = CARTESIAN_POINT('',(-5.433956448287,-2.766857179223));
#6916 = CARTESIAN_POINT('',(-5.379513235316,-2.816240627779));
#6917 = CARTESIAN_POINT('',(-5.323101424749,-2.862758067692));
#6918 = CARTESIAN_POINT('',(-5.264665464809,-2.905985413103));
#6919 = CARTESIAN_POINT('',(-5.204115421956,-2.945375384974));
#6920 = CARTESIAN_POINT('',(-5.092221480416,-3.0075454238));
#6921 = CARTESIAN_POINT('',(-5.041531706539,-3.032193685345));
#6922 = CARTESIAN_POINT('',(-4.98953849573,-3.053644008936));
#6923 = CARTESIAN_POINT('',(-4.93648453343,-3.071432414301));
#6924 = CARTESIAN_POINT('',(-4.882582507491,-3.085189875661));
#6925 = CARTESIAN_POINT('',(-4.828023297049,-3.094640557009));
#6926 = CARTESIAN_POINT('',(-4.772985131629,-3.09960123744));
#6927 = CARTESIAN_POINT('',(-4.681070549946,-3.100233510389));
#6928 = CARTESIAN_POINT('',(-4.644527328243,-3.098483733664));
#6929 = CARTESIAN_POINT('',(-4.608092309534,-3.094737517737));
#6930 = CARTESIAN_POINT('',(-4.57184438593,-3.08902630473));
#6931 = CARTESIAN_POINT('',(-4.535864507996,-3.081408146514));
#6932 = CARTESIAN_POINT('',(-4.500237105272,-3.07196779372));
#6933 = CARTESIAN_POINT('',(-4.4650515068,-3.060816784758));
#6934 = CARTESIAN_POINT('',(-4.345099363363,-3.016768796245));
#6935 = CARTESIAN_POINT('',(-4.263483444814,-2.976071716333));
#6936 = CARTESIAN_POINT('',(-4.185306473869,-2.927642160952));
#6937 = CARTESIAN_POINT('',(-4.110399059015,-2.872836762781));
#6938 = CARTESIAN_POINT('',(-4.038662301212,-2.812777143676));
#6939 = CARTESIAN_POINT('',(-3.970096571765,-2.748320323119));
#6940 = CARTESIAN_POINT('',(-3.904800336466,-2.680089544814));
#6941 = CARTESIAN_POINT('',(-3.805378602876,-2.564058520787));
#6942 = CARTESIAN_POINT('',(-3.76936792311,-2.519000010646));
#6943 = CARTESIAN_POINT('',(-3.734787587211,-2.472622282334));
#6944 = CARTESIAN_POINT('',(-3.701512222629,-2.424444753504));
#6945 = CARTESIAN_POINT('',(-3.669834492903,-2.374217783961));
#6946 = CARTESIAN_POINT('',(-3.64049235873,-2.321937754312));
#6947 = CARTESIAN_POINT('',(-3.614620281195,-2.267699705161));
#6948 = CARTESIAN_POINT('',(-3.58438463446,-2.186781735112));
#6949 = CARTESIAN_POINT('',(-3.576005378052,-2.161486204378));
#6950 = CARTESIAN_POINT('',(-3.568670958595,-2.135689805763));
#6951 = CARTESIAN_POINT('',(-3.56256304094,-2.109515743013));
#6952 = CARTESIAN_POINT('',(-3.557824928029,-2.083047757472));
#6953 = CARTESIAN_POINT('',(-3.55456401342,-2.056338231436));
#6954 = CARTESIAN_POINT('',(-3.552853807038,-2.029417021059));
#6955 = CARTESIAN_POINT('',(-3.552616219498,-1.974946172619));
#6956 = CARTESIAN_POINT('',(-3.55411865169,-1.9477712275));
#6957 = CARTESIAN_POINT('',(-3.557207365463,-1.920797638645));
#6958 = CARTESIAN_POINT('',(-3.561811947022,-1.894058691445));
#6959 = CARTESIAN_POINT('',(-3.567825428882,-1.867610062275));
#6960 = CARTESIAN_POINT('',(-3.57510221644,-1.84153961787));
#6961 = CARTESIAN_POINT('',(-3.583455546302,-1.81597645329));
#6962 = CARTESIAN_POINT('',(-3.613369896548,-1.735077065286));
#6963 = CARTESIAN_POINT('',(-3.638902126244,-1.681103575521));
#6964 = CARTESIAN_POINT('',(-3.667899343213,-1.629073449062));
#6965 = CARTESIAN_POINT('',(-3.699236590589,-1.579076412493));
#6966 = CARTESIAN_POINT('',(-3.732176771324,-1.531109089668));
#6967 = CARTESIAN_POINT('',(-3.766420578397,-1.48492712313));
#6968 = CARTESIAN_POINT('',(-3.802082676577,-1.440055968772));
#6969 = CARTESIAN_POINT('',(-3.88785213261,-1.339374343207));
#6970 = CARTESIAN_POINT('',(-3.938330211509,-1.285080558136));
#6971 = CARTESIAN_POINT('',(-3.990821512482,-1.233142820777));
#6972 = CARTESIAN_POINT('',(-4.045264725454,-1.183759372221));
#6973 = CARTESIAN_POINT('',(-4.10167653602,-1.137241932308));
#6974 = CARTESIAN_POINT('',(-4.16011249596,-1.094014586897));
#6975 = CARTESIAN_POINT('',(-4.220662538814,-1.054624615026));
#6976 = CARTESIAN_POINT('',(-4.332556480354,-0.9924545762));
#6977 = CARTESIAN_POINT('',(-4.38324625423,-0.967806314655));
#6978 = CARTESIAN_POINT('',(-4.43523946504,-0.946355991064));
#6979 = CARTESIAN_POINT('',(-4.488293427339,-0.928567585699));
#6980 = CARTESIAN_POINT('',(-4.542195453278,-0.914810124339));
#6981 = CARTESIAN_POINT('',(-4.59675466372,-0.905359442991));
#6982 = CARTESIAN_POINT('',(-4.65179282914,-0.90039876256));
#6983 = CARTESIAN_POINT('',(-4.743707410824,-0.899766489611));
#6984 = CARTESIAN_POINT('',(-4.780250632526,-0.901516266336));
#6985 = CARTESIAN_POINT('',(-4.816685651235,-0.905262482263));
#6986 = CARTESIAN_POINT('',(-4.852933574839,-0.91097369527));
#6987 = CARTESIAN_POINT('',(-4.888913452774,-0.918591853486));
#6988 = CARTESIAN_POINT('',(-4.924540855497,-0.92803220628));
#6989 = CARTESIAN_POINT('',(-4.959726453969,-0.939183215242));
#6990 = CARTESIAN_POINT('',(-5.079678597407,-0.983231203755));
#6991 = CARTESIAN_POINT('',(-5.161294515956,-1.023928283668));
#6992 = CARTESIAN_POINT('',(-5.239471486899,-1.072357839047));
#6993 = CARTESIAN_POINT('',(-5.314378901756,-1.12716323722));
#6994 = CARTESIAN_POINT('',(-5.386115659556,-1.187222856323));
#6995 = CARTESIAN_POINT('',(-5.454681389005,-1.251679676881));
#6996 = CARTESIAN_POINT('',(-5.519977624304,-1.319910455186));
#6997 = CARTESIAN_POINT('',(-5.619399357894,-1.435941479214));
#6998 = CARTESIAN_POINT('',(-5.65541003766,-1.480999989354));
#6999 = CARTESIAN_POINT('',(-5.689990373559,-1.527377717666));
#7000 = CARTESIAN_POINT('',(-5.723265738141,-1.575555246496));
#7001 = CARTESIAN_POINT('',(-5.754943467866,-1.625782216039));
#7002 = CARTESIAN_POINT('',(-5.78428560204,-1.678062245688));
#7003 = CARTESIAN_POINT('',(-5.810157679574,-1.732300294839));
#7004 = CARTESIAN_POINT('',(-5.840489261071,-1.813475009726));
#7005 = CARTESIAN_POINT('',(-5.848949768225,-1.839048168779));
#7006 = CARTESIAN_POINT('',(-5.856341380046,-1.865134248547));
#7007 = CARTESIAN_POINT('',(-5.862475709777,-1.891603989181));
#7008 = CARTESIAN_POINT('',(-5.867205153972,-1.918369725622));
#7009 = CARTESIAN_POINT('',(-5.870420241925,-1.945376591437));
#7010 = CARTESIAN_POINT('',(-5.872047444857,-1.972592942425));
#7011 = CARTESIAN_POINT('',(-5.872047444857,-2.));
#7012 = ( GEOMETRIC_REPRESENTATION_CONTEXT(2) 
PARAMETRIC_REPRESENTATION_CONTEXT() REPRESENTATION_CONTEXT('2D SPACE',''
  ) );
#7013 = PCURVE('',#7014,#7019);
#7014 = CYLINDRICAL_SURFACE('',#7015,1.1);
#7015 = AXIS2_PLACEMENT_3D('',#7016,#7017,#7018);
#7016 = CARTESIAN_POINT('',(-27.,73.,5.899494936612));
#7017 = DIRECTION('',(-0.,1.,-0.));
#7018 = DIRECTION('',(1.,0.,0.));
#7019 = DEFINITIONAL_REPRESENTATION('',(#7020),#7135);
#7020 = B_SPLINE_CURVE_WITH_KNOTS('',8,(#7021,#7022,#7023,#7024,#7025,
    #7026,#7027,#7028,#7029,#7030,#7031,#7032,#7033,#7034,#7035,#7036,
    #7037,#7038,#7039,#7040,#7041,#7042,#7043,#7044,#7045,#7046,#7047,
    #7048,#7049,#7050,#7051,#7052,#7053,#7054,#7055,#7056,#7057,#7058,
    #7059,#7060,#7061,#7062,#7063,#7064,#7065,#7066,#7067,#7068,#7069,
    #7070,#7071,#7072,#7073,#7074,#7075,#7076,#7077,#7078,#7079,#7080,
    #7081,#7082,#7083,#7084,#7085,#7086,#7087,#7088,#7089,#7090,#7091,
    #7092,#7093,#7094,#7095,#7096,#7097,#7098,#7099,#7100,#7101,#7102,
    #7103,#7104,#7105,#7106,#7107,#7108,#7109,#7110,#7111,#7112,#7113,
    #7114,#7115,#7116,#7117,#7118,#7119,#7120,#7121,#7122,#7123,#7124,
    #7125,#7126,#7127,#7128,#7129,#7130,#7131,#7132,#7133,#7134),
  .UNSPECIFIED.,.F.,.F.,(9,7,7,7,7,7,7,7,7,7,7,7,7,7,7,7,9),(0.,
    2.935987273156E-02,9.617131680911E-02,0.181971541822,0.249076344077,
    0.293423521415,0.402606611086,0.46992442958,0.499371530886,
    0.529078009034,0.595975156323,0.681885442642,0.749076324417,
    0.793480388649,0.902803534287,0.97020770555,1.),.UNSPECIFIED.);
#7021 = CARTESIAN_POINT('',(0.,-8.479583152331));
#7022 = CARTESIAN_POINT('',(-2.460285425366E-02,-8.479583152331));
#7023 = CARTESIAN_POINT('',(-4.903894922304E-02,-8.481328445761));
#7024 = CARTESIAN_POINT('',(-7.331323959987E-02,-8.484777918554));
#7025 = CARTESIAN_POINT('',(-9.741819279577E-02,-8.489847468027));
#7026 = CARTESIAN_POINT('',(-0.121325535423,-8.496408878724));
#7027 = CARTESIAN_POINT('',(-0.144977128037,-8.504289728969));
#7028 = CARTESIAN_POINT('',(-0.168274968145,-8.513274328153));
#7029 = CARTESIAN_POINT('',(-0.242943518887,-8.545477959182));
#7030 = CARTESIAN_POINT('',(-0.293514893959,-8.572795688749));
#7031 = CARTESIAN_POINT('',(-0.34304082977,-8.603375956215));
#7032 = CARTESIAN_POINT('',(-0.391573329881,-8.635776385191));
#7033 = CARTESIAN_POINT('',(-0.439211693214,-8.669038227857));
#7034 = CARTESIAN_POINT('',(-0.486271502791,-8.70271242575));
#7035 = CARTESIAN_POINT('',(-0.533354026938,-8.736740199953));
#7036 = CARTESIAN_POINT('',(-0.642870929975,-8.815590204087));
#7037 = CARTESIAN_POINT('',(-0.704775819204,-8.859946422782));
#7038 = CARTESIAN_POINT('',(-0.767374701341,-8.903610927132));
#7039 = CARTESIAN_POINT('',(-0.830946983738,-8.946019302833));
#7040 = CARTESIAN_POINT('',(-0.895745809873,-8.986619567205));
#7041 = CARTESIAN_POINT('',(-0.96200975546,-9.024816089745));
#7042 = CARTESIAN_POINT('',(-1.029966723613,-9.059952629795));
#7043 = CARTESIAN_POINT('',(-1.154534182783,-9.115797476726));
#7044 = CARTESIAN_POINT('',(-1.210629321619,-9.138088693031));
#7045 = CARTESIAN_POINT('',(-1.267887606786,-9.157593044276));
#7046 = CARTESIAN_POINT('',(-1.326093228724,-9.173832610961));
#7047 = CARTESIAN_POINT('',(-1.385065140013,-9.186425214225));
#7048 = CARTESIAN_POINT('',(-1.444645742311,-9.195087119859));
#7049 = CARTESIAN_POINT('',(-1.504691271074,-9.199634468591));
#7050 = CARTESIAN_POINT('',(-1.604961986966,-9.200214050607));
#7051 = CARTESIAN_POINT('',(-1.644825797756,-9.198610158872));
#7052 = CARTESIAN_POINT('',(-1.684585288307,-9.195175824819));
#7053 = CARTESIAN_POINT('',(-1.724169797382,-9.189942712292));
#7054 = CARTESIAN_POINT('',(-1.763506251742,-9.182969798358));
#7055 = CARTESIAN_POINT('',(-1.802517393256,-9.174343090042));
#7056 = CARTESIAN_POINT('',(-1.84112000601,-9.164175341065));
#7057 = CARTESIAN_POINT('',(-1.97303335905,-9.124121392662));
#7058 = CARTESIAN_POINT('',(-2.06334268309,-9.087283135701));
#7059 = CARTESIAN_POINT('',(-2.150623707925,-9.04377381998));
#7060 = CARTESIAN_POINT('',(-2.235277975343,-8.99509407354));
#7061 = CARTESIAN_POINT('',(-2.317670166865,-8.942581096973));
#7062 = CARTESIAN_POINT('',(-2.398200683617,-8.887486410616));
#7063 = CARTESIAN_POINT('',(-2.477301143769,-8.8309916074));
#7064 = CARTESIAN_POINT('',(-2.603904738964,-8.739872508126));
#7065 = CARTESIAN_POINT('',(-2.651300031454,-8.705596135987));
#7066 = CARTESIAN_POINT('',(-2.698652884313,-8.671657880995));
#7067 = CARTESIAN_POINT('',(-2.746575834955,-8.638110461464));
#7068 = CARTESIAN_POINT('',(-2.795391586748,-8.605397849318));
#7069 = CARTESIAN_POINT('',(-2.845201098704,-8.574481534648));
#7070 = CARTESIAN_POINT('',(-2.896053937365,-8.546817867011));
#7071 = CARTESIAN_POINT('',(-2.971013101671,-8.514178666994));
#7072 = CARTESIAN_POINT('',(-2.994329389442,-8.50508259442));
#7073 = CARTESIAN_POINT('',(-3.01800230875,-8.497080852053));
#7074 = CARTESIAN_POINT('',(-3.041934168501,-8.490390627613));
#7075 = CARTESIAN_POINT('',(-3.066067347834,-8.485186593073));
#7076 = CARTESIAN_POINT('',(-3.0903745372,-8.481599996372));
#7077 = CARTESIAN_POINT('',(-3.114849851714,-8.479718772279));
#7078 = CARTESIAN_POINT('',(-3.164368913182,-8.479457426557));
#7079 = CARTESIAN_POINT('',(-3.18907196154,-8.481110099772));
#7080 = CARTESIAN_POINT('',(-3.213614034341,-8.484508007224));
#7081 = CARTESIAN_POINT('',(-3.237986839388,-8.489567069305));
#7082 = CARTESIAN_POINT('',(-3.262160827728,-8.496156559577));
#7083 = CARTESIAN_POINT('',(-3.286075378614,-8.504098972188));
#7084 = CARTESIAN_POINT('',(-3.309628061502,-8.51317100876));
#7085 = CARTESIAN_POINT('',(-3.384536172477,-8.545477959182));
#7086 = CARTESIAN_POINT('',(-3.435107547549,-8.572795688749));
#7087 = CARTESIAN_POINT('',(-3.48463348336,-8.603375956215));
#7088 = CARTESIAN_POINT('',(-3.533165983471,-8.635776385191));
#7089 = CARTESIAN_POINT('',(-3.580804346804,-8.669038227857));
#7090 = CARTESIAN_POINT('',(-3.627864156381,-8.70271242575));
#7091 = CARTESIAN_POINT('',(-3.674946680528,-8.736740199953));
#7092 = CARTESIAN_POINT('',(-3.784463583564,-8.815590204087));
#7093 = CARTESIAN_POINT('',(-3.846368472794,-8.859946422782));
#7094 = CARTESIAN_POINT('',(-3.90896735493,-8.903610927132));
#7095 = CARTESIAN_POINT('',(-3.972539637328,-8.946019302833));
#7096 = CARTESIAN_POINT('',(-4.037338463463,-8.986619567205));
#7097 = CARTESIAN_POINT('',(-4.10360240905,-9.024816089745));
#7098 = CARTESIAN_POINT('',(-4.171559377203,-9.059952629795));
#7099 = CARTESIAN_POINT('',(-4.296126836373,-9.115797476726));
#7100 = CARTESIAN_POINT('',(-4.352221975209,-9.138088693031));
#7101 = CARTESIAN_POINT('',(-4.409480260376,-9.157593044276));
#7102 = CARTESIAN_POINT('',(-4.467685882314,-9.173832610961));
#7103 = CARTESIAN_POINT('',(-4.526657793603,-9.186425214225));
#7104 = CARTESIAN_POINT('',(-4.586238395901,-9.195087119858));
#7105 = CARTESIAN_POINT('',(-4.646283924664,-9.199634468591));
#7106 = CARTESIAN_POINT('',(-4.746554640556,-9.200214050607));
#7107 = CARTESIAN_POINT('',(-4.786418451346,-9.198610158872));
#7108 = CARTESIAN_POINT('',(-4.826177941896,-9.195175824819));
#7109 = CARTESIAN_POINT('',(-4.865762450972,-9.189942712292));
#7110 = CARTESIAN_POINT('',(-4.905098905332,-9.182969798358));
#7111 = CARTESIAN_POINT('',(-4.944110046846,-9.174343090042));
#7112 = CARTESIAN_POINT('',(-4.9827126596,-9.164175341065));
#7113 = CARTESIAN_POINT('',(-5.114626012639,-9.124121392662));
#7114 = CARTESIAN_POINT('',(-5.204935336679,-9.0872831357));
#7115 = CARTESIAN_POINT('',(-5.292216361516,-9.043773819981));
#7116 = CARTESIAN_POINT('',(-5.376870628931,-8.995094073539));
#7117 = CARTESIAN_POINT('',(-5.459262820456,-8.942581096974));
#7118 = CARTESIAN_POINT('',(-5.539793337206,-8.887486410616));
#7119 = CARTESIAN_POINT('',(-5.618893797358,-8.8309916074));
#7120 = CARTESIAN_POINT('',(-5.745497392554,-8.739872508126));
#7121 = CARTESIAN_POINT('',(-5.792892685044,-8.705596135987));
#7122 = CARTESIAN_POINT('',(-5.840245537903,-8.671657880995));
#7123 = CARTESIAN_POINT('',(-5.888168488545,-8.638110461464));
#7124 = CARTESIAN_POINT('',(-5.936984240338,-8.605397849318));
#7125 = CARTESIAN_POINT('',(-5.986793752294,-8.574481534648));
#7126 = CARTESIAN_POINT('',(-6.037646590955,-8.546817867011));
#7127 = CARTESIAN_POINT('',(-6.112843593389,-8.514075105991));
#7128 = CARTESIAN_POINT('',(-6.136414621735,-8.504890260356));
#7129 = CARTESIAN_POINT('',(-6.160351184225,-8.496825145648));
#7130 = CARTESIAN_POINT('',(-6.184550588942,-8.490104953852));
#7131 = CARTESIAN_POINT('',(-6.208952359609,-8.484909654768));
#7132 = CARTESIAN_POINT('',(-6.233527684675,-8.48137308515));
#7133 = CARTESIAN_POINT('',(-6.258269800294,-8.479583152331));
#7134 = CARTESIAN_POINT('',(-6.28318530718,-8.479583152331));
#7135 = ( GEOMETRIC_REPRESENTATION_CONTEXT(2) 
PARAMETRIC_REPRESENTATION_CONTEXT() REPRESENTATION_CONTEXT('2D SPACE',''
  ) );
#7136 = ADVANCED_FACE('',(#7137,#7163,#7521),#1656,.F.);
#7137 = FACE_BOUND('',#7138,.T.);
#7138 = EDGE_LOOP('',(#7139,#7140,#7161,#7162));
#7139 = ORIENTED_EDGE('',*,*,#1639,.F.);
#7140 = ORIENTED_EDGE('',*,*,#7141,.T.);
#7141 = EDGE_CURVE('',#1640,#2751,#7142,.T.);
#7142 = SEAM_CURVE('',#7143,(#7147,#7154),.PCURVE_S1.);
#7143 = LINE('',#7144,#7145);
#7144 = CARTESIAN_POINT('',(-7.8,65.,3.899494936612));
#7145 = VECTOR('',#7146,1.);
#7146 = DIRECTION('',(0.,0.,1.));
#7147 = PCURVE('',#1656,#7148);
#7148 = DEFINITIONAL_REPRESENTATION('',(#7149),#7153);
#7149 = LINE('',#7150,#7151);
#7150 = CARTESIAN_POINT('',(-6.28318530718,0.));
#7151 = VECTOR('',#7152,1.);
#7152 = DIRECTION('',(-0.,-1.));
#7153 = ( GEOMETRIC_REPRESENTATION_CONTEXT(2) 
PARAMETRIC_REPRESENTATION_CONTEXT() REPRESENTATION_CONTEXT('2D SPACE',''
  ) );
#7154 = PCURVE('',#1656,#7155);
#7155 = DEFINITIONAL_REPRESENTATION('',(#7156),#7160);
#7156 = LINE('',#7157,#7158);
#7157 = CARTESIAN_POINT('',(-0.,0.));
#7158 = VECTOR('',#7159,1.);
#7159 = DIRECTION('',(-0.,-1.));
#7160 = ( GEOMETRIC_REPRESENTATION_CONTEXT(2) 
PARAMETRIC_REPRESENTATION_CONTEXT() REPRESENTATION_CONTEXT('2D SPACE',''
  ) );
#7161 = ORIENTED_EDGE('',*,*,#2750,.F.);
#7162 = ORIENTED_EDGE('',*,*,#7141,.F.);
#7163 = FACE_BOUND('',#7164,.T.);
#7164 = EDGE_LOOP('',(#7165));
#7165 = ORIENTED_EDGE('',*,*,#7166,.F.);
#7166 = EDGE_CURVE('',#7167,#7167,#7169,.T.);
#7167 = VERTEX_POINT('',#7168);
#7168 = CARTESIAN_POINT('',(-7.9,65.479583152331,5.899494936612));
#7169 = SURFACE_CURVE('',#7170,(#7285,#7403),.PCURVE_S1.);
#7170 = B_SPLINE_CURVE_WITH_KNOTS('',8,(#7171,#7172,#7173,#7174,#7175,
    #7176,#7177,#7178,#7179,#7180,#7181,#7182,#7183,#7184,#7185,#7186,
    #7187,#7188,#7189,#7190,#7191,#7192,#7193,#7194,#7195,#7196,#7197,
    #7198,#7199,#7200,#7201,#7202,#7203,#7204,#7205,#7206,#7207,#7208,
    #7209,#7210,#7211,#7212,#7213,#7214,#7215,#7216,#7217,#7218,#7219,
    #7220,#7221,#7222,#7223,#7224,#7225,#7226,#7227,#7228,#7229,#7230,
    #7231,#7232,#7233,#7234,#7235,#7236,#7237,#7238,#7239,#7240,#7241,
    #7242,#7243,#7244,#7245,#7246,#7247,#7248,#7249,#7250,#7251,#7252,
    #7253,#7254,#7255,#7256,#7257,#7258,#7259,#7260,#7261,#7262,#7263,
    #7264,#7265,#7266,#7267,#7268,#7269,#7270,#7271,#7272,#7273,#7274,
    #7275,#7276,#7277,#7278,#7279,#7280,#7281,#7282,#7283,#7284),
  .UNSPECIFIED.,.T.,.F.,(9,7,7,7,7,7,7,7,7,7,7,7,7,7,7,7,9),(0.,
    2.935987273828E-02,9.617131683098E-02,0.181971541863,0.249076344134,
    0.293423521477,0.402606611147,0.46992442964,0.499371530946,
    0.529078009094,0.595975156382,0.6818854427,0.749076324476,
    0.793480388702,0.902803534313,0.970207705558,1.),.UNSPECIFIED.);
#7171 = CARTESIAN_POINT('',(-7.9,65.479583152331,5.899494936612));
#7172 = CARTESIAN_POINT('',(-7.9,65.479583152331,5.926558076291));
#7173 = CARTESIAN_POINT('',(-7.90076097248,65.481328445761,
    5.953437803288));
#7174 = CARTESIAN_POINT('',(-7.902264765562,65.484777918554,
    5.980114498766));
#7175 = CARTESIAN_POINT('',(-7.90449351282,65.489847468027,
    6.006556529318));
#7176 = CARTESIAN_POINT('',(-7.907425968475,65.496408878724,
    6.032710445427));
#7177 = CARTESIAN_POINT('',(-7.911030729625,65.504289728969,
    6.05849188814));
#7178 = CARTESIAN_POINT('',(-7.915256345502,65.513274328153,
    6.083777203986));
#7179 = CARTESIAN_POINT('',(-7.930854667839,65.545477959182,
    6.164417871325));
#7180 = CARTESIAN_POINT('',(-7.944740035766,65.572795688749,
    6.21839136109));
#7181 = CARTESIAN_POINT('',(-7.961393224528,65.603375956215,
    6.27042148755));
#7182 = CARTESIAN_POINT('',(-7.980577674434,65.635776385191,
    6.320418524118));
#7183 = CARTESIAN_POINT('',(-8.002046908629,65.669038227857,
    6.368385846944));
#7184 = CARTESIAN_POINT('',(-8.025691231964,65.70271242575,
    6.414567813481));
#7185 = CARTESIAN_POINT('',(-8.051715154138,65.736740199953,
    6.45943896784));
#7186 = CARTESIAN_POINT('',(-8.117865681384,65.815590204087,
    6.560120593405));
#7187 = CARTESIAN_POINT('',(-8.159240506204,65.859946422782,
    6.614414378475));
#7188 = CARTESIAN_POINT('',(-8.20487912904,65.903610927132,
    6.666352115835));
#7189 = CARTESIAN_POINT('',(-8.254897146003,65.946019302833,
    6.71573556439));
#7190 = CARTESIAN_POINT('',(-8.309421861909,65.986619567205,
    6.762253004303));
#7191 = CARTESIAN_POINT('',(-8.368564491764,66.024816089745,
    6.805480349714));
#7192 = CARTESIAN_POINT('',(-8.432393364421,66.059952629795,
    6.844870321586));
#7193 = CARTESIAN_POINT('',(-8.554502000692,66.115797476726,
    6.907040360412));
#7194 = CARTESIAN_POINT('',(-8.611194563858,66.138088693031,
    6.931688621957));
#7195 = CARTESIAN_POINT('',(-8.670643649717,66.157593044276,
    6.953138945547));
#7196 = CARTESIAN_POINT('',(-8.732444548589,66.173832610961,
    6.970927350912));
#7197 = CARTESIAN_POINT('',(-8.796146191308,66.186425214225,
    6.984684812272));
#7198 = CARTESIAN_POINT('',(-8.861262800127,66.195087119858,
    6.994135493621));
#7199 = CARTESIAN_POINT('',(-8.927285564385,66.199634468591,
    6.999096174052));
#7200 = CARTESIAN_POINT('',(-9.037581539621,66.200214050607,
    6.999728447001));
#7201 = CARTESIAN_POINT('',(-9.081442467368,66.198610158872,
    6.997978670276));
#7202 = CARTESIAN_POINT('',(-9.125093659215,66.195175824819,
    6.994232454349));
#7203 = CARTESIAN_POINT('',(-9.168351477479,66.189942712291,
    6.988521241341));
#7204 = CARTESIAN_POINT('',(-9.211034716302,66.182969798357,
    6.980903083125));
#7205 = CARTESIAN_POINT('',(-9.252967206208,66.174343090042,
    6.971462730332));
#7206 = CARTESIAN_POINT('',(-9.293980418668,66.164175341066,
    6.960311721371));
#7207 = CARTESIAN_POINT('',(-9.432237951151,66.124121392662,
    6.916263732857));
#7208 = CARTESIAN_POINT('',(-9.523532056298,66.0872831357,6.875566652944
    ));
#7209 = CARTESIAN_POINT('',(-9.607414910584,66.043773819981,
    6.827137097563));
#7210 = CARTESIAN_POINT('',(-9.683782289761,65.995094073539,
    6.772331699393));
#7211 = CARTESIAN_POINT('',(-9.752690545257,65.942581096974,
    6.712272080288));
#7212 = CARTESIAN_POINT('',(-9.814307632896,65.887486410616,
    6.64781525973));
#7213 = CARTESIAN_POINT('',(-9.86884967395,65.8309916074,6.579584481426)
  );
#7214 = CARTESIAN_POINT('',(-9.945864286499,65.739872508126,
    6.463553457398));
#7215 = CARTESIAN_POINT('',(-9.972253534528,65.705596135987,
    6.418494947258));
#7216 = CARTESIAN_POINT('',(-9.996226922932,65.671657880995,
    6.372117218946));
#7217 = CARTESIAN_POINT('',(-10.01799849566,65.638110461464,
    6.323939690115));
#7218 = CARTESIAN_POINT('',(-10.03746070862,65.605397849318,
    6.273712720572));
#7219 = CARTESIAN_POINT('',(-10.05436429442,65.574481534648,
    6.221432690923));
#7220 = CARTESIAN_POINT('',(-10.06846962808,65.546817867011,
    6.167194641773));
#7221 = CARTESIAN_POINT('',(-10.084316472,65.514178666994,6.086276671724
    ));
#7222 = CARTESIAN_POINT('',(-10.08860375547,65.50508259442,6.06098114099
    ));
#7223 = CARTESIAN_POINT('',(-10.09227075883,65.497080852053,
    6.035184742375));
#7224 = CARTESIAN_POINT('',(-10.09526546054,65.490390627613,
    6.009010679625));
#7225 = CARTESIAN_POINT('',(-10.09755597609,65.485186593073,
    5.982542694084));
#7226 = CARTESIAN_POINT('',(-10.09912060319,65.481599996372,
    5.955833168047));
#7227 = CARTESIAN_POINT('',(-10.09994087098,65.479718772279,
    5.92891195767));
#7228 = CARTESIAN_POINT('',(-10.10005481527,65.479457426557,
    5.874441109231));
#7229 = CARTESIAN_POINT('',(-10.09933418846,65.481110099772,
    5.847266164112));
#7230 = CARTESIAN_POINT('',(-10.09785383719,65.484508007224,
    5.820292575257));
#7231 = CARTESIAN_POINT('',(-10.09563174355,65.489567069305,
    5.793553628056));
#7232 = CARTESIAN_POINT('',(-10.09268942364,65.496156559577,
    5.767104998887));
#7233 = CARTESIAN_POINT('',(-10.08905900407,65.504098972188,
    5.741034554482));
#7234 = CARTESIAN_POINT('',(-10.08479369882,65.51317100876,
    5.715471389902));
#7235 = CARTESIAN_POINT('',(-10.06914533216,65.545477959182,
    5.634572001898));
#7236 = CARTESIAN_POINT('',(-10.05525996423,65.572795688749,
    5.580598512133));
#7237 = CARTESIAN_POINT('',(-10.03860677547,65.603375956215,
    5.528568385673));
#7238 = CARTESIAN_POINT('',(-10.01942232556,65.635776385191,
    5.478571349105));
#7239 = CARTESIAN_POINT('',(-9.997953091371,65.669038227857,
    5.43060402628));
#7240 = CARTESIAN_POINT('',(-9.974308768036,65.70271242575,
    5.384422059742));
#7241 = CARTESIAN_POINT('',(-9.948284845863,65.736740199953,
    5.339550905384));
#7242 = CARTESIAN_POINT('',(-9.882134318616,65.815590204087,
    5.238869279819));
#7243 = CARTESIAN_POINT('',(-9.840759493796,65.859946422783,
    5.184575494748));
#7244 = CARTESIAN_POINT('',(-9.79512087096,65.903610927132,
    5.132637757389));
#7245 = CARTESIAN_POINT('',(-9.745102853997,65.946019302833,
    5.083254308833));
#7246 = CARTESIAN_POINT('',(-9.690578138091,65.986619567205,
    5.03673686892));
#7247 = CARTESIAN_POINT('',(-9.631435508236,66.024816089745,
    4.993509523509));
#7248 = CARTESIAN_POINT('',(-9.567606635579,66.059952629795,
    4.954119551638));
#7249 = CARTESIAN_POINT('',(-9.445497999308,66.115797476726,
    4.891949512812));
#7250 = CARTESIAN_POINT('',(-9.388805436142,66.138088693031,
    4.867301251267));
#7251 = CARTESIAN_POINT('',(-9.329356350283,66.157593044276,
    4.845850927676));
#7252 = CARTESIAN_POINT('',(-9.267555451411,66.173832610961,
    4.828062522311));
#7253 = CARTESIAN_POINT('',(-9.203853808692,66.186425214225,
    4.814305060951));
#7254 = CARTESIAN_POINT('',(-9.138737199873,66.195087119858,
    4.804854379602));
#7255 = CARTESIAN_POINT('',(-9.072714435615,66.199634468591,
    4.799893699172));
#7256 = CARTESIAN_POINT('',(-8.962418460379,66.200214050607,
    4.799261426223));
#7257 = CARTESIAN_POINT('',(-8.918557532633,66.198610158872,
    4.801011202947));
#7258 = CARTESIAN_POINT('',(-8.874906340785,66.195175824819,
    4.804757418875));
#7259 = CARTESIAN_POINT('',(-8.831648522521,66.189942712291,
    4.810468631882));
#7260 = CARTESIAN_POINT('',(-8.788965283698,66.182969798357,
    4.818086790098));
#7261 = CARTESIAN_POINT('',(-8.747032793792,66.174343090042,
    4.827527142891));
#7262 = CARTESIAN_POINT('',(-8.706019581332,66.164175341066,
    4.838678151852));
#7263 = CARTESIAN_POINT('',(-8.567762048849,66.124121392663,
    4.882726140366));
#7264 = CARTESIAN_POINT('',(-8.4764679437,66.087283135699,4.92342322028)
  );
#7265 = CARTESIAN_POINT('',(-8.392585089418,66.043773819982,
    4.971852775657));
#7266 = CARTESIAN_POINT('',(-8.316217710237,65.995094073537,
    5.026658173835));
#7267 = CARTESIAN_POINT('',(-8.247309454744,65.942581096976,
    5.086717792931));
#7268 = CARTESIAN_POINT('',(-8.185692367103,65.887486410614,
    5.151174613496));
#7269 = CARTESIAN_POINT('',(-8.13115032605,65.830991607401,
    5.219405391797));
#7270 = CARTESIAN_POINT('',(-8.054135713502,65.739872508126,
    5.335436415825));
#7271 = CARTESIAN_POINT('',(-8.027746465472,65.705596135987,
    5.380494925966));
#7272 = CARTESIAN_POINT('',(-8.003773077068,65.671657880995,
    5.426872654277));
#7273 = CARTESIAN_POINT('',(-7.982001504338,65.638110461464,
    5.475050183108));
#7274 = CARTESIAN_POINT('',(-7.962539291379,65.605397849318,
    5.525277152651));
#7275 = CARTESIAN_POINT('',(-7.94563570558,65.574481534648,5.5775571823)
  );
#7276 = CARTESIAN_POINT('',(-7.931530371918,65.546817867011,
    5.631795231451));
#7277 = CARTESIAN_POINT('',(-7.915633247499,65.514075105991,
    5.712969946338));
#7278 = CARTESIAN_POINT('',(-7.911305562714,65.504890260356,
    5.738543105391));
#7279 = CARTESIAN_POINT('',(-7.907612069815,65.496825145648,
    5.764629185159));
#7280 = CARTESIAN_POINT('',(-7.904606726528,65.490104953852,
    5.791098925793));
#7281 = CARTESIAN_POINT('',(-7.902322195609,65.484909654768,
    5.817864662233));
#7282 = CARTESIAN_POINT('',(-7.900780437736,65.48137308515,
    5.844871528048));
#7283 = CARTESIAN_POINT('',(-7.9,65.479583152331,5.872087879037));
#7284 = CARTESIAN_POINT('',(-7.9,65.479583152331,5.899494936612));
#7285 = PCURVE('',#1656,#7286);
#7286 = DEFINITIONAL_REPRESENTATION('',(#7287),#7402);
#7287 = B_SPLINE_CURVE_WITH_KNOTS('',8,(#7288,#7289,#7290,#7291,#7292,
    #7293,#7294,#7295,#7296,#7297,#7298,#7299,#7300,#7301,#7302,#7303,
    #7304,#7305,#7306,#7307,#7308,#7309,#7310,#7311,#7312,#7313,#7314,
    #7315,#7316,#7317,#7318,#7319,#7320,#7321,#7322,#7323,#7324,#7325,
    #7326,#7327,#7328,#7329,#7330,#7331,#7332,#7333,#7334,#7335,#7336,
    #7337,#7338,#7339,#7340,#7341,#7342,#7343,#7344,#7345,#7346,#7347,
    #7348,#7349,#7350,#7351,#7352,#7353,#7354,#7355,#7356,#7357,#7358,
    #7359,#7360,#7361,#7362,#7363,#7364,#7365,#7366,#7367,#7368,#7369,
    #7370,#7371,#7372,#7373,#7374,#7375,#7376,#7377,#7378,#7379,#7380,
    #7381,#7382,#7383,#7384,#7385,#7386,#7387,#7388,#7389,#7390,#7391,
    #7392,#7393,#7394,#7395,#7396,#7397,#7398,#7399,#7400,#7401),
  .UNSPECIFIED.,.T.,.F.,(9,7,7,7,7,7,7,7,7,7,7,7,7,7,7,7,9),(0.,
    2.935987273828E-02,9.617131683098E-02,0.181971541863,0.249076344134,
    0.293423521477,0.402606611147,0.46992442964,0.499371530946,
    0.529078009094,0.595975156382,0.6818854427,0.749076324476,
    0.793480388702,0.902803534313,0.970207705558,1.),.UNSPECIFIED.);
#7288 = CARTESIAN_POINT('',(-0.411137862322,-2.));
#7289 = CARTESIAN_POINT('',(-0.411137862322,-2.027063139679));
#7290 = CARTESIAN_POINT('',(-0.412724484908,-2.053942866677));
#7291 = CARTESIAN_POINT('',(-0.415860391177,-2.080619562154));
#7292 = CARTESIAN_POINT('',(-0.420475201539,-2.107061592707));
#7293 = CARTESIAN_POINT('',(-0.426463970114,-2.133215508815));
#7294 = CARTESIAN_POINT('',(-0.433685223007,-2.158996951528));
#7295 = CARTESIAN_POINT('',(-0.441958560439,-2.184282267374));
#7296 = CARTESIAN_POINT('',(-0.471777242958,-2.264922934714));
#7297 = CARTESIAN_POINT('',(-0.497309472654,-2.318896424479));
#7298 = CARTESIAN_POINT('',(-0.526306689623,-2.370926550939));
#7299 = CARTESIAN_POINT('',(-0.557643937,-2.420923587507));
#7300 = CARTESIAN_POINT('',(-0.590584117734,-2.468890910332));
#7301 = CARTESIAN_POINT('',(-0.624827924807,-2.515072876869));
#7302 = CARTESIAN_POINT('',(-0.660490022987,-2.559944031228));
#7303 = CARTESIAN_POINT('',(-0.74625947902,-2.660625656793));
#7304 = CARTESIAN_POINT('',(-0.79673755792,-2.714919441864));
#7305 = CARTESIAN_POINT('',(-0.849228858892,-2.766857179223));
#7306 = CARTESIAN_POINT('',(-0.903672071864,-2.816240627779));
#7307 = CARTESIAN_POINT('',(-0.960083882431,-2.862758067692));
#7308 = CARTESIAN_POINT('',(-1.01851984237,-2.905985413103));
#7309 = CARTESIAN_POINT('',(-1.079069885224,-2.945375384974));
#7310 = CARTESIAN_POINT('',(-1.190963826764,-3.0075454238));
#7311 = CARTESIAN_POINT('',(-1.24165360064,-3.032193685345));
#7312 = CARTESIAN_POINT('',(-1.29364681145,-3.053644008936));
#7313 = CARTESIAN_POINT('',(-1.346700773749,-3.071432414301));
#7314 = CARTESIAN_POINT('',(-1.400602799689,-3.085189875661));
#7315 = CARTESIAN_POINT('',(-1.45516201013,-3.094640557009));
#7316 = CARTESIAN_POINT('',(-1.51020017555,-3.09960123744));
#7317 = CARTESIAN_POINT('',(-1.60211475723,-3.100233510389));
#7318 = CARTESIAN_POINT('',(-1.638657978935,-3.098483733665));
#7319 = CARTESIAN_POINT('',(-1.675092997648,-3.094737517737));
#7320 = CARTESIAN_POINT('',(-1.711340921253,-3.08902630473));
#7321 = CARTESIAN_POINT('',(-1.747320799186,-3.081408146514));
#7322 = CARTESIAN_POINT('',(-1.782948201906,-3.07196779372));
#7323 = CARTESIAN_POINT('',(-1.818133800376,-3.06081678476));
#7324 = CARTESIAN_POINT('',(-1.938085943817,-3.016768796245));
#7325 = CARTESIAN_POINT('',(-2.019701862366,-2.976071716332));
#7326 = CARTESIAN_POINT('',(-2.097878833309,-2.927642160953));
#7327 = CARTESIAN_POINT('',(-2.172786248167,-2.87283676278));
#7328 = CARTESIAN_POINT('',(-2.244523005966,-2.812777143677));
#7329 = CARTESIAN_POINT('',(-2.313088735415,-2.748320323118));
#7330 = CARTESIAN_POINT('',(-2.378384970714,-2.680089544814));
#7331 = CARTESIAN_POINT('',(-2.477806704304,-2.564058520786));
#7332 = CARTESIAN_POINT('',(-2.51381738407,-2.519000010646));
#7333 = CARTESIAN_POINT('',(-2.548397719969,-2.472622282334));
#7334 = CARTESIAN_POINT('',(-2.581673084551,-2.424444753504));
#7335 = CARTESIAN_POINT('',(-2.613350814276,-2.374217783961));
#7336 = CARTESIAN_POINT('',(-2.64269294845,-2.321937754312));
#7337 = CARTESIAN_POINT('',(-2.668565025985,-2.267699705161));
#7338 = CARTESIAN_POINT('',(-2.698800672719,-2.186781735112));
#7339 = CARTESIAN_POINT('',(-2.707179929128,-2.161486204378));
#7340 = CARTESIAN_POINT('',(-2.714514348584,-2.135689805763));
#7341 = CARTESIAN_POINT('',(-2.72062226624,-2.109515743013));
#7342 = CARTESIAN_POINT('',(-2.725360379151,-2.083047757472));
#7343 = CARTESIAN_POINT('',(-2.72862129376,-2.056338231436));
#7344 = CARTESIAN_POINT('',(-2.730331500141,-2.029417021059));
#7345 = CARTESIAN_POINT('',(-2.730569087681,-1.974946172619));
#7346 = CARTESIAN_POINT('',(-2.72906665549,-1.9477712275));
#7347 = CARTESIAN_POINT('',(-2.725977941717,-1.920797638645));
#7348 = CARTESIAN_POINT('',(-2.721373360158,-1.894058691445));
#7349 = CARTESIAN_POINT('',(-2.715359878298,-1.867610062275));
#7350 = CARTESIAN_POINT('',(-2.708083090739,-1.84153961787));
#7351 = CARTESIAN_POINT('',(-2.699729760878,-1.81597645329));
#7352 = CARTESIAN_POINT('',(-2.669815410632,-1.735077065286));
#7353 = CARTESIAN_POINT('',(-2.644283180936,-1.681103575522));
#7354 = CARTESIAN_POINT('',(-2.615285963966,-1.629073449061));
#7355 = CARTESIAN_POINT('',(-2.58394871659,-1.579076412493));
#7356 = CARTESIAN_POINT('',(-2.551008535856,-1.531109089668));
#7357 = CARTESIAN_POINT('',(-2.516764728782,-1.48492712313));
#7358 = CARTESIAN_POINT('',(-2.481102630602,-1.440055968772));
#7359 = CARTESIAN_POINT('',(-2.39533317457,-1.339374343207));
#7360 = CARTESIAN_POINT('',(-2.34485509567,-1.285080558136));
#7361 = CARTESIAN_POINT('',(-2.292363794698,-1.233142820777));
#7362 = CARTESIAN_POINT('',(-2.237920581726,-1.183759372221));
#7363 = CARTESIAN_POINT('',(-2.181508771159,-1.137241932308));
#7364 = CARTESIAN_POINT('',(-2.12307281122,-1.094014586898));
#7365 = CARTESIAN_POINT('',(-2.062522768366,-1.054624615026));
#7366 = CARTESIAN_POINT('',(-1.950628826826,-0.9924545762));
#7367 = CARTESIAN_POINT('',(-1.89993905295,-0.967806314655));
#7368 = CARTESIAN_POINT('',(-1.84794584214,-0.946355991065));
#7369 = CARTESIAN_POINT('',(-1.79489187984,-0.928567585699));
#7370 = CARTESIAN_POINT('',(-1.740989853901,-0.914810124339));
#7371 = CARTESIAN_POINT('',(-1.68643064346,-0.905359442991));
#7372 = CARTESIAN_POINT('',(-1.63139247804,-0.90039876256));
#7373 = CARTESIAN_POINT('',(-1.53947789636,-0.899766489611));
#7374 = CARTESIAN_POINT('',(-1.502934674655,-0.901516266335));
#7375 = CARTESIAN_POINT('',(-1.466499655942,-0.905262482263));
#7376 = CARTESIAN_POINT('',(-1.430251732337,-0.91097369527));
#7377 = CARTESIAN_POINT('',(-1.394271854404,-0.918591853486));
#7378 = CARTESIAN_POINT('',(-1.358644451684,-0.92803220628));
#7379 = CARTESIAN_POINT('',(-1.323458853214,-0.93918321524));
#7380 = CARTESIAN_POINT('',(-1.203506709774,-0.983231203755));
#7381 = CARTESIAN_POINT('',(-1.121890791222,-1.023928283669));
#7382 = CARTESIAN_POINT('',(-1.043713820284,-1.072357839044));
#7383 = CARTESIAN_POINT('',(-0.96880640542,-1.127163237225));
#7384 = CARTESIAN_POINT('',(-0.897069647627,-1.187222856318));
#7385 = CARTESIAN_POINT('',(-0.828503918173,-1.251679676884));
#7386 = CARTESIAN_POINT('',(-0.763207682877,-1.319910455185));
#7387 = CARTESIAN_POINT('',(-0.663785949286,-1.435941479213));
#7388 = CARTESIAN_POINT('',(-0.62777526952,-1.480999989354));
#7389 = CARTESIAN_POINT('',(-0.593194933621,-1.527377717666));
#7390 = CARTESIAN_POINT('',(-0.559919569039,-1.575555246496));
#7391 = CARTESIAN_POINT('',(-0.528241839314,-1.625782216039));
#7392 = CARTESIAN_POINT('',(-0.49889970514,-1.678062245688));
#7393 = CARTESIAN_POINT('',(-0.473027627605,-1.732300294839));
#7394 = CARTESIAN_POINT('',(-0.442696046108,-1.813475009726));
#7395 = CARTESIAN_POINT('',(-0.434235538955,-1.839048168779));
#7396 = CARTESIAN_POINT('',(-0.426843927133,-1.865134248547));
#7397 = CARTESIAN_POINT('',(-0.420709597402,-1.891603989181));
#7398 = CARTESIAN_POINT('',(-0.415980153208,-1.918369725622));
#7399 = CARTESIAN_POINT('',(-0.412765065254,-1.945376591437));
#7400 = CARTESIAN_POINT('',(-0.411137862322,-1.972592942425));
#7401 = CARTESIAN_POINT('',(-0.411137862322,-2.));
#7402 = ( GEOMETRIC_REPRESENTATION_CONTEXT(2) 
PARAMETRIC_REPRESENTATION_CONTEXT() REPRESENTATION_CONTEXT('2D SPACE',''
  ) );
#7403 = PCURVE('',#4793,#7404);
#7404 = DEFINITIONAL_REPRESENTATION('',(#7405),#7520);
#7405 = B_SPLINE_CURVE_WITH_KNOTS('',8,(#7406,#7407,#7408,#7409,#7410,
    #7411,#7412,#7413,#7414,#7415,#7416,#7417,#7418,#7419,#7420,#7421,
    #7422,#7423,#7424,#7425,#7426,#7427,#7428,#7429,#7430,#7431,#7432,
    #7433,#7434,#7435,#7436,#7437,#7438,#7439,#7440,#7441,#7442,#7443,
    #7444,#7445,#7446,#7447,#7448,#7449,#7450,#7451,#7452,#7453,#7454,
    #7455,#7456,#7457,#7458,#7459,#7460,#7461,#7462,#7463,#7464,#7465,
    #7466,#7467,#7468,#7469,#7470,#7471,#7472,#7473,#7474,#7475,#7476,
    #7477,#7478,#7479,#7480,#7481,#7482,#7483,#7484,#7485,#7486,#7487,
    #7488,#7489,#7490,#7491,#7492,#7493,#7494,#7495,#7496,#7497,#7498,
    #7499,#7500,#7501,#7502,#7503,#7504,#7505,#7506,#7507,#7508,#7509,
    #7510,#7511,#7512,#7513,#7514,#7515,#7516,#7517,#7518,#7519),
  .UNSPECIFIED.,.F.,.F.,(9,7,7,7,7,7,7,7,7,7,7,7,7,7,7,7,9),(0.,
    2.935987273828E-02,9.617131683098E-02,0.181971541863,0.249076344134,
    0.293423521477,0.402606611147,0.46992442964,0.499371530946,
    0.529078009094,0.595975156382,0.6818854427,0.749076324476,
    0.793480388702,0.902803534313,0.970207705558,1.),.UNSPECIFIED.);
#7406 = CARTESIAN_POINT('',(0.,-7.520416847669));
#7407 = CARTESIAN_POINT('',(-2.460285425365E-02,-7.520416847669));
#7408 = CARTESIAN_POINT('',(-4.903894922304E-02,-7.518671554239));
#7409 = CARTESIAN_POINT('',(-7.331323959988E-02,-7.515222081446));
#7410 = CARTESIAN_POINT('',(-9.741819279578E-02,-7.510152531973));
#7411 = CARTESIAN_POINT('',(-0.121325535423,-7.503591121276));
#7412 = CARTESIAN_POINT('',(-0.144977128037,-7.495710271031));
#7413 = CARTESIAN_POINT('',(-0.168274968145,-7.486725671847));
#7414 = CARTESIAN_POINT('',(-0.242943518887,-7.454522040818));
#7415 = CARTESIAN_POINT('',(-0.293514893959,-7.427204311251));
#7416 = CARTESIAN_POINT('',(-0.34304082977,-7.396624043785));
#7417 = CARTESIAN_POINT('',(-0.391573329881,-7.364223614809));
#7418 = CARTESIAN_POINT('',(-0.439211693214,-7.330961772143));
#7419 = CARTESIAN_POINT('',(-0.486271502791,-7.29728757425));
#7420 = CARTESIAN_POINT('',(-0.533354026938,-7.263259800047));
#7421 = CARTESIAN_POINT('',(-0.642870929975,-7.184409795913));
#7422 = CARTESIAN_POINT('',(-0.704775819205,-7.140053577218));
#7423 = CARTESIAN_POINT('',(-0.767374701341,-7.096389072868));
#7424 = CARTESIAN_POINT('',(-0.830946983738,-7.053980697167));
#7425 = CARTESIAN_POINT('',(-0.895745809873,-7.013380432795));
#7426 = CARTESIAN_POINT('',(-0.96200975546,-6.975183910255));
#7427 = CARTESIAN_POINT('',(-1.029966723613,-6.940047370205));
#7428 = CARTESIAN_POINT('',(-1.154534182783,-6.884202523274));
#7429 = CARTESIAN_POINT('',(-1.210629321619,-6.861911306969));
#7430 = CARTESIAN_POINT('',(-1.267887606786,-6.842406955724));
#7431 = CARTESIAN_POINT('',(-1.326093228724,-6.826167389039));
#7432 = CARTESIAN_POINT('',(-1.385065140013,-6.813574785775));
#7433 = CARTESIAN_POINT('',(-1.444645742311,-6.804912880141));
#7434 = CARTESIAN_POINT('',(-1.504691271074,-6.800365531409));
#7435 = CARTESIAN_POINT('',(-1.604961986962,-6.799785949393));
#7436 = CARTESIAN_POINT('',(-1.644825797754,-6.801389841128));
#7437 = CARTESIAN_POINT('',(-1.684585288309,-6.804824175181));
#7438 = CARTESIAN_POINT('',(-1.724169797386,-6.810057287709));
#7439 = CARTESIAN_POINT('',(-1.763506251745,-6.817030201643));
#7440 = CARTESIAN_POINT('',(-1.802517393254,-6.825656909958));
#7441 = CARTESIAN_POINT('',(-1.841120006006,-6.835824658934));
#7442 = CARTESIAN_POINT('',(-1.973033359049,-6.875878607338));
#7443 = CARTESIAN_POINT('',(-2.063342683091,-6.9127168643));
#7444 = CARTESIAN_POINT('',(-2.150623707921,-6.956226180019));
#7445 = CARTESIAN_POINT('',(-2.235277975348,-7.004905926461));
#7446 = CARTESIAN_POINT('',(-2.317670166861,-7.057418903026));
#7447 = CARTESIAN_POINT('',(-2.398200683618,-7.112513589384));
#7448 = CARTESIAN_POINT('',(-2.477301143768,-7.1690083926));
#7449 = CARTESIAN_POINT('',(-2.603904738964,-7.260127491874));
#7450 = CARTESIAN_POINT('',(-2.651300031454,-7.294403864013));
#7451 = CARTESIAN_POINT('',(-2.698652884314,-7.328342119005));
#7452 = CARTESIAN_POINT('',(-2.746575834955,-7.361889538536));
#7453 = CARTESIAN_POINT('',(-2.795391586748,-7.394602150682));
#7454 = CARTESIAN_POINT('',(-2.845201098705,-7.425518465352));
#7455 = CARTESIAN_POINT('',(-2.896053937365,-7.453182132989));
#7456 = CARTESIAN_POINT('',(-2.971013101671,-7.485821333006));
#7457 = CARTESIAN_POINT('',(-2.994329389442,-7.49491740558));
#7458 = CARTESIAN_POINT('',(-3.01800230875,-7.502919147947));
#7459 = CARTESIAN_POINT('',(-3.041934168501,-7.509609372387));
#7460 = CARTESIAN_POINT('',(-3.066067347834,-7.514813406927));
#7461 = CARTESIAN_POINT('',(-3.0903745372,-7.518400003628));
#7462 = CARTESIAN_POINT('',(-3.114849851714,-7.520281227721));
#7463 = CARTESIAN_POINT('',(-3.164368913182,-7.520542573443));
#7464 = CARTESIAN_POINT('',(-3.18907196154,-7.518889900228));
#7465 = CARTESIAN_POINT('',(-3.213614034341,-7.515491992776));
#7466 = CARTESIAN_POINT('',(-3.237986839388,-7.510432930695));
#7467 = CARTESIAN_POINT('',(-3.262160827728,-7.503843440423));
#7468 = CARTESIAN_POINT('',(-3.286075378614,-7.495901027812));
#7469 = CARTESIAN_POINT('',(-3.309628061502,-7.48682899124));
#7470 = CARTESIAN_POINT('',(-3.384536172477,-7.454522040818));
#7471 = CARTESIAN_POINT('',(-3.435107547549,-7.427204311251));
#7472 = CARTESIAN_POINT('',(-3.48463348336,-7.396624043785));
#7473 = CARTESIAN_POINT('',(-3.533165983471,-7.364223614809));
#7474 = CARTESIAN_POINT('',(-3.580804346804,-7.330961772143));
#7475 = CARTESIAN_POINT('',(-3.627864156381,-7.29728757425));
#7476 = CARTESIAN_POINT('',(-3.674946680528,-7.263259800047));
#7477 = CARTESIAN_POINT('',(-3.784463583564,-7.184409795913));
#7478 = CARTESIAN_POINT('',(-3.846368472795,-7.140053577217));
#7479 = CARTESIAN_POINT('',(-3.90896735493,-7.096389072868));
#7480 = CARTESIAN_POINT('',(-3.972539637328,-7.053980697167));
#7481 = CARTESIAN_POINT('',(-4.037338463464,-7.013380432795));
#7482 = CARTESIAN_POINT('',(-4.10360240905,-6.975183910255));
#7483 = CARTESIAN_POINT('',(-4.171559377203,-6.940047370205));
#7484 = CARTESIAN_POINT('',(-4.296126836373,-6.884202523274));
#7485 = CARTESIAN_POINT('',(-4.352221975209,-6.861911306969));
#7486 = CARTESIAN_POINT('',(-4.409480260376,-6.842406955724));
#7487 = CARTESIAN_POINT('',(-4.467685882314,-6.826167389039));
#7488 = CARTESIAN_POINT('',(-4.526657793603,-6.813574785775));
#7489 = CARTESIAN_POINT('',(-4.586238395901,-6.804912880142));
#7490 = CARTESIAN_POINT('',(-4.646283924664,-6.800365531409));
#7491 = CARTESIAN_POINT('',(-4.746554640551,-6.799785949393));
#7492 = CARTESIAN_POINT('',(-4.786418451344,-6.801389841128));
#7493 = CARTESIAN_POINT('',(-4.826177941899,-6.804824175181));
#7494 = CARTESIAN_POINT('',(-4.865762450976,-6.810057287709));
#7495 = CARTESIAN_POINT('',(-4.905098905334,-6.817030201643));
#7496 = CARTESIAN_POINT('',(-4.944110046844,-6.825656909958));
#7497 = CARTESIAN_POINT('',(-4.982712659595,-6.835824658934));
#7498 = CARTESIAN_POINT('',(-5.114626012639,-6.875878607337));
#7499 = CARTESIAN_POINT('',(-5.204935336683,-6.9127168643));
#7500 = CARTESIAN_POINT('',(-5.292216361507,-6.956226180018));
#7501 = CARTESIAN_POINT('',(-5.376870628942,-7.004905926463));
#7502 = CARTESIAN_POINT('',(-5.459262820447,-7.057418903024));
#7503 = CARTESIAN_POINT('',(-5.539793337211,-7.112513589386));
#7504 = CARTESIAN_POINT('',(-5.618893797357,-7.169008392599));
#7505 = CARTESIAN_POINT('',(-5.745497392553,-7.260127491874));
#7506 = CARTESIAN_POINT('',(-5.792892685044,-7.294403864013));
#7507 = CARTESIAN_POINT('',(-5.840245537903,-7.328342119005));
#7508 = CARTESIAN_POINT('',(-5.888168488545,-7.361889538536));
#7509 = CARTESIAN_POINT('',(-5.936984240338,-7.394602150682));
#7510 = CARTESIAN_POINT('',(-5.986793752294,-7.425518465352));
#7511 = CARTESIAN_POINT('',(-6.037646590955,-7.453182132989));
#7512 = CARTESIAN_POINT('',(-6.112843593389,-7.485924894009));
#7513 = CARTESIAN_POINT('',(-6.136414621735,-7.495109739644));
#7514 = CARTESIAN_POINT('',(-6.160351184225,-7.503174854352));
#7515 = CARTESIAN_POINT('',(-6.184550588942,-7.509895046148));
#7516 = CARTESIAN_POINT('',(-6.208952359609,-7.515090345232));
#7517 = CARTESIAN_POINT('',(-6.233527684675,-7.51862691485));
#7518 = CARTESIAN_POINT('',(-6.258269800294,-7.520416847669));
#7519 = CARTESIAN_POINT('',(-6.28318530718,-7.520416847669));
#7520 = ( GEOMETRIC_REPRESENTATION_CONTEXT(2) 
PARAMETRIC_REPRESENTATION_CONTEXT() REPRESENTATION_CONTEXT('2D SPACE',''
  ) );
#7521 = FACE_BOUND('',#7522,.T.);
#7522 = EDGE_LOOP('',(#7523));
#7523 = ORIENTED_EDGE('',*,*,#7524,.T.);
#7524 = EDGE_CURVE('',#7525,#7525,#7527,.T.);
#7525 = VERTEX_POINT('',#7526);
#7526 = CARTESIAN_POINT('',(-7.9,64.520416847669,5.899494936612));
#7527 = SURFACE_CURVE('',#7528,(#7643,#7761),.PCURVE_S1.);
#7528 = B_SPLINE_CURVE_WITH_KNOTS('',8,(#7529,#7530,#7531,#7532,#7533,
    #7534,#7535,#7536,#7537,#7538,#7539,#7540,#7541,#7542,#7543,#7544,
    #7545,#7546,#7547,#7548,#7549,#7550,#7551,#7552,#7553,#7554,#7555,
    #7556,#7557,#7558,#7559,#7560,#7561,#7562,#7563,#7564,#7565,#7566,
    #7567,#7568,#7569,#7570,#7571,#7572,#7573,#7574,#7575,#7576,#7577,
    #7578,#7579,#7580,#7581,#7582,#7583,#7584,#7585,#7586,#7587,#7588,
    #7589,#7590,#7591,#7592,#7593,#7594,#7595,#7596,#7597,#7598,#7599,
    #7600,#7601,#7602,#7603,#7604,#7605,#7606,#7607,#7608,#7609,#7610,
    #7611,#7612,#7613,#7614,#7615,#7616,#7617,#7618,#7619,#7620,#7621,
    #7622,#7623,#7624,#7625,#7626,#7627,#7628,#7629,#7630,#7631,#7632,
    #7633,#7634,#7635,#7636,#7637,#7638,#7639,#7640,#7641,#7642),
  .UNSPECIFIED.,.T.,.F.,(9,7,7,7,7,7,7,7,7,7,7,7,7,7,7,7,9),(0.,
    2.935987274785E-02,9.617131686238E-02,0.181971541923,0.249076344215,
    0.293423521573,0.402606611279,0.469924429794,0.49937153111,
    0.529078009267,0.595975156577,0.681885442923,0.749076324675,
    0.793480388862,0.902803534388,0.970207705581,1.),.UNSPECIFIED.);
#7529 = CARTESIAN_POINT('',(-7.9,64.520416847669,5.899494936612));
#7530 = CARTESIAN_POINT('',(-7.9,64.520416847669,5.926558076291));
#7531 = CARTESIAN_POINT('',(-7.90076097248,64.518671554239,
    5.953437803288));
#7532 = CARTESIAN_POINT('',(-7.902264765562,64.515222081446,
    5.980114498766));
#7533 = CARTESIAN_POINT('',(-7.90449351282,64.510152531973,
    6.006556529318));
#7534 = CARTESIAN_POINT('',(-7.907425968475,64.503591121276,
    6.032710445427));
#7535 = CARTESIAN_POINT('',(-7.911030729625,64.495710271031,
    6.05849188814));
#7536 = CARTESIAN_POINT('',(-7.915256345502,64.486725671847,
    6.083777203986));
#7537 = CARTESIAN_POINT('',(-7.93085466784,64.454522040818,
    6.164417871325));
#7538 = CARTESIAN_POINT('',(-7.944740035766,64.427204311251,
    6.21839136109));
#7539 = CARTESIAN_POINT('',(-7.961393224528,64.396624043785,
    6.27042148755));
#7540 = CARTESIAN_POINT('',(-7.980577674434,64.364223614809,
    6.320418524118));
#7541 = CARTESIAN_POINT('',(-8.002046908629,64.330961772143,
    6.368385846944));
#7542 = CARTESIAN_POINT('',(-8.025691231964,64.29728757425,
    6.414567813481));
#7543 = CARTESIAN_POINT('',(-8.051715154138,64.263259800047,
    6.45943896784));
#7544 = CARTESIAN_POINT('',(-8.117865681384,64.184409795913,
    6.560120593405));
#7545 = CARTESIAN_POINT('',(-8.159240506204,64.140053577218,
    6.614414378475));
#7546 = CARTESIAN_POINT('',(-8.20487912904,64.096389072868,
    6.666352115835));
#7547 = CARTESIAN_POINT('',(-8.254897146003,64.053980697167,
    6.71573556439));
#7548 = CARTESIAN_POINT('',(-8.309421861909,64.013380432795,
    6.762253004303));
#7549 = CARTESIAN_POINT('',(-8.368564491764,63.975183910255,
    6.805480349714));
#7550 = CARTESIAN_POINT('',(-8.432393364421,63.940047370205,
    6.844870321586));
#7551 = CARTESIAN_POINT('',(-8.554502000692,63.884202523274,
    6.907040360411));
#7552 = CARTESIAN_POINT('',(-8.611194563858,63.861911306969,
    6.931688621957));
#7553 = CARTESIAN_POINT('',(-8.670643649717,63.842406955724,
    6.953138945547));
#7554 = CARTESIAN_POINT('',(-8.732444548589,63.826167389039,
    6.970927350912));
#7555 = CARTESIAN_POINT('',(-8.796146191308,63.813574785775,
    6.984684812272));
#7556 = CARTESIAN_POINT('',(-8.861262800127,63.804912880141,
    6.994135493621));
#7557 = CARTESIAN_POINT('',(-8.927285564385,63.800365531409,
    6.999096174052));
#7558 = CARTESIAN_POINT('',(-9.037581539621,63.799785949393,
    6.999728447001));
#7559 = CARTESIAN_POINT('',(-9.081442467368,63.801389841128,
    6.997978670276));
#7560 = CARTESIAN_POINT('',(-9.125093659215,63.804824175181,
    6.994232454349));
#7561 = CARTESIAN_POINT('',(-9.168351477479,63.810057287709,
    6.988521241341));
#7562 = CARTESIAN_POINT('',(-9.211034716302,63.817030201643,
    6.980903083125));
#7563 = CARTESIAN_POINT('',(-9.252967206208,63.825656909958,
    6.971462730332));
#7564 = CARTESIAN_POINT('',(-9.293980418668,63.835824658934,
    6.960311721371));
#7565 = CARTESIAN_POINT('',(-9.432237951152,63.875878607338,
    6.916263732857));
#7566 = CARTESIAN_POINT('',(-9.523532056297,63.9127168643,6.875566652944
    ));
#7567 = CARTESIAN_POINT('',(-9.607414910586,63.95622618002,
    6.827137097564));
#7568 = CARTESIAN_POINT('',(-9.683782289759,64.00490592646,
    6.772331699391));
#7569 = CARTESIAN_POINT('',(-9.752690545259,64.057418903027,
    6.712272080289));
#7570 = CARTESIAN_POINT('',(-9.814307632896,64.112513589384,
    6.64781525973));
#7571 = CARTESIAN_POINT('',(-9.86884967395,64.1690083926,6.579584481426)
  );
#7572 = CARTESIAN_POINT('',(-9.945864286499,64.260127491874,
    6.463553457398));
#7573 = CARTESIAN_POINT('',(-9.972253534528,64.294403864013,
    6.418494947258));
#7574 = CARTESIAN_POINT('',(-9.996226922932,64.328342119005,
    6.372117218946));
#7575 = CARTESIAN_POINT('',(-10.01799849566,64.361889538537,
    6.323939690115));
#7576 = CARTESIAN_POINT('',(-10.03746070862,64.394602150682,
    6.273712720572));
#7577 = CARTESIAN_POINT('',(-10.05436429442,64.425518465352,
    6.221432690924));
#7578 = CARTESIAN_POINT('',(-10.06846962808,64.453182132989,
    6.167194641773));
#7579 = CARTESIAN_POINT('',(-10.084316472,64.485821333006,6.086276671724
    ));
#7580 = CARTESIAN_POINT('',(-10.08860375547,64.49491740558,6.06098114099
    ));
#7581 = CARTESIAN_POINT('',(-10.09227075883,64.502919147947,
    6.035184742375));
#7582 = CARTESIAN_POINT('',(-10.09526546054,64.509609372387,
    6.009010679625));
#7583 = CARTESIAN_POINT('',(-10.09755597609,64.514813406927,
    5.982542694084));
#7584 = CARTESIAN_POINT('',(-10.09912060319,64.518400003628,
    5.955833168047));
#7585 = CARTESIAN_POINT('',(-10.09994087098,64.520281227721,
    5.92891195767));
#7586 = CARTESIAN_POINT('',(-10.10005481527,64.520542573443,
    5.874441109231));
#7587 = CARTESIAN_POINT('',(-10.09933418846,64.518889900228,
    5.847266164112));
#7588 = CARTESIAN_POINT('',(-10.09785383719,64.515491992776,
    5.820292575257));
#7589 = CARTESIAN_POINT('',(-10.09563174355,64.510432930695,
    5.793553628056));
#7590 = CARTESIAN_POINT('',(-10.09268942364,64.503843440423,
    5.767104998887));
#7591 = CARTESIAN_POINT('',(-10.08905900407,64.495901027812,
    5.741034554482));
#7592 = CARTESIAN_POINT('',(-10.08479369882,64.48682899124,
    5.715471389902));
#7593 = CARTESIAN_POINT('',(-10.06914533216,64.454522040818,
    5.634572001898));
#7594 = CARTESIAN_POINT('',(-10.05525996423,64.427204311251,
    5.580598512133));
#7595 = CARTESIAN_POINT('',(-10.03860677547,64.396624043785,
    5.528568385673));
#7596 = CARTESIAN_POINT('',(-10.01942232556,64.364223614809,
    5.478571349105));
#7597 = CARTESIAN_POINT('',(-9.997953091371,64.330961772143,
    5.43060402628));
#7598 = CARTESIAN_POINT('',(-9.974308768036,64.29728757425,
    5.384422059742));
#7599 = CARTESIAN_POINT('',(-9.948284845862,64.263259800047,
    5.339550905383));
#7600 = CARTESIAN_POINT('',(-9.882134318617,64.184409795913,
    5.238869279819));
#7601 = CARTESIAN_POINT('',(-9.840759493796,64.140053577217,
    5.184575494748));
#7602 = CARTESIAN_POINT('',(-9.795120870959,64.096389072868,
    5.132637757389));
#7603 = CARTESIAN_POINT('',(-9.745102853997,64.053980697167,
    5.083254308833));
#7604 = CARTESIAN_POINT('',(-9.690578138091,64.013380432796,
    5.03673686892));
#7605 = CARTESIAN_POINT('',(-9.631435508236,63.975183910255,
    4.993509523509));
#7606 = CARTESIAN_POINT('',(-9.567606635579,63.940047370205,
    4.954119551638));
#7607 = CARTESIAN_POINT('',(-9.445497999344,63.884202523291,
    4.89194951283));
#7608 = CARTESIAN_POINT('',(-9.388805436154,63.86191130697,
    4.867301251267));
#7609 = CARTESIAN_POINT('',(-9.32935635026,63.842406955713,
    4.845850927664));
#7610 = CARTESIAN_POINT('',(-9.267555451373,63.826167389031,
    4.828062522302));
#7611 = CARTESIAN_POINT('',(-9.203853808672,63.813574785776,
    4.814305060952));
#7612 = CARTESIAN_POINT('',(-9.138737199891,63.804912880147,
    4.804854379609));
#7613 = CARTESIAN_POINT('',(-9.072714435658,63.800365531409,
    4.799893699172));
#7614 = CARTESIAN_POINT('',(-8.962418460374,63.799785949393,
    4.799261426222));
#7615 = CARTESIAN_POINT('',(-8.918557532631,63.801389841128,
    4.801011202947));
#7616 = CARTESIAN_POINT('',(-8.874906340787,63.804824175181,
    4.804757418875));
#7617 = CARTESIAN_POINT('',(-8.831648522525,63.810057287708,
    4.810468631881));
#7618 = CARTESIAN_POINT('',(-8.788965283701,63.817030201642,
    4.818086790097));
#7619 = CARTESIAN_POINT('',(-8.74703279379,63.825656909958,
    4.827527142891));
#7620 = CARTESIAN_POINT('',(-8.706019581327,63.835824658935,
    4.838678151854));
#7621 = CARTESIAN_POINT('',(-8.567762048849,63.875878607337,
    4.882726140366));
#7622 = CARTESIAN_POINT('',(-8.476467943699,63.912716864301,
    4.923423220281));
#7623 = CARTESIAN_POINT('',(-8.392585089421,63.956226180017,
    4.971852775656));
#7624 = CARTESIAN_POINT('',(-8.316217710233,64.004905926465,
    5.026658173836));
#7625 = CARTESIAN_POINT('',(-8.247309454747,64.057418903022,
    5.08671779293));
#7626 = CARTESIAN_POINT('',(-8.185692367101,64.112513589387,
    5.151174613497));
#7627 = CARTESIAN_POINT('',(-8.131150326051,64.169008392599,
    5.219405391797));
#7628 = CARTESIAN_POINT('',(-8.054135713501,64.260127491874,
    5.335436415825));
#7629 = CARTESIAN_POINT('',(-8.027746465472,64.294403864013,
    5.380494925966));
#7630 = CARTESIAN_POINT('',(-8.003773077068,64.328342119004,
    5.426872654277));
#7631 = CARTESIAN_POINT('',(-7.982001504338,64.361889538537,
    5.475050183108));
#7632 = CARTESIAN_POINT('',(-7.962539291379,64.394602150682,
    5.525277152652));
#7633 = CARTESIAN_POINT('',(-7.94563570558,64.425518465352,
    5.577557182299));
#7634 = CARTESIAN_POINT('',(-7.931530371918,64.453182132989,
    5.63179523145));
#7635 = CARTESIAN_POINT('',(-7.915633247499,64.485924894009,
    5.712969946338));
#7636 = CARTESIAN_POINT('',(-7.911305562714,64.495109739644,
    5.738543105391));
#7637 = CARTESIAN_POINT('',(-7.907612069815,64.503174854352,
    5.764629185159));
#7638 = CARTESIAN_POINT('',(-7.904606726528,64.509895046148,
    5.791098925793));
#7639 = CARTESIAN_POINT('',(-7.902322195609,64.515090345232,
    5.817864662233));
#7640 = CARTESIAN_POINT('',(-7.900780437736,64.51862691485,
    5.844871528048));
#7641 = CARTESIAN_POINT('',(-7.9,64.520416847669,5.872087879037));
#7642 = CARTESIAN_POINT('',(-7.9,64.520416847669,5.899494936612));
#7643 = PCURVE('',#1656,#7644);
#7644 = DEFINITIONAL_REPRESENTATION('',(#7645),#7760);
#7645 = B_SPLINE_CURVE_WITH_KNOTS('',8,(#7646,#7647,#7648,#7649,#7650,
    #7651,#7652,#7653,#7654,#7655,#7656,#7657,#7658,#7659,#7660,#7661,
    #7662,#7663,#7664,#7665,#7666,#7667,#7668,#7669,#7670,#7671,#7672,
    #7673,#7674,#7675,#7676,#7677,#7678,#7679,#7680,#7681,#7682,#7683,
    #7684,#7685,#7686,#7687,#7688,#7689,#7690,#7691,#7692,#7693,#7694,
    #7695,#7696,#7697,#7698,#7699,#7700,#7701,#7702,#7703,#7704,#7705,
    #7706,#7707,#7708,#7709,#7710,#7711,#7712,#7713,#7714,#7715,#7716,
    #7717,#7718,#7719,#7720,#7721,#7722,#7723,#7724,#7725,#7726,#7727,
    #7728,#7729,#7730,#7731,#7732,#7733,#7734,#7735,#7736,#7737,#7738,
    #7739,#7740,#7741,#7742,#7743,#7744,#7745,#7746,#7747,#7748,#7749,
    #7750,#7751,#7752,#7753,#7754,#7755,#7756,#7757,#7758,#7759),
  .UNSPECIFIED.,.T.,.F.,(9,7,7,7,7,7,7,7,7,7,7,7,7,7,7,7,9),(0.,
    2.935987274785E-02,9.617131686238E-02,0.181971541923,0.249076344215,
    0.293423521573,0.402606611279,0.469924429794,0.49937153111,
    0.529078009267,0.595975156577,0.681885442923,0.749076324675,
    0.793480388862,0.902803534388,0.970207705581,1.),.UNSPECIFIED.);
#7646 = CARTESIAN_POINT('',(-5.872047444857,-2.));
#7647 = CARTESIAN_POINT('',(-5.872047444857,-2.027063139679));
#7648 = CARTESIAN_POINT('',(-5.870460822272,-2.053942866677));
#7649 = CARTESIAN_POINT('',(-5.867324916003,-2.080619562154));
#7650 = CARTESIAN_POINT('',(-5.862710105641,-2.107061592707));
#7651 = CARTESIAN_POINT('',(-5.856721337065,-2.133215508815));
#7652 = CARTESIAN_POINT('',(-5.849500084172,-2.158996951528));
#7653 = CARTESIAN_POINT('',(-5.841226746741,-2.184282267374));
#7654 = CARTESIAN_POINT('',(-5.811408064222,-2.264922934714));
#7655 = CARTESIAN_POINT('',(-5.785875834526,-2.318896424479));
#7656 = CARTESIAN_POINT('',(-5.756878617557,-2.370926550938));
#7657 = CARTESIAN_POINT('',(-5.72554137018,-2.420923587507));
#7658 = CARTESIAN_POINT('',(-5.692601189446,-2.468890910332));
#7659 = CARTESIAN_POINT('',(-5.658357382373,-2.515072876869));
#7660 = CARTESIAN_POINT('',(-5.622695284192,-2.559944031228));
#7661 = CARTESIAN_POINT('',(-5.53692582816,-2.660625656793));
#7662 = CARTESIAN_POINT('',(-5.48644774926,-2.714919441864));
#7663 = CARTESIAN_POINT('',(-5.433956448287,-2.766857179223));
#7664 = CARTESIAN_POINT('',(-5.379513235316,-2.816240627779));
#7665 = CARTESIAN_POINT('',(-5.323101424749,-2.862758067692));
#7666 = CARTESIAN_POINT('',(-5.264665464809,-2.905985413103));
#7667 = CARTESIAN_POINT('',(-5.204115421956,-2.945375384974));
#7668 = CARTESIAN_POINT('',(-5.092221480416,-3.0075454238));
#7669 = CARTESIAN_POINT('',(-5.041531706539,-3.032193685345));
#7670 = CARTESIAN_POINT('',(-4.98953849573,-3.053644008936));
#7671 = CARTESIAN_POINT('',(-4.93648453343,-3.071432414301));
#7672 = CARTESIAN_POINT('',(-4.882582507491,-3.085189875661));
#7673 = CARTESIAN_POINT('',(-4.828023297049,-3.094640557009));
#7674 = CARTESIAN_POINT('',(-4.772985131629,-3.09960123744));
#7675 = CARTESIAN_POINT('',(-4.68107054995,-3.100233510389));
#7676 = CARTESIAN_POINT('',(-4.644527328245,-3.098483733665));
#7677 = CARTESIAN_POINT('',(-4.608092309532,-3.094737517737));
#7678 = CARTESIAN_POINT('',(-4.571844385926,-3.08902630473));
#7679 = CARTESIAN_POINT('',(-4.535864507994,-3.081408146514));
#7680 = CARTESIAN_POINT('',(-4.500237105273,-3.07196779372));
#7681 = CARTESIAN_POINT('',(-4.465051506804,-3.06081678476));
#7682 = CARTESIAN_POINT('',(-4.345099363363,-3.016768796245));
#7683 = CARTESIAN_POINT('',(-4.263483444814,-2.976071716332));
#7684 = CARTESIAN_POINT('',(-4.18530647387,-2.927642160952));
#7685 = CARTESIAN_POINT('',(-4.110399059014,-2.87283676278));
#7686 = CARTESIAN_POINT('',(-4.038662301213,-2.812777143677));
#7687 = CARTESIAN_POINT('',(-3.970096571764,-2.748320323118));
#7688 = CARTESIAN_POINT('',(-3.904800336466,-2.680089544814));
#7689 = CARTESIAN_POINT('',(-3.805378602876,-2.564058520786));
#7690 = CARTESIAN_POINT('',(-3.76936792311,-2.519000010646));
#7691 = CARTESIAN_POINT('',(-3.734787587211,-2.472622282334));
#7692 = CARTESIAN_POINT('',(-3.701512222629,-2.424444753504));
#7693 = CARTESIAN_POINT('',(-3.669834492903,-2.374217783961));
#7694 = CARTESIAN_POINT('',(-3.64049235873,-2.321937754312));
#7695 = CARTESIAN_POINT('',(-3.614620281195,-2.267699705161));
#7696 = CARTESIAN_POINT('',(-3.58438463446,-2.186781735112));
#7697 = CARTESIAN_POINT('',(-3.576005378052,-2.161486204378));
#7698 = CARTESIAN_POINT('',(-3.568670958595,-2.135689805763));
#7699 = CARTESIAN_POINT('',(-3.56256304094,-2.109515743013));
#7700 = CARTESIAN_POINT('',(-3.557824928029,-2.083047757472));
#7701 = CARTESIAN_POINT('',(-3.55456401342,-2.056338231436));
#7702 = CARTESIAN_POINT('',(-3.552853807038,-2.029417021059));
#7703 = CARTESIAN_POINT('',(-3.552616219498,-1.974946172619));
#7704 = CARTESIAN_POINT('',(-3.55411865169,-1.9477712275));
#7705 = CARTESIAN_POINT('',(-3.557207365463,-1.920797638645));
#7706 = CARTESIAN_POINT('',(-3.561811947022,-1.894058691445));
#7707 = CARTESIAN_POINT('',(-3.567825428882,-1.867610062275));
#7708 = CARTESIAN_POINT('',(-3.57510221644,-1.84153961787));
#7709 = CARTESIAN_POINT('',(-3.583455546302,-1.81597645329));
#7710 = CARTESIAN_POINT('',(-3.613369896548,-1.735077065286));
#7711 = CARTESIAN_POINT('',(-3.638902126244,-1.681103575521));
#7712 = CARTESIAN_POINT('',(-3.667899343213,-1.629073449061));
#7713 = CARTESIAN_POINT('',(-3.699236590589,-1.579076412493));
#7714 = CARTESIAN_POINT('',(-3.732176771324,-1.531109089668));
#7715 = CARTESIAN_POINT('',(-3.766420578397,-1.48492712313));
#7716 = CARTESIAN_POINT('',(-3.802082676577,-1.440055968772));
#7717 = CARTESIAN_POINT('',(-3.887852132609,-1.339374343207));
#7718 = CARTESIAN_POINT('',(-3.938330211509,-1.285080558136));
#7719 = CARTESIAN_POINT('',(-3.990821512482,-1.233142820777));
#7720 = CARTESIAN_POINT('',(-4.045264725454,-1.183759372221));
#7721 = CARTESIAN_POINT('',(-4.10167653602,-1.137241932308));
#7722 = CARTESIAN_POINT('',(-4.16011249596,-1.094014586897));
#7723 = CARTESIAN_POINT('',(-4.220662538814,-1.054624615026));
#7724 = CARTESIAN_POINT('',(-4.332556480321,-0.992454576219));
#7725 = CARTESIAN_POINT('',(-4.383246254221,-0.967806314655));
#7726 = CARTESIAN_POINT('',(-4.435239465061,-0.946355991052));
#7727 = CARTESIAN_POINT('',(-4.488293427372,-0.92856758569));
#7728 = CARTESIAN_POINT('',(-4.542195453295,-0.914810124341));
#7729 = CARTESIAN_POINT('',(-4.596754663704,-0.905359442997));
#7730 = CARTESIAN_POINT('',(-4.651792829104,-0.90039876256));
#7731 = CARTESIAN_POINT('',(-4.743707410824,-0.899766489611));
#7732 = CARTESIAN_POINT('',(-4.780250632526,-0.901516266336));
#7733 = CARTESIAN_POINT('',(-4.816685651235,-0.905262482263));
#7734 = CARTESIAN_POINT('',(-4.852933574839,-0.91097369527));
#7735 = CARTESIAN_POINT('',(-4.888913452774,-0.918591853486));
#7736 = CARTESIAN_POINT('',(-4.924540855497,-0.92803220628));
#7737 = CARTESIAN_POINT('',(-4.959726453969,-0.939183215242));
#7738 = CARTESIAN_POINT('',(-5.079678597406,-0.983231203755));
#7739 = CARTESIAN_POINT('',(-5.161294515959,-1.023928283669));
#7740 = CARTESIAN_POINT('',(-5.239471486892,-1.072357839043));
#7741 = CARTESIAN_POINT('',(-5.314378901764,-1.127163237226));
#7742 = CARTESIAN_POINT('',(-5.38611565955,-1.187222856317));
#7743 = CARTESIAN_POINT('',(-5.454681389008,-1.251679676885));
#7744 = CARTESIAN_POINT('',(-5.519977624303,-1.319910455185));
#7745 = CARTESIAN_POINT('',(-5.619399357894,-1.435941479214));
#7746 = CARTESIAN_POINT('',(-5.65541003766,-1.480999989354));
#7747 = CARTESIAN_POINT('',(-5.689990373558,-1.527377717665));
#7748 = CARTESIAN_POINT('',(-5.723265738141,-1.575555246496));
#7749 = CARTESIAN_POINT('',(-5.754943467866,-1.62578221604));
#7750 = CARTESIAN_POINT('',(-5.784285602039,-1.678062245688));
#7751 = CARTESIAN_POINT('',(-5.810157679574,-1.732300294839));
#7752 = CARTESIAN_POINT('',(-5.840489261071,-1.813475009726));
#7753 = CARTESIAN_POINT('',(-5.848949768225,-1.839048168779));
#7754 = CARTESIAN_POINT('',(-5.856341380046,-1.865134248547));
#7755 = CARTESIAN_POINT('',(-5.862475709777,-1.891603989181));
#7756 = CARTESIAN_POINT('',(-5.867205153972,-1.918369725622));
#7757 = CARTESIAN_POINT('',(-5.870420241925,-1.945376591437));
#7758 = CARTESIAN_POINT('',(-5.872047444857,-1.972592942425));
#7759 = CARTESIAN_POINT('',(-5.872047444857,-2.));
#7760 = ( GEOMETRIC_REPRESENTATION_CONTEXT(2) 
PARAMETRIC_REPRESENTATION_CONTEXT() REPRESENTATION_CONTEXT('2D SPACE',''
  ) );
#7761 = PCURVE('',#7762,#7767);
#7762 = CYLINDRICAL_SURFACE('',#7763,1.1);
#7763 = AXIS2_PLACEMENT_3D('',#7764,#7765,#7766);
#7764 = CARTESIAN_POINT('',(-9.,73.,5.899494936612));
#7765 = DIRECTION('',(-0.,1.,-0.));
#7766 = DIRECTION('',(1.,0.,0.));
#7767 = DEFINITIONAL_REPRESENTATION('',(#7768),#7883);
#7768 = B_SPLINE_CURVE_WITH_KNOTS('',8,(#7769,#7770,#7771,#7772,#7773,
    #7774,#7775,#7776,#7777,#7778,#7779,#7780,#7781,#7782,#7783,#7784,
    #7785,#7786,#7787,#7788,#7789,#7790,#7791,#7792,#7793,#7794,#7795,
    #7796,#7797,#7798,#7799,#7800,#7801,#7802,#7803,#7804,#7805,#7806,
    #7807,#7808,#7809,#7810,#7811,#7812,#7813,#7814,#7815,#7816,#7817,
    #7818,#7819,#7820,#7821,#7822,#7823,#7824,#7825,#7826,#7827,#7828,
    #7829,#7830,#7831,#7832,#7833,#7834,#7835,#7836,#7837,#7838,#7839,
    #7840,#7841,#7842,#7843,#7844,#7845,#7846,#7847,#7848,#7849,#7850,
    #7851,#7852,#7853,#7854,#7855,#7856,#7857,#7858,#7859,#7860,#7861,
    #7862,#7863,#7864,#7865,#7866,#7867,#7868,#7869,#7870,#7871,#7872,
    #7873,#7874,#7875,#7876,#7877,#7878,#7879,#7880,#7881,#7882),
  .UNSPECIFIED.,.F.,.F.,(9,7,7,7,7,7,7,7,7,7,7,7,7,7,7,7,9),(0.,
    2.935987274785E-02,9.617131686238E-02,0.181971541923,0.249076344215,
    0.293423521573,0.402606611279,0.469924429794,0.49937153111,
    0.529078009267,0.595975156577,0.681885442923,0.749076324675,
    0.793480388862,0.902803534388,0.970207705581,1.),.UNSPECIFIED.);
#7769 = CARTESIAN_POINT('',(0.,-8.479583152331));
#7770 = CARTESIAN_POINT('',(-2.460285425364E-02,-8.479583152331));
#7771 = CARTESIAN_POINT('',(-4.903894922303E-02,-8.481328445761));
#7772 = CARTESIAN_POINT('',(-7.331323959988E-02,-8.484777918554));
#7773 = CARTESIAN_POINT('',(-9.741819279578E-02,-8.489847468027));
#7774 = CARTESIAN_POINT('',(-0.121325535423,-8.496408878724));
#7775 = CARTESIAN_POINT('',(-0.144977128037,-8.504289728969));
#7776 = CARTESIAN_POINT('',(-0.168274968145,-8.513274328153));
#7777 = CARTESIAN_POINT('',(-0.242943518887,-8.545477959182));
#7778 = CARTESIAN_POINT('',(-0.29351489396,-8.572795688749));
#7779 = CARTESIAN_POINT('',(-0.34304082977,-8.603375956215));
#7780 = CARTESIAN_POINT('',(-0.391573329881,-8.635776385191));
#7781 = CARTESIAN_POINT('',(-0.439211693214,-8.669038227857));
#7782 = CARTESIAN_POINT('',(-0.486271502791,-8.70271242575));
#7783 = CARTESIAN_POINT('',(-0.533354026938,-8.736740199953));
#7784 = CARTESIAN_POINT('',(-0.642870929975,-8.815590204087));
#7785 = CARTESIAN_POINT('',(-0.704775819204,-8.859946422782));
#7786 = CARTESIAN_POINT('',(-0.767374701341,-8.903610927132));
#7787 = CARTESIAN_POINT('',(-0.830946983738,-8.946019302833));
#7788 = CARTESIAN_POINT('',(-0.895745809873,-8.986619567205));
#7789 = CARTESIAN_POINT('',(-0.96200975546,-9.024816089745));
#7790 = CARTESIAN_POINT('',(-1.029966723613,-9.059952629795));
#7791 = CARTESIAN_POINT('',(-1.154534182783,-9.115797476726));
#7792 = CARTESIAN_POINT('',(-1.210629321619,-9.138088693031));
#7793 = CARTESIAN_POINT('',(-1.267887606786,-9.157593044276));
#7794 = CARTESIAN_POINT('',(-1.326093228724,-9.173832610961));
#7795 = CARTESIAN_POINT('',(-1.385065140013,-9.186425214225));
#7796 = CARTESIAN_POINT('',(-1.444645742311,-9.195087119859));
#7797 = CARTESIAN_POINT('',(-1.504691271074,-9.199634468591));
#7798 = CARTESIAN_POINT('',(-1.604961986962,-9.200214050607));
#7799 = CARTESIAN_POINT('',(-1.644825797754,-9.198610158872));
#7800 = CARTESIAN_POINT('',(-1.684585288309,-9.195175824819));
#7801 = CARTESIAN_POINT('',(-1.724169797386,-9.189942712291));
#7802 = CARTESIAN_POINT('',(-1.763506251745,-9.182969798357));
#7803 = CARTESIAN_POINT('',(-1.802517393254,-9.174343090042));
#7804 = CARTESIAN_POINT('',(-1.841120006006,-9.164175341066));
#7805 = CARTESIAN_POINT('',(-1.973033359049,-9.124121392662));
#7806 = CARTESIAN_POINT('',(-2.06334268309,-9.0872831357));
#7807 = CARTESIAN_POINT('',(-2.150623707924,-9.04377381998));
#7808 = CARTESIAN_POINT('',(-2.235277975344,-8.99509407354));
#7809 = CARTESIAN_POINT('',(-2.317670166864,-8.942581096973));
#7810 = CARTESIAN_POINT('',(-2.398200683617,-8.887486410616));
#7811 = CARTESIAN_POINT('',(-2.477301143768,-8.8309916074));
#7812 = CARTESIAN_POINT('',(-2.603904738964,-8.739872508126));
#7813 = CARTESIAN_POINT('',(-2.651300031454,-8.705596135987));
#7814 = CARTESIAN_POINT('',(-2.698652884314,-8.671657880995));
#7815 = CARTESIAN_POINT('',(-2.746575834955,-8.638110461463));
#7816 = CARTESIAN_POINT('',(-2.795391586748,-8.605397849318));
#7817 = CARTESIAN_POINT('',(-2.845201098705,-8.574481534648));
#7818 = CARTESIAN_POINT('',(-2.896053937365,-8.546817867011));
#7819 = CARTESIAN_POINT('',(-2.971013101671,-8.514178666994));
#7820 = CARTESIAN_POINT('',(-2.994329389442,-8.50508259442));
#7821 = CARTESIAN_POINT('',(-3.01800230875,-8.497080852053));
#7822 = CARTESIAN_POINT('',(-3.041934168501,-8.490390627613));
#7823 = CARTESIAN_POINT('',(-3.066067347834,-8.485186593073));
#7824 = CARTESIAN_POINT('',(-3.0903745372,-8.481599996372));
#7825 = CARTESIAN_POINT('',(-3.114849851714,-8.479718772279));
#7826 = CARTESIAN_POINT('',(-3.164368913182,-8.479457426557));
#7827 = CARTESIAN_POINT('',(-3.18907196154,-8.481110099772));
#7828 = CARTESIAN_POINT('',(-3.213614034341,-8.484508007224));
#7829 = CARTESIAN_POINT('',(-3.237986839388,-8.489567069305));
#7830 = CARTESIAN_POINT('',(-3.262160827728,-8.496156559577));
#7831 = CARTESIAN_POINT('',(-3.286075378614,-8.504098972188));
#7832 = CARTESIAN_POINT('',(-3.309628061502,-8.51317100876));
#7833 = CARTESIAN_POINT('',(-3.384536172477,-8.545477959182));
#7834 = CARTESIAN_POINT('',(-3.435107547549,-8.572795688749));
#7835 = CARTESIAN_POINT('',(-3.48463348336,-8.603375956215));
#7836 = CARTESIAN_POINT('',(-3.533165983471,-8.635776385191));
#7837 = CARTESIAN_POINT('',(-3.580804346804,-8.669038227857));
#7838 = CARTESIAN_POINT('',(-3.627864156381,-8.70271242575));
#7839 = CARTESIAN_POINT('',(-3.674946680528,-8.736740199953));
#7840 = CARTESIAN_POINT('',(-3.784463583564,-8.815590204087));
#7841 = CARTESIAN_POINT('',(-3.846368472794,-8.859946422783));
#7842 = CARTESIAN_POINT('',(-3.908967354931,-8.903610927132));
#7843 = CARTESIAN_POINT('',(-3.972539637328,-8.946019302833));
#7844 = CARTESIAN_POINT('',(-4.037338463463,-8.986619567204));
#7845 = CARTESIAN_POINT('',(-4.10360240905,-9.024816089745));
#7846 = CARTESIAN_POINT('',(-4.171559377203,-9.059952629795));
#7847 = CARTESIAN_POINT('',(-4.296126836336,-9.115797476709));
#7848 = CARTESIAN_POINT('',(-4.352221975199,-9.13808869303));
#7849 = CARTESIAN_POINT('',(-4.4094802604,-9.157593044287));
#7850 = CARTESIAN_POINT('',(-4.467685882349,-9.173832610969));
#7851 = CARTESIAN_POINT('',(-4.526657793621,-9.186425214224));
#7852 = CARTESIAN_POINT('',(-4.586238395884,-9.195087119853));
#7853 = CARTESIAN_POINT('',(-4.646283924624,-9.199634468591));
#7854 = CARTESIAN_POINT('',(-4.746554640556,-9.200214050607));
#7855 = CARTESIAN_POINT('',(-4.786418451346,-9.198610158872));
#7856 = CARTESIAN_POINT('',(-4.826177941896,-9.195175824819));
#7857 = CARTESIAN_POINT('',(-4.865762450972,-9.189942712292));
#7858 = CARTESIAN_POINT('',(-4.905098905332,-9.182969798358));
#7859 = CARTESIAN_POINT('',(-4.944110046846,-9.174343090042));
#7860 = CARTESIAN_POINT('',(-4.9827126596,-9.164175341065));
#7861 = CARTESIAN_POINT('',(-5.114626012638,-9.124121392663));
#7862 = CARTESIAN_POINT('',(-5.204935336684,-9.087283135699));
#7863 = CARTESIAN_POINT('',(-5.292216361506,-9.043773819983));
#7864 = CARTESIAN_POINT('',(-5.376870628943,-8.995094073535));
#7865 = CARTESIAN_POINT('',(-5.459262820446,-8.942581096978));
#7866 = CARTESIAN_POINT('',(-5.539793337211,-8.887486410613));
#7867 = CARTESIAN_POINT('',(-5.618893797357,-8.830991607401));
#7868 = CARTESIAN_POINT('',(-5.745497392554,-8.739872508126));
#7869 = CARTESIAN_POINT('',(-5.792892685044,-8.705596135987));
#7870 = CARTESIAN_POINT('',(-5.840245537903,-8.671657880996));
#7871 = CARTESIAN_POINT('',(-5.888168488545,-8.638110461463));
#7872 = CARTESIAN_POINT('',(-5.936984240338,-8.605397849318));
#7873 = CARTESIAN_POINT('',(-5.986793752294,-8.574481534648));
#7874 = CARTESIAN_POINT('',(-6.037646590955,-8.546817867011));
#7875 = CARTESIAN_POINT('',(-6.112843593389,-8.514075105991));
#7876 = CARTESIAN_POINT('',(-6.136414621735,-8.504890260356));
#7877 = CARTESIAN_POINT('',(-6.160351184225,-8.496825145648));
#7878 = CARTESIAN_POINT('',(-6.184550588942,-8.490104953852));
#7879 = CARTESIAN_POINT('',(-6.208952359609,-8.484909654768));
#7880 = CARTESIAN_POINT('',(-6.233527684675,-8.48137308515));
#7881 = CARTESIAN_POINT('',(-6.258269800294,-8.479583152331));
#7882 = CARTESIAN_POINT('',(-6.28318530718,-8.479583152331));
#7883 = ( GEOMETRIC_REPRESENTATION_CONTEXT(2) 
PARAMETRIC_REPRESENTATION_CONTEXT() REPRESENTATION_CONTEXT('2D SPACE',''
  ) );
#7884 = ADVANCED_FACE('',(#7885,#7911,#8269),#1687,.F.);
#7885 = FACE_BOUND('',#7886,.T.);
#7886 = EDGE_LOOP('',(#7887,#7888,#7909,#7910));
#7887 = ORIENTED_EDGE('',*,*,#1670,.F.);
#7888 = ORIENTED_EDGE('',*,*,#7889,.T.);
#7889 = EDGE_CURVE('',#1671,#2781,#7890,.T.);
#7890 = SEAM_CURVE('',#7891,(#7895,#7902),.PCURVE_S1.);
#7891 = LINE('',#7892,#7893);
#7892 = CARTESIAN_POINT('',(10.2,65.,3.899494936612));
#7893 = VECTOR('',#7894,1.);
#7894 = DIRECTION('',(0.,0.,1.));
#7895 = PCURVE('',#1687,#7896);
#7896 = DEFINITIONAL_REPRESENTATION('',(#7897),#7901);
#7897 = LINE('',#7898,#7899);
#7898 = CARTESIAN_POINT('',(-6.28318530718,0.));
#7899 = VECTOR('',#7900,1.);
#7900 = DIRECTION('',(-0.,-1.));
#7901 = ( GEOMETRIC_REPRESENTATION_CONTEXT(2) 
PARAMETRIC_REPRESENTATION_CONTEXT() REPRESENTATION_CONTEXT('2D SPACE',''
  ) );
#7902 = PCURVE('',#1687,#7903);
#7903 = DEFINITIONAL_REPRESENTATION('',(#7904),#7908);
#7904 = LINE('',#7905,#7906);
#7905 = CARTESIAN_POINT('',(-0.,0.));
#7906 = VECTOR('',#7907,1.);
#7907 = DIRECTION('',(-0.,-1.));
#7908 = ( GEOMETRIC_REPRESENTATION_CONTEXT(2) 
PARAMETRIC_REPRESENTATION_CONTEXT() REPRESENTATION_CONTEXT('2D SPACE',''
  ) );
#7909 = ORIENTED_EDGE('',*,*,#2780,.F.);
#7910 = ORIENTED_EDGE('',*,*,#7889,.F.);
#7911 = FACE_BOUND('',#7912,.T.);
#7912 = EDGE_LOOP('',(#7913));
#7913 = ORIENTED_EDGE('',*,*,#7914,.F.);
#7914 = EDGE_CURVE('',#7915,#7915,#7917,.T.);
#7915 = VERTEX_POINT('',#7916);
#7916 = CARTESIAN_POINT('',(10.1,65.479583152331,5.899494936612));
#7917 = SURFACE_CURVE('',#7918,(#8033,#8151),.PCURVE_S1.);
#7918 = B_SPLINE_CURVE_WITH_KNOTS('',8,(#7919,#7920,#7921,#7922,#7923,
    #7924,#7925,#7926,#7927,#7928,#7929,#7930,#7931,#7932,#7933,#7934,
    #7935,#7936,#7937,#7938,#7939,#7940,#7941,#7942,#7943,#7944,#7945,
    #7946,#7947,#7948,#7949,#7950,#7951,#7952,#7953,#7954,#7955,#7956,
    #7957,#7958,#7959,#7960,#7961,#7962,#7963,#7964,#7965,#7966,#7967,
    #7968,#7969,#7970,#7971,#7972,#7973,#7974,#7975,#7976,#7977,#7978,
    #7979,#7980,#7981,#7982,#7983,#7984,#7985,#7986,#7987,#7988,#7989,
    #7990,#7991,#7992,#7993,#7994,#7995,#7996,#7997,#7998,#7999,#8000,
    #8001,#8002,#8003,#8004,#8005,#8006,#8007,#8008,#8009,#8010,#8011,
    #8012,#8013,#8014,#8015,#8016,#8017,#8018,#8019,#8020,#8021,#8022,
    #8023,#8024,#8025,#8026,#8027,#8028,#8029,#8030,#8031,#8032),
  .UNSPECIFIED.,.T.,.F.,(9,7,7,7,7,7,7,7,7,7,7,7,7,7,7,7,9),(0.,
    2.93598727383E-02,9.6171316831E-02,0.181971541863,0.249076344134,
    0.293423521477,0.402606611147,0.46992442964,0.499371530946,
    0.529078009094,0.595975156382,0.6818854427,0.749076324475,
    0.793480388701,0.902803534312,0.970207705558,1.),.UNSPECIFIED.);
#7919 = CARTESIAN_POINT('',(10.1,65.479583152331,5.899494936612));
#7920 = CARTESIAN_POINT('',(10.1,65.479583152331,5.926558076291));
#7921 = CARTESIAN_POINT('',(10.09923902752,65.481328445761,
    5.953437803288));
#7922 = CARTESIAN_POINT('',(10.097735234438,65.484777918554,
    5.980114498766));
#7923 = CARTESIAN_POINT('',(10.09550648718,65.489847468027,
    6.006556529318));
#7924 = CARTESIAN_POINT('',(10.092574031525,65.496408878724,
    6.032710445427));
#7925 = CARTESIAN_POINT('',(10.088969270375,65.504289728969,
    6.05849188814));
#7926 = CARTESIAN_POINT('',(10.084743654498,65.513274328153,
    6.083777203986));
#7927 = CARTESIAN_POINT('',(10.069145332161,65.545477959182,
    6.164417871325));
#7928 = CARTESIAN_POINT('',(10.055259964233,65.572795688749,
    6.218391361091));
#7929 = CARTESIAN_POINT('',(10.038606775472,65.603375956215,
    6.27042148755));
#7930 = CARTESIAN_POINT('',(10.019422325566,65.635776385191,
    6.320418524118));
#7931 = CARTESIAN_POINT('',(9.997953091371,65.669038227857,
    6.368385846944));
#7932 = CARTESIAN_POINT('',(9.974308768036,65.70271242575,6.414567813481
    ));
#7933 = CARTESIAN_POINT('',(9.948284845862,65.736740199953,6.45943896784
    ));
#7934 = CARTESIAN_POINT('',(9.882134318616,65.815590204087,
    6.560120593405));
#7935 = CARTESIAN_POINT('',(9.840759493796,65.859946422782,
    6.614414378475));
#7936 = CARTESIAN_POINT('',(9.79512087096,65.903610927132,6.666352115835
    ));
#7937 = CARTESIAN_POINT('',(9.745102853997,65.946019302833,6.71573556439
    ));
#7938 = CARTESIAN_POINT('',(9.690578138091,65.986619567205,
    6.762253004303));
#7939 = CARTESIAN_POINT('',(9.631435508236,66.024816089745,
    6.805480349714));
#7940 = CARTESIAN_POINT('',(9.567606635579,66.059952629795,
    6.844870321586));
#7941 = CARTESIAN_POINT('',(9.445497999308,66.115797476726,
    6.907040360412));
#7942 = CARTESIAN_POINT('',(9.388805436142,66.138088693031,
    6.931688621957));
#7943 = CARTESIAN_POINT('',(9.329356350283,66.157593044276,
    6.953138945547));
#7944 = CARTESIAN_POINT('',(9.267555451411,66.173832610961,
    6.970927350912));
#7945 = CARTESIAN_POINT('',(9.203853808692,66.186425214225,
    6.984684812272));
#7946 = CARTESIAN_POINT('',(9.138737199873,66.195087119858,
    6.994135493621));
#7947 = CARTESIAN_POINT('',(9.072714435615,66.199634468591,
    6.999096174052));
#7948 = CARTESIAN_POINT('',(8.962418460379,66.200214050607,
    6.999728447001));
#7949 = CARTESIAN_POINT('',(8.918557532632,66.198610158872,
    6.997978670276));
#7950 = CARTESIAN_POINT('',(8.874906340785,66.195175824819,
    6.994232454349));
#7951 = CARTESIAN_POINT('',(8.831648522521,66.189942712291,
    6.988521241341));
#7952 = CARTESIAN_POINT('',(8.788965283698,66.182969798357,
    6.980903083125));
#7953 = CARTESIAN_POINT('',(8.747032793792,66.174343090042,
    6.971462730332));
#7954 = CARTESIAN_POINT('',(8.706019581332,66.164175341066,
    6.960311721371));
#7955 = CARTESIAN_POINT('',(8.567762048849,66.124121392662,
    6.916263732857));
#7956 = CARTESIAN_POINT('',(8.476467943702,66.0872831357,6.875566652944)
  );
#7957 = CARTESIAN_POINT('',(8.392585089416,66.043773819981,
    6.827137097563));
#7958 = CARTESIAN_POINT('',(8.316217710239,65.995094073539,
    6.772331699393));
#7959 = CARTESIAN_POINT('',(8.247309454743,65.942581096974,
    6.712272080288));
#7960 = CARTESIAN_POINT('',(8.185692367104,65.887486410616,6.64781525973
    ));
#7961 = CARTESIAN_POINT('',(8.13115032605,65.8309916074,6.579584481426)
  );
#7962 = CARTESIAN_POINT('',(8.054135713502,65.739872508126,
    6.463553457398));
#7963 = CARTESIAN_POINT('',(8.027746465472,65.705596135987,
    6.418494947258));
#7964 = CARTESIAN_POINT('',(8.003773077068,65.671657880995,
    6.372117218946));
#7965 = CARTESIAN_POINT('',(7.982001504338,65.638110461464,
    6.323939690115));
#7966 = CARTESIAN_POINT('',(7.96253929138,65.605397849318,6.273712720572
    ));
#7967 = CARTESIAN_POINT('',(7.94563570558,65.574481534648,6.221432690924
    ));
#7968 = CARTESIAN_POINT('',(7.931530371918,65.546817867011,
    6.167194641773));
#7969 = CARTESIAN_POINT('',(7.915683527991,65.514178666994,
    6.086276671724));
#7970 = CARTESIAN_POINT('',(7.911396244527,65.50508259442,6.06098114099)
  );
#7971 = CARTESIAN_POINT('',(7.907729241169,65.497080852053,
    6.035184742375));
#7972 = CARTESIAN_POINT('',(7.904734539456,65.490390627613,
    6.009010679625));
#7973 = CARTESIAN_POINT('',(7.902444023904,65.485186593073,
    5.982542694084));
#7974 = CARTESIAN_POINT('',(7.900879396807,65.481599996372,
    5.955833168047));
#7975 = CARTESIAN_POINT('',(7.900059129014,65.479718772279,5.92891195767
    ));
#7976 = CARTESIAN_POINT('',(7.899945184721,65.479457426557,
    5.874441109231));
#7977 = CARTESIAN_POINT('',(7.900665811536,65.481110099772,
    5.847266164112));
#7978 = CARTESIAN_POINT('',(7.902146162802,65.484508007224,
    5.820292575257));
#7979 = CARTESIAN_POINT('',(7.904368256441,65.489567069305,
    5.793553628056));
#7980 = CARTESIAN_POINT('',(7.90731057636,65.496156559577,5.767104998887
    ));
#7981 = CARTESIAN_POINT('',(7.910940995924,65.504098972188,
    5.741034554482));
#7982 = CARTESIAN_POINT('',(7.915206301171,65.51317100876,5.715471389902
    ));
#7983 = CARTESIAN_POINT('',(7.930854667839,65.545477959182,
    5.634572001898));
#7984 = CARTESIAN_POINT('',(7.944740035766,65.572795688749,
    5.580598512133));
#7985 = CARTESIAN_POINT('',(7.961393224528,65.603375956215,
    5.528568385673));
#7986 = CARTESIAN_POINT('',(7.980577674434,65.635776385191,
    5.478571349105));
#7987 = CARTESIAN_POINT('',(8.002046908629,65.669038227857,5.43060402628
    ));
#7988 = CARTESIAN_POINT('',(8.025691231964,65.70271242575,5.384422059742
    ));
#7989 = CARTESIAN_POINT('',(8.051715154138,65.736740199953,
    5.339550905383));
#7990 = CARTESIAN_POINT('',(8.117865681384,65.815590204087,
    5.238869279819));
#7991 = CARTESIAN_POINT('',(8.159240506204,65.859946422783,
    5.184575494748));
#7992 = CARTESIAN_POINT('',(8.20487912904,65.903610927132,5.132637757389
    ));
#7993 = CARTESIAN_POINT('',(8.254897146003,65.946019302833,
    5.083254308833));
#7994 = CARTESIAN_POINT('',(8.309421861909,65.986619567205,5.03673686892
    ));
#7995 = CARTESIAN_POINT('',(8.368564491764,66.024816089745,
    4.993509523509));
#7996 = CARTESIAN_POINT('',(8.432393364421,66.059952629795,
    4.954119551638));
#7997 = CARTESIAN_POINT('',(8.554502000692,66.115797476726,
    4.891949512812));
#7998 = CARTESIAN_POINT('',(8.611194563858,66.138088693031,
    4.867301251267));
#7999 = CARTESIAN_POINT('',(8.670643649717,66.157593044276,
    4.845850927676));
#8000 = CARTESIAN_POINT('',(8.732444548589,66.173832610961,
    4.828062522311));
#8001 = CARTESIAN_POINT('',(8.796146191308,66.186425214225,
    4.814305060951));
#8002 = CARTESIAN_POINT('',(8.861262800127,66.195087119858,
    4.804854379602));
#8003 = CARTESIAN_POINT('',(8.927285564385,66.199634468591,
    4.799893699172));
#8004 = CARTESIAN_POINT('',(9.037581539621,66.200214050607,
    4.799261426223));
#8005 = CARTESIAN_POINT('',(9.081442467367,66.198610158872,
    4.801011202947));
#8006 = CARTESIAN_POINT('',(9.125093659215,66.195175824819,
    4.804757418875));
#8007 = CARTESIAN_POINT('',(9.168351477479,66.189942712291,
    4.810468631882));
#8008 = CARTESIAN_POINT('',(9.211034716302,66.182969798357,
    4.818086790098));
#8009 = CARTESIAN_POINT('',(9.252967206208,66.174343090042,
    4.827527142891));
#8010 = CARTESIAN_POINT('',(9.293980418668,66.164175341066,
    4.838678151852));
#8011 = CARTESIAN_POINT('',(9.432237951151,66.124121392663,
    4.882726140366));
#8012 = CARTESIAN_POINT('',(9.5235320563,66.087283135699,4.92342322028)
  );
#8013 = CARTESIAN_POINT('',(9.607414910582,66.043773819982,
    4.971852775657));
#8014 = CARTESIAN_POINT('',(9.683782289763,65.995094073537,
    5.026658173835));
#8015 = CARTESIAN_POINT('',(9.752690545256,65.942581096976,
    5.086717792931));
#8016 = CARTESIAN_POINT('',(9.814307632897,65.887486410614,
    5.151174613496));
#8017 = CARTESIAN_POINT('',(9.86884967395,65.830991607401,5.219405391797
    ));
#8018 = CARTESIAN_POINT('',(9.945864286498,65.739872508126,
    5.335436415825));
#8019 = CARTESIAN_POINT('',(9.972253534528,65.705596135987,
    5.380494925966));
#8020 = CARTESIAN_POINT('',(9.996226922932,65.671657880995,
    5.426872654277));
#8021 = CARTESIAN_POINT('',(10.017998495662,65.638110461464,
    5.475050183108));
#8022 = CARTESIAN_POINT('',(10.037460708621,65.605397849318,
    5.525277152651));
#8023 = CARTESIAN_POINT('',(10.05436429442,65.574481534648,5.5775571823)
  );
#8024 = CARTESIAN_POINT('',(10.068469628082,65.546817867011,
    5.631795231451));
#8025 = CARTESIAN_POINT('',(10.084366752501,65.514075105991,
    5.712969946338));
#8026 = CARTESIAN_POINT('',(10.088694437286,65.504890260356,
    5.738543105391));
#8027 = CARTESIAN_POINT('',(10.092387930185,65.496825145648,
    5.764629185159));
#8028 = CARTESIAN_POINT('',(10.095393273472,65.490104953852,
    5.791098925793));
#8029 = CARTESIAN_POINT('',(10.097677804391,65.484909654768,
    5.817864662233));
#8030 = CARTESIAN_POINT('',(10.099219562264,65.48137308515,
    5.844871528048));
#8031 = CARTESIAN_POINT('',(10.1,65.479583152331,5.872087879037));
#8032 = CARTESIAN_POINT('',(10.1,65.479583152331,5.899494936612));
#8033 = PCURVE('',#1687,#8034);
#8034 = DEFINITIONAL_REPRESENTATION('',(#8035),#8150);
#8035 = B_SPLINE_CURVE_WITH_KNOTS('',8,(#8036,#8037,#8038,#8039,#8040,
    #8041,#8042,#8043,#8044,#8045,#8046,#8047,#8048,#8049,#8050,#8051,
    #8052,#8053,#8054,#8055,#8056,#8057,#8058,#8059,#8060,#8061,#8062,
    #8063,#8064,#8065,#8066,#8067,#8068,#8069,#8070,#8071,#8072,#8073,
    #8074,#8075,#8076,#8077,#8078,#8079,#8080,#8081,#8082,#8083,#8084,
    #8085,#8086,#8087,#8088,#8089,#8090,#8091,#8092,#8093,#8094,#8095,
    #8096,#8097,#8098,#8099,#8100,#8101,#8102,#8103,#8104,#8105,#8106,
    #8107,#8108,#8109,#8110,#8111,#8112,#8113,#8114,#8115,#8116,#8117,
    #8118,#8119,#8120,#8121,#8122,#8123,#8124,#8125,#8126,#8127,#8128,
    #8129,#8130,#8131,#8132,#8133,#8134,#8135,#8136,#8137,#8138,#8139,
    #8140,#8141,#8142,#8143,#8144,#8145,#8146,#8147,#8148,#8149),
  .UNSPECIFIED.,.T.,.F.,(9,7,7,7,7,7,7,7,7,7,7,7,7,7,7,7,9),(0.,
    2.93598727383E-02,9.6171316831E-02,0.181971541863,0.249076344134,
    0.293423521477,0.402606611147,0.46992442964,0.499371530946,
    0.529078009094,0.595975156382,0.6818854427,0.749076324475,
    0.793480388701,0.902803534312,0.970207705558,1.),.UNSPECIFIED.);
#8036 = CARTESIAN_POINT('',(-0.411137862322,-2.));
#8037 = CARTESIAN_POINT('',(-0.411137862322,-2.027063139679));
#8038 = CARTESIAN_POINT('',(-0.412724484908,-2.053942866677));
#8039 = CARTESIAN_POINT('',(-0.415860391177,-2.080619562154));
#8040 = CARTESIAN_POINT('',(-0.420475201539,-2.107061592707));
#8041 = CARTESIAN_POINT('',(-0.426463970114,-2.133215508815));
#8042 = CARTESIAN_POINT('',(-0.433685223007,-2.158996951528));
#8043 = CARTESIAN_POINT('',(-0.441958560439,-2.184282267374));
#8044 = CARTESIAN_POINT('',(-0.471777242958,-2.264922934714));
#8045 = CARTESIAN_POINT('',(-0.497309472654,-2.318896424479));
#8046 = CARTESIAN_POINT('',(-0.526306689623,-2.370926550938));
#8047 = CARTESIAN_POINT('',(-0.557643937,-2.420923587507));
#8048 = CARTESIAN_POINT('',(-0.590584117734,-2.468890910332));
#8049 = CARTESIAN_POINT('',(-0.624827924807,-2.515072876869));
#8050 = CARTESIAN_POINT('',(-0.660490022987,-2.559944031228));
#8051 = CARTESIAN_POINT('',(-0.74625947902,-2.660625656793));
#8052 = CARTESIAN_POINT('',(-0.79673755792,-2.714919441864));
#8053 = CARTESIAN_POINT('',(-0.849228858892,-2.766857179223));
#8054 = CARTESIAN_POINT('',(-0.903672071864,-2.816240627779));
#8055 = CARTESIAN_POINT('',(-0.960083882431,-2.862758067692));
#8056 = CARTESIAN_POINT('',(-1.01851984237,-2.905985413103));
#8057 = CARTESIAN_POINT('',(-1.079069885224,-2.945375384974));
#8058 = CARTESIAN_POINT('',(-1.190963826764,-3.0075454238));
#8059 = CARTESIAN_POINT('',(-1.24165360064,-3.032193685345));
#8060 = CARTESIAN_POINT('',(-1.29364681145,-3.053644008936));
#8061 = CARTESIAN_POINT('',(-1.346700773749,-3.071432414301));
#8062 = CARTESIAN_POINT('',(-1.400602799689,-3.085189875661));
#8063 = CARTESIAN_POINT('',(-1.45516201013,-3.094640557009));
#8064 = CARTESIAN_POINT('',(-1.51020017555,-3.09960123744));
#8065 = CARTESIAN_POINT('',(-1.60211475723,-3.100233510389));
#8066 = CARTESIAN_POINT('',(-1.638657978935,-3.098483733665));
#8067 = CARTESIAN_POINT('',(-1.675092997648,-3.094737517737));
#8068 = CARTESIAN_POINT('',(-1.711340921253,-3.08902630473));
#8069 = CARTESIAN_POINT('',(-1.747320799186,-3.081408146514));
#8070 = CARTESIAN_POINT('',(-1.782948201906,-3.07196779372));
#8071 = CARTESIAN_POINT('',(-1.818133800376,-3.06081678476));
#8072 = CARTESIAN_POINT('',(-1.938085943817,-3.016768796245));
#8073 = CARTESIAN_POINT('',(-2.019701862366,-2.976071716332));
#8074 = CARTESIAN_POINT('',(-2.097878833309,-2.927642160953));
#8075 = CARTESIAN_POINT('',(-2.172786248167,-2.87283676278));
#8076 = CARTESIAN_POINT('',(-2.244523005966,-2.812777143677));
#8077 = CARTESIAN_POINT('',(-2.313088735415,-2.748320323118));
#8078 = CARTESIAN_POINT('',(-2.378384970714,-2.680089544814));
#8079 = CARTESIAN_POINT('',(-2.477806704304,-2.564058520787));
#8080 = CARTESIAN_POINT('',(-2.51381738407,-2.519000010646));
#8081 = CARTESIAN_POINT('',(-2.548397719969,-2.472622282334));
#8082 = CARTESIAN_POINT('',(-2.581673084551,-2.424444753504));
#8083 = CARTESIAN_POINT('',(-2.613350814276,-2.374217783961));
#8084 = CARTESIAN_POINT('',(-2.64269294845,-2.321937754312));
#8085 = CARTESIAN_POINT('',(-2.668565025985,-2.267699705161));
#8086 = CARTESIAN_POINT('',(-2.698800672719,-2.186781735112));
#8087 = CARTESIAN_POINT('',(-2.707179929128,-2.161486204378));
#8088 = CARTESIAN_POINT('',(-2.714514348584,-2.135689805763));
#8089 = CARTESIAN_POINT('',(-2.72062226624,-2.109515743013));
#8090 = CARTESIAN_POINT('',(-2.725360379151,-2.083047757472));
#8091 = CARTESIAN_POINT('',(-2.72862129376,-2.056338231436));
#8092 = CARTESIAN_POINT('',(-2.730331500141,-2.029417021059));
#8093 = CARTESIAN_POINT('',(-2.730569087681,-1.974946172619));
#8094 = CARTESIAN_POINT('',(-2.72906665549,-1.9477712275));
#8095 = CARTESIAN_POINT('',(-2.725977941717,-1.920797638645));
#8096 = CARTESIAN_POINT('',(-2.721373360158,-1.894058691445));
#8097 = CARTESIAN_POINT('',(-2.715359878298,-1.867610062275));
#8098 = CARTESIAN_POINT('',(-2.708083090739,-1.84153961787));
#8099 = CARTESIAN_POINT('',(-2.699729760878,-1.81597645329));
#8100 = CARTESIAN_POINT('',(-2.669815410632,-1.735077065286));
#8101 = CARTESIAN_POINT('',(-2.644283180936,-1.681103575521));
#8102 = CARTESIAN_POINT('',(-2.615285963967,-1.629073449062));
#8103 = CARTESIAN_POINT('',(-2.58394871659,-1.579076412493));
#8104 = CARTESIAN_POINT('',(-2.551008535856,-1.531109089668));
#8105 = CARTESIAN_POINT('',(-2.516764728783,-1.484927123131));
#8106 = CARTESIAN_POINT('',(-2.481102630602,-1.440055968772));
#8107 = CARTESIAN_POINT('',(-2.39533317457,-1.339374343207));
#8108 = CARTESIAN_POINT('',(-2.34485509567,-1.285080558136));
#8109 = CARTESIAN_POINT('',(-2.292363794698,-1.233142820777));
#8110 = CARTESIAN_POINT('',(-2.237920581726,-1.183759372221));
#8111 = CARTESIAN_POINT('',(-2.181508771159,-1.137241932308));
#8112 = CARTESIAN_POINT('',(-2.12307281122,-1.094014586898));
#8113 = CARTESIAN_POINT('',(-2.062522768366,-1.054624615026));
#8114 = CARTESIAN_POINT('',(-1.950628826826,-0.9924545762));
#8115 = CARTESIAN_POINT('',(-1.89993905295,-0.967806314655));
#8116 = CARTESIAN_POINT('',(-1.84794584214,-0.946355991065));
#8117 = CARTESIAN_POINT('',(-1.79489187984,-0.928567585699));
#8118 = CARTESIAN_POINT('',(-1.740989853901,-0.914810124339));
#8119 = CARTESIAN_POINT('',(-1.68643064346,-0.905359442991));
#8120 = CARTESIAN_POINT('',(-1.63139247804,-0.90039876256));
#8121 = CARTESIAN_POINT('',(-1.53947789636,-0.899766489611));
#8122 = CARTESIAN_POINT('',(-1.502934674655,-0.901516266335));
#8123 = CARTESIAN_POINT('',(-1.466499655942,-0.905262482263));
#8124 = CARTESIAN_POINT('',(-1.430251732337,-0.91097369527));
#8125 = CARTESIAN_POINT('',(-1.394271854404,-0.918591853486));
#8126 = CARTESIAN_POINT('',(-1.358644451684,-0.92803220628));
#8127 = CARTESIAN_POINT('',(-1.323458853214,-0.93918321524));
#8128 = CARTESIAN_POINT('',(-1.203506709774,-0.983231203755));
#8129 = CARTESIAN_POINT('',(-1.121890791222,-1.023928283669));
#8130 = CARTESIAN_POINT('',(-1.043713820284,-1.072357839044));
#8131 = CARTESIAN_POINT('',(-0.96880640542,-1.127163237225));
#8132 = CARTESIAN_POINT('',(-0.897069647627,-1.187222856318));
#8133 = CARTESIAN_POINT('',(-0.828503918173,-1.251679676884));
#8134 = CARTESIAN_POINT('',(-0.763207682877,-1.319910455185));
#8135 = CARTESIAN_POINT('',(-0.663785949286,-1.435941479213));
#8136 = CARTESIAN_POINT('',(-0.62777526952,-1.480999989354));
#8137 = CARTESIAN_POINT('',(-0.593194933621,-1.527377717666));
#8138 = CARTESIAN_POINT('',(-0.559919569039,-1.575555246496));
#8139 = CARTESIAN_POINT('',(-0.528241839313,-1.625782216039));
#8140 = CARTESIAN_POINT('',(-0.49889970514,-1.678062245688));
#8141 = CARTESIAN_POINT('',(-0.473027627605,-1.732300294839));
#8142 = CARTESIAN_POINT('',(-0.442696046108,-1.813475009726));
#8143 = CARTESIAN_POINT('',(-0.434235538955,-1.839048168779));
#8144 = CARTESIAN_POINT('',(-0.426843927133,-1.865134248547));
#8145 = CARTESIAN_POINT('',(-0.420709597402,-1.891603989181));
#8146 = CARTESIAN_POINT('',(-0.415980153208,-1.918369725622));
#8147 = CARTESIAN_POINT('',(-0.412765065254,-1.945376591437));
#8148 = CARTESIAN_POINT('',(-0.411137862322,-1.972592942425));
#8149 = CARTESIAN_POINT('',(-0.411137862322,-2.));
#8150 = ( GEOMETRIC_REPRESENTATION_CONTEXT(2) 
PARAMETRIC_REPRESENTATION_CONTEXT() REPRESENTATION_CONTEXT('2D SPACE',''
  ) );
#8151 = PCURVE('',#5778,#8152);
#8152 = DEFINITIONAL_REPRESENTATION('',(#8153),#8268);
#8153 = B_SPLINE_CURVE_WITH_KNOTS('',8,(#8154,#8155,#8156,#8157,#8158,
    #8159,#8160,#8161,#8162,#8163,#8164,#8165,#8166,#8167,#8168,#8169,
    #8170,#8171,#8172,#8173,#8174,#8175,#8176,#8177,#8178,#8179,#8180,
    #8181,#8182,#8183,#8184,#8185,#8186,#8187,#8188,#8189,#8190,#8191,
    #8192,#8193,#8194,#8195,#8196,#8197,#8198,#8199,#8200,#8201,#8202,
    #8203,#8204,#8205,#8206,#8207,#8208,#8209,#8210,#8211,#8212,#8213,
    #8214,#8215,#8216,#8217,#8218,#8219,#8220,#8221,#8222,#8223,#8224,
    #8225,#8226,#8227,#8228,#8229,#8230,#8231,#8232,#8233,#8234,#8235,
    #8236,#8237,#8238,#8239,#8240,#8241,#8242,#8243,#8244,#8245,#8246,
    #8247,#8248,#8249,#8250,#8251,#8252,#8253,#8254,#8255,#8256,#8257,
    #8258,#8259,#8260,#8261,#8262,#8263,#8264,#8265,#8266,#8267),
  .UNSPECIFIED.,.F.,.F.,(9,7,7,7,7,7,7,7,7,7,7,7,7,7,7,7,9),(0.,
    2.93598727383E-02,9.6171316831E-02,0.181971541863,0.249076344134,
    0.293423521477,0.402606611147,0.46992442964,0.499371530946,
    0.529078009094,0.595975156382,0.6818854427,0.749076324475,
    0.793480388701,0.902803534312,0.970207705558,1.),.UNSPECIFIED.);
#8154 = CARTESIAN_POINT('',(0.,-7.520416847669));
#8155 = CARTESIAN_POINT('',(-2.460285425364E-02,-7.520416847669));
#8156 = CARTESIAN_POINT('',(-4.903894922305E-02,-7.518671554239));
#8157 = CARTESIAN_POINT('',(-7.331323959988E-02,-7.515222081446));
#8158 = CARTESIAN_POINT('',(-9.741819279577E-02,-7.510152531973));
#8159 = CARTESIAN_POINT('',(-0.121325535423,-7.503591121276));
#8160 = CARTESIAN_POINT('',(-0.144977128037,-7.495710271031));
#8161 = CARTESIAN_POINT('',(-0.168274968145,-7.486725671847));
#8162 = CARTESIAN_POINT('',(-0.242943518887,-7.454522040818));
#8163 = CARTESIAN_POINT('',(-0.29351489396,-7.427204311251));
#8164 = CARTESIAN_POINT('',(-0.34304082977,-7.396624043785));
#8165 = CARTESIAN_POINT('',(-0.391573329881,-7.364223614809));
#8166 = CARTESIAN_POINT('',(-0.439211693214,-7.330961772143));
#8167 = CARTESIAN_POINT('',(-0.486271502791,-7.29728757425));
#8168 = CARTESIAN_POINT('',(-0.533354026938,-7.263259800047));
#8169 = CARTESIAN_POINT('',(-0.642870929975,-7.184409795913));
#8170 = CARTESIAN_POINT('',(-0.704775819205,-7.140053577218));
#8171 = CARTESIAN_POINT('',(-0.767374701341,-7.096389072868));
#8172 = CARTESIAN_POINT('',(-0.830946983738,-7.053980697167));
#8173 = CARTESIAN_POINT('',(-0.895745809873,-7.013380432795));
#8174 = CARTESIAN_POINT('',(-0.96200975546,-6.975183910255));
#8175 = CARTESIAN_POINT('',(-1.029966723613,-6.940047370205));
#8176 = CARTESIAN_POINT('',(-1.154534182783,-6.884202523274));
#8177 = CARTESIAN_POINT('',(-1.210629321619,-6.861911306969));
#8178 = CARTESIAN_POINT('',(-1.267887606786,-6.842406955724));
#8179 = CARTESIAN_POINT('',(-1.326093228724,-6.826167389039));
#8180 = CARTESIAN_POINT('',(-1.385065140013,-6.813574785775));
#8181 = CARTESIAN_POINT('',(-1.444645742311,-6.804912880141));
#8182 = CARTESIAN_POINT('',(-1.504691271074,-6.800365531409));
#8183 = CARTESIAN_POINT('',(-1.604961986962,-6.799785949393));
#8184 = CARTESIAN_POINT('',(-1.644825797754,-6.801389841128));
#8185 = CARTESIAN_POINT('',(-1.684585288309,-6.804824175181));
#8186 = CARTESIAN_POINT('',(-1.724169797386,-6.810057287709));
#8187 = CARTESIAN_POINT('',(-1.763506251745,-6.817030201643));
#8188 = CARTESIAN_POINT('',(-1.802517393254,-6.825656909958));
#8189 = CARTESIAN_POINT('',(-1.841120006006,-6.835824658934));
#8190 = CARTESIAN_POINT('',(-1.973033359049,-6.875878607338));
#8191 = CARTESIAN_POINT('',(-2.063342683091,-6.9127168643));
#8192 = CARTESIAN_POINT('',(-2.150623707921,-6.956226180019));
#8193 = CARTESIAN_POINT('',(-2.235277975348,-7.004905926461));
#8194 = CARTESIAN_POINT('',(-2.317670166861,-7.057418903026));
#8195 = CARTESIAN_POINT('',(-2.398200683618,-7.112513589384));
#8196 = CARTESIAN_POINT('',(-2.477301143768,-7.1690083926));
#8197 = CARTESIAN_POINT('',(-2.603904738964,-7.260127491874));
#8198 = CARTESIAN_POINT('',(-2.651300031454,-7.294403864013));
#8199 = CARTESIAN_POINT('',(-2.698652884314,-7.328342119005));
#8200 = CARTESIAN_POINT('',(-2.746575834955,-7.361889538536));
#8201 = CARTESIAN_POINT('',(-2.795391586748,-7.394602150682));
#8202 = CARTESIAN_POINT('',(-2.845201098705,-7.425518465352));
#8203 = CARTESIAN_POINT('',(-2.896053937365,-7.453182132989));
#8204 = CARTESIAN_POINT('',(-2.971013101671,-7.485821333006));
#8205 = CARTESIAN_POINT('',(-2.994329389442,-7.49491740558));
#8206 = CARTESIAN_POINT('',(-3.01800230875,-7.502919147947));
#8207 = CARTESIAN_POINT('',(-3.041934168501,-7.509609372387));
#8208 = CARTESIAN_POINT('',(-3.066067347834,-7.514813406927));
#8209 = CARTESIAN_POINT('',(-3.0903745372,-7.518400003628));
#8210 = CARTESIAN_POINT('',(-3.114849851714,-7.520281227721));
#8211 = CARTESIAN_POINT('',(-3.164368913182,-7.520542573443));
#8212 = CARTESIAN_POINT('',(-3.18907196154,-7.518889900228));
#8213 = CARTESIAN_POINT('',(-3.213614034341,-7.515491992776));
#8214 = CARTESIAN_POINT('',(-3.237986839388,-7.510432930695));
#8215 = CARTESIAN_POINT('',(-3.262160827728,-7.503843440423));
#8216 = CARTESIAN_POINT('',(-3.286075378614,-7.495901027812));
#8217 = CARTESIAN_POINT('',(-3.309628061502,-7.48682899124));
#8218 = CARTESIAN_POINT('',(-3.384536172477,-7.454522040818));
#8219 = CARTESIAN_POINT('',(-3.435107547549,-7.427204311251));
#8220 = CARTESIAN_POINT('',(-3.48463348336,-7.396624043785));
#8221 = CARTESIAN_POINT('',(-3.533165983471,-7.364223614809));
#8222 = CARTESIAN_POINT('',(-3.580804346804,-7.330961772143));
#8223 = CARTESIAN_POINT('',(-3.627864156381,-7.29728757425));
#8224 = CARTESIAN_POINT('',(-3.674946680528,-7.263259800047));
#8225 = CARTESIAN_POINT('',(-3.784463583564,-7.184409795913));
#8226 = CARTESIAN_POINT('',(-3.846368472795,-7.140053577217));
#8227 = CARTESIAN_POINT('',(-3.90896735493,-7.096389072868));
#8228 = CARTESIAN_POINT('',(-3.972539637328,-7.053980697167));
#8229 = CARTESIAN_POINT('',(-4.037338463464,-7.013380432795));
#8230 = CARTESIAN_POINT('',(-4.10360240905,-6.975183910255));
#8231 = CARTESIAN_POINT('',(-4.171559377203,-6.940047370205));
#8232 = CARTESIAN_POINT('',(-4.296126836373,-6.884202523274));
#8233 = CARTESIAN_POINT('',(-4.352221975209,-6.861911306969));
#8234 = CARTESIAN_POINT('',(-4.409480260376,-6.842406955724));
#8235 = CARTESIAN_POINT('',(-4.467685882314,-6.826167389039));
#8236 = CARTESIAN_POINT('',(-4.526657793603,-6.813574785775));
#8237 = CARTESIAN_POINT('',(-4.586238395901,-6.804912880142));
#8238 = CARTESIAN_POINT('',(-4.646283924664,-6.800365531409));
#8239 = CARTESIAN_POINT('',(-4.746554640551,-6.799785949393));
#8240 = CARTESIAN_POINT('',(-4.786418451344,-6.801389841128));
#8241 = CARTESIAN_POINT('',(-4.826177941899,-6.804824175181));
#8242 = CARTESIAN_POINT('',(-4.865762450976,-6.810057287709));
#8243 = CARTESIAN_POINT('',(-4.905098905334,-6.817030201643));
#8244 = CARTESIAN_POINT('',(-4.944110046844,-6.825656909958));
#8245 = CARTESIAN_POINT('',(-4.982712659595,-6.835824658934));
#8246 = CARTESIAN_POINT('',(-5.114626012639,-6.875878607337));
#8247 = CARTESIAN_POINT('',(-5.204935336683,-6.9127168643));
#8248 = CARTESIAN_POINT('',(-5.292216361507,-6.956226180018));
#8249 = CARTESIAN_POINT('',(-5.376870628942,-7.004905926463));
#8250 = CARTESIAN_POINT('',(-5.459262820447,-7.057418903024));
#8251 = CARTESIAN_POINT('',(-5.539793337211,-7.112513589386));
#8252 = CARTESIAN_POINT('',(-5.618893797357,-7.169008392599));
#8253 = CARTESIAN_POINT('',(-5.745497392553,-7.260127491874));
#8254 = CARTESIAN_POINT('',(-5.792892685044,-7.294403864013));
#8255 = CARTESIAN_POINT('',(-5.840245537903,-7.328342119005));
#8256 = CARTESIAN_POINT('',(-5.888168488545,-7.361889538536));
#8257 = CARTESIAN_POINT('',(-5.936984240338,-7.394602150682));
#8258 = CARTESIAN_POINT('',(-5.986793752294,-7.425518465352));
#8259 = CARTESIAN_POINT('',(-6.037646590955,-7.453182132989));
#8260 = CARTESIAN_POINT('',(-6.112843593389,-7.485924894009));
#8261 = CARTESIAN_POINT('',(-6.136414621735,-7.495109739644));
#8262 = CARTESIAN_POINT('',(-6.160351184225,-7.503174854352));
#8263 = CARTESIAN_POINT('',(-6.184550588942,-7.509895046148));
#8264 = CARTESIAN_POINT('',(-6.208952359609,-7.515090345232));
#8265 = CARTESIAN_POINT('',(-6.233527684675,-7.51862691485));
#8266 = CARTESIAN_POINT('',(-6.258269800294,-7.520416847669));
#8267 = CARTESIAN_POINT('',(-6.28318530718,-7.520416847669));
#8268 = ( GEOMETRIC_REPRESENTATION_CONTEXT(2) 
PARAMETRIC_REPRESENTATION_CONTEXT() REPRESENTATION_CONTEXT('2D SPACE',''
  ) );
#8269 = FACE_BOUND('',#8270,.T.);
#8270 = EDGE_LOOP('',(#8271));
#8271 = ORIENTED_EDGE('',*,*,#8272,.T.);
#8272 = EDGE_CURVE('',#8273,#8273,#8275,.T.);
#8273 = VERTEX_POINT('',#8274);
#8274 = CARTESIAN_POINT('',(10.1,64.520416847669,5.899494936612));
#8275 = SURFACE_CURVE('',#8276,(#8391,#8509),.PCURVE_S1.);
#8276 = B_SPLINE_CURVE_WITH_KNOTS('',8,(#8277,#8278,#8279,#8280,#8281,
    #8282,#8283,#8284,#8285,#8286,#8287,#8288,#8289,#8290,#8291,#8292,
    #8293,#8294,#8295,#8296,#8297,#8298,#8299,#8300,#8301,#8302,#8303,
    #8304,#8305,#8306,#8307,#8308,#8309,#8310,#8311,#8312,#8313,#8314,
    #8315,#8316,#8317,#8318,#8319,#8320,#8321,#8322,#8323,#8324,#8325,
    #8326,#8327,#8328,#8329,#8330,#8331,#8332,#8333,#8334,#8335,#8336,
    #8337,#8338,#8339,#8340,#8341,#8342,#8343,#8344,#8345,#8346,#8347,
    #8348,#8349,#8350,#8351,#8352,#8353,#8354,#8355,#8356,#8357,#8358,
    #8359,#8360,#8361,#8362,#8363,#8364,#8365,#8366,#8367,#8368,#8369,
    #8370,#8371,#8372,#8373,#8374,#8375,#8376,#8377,#8378,#8379,#8380,
    #8381,#8382,#8383,#8384,#8385,#8386,#8387,#8388,#8389,#8390),
  .UNSPECIFIED.,.T.,.F.,(9,7,7,7,7,7,7,7,7,7,7,7,7,7,7,7,9),(0.,
    2.935987274788E-02,9.617131686245E-02,0.181971541923,0.249076344216,
    0.293423521574,0.40260661128,0.469924429795,0.499371531111,
    0.529078009268,0.595975156578,0.681885442924,0.749076324676,
    0.793480388862,0.902803534388,0.970207705581,1.),.UNSPECIFIED.);
#8277 = CARTESIAN_POINT('',(10.1,64.520416847669,5.899494936612));
#8278 = CARTESIAN_POINT('',(10.1,64.520416847669,5.926558076291));
#8279 = CARTESIAN_POINT('',(10.09923902752,64.518671554239,
    5.953437803288));
#8280 = CARTESIAN_POINT('',(10.097735234438,64.515222081446,
    5.980114498766));
#8281 = CARTESIAN_POINT('',(10.09550648718,64.510152531973,
    6.006556529318));
#8282 = CARTESIAN_POINT('',(10.092574031525,64.503591121276,
    6.032710445427));
#8283 = CARTESIAN_POINT('',(10.088969270375,64.495710271031,
    6.05849188814));
#8284 = CARTESIAN_POINT('',(10.084743654498,64.486725671847,
    6.083777203986));
#8285 = CARTESIAN_POINT('',(10.069145332161,64.454522040818,
    6.164417871325));
#8286 = CARTESIAN_POINT('',(10.055259964234,64.427204311251,
    6.21839136109));
#8287 = CARTESIAN_POINT('',(10.038606775472,64.396624043785,
    6.27042148755));
#8288 = CARTESIAN_POINT('',(10.019422325566,64.364223614809,
    6.320418524118));
#8289 = CARTESIAN_POINT('',(9.997953091371,64.330961772143,
    6.368385846944));
#8290 = CARTESIAN_POINT('',(9.974308768036,64.29728757425,6.414567813481
    ));
#8291 = CARTESIAN_POINT('',(9.948284845862,64.263259800047,6.45943896784
    ));
#8292 = CARTESIAN_POINT('',(9.882134318616,64.184409795913,
    6.560120593405));
#8293 = CARTESIAN_POINT('',(9.840759493796,64.140053577218,
    6.614414378475));
#8294 = CARTESIAN_POINT('',(9.79512087096,64.096389072868,6.666352115835
    ));
#8295 = CARTESIAN_POINT('',(9.745102853997,64.053980697167,6.71573556439
    ));
#8296 = CARTESIAN_POINT('',(9.690578138091,64.013380432795,
    6.762253004303));
#8297 = CARTESIAN_POINT('',(9.631435508236,63.975183910255,
    6.805480349714));
#8298 = CARTESIAN_POINT('',(9.567606635579,63.940047370205,
    6.844870321586));
#8299 = CARTESIAN_POINT('',(9.445497999308,63.884202523274,
    6.907040360411));
#8300 = CARTESIAN_POINT('',(9.388805436142,63.861911306969,
    6.931688621957));
#8301 = CARTESIAN_POINT('',(9.329356350283,63.842406955724,
    6.953138945547));
#8302 = CARTESIAN_POINT('',(9.267555451411,63.826167389039,
    6.970927350912));
#8303 = CARTESIAN_POINT('',(9.203853808692,63.813574785775,
    6.984684812272));
#8304 = CARTESIAN_POINT('',(9.138737199873,63.804912880141,
    6.994135493621));
#8305 = CARTESIAN_POINT('',(9.072714435615,63.800365531409,
    6.999096174052));
#8306 = CARTESIAN_POINT('',(8.962418460379,63.799785949393,
    6.999728447001));
#8307 = CARTESIAN_POINT('',(8.918557532632,63.801389841128,
    6.997978670276));
#8308 = CARTESIAN_POINT('',(8.874906340785,63.804824175181,
    6.994232454349));
#8309 = CARTESIAN_POINT('',(8.831648522521,63.810057287709,
    6.988521241341));
#8310 = CARTESIAN_POINT('',(8.788965283698,63.817030201643,
    6.980903083125));
#8311 = CARTESIAN_POINT('',(8.747032793792,63.825656909958,
    6.971462730332));
#8312 = CARTESIAN_POINT('',(8.706019581332,63.835824658934,
    6.960311721371));
#8313 = CARTESIAN_POINT('',(8.567762048848,63.875878607338,
    6.916263732857));
#8314 = CARTESIAN_POINT('',(8.476467943703,63.9127168643,6.875566652944)
  );
#8315 = CARTESIAN_POINT('',(8.392585089414,63.95622618002,6.827137097564
    ));
#8316 = CARTESIAN_POINT('',(8.316217710241,64.00490592646,6.772331699391
    ));
#8317 = CARTESIAN_POINT('',(8.247309454741,64.057418903027,
    6.712272080289));
#8318 = CARTESIAN_POINT('',(8.185692367104,64.112513589384,6.64781525973
    ));
#8319 = CARTESIAN_POINT('',(8.13115032605,64.1690083926,6.579584481426)
  );
#8320 = CARTESIAN_POINT('',(8.054135713502,64.260127491874,
    6.463553457398));
#8321 = CARTESIAN_POINT('',(8.027746465472,64.294403864013,
    6.418494947258));
#8322 = CARTESIAN_POINT('',(8.003773077068,64.328342119005,
    6.372117218946));
#8323 = CARTESIAN_POINT('',(7.982001504338,64.361889538536,
    6.323939690115));
#8324 = CARTESIAN_POINT('',(7.962539291379,64.394602150682,
    6.273712720572));
#8325 = CARTESIAN_POINT('',(7.94563570558,64.425518465352,6.221432690924
    ));
#8326 = CARTESIAN_POINT('',(7.931530371918,64.453182132989,
    6.167194641773));
#8327 = CARTESIAN_POINT('',(7.915683527991,64.485821333006,
    6.086276671724));
#8328 = CARTESIAN_POINT('',(7.911396244527,64.49491740558,6.06098114099)
  );
#8329 = CARTESIAN_POINT('',(7.907729241169,64.502919147947,
    6.035184742375));
#8330 = CARTESIAN_POINT('',(7.904734539456,64.509609372387,
    6.009010679625));
#8331 = CARTESIAN_POINT('',(7.902444023904,64.514813406927,
    5.982542694084));
#8332 = CARTESIAN_POINT('',(7.900879396807,64.518400003628,
    5.955833168047));
#8333 = CARTESIAN_POINT('',(7.900059129014,64.520281227721,5.92891195767
    ));
#8334 = CARTESIAN_POINT('',(7.899945184721,64.520542573443,
    5.874441109231));
#8335 = CARTESIAN_POINT('',(7.900665811536,64.518889900228,
    5.847266164112));
#8336 = CARTESIAN_POINT('',(7.902146162802,64.515491992776,
    5.820292575257));
#8337 = CARTESIAN_POINT('',(7.904368256441,64.510432930695,
    5.793553628056));
#8338 = CARTESIAN_POINT('',(7.90731057636,64.503843440423,5.767104998887
    ));
#8339 = CARTESIAN_POINT('',(7.910940995924,64.495901027812,
    5.741034554482));
#8340 = CARTESIAN_POINT('',(7.915206301171,64.48682899124,5.715471389902
    ));
#8341 = CARTESIAN_POINT('',(7.930854667839,64.454522040818,
    5.634572001898));
#8342 = CARTESIAN_POINT('',(7.944740035767,64.42720431125,5.580598512133
    ));
#8343 = CARTESIAN_POINT('',(7.961393224528,64.396624043786,
    5.528568385674));
#8344 = CARTESIAN_POINT('',(7.980577674434,64.364223614809,
    5.478571349105));
#8345 = CARTESIAN_POINT('',(8.002046908629,64.330961772142,
    5.430604026279));
#8346 = CARTESIAN_POINT('',(8.025691231964,64.29728757425,5.384422059743
    ));
#8347 = CARTESIAN_POINT('',(8.051715154138,64.263259800047,
    5.339550905383));
#8348 = CARTESIAN_POINT('',(8.117865681383,64.184409795913,
    5.238869279819));
#8349 = CARTESIAN_POINT('',(8.159240506204,64.140053577217,
    5.184575494748));
#8350 = CARTESIAN_POINT('',(8.204879129041,64.096389072868,
    5.132637757389));
#8351 = CARTESIAN_POINT('',(8.254897146003,64.053980697167,
    5.083254308833));
#8352 = CARTESIAN_POINT('',(8.309421861909,64.013380432796,5.03673686892
    ));
#8353 = CARTESIAN_POINT('',(8.368564491764,63.975183910255,
    4.993509523509));
#8354 = CARTESIAN_POINT('',(8.432393364421,63.940047370205,
    4.954119551638));
#8355 = CARTESIAN_POINT('',(8.554502000656,63.884202523291,4.89194951283
    ));
#8356 = CARTESIAN_POINT('',(8.611194563846,63.86191130697,4.867301251267
    ));
#8357 = CARTESIAN_POINT('',(8.67064364974,63.842406955713,4.845850927664
    ));
#8358 = CARTESIAN_POINT('',(8.732444548627,63.826167389031,
    4.828062522302));
#8359 = CARTESIAN_POINT('',(8.796146191328,63.813574785776,
    4.814305060952));
#8360 = CARTESIAN_POINT('',(8.861262800109,63.804912880147,
    4.804854379609));
#8361 = CARTESIAN_POINT('',(8.927285564342,63.800365531409,
    4.799893699172));
#8362 = CARTESIAN_POINT('',(9.037581539626,63.799785949393,
    4.799261426222));
#8363 = CARTESIAN_POINT('',(9.081442467369,63.801389841128,
    4.801011202947));
#8364 = CARTESIAN_POINT('',(9.125093659213,63.804824175181,
    4.804757418875));
#8365 = CARTESIAN_POINT('',(9.168351477475,63.810057287708,
    4.810468631881));
#8366 = CARTESIAN_POINT('',(9.211034716299,63.817030201642,
    4.818086790097));
#8367 = CARTESIAN_POINT('',(9.25296720621,63.825656909958,4.827527142891
    ));
#8368 = CARTESIAN_POINT('',(9.293980418673,63.835824658935,
    4.838678151854));
#8369 = CARTESIAN_POINT('',(9.432237951151,63.875878607337,
    4.882726140366));
#8370 = CARTESIAN_POINT('',(9.523532056301,63.912716864301,
    4.923423220281));
#8371 = CARTESIAN_POINT('',(9.607414910579,63.956226180017,
    4.971852775656));
#8372 = CARTESIAN_POINT('',(9.683782289767,64.004905926465,
    5.026658173836));
#8373 = CARTESIAN_POINT('',(9.752690545253,64.057418903022,5.08671779293
    ));
#8374 = CARTESIAN_POINT('',(9.814307632899,64.112513589387,
    5.151174613497));
#8375 = CARTESIAN_POINT('',(9.868849673949,64.169008392599,
    5.219405391797));
#8376 = CARTESIAN_POINT('',(9.945864286498,64.260127491874,
    5.335436415825));
#8377 = CARTESIAN_POINT('',(9.972253534528,64.294403864013,
    5.380494925966));
#8378 = CARTESIAN_POINT('',(9.996226922932,64.328342119004,
    5.426872654277));
#8379 = CARTESIAN_POINT('',(10.017998495662,64.361889538536,
    5.475050183108));
#8380 = CARTESIAN_POINT('',(10.037460708621,64.394602150682,
    5.525277152651));
#8381 = CARTESIAN_POINT('',(10.054364294419,64.425518465352,
    5.577557182299));
#8382 = CARTESIAN_POINT('',(10.068469628082,64.453182132989,
    5.631795231451));
#8383 = CARTESIAN_POINT('',(10.084366752501,64.485924894009,
    5.712969946338));
#8384 = CARTESIAN_POINT('',(10.088694437286,64.495109739644,
    5.738543105391));
#8385 = CARTESIAN_POINT('',(10.092387930185,64.503174854352,
    5.764629185159));
#8386 = CARTESIAN_POINT('',(10.095393273472,64.509895046148,
    5.791098925793));
#8387 = CARTESIAN_POINT('',(10.097677804391,64.515090345232,
    5.817864662233));
#8388 = CARTESIAN_POINT('',(10.099219562264,64.51862691485,
    5.844871528048));
#8389 = CARTESIAN_POINT('',(10.1,64.520416847669,5.872087879037));
#8390 = CARTESIAN_POINT('',(10.1,64.520416847669,5.899494936612));
#8391 = PCURVE('',#1687,#8392);
#8392 = DEFINITIONAL_REPRESENTATION('',(#8393),#8508);
#8393 = B_SPLINE_CURVE_WITH_KNOTS('',8,(#8394,#8395,#8396,#8397,#8398,
    #8399,#8400,#8401,#8402,#8403,#8404,#8405,#8406,#8407,#8408,#8409,
    #8410,#8411,#8412,#8413,#8414,#8415,#8416,#8417,#8418,#8419,#8420,
    #8421,#8422,#8423,#8424,#8425,#8426,#8427,#8428,#8429,#8430,#8431,
    #8432,#8433,#8434,#8435,#8436,#8437,#8438,#8439,#8440,#8441,#8442,
    #8443,#8444,#8445,#8446,#8447,#8448,#8449,#8450,#8451,#8452,#8453,
    #8454,#8455,#8456,#8457,#8458,#8459,#8460,#8461,#8462,#8463,#8464,
    #8465,#8466,#8467,#8468,#8469,#8470,#8471,#8472,#8473,#8474,#8475,
    #8476,#8477,#8478,#8479,#8480,#8481,#8482,#8483,#8484,#8485,#8486,
    #8487,#8488,#8489,#8490,#8491,#8492,#8493,#8494,#8495,#8496,#8497,
    #8498,#8499,#8500,#8501,#8502,#8503,#8504,#8505,#8506,#8507),
  .UNSPECIFIED.,.T.,.F.,(9,7,7,7,7,7,7,7,7,7,7,7,7,7,7,7,9),(0.,
    2.935987274788E-02,9.617131686245E-02,0.181971541923,0.249076344216,
    0.293423521574,0.40260661128,0.469924429795,0.499371531111,
    0.529078009268,0.595975156578,0.681885442924,0.749076324676,
    0.793480388862,0.902803534388,0.970207705581,1.),.UNSPECIFIED.);
#8394 = CARTESIAN_POINT('',(-5.872047444857,-2.));
#8395 = CARTESIAN_POINT('',(-5.872047444857,-2.027063139679));
#8396 = CARTESIAN_POINT('',(-5.870460822272,-2.053942866677));
#8397 = CARTESIAN_POINT('',(-5.867324916003,-2.080619562154));
#8398 = CARTESIAN_POINT('',(-5.862710105641,-2.107061592707));
#8399 = CARTESIAN_POINT('',(-5.856721337065,-2.133215508815));
#8400 = CARTESIAN_POINT('',(-5.849500084172,-2.158996951528));
#8401 = CARTESIAN_POINT('',(-5.841226746741,-2.184282267374));
#8402 = CARTESIAN_POINT('',(-5.811408064222,-2.264922934714));
#8403 = CARTESIAN_POINT('',(-5.785875834526,-2.318896424479));
#8404 = CARTESIAN_POINT('',(-5.756878617556,-2.370926550938));
#8405 = CARTESIAN_POINT('',(-5.72554137018,-2.420923587507));
#8406 = CARTESIAN_POINT('',(-5.692601189446,-2.468890910332));
#8407 = CARTESIAN_POINT('',(-5.658357382373,-2.515072876869));
#8408 = CARTESIAN_POINT('',(-5.622695284192,-2.559944031228));
#8409 = CARTESIAN_POINT('',(-5.53692582816,-2.660625656793));
#8410 = CARTESIAN_POINT('',(-5.48644774926,-2.714919441864));
#8411 = CARTESIAN_POINT('',(-5.433956448287,-2.766857179223));
#8412 = CARTESIAN_POINT('',(-5.379513235316,-2.816240627779));
#8413 = CARTESIAN_POINT('',(-5.323101424749,-2.862758067692));
#8414 = CARTESIAN_POINT('',(-5.264665464809,-2.905985413103));
#8415 = CARTESIAN_POINT('',(-5.204115421956,-2.945375384974));
#8416 = CARTESIAN_POINT('',(-5.092221480416,-3.0075454238));
#8417 = CARTESIAN_POINT('',(-5.041531706539,-3.032193685345));
#8418 = CARTESIAN_POINT('',(-4.98953849573,-3.053644008936));
#8419 = CARTESIAN_POINT('',(-4.93648453343,-3.071432414301));
#8420 = CARTESIAN_POINT('',(-4.882582507491,-3.085189875661));
#8421 = CARTESIAN_POINT('',(-4.828023297049,-3.094640557009));
#8422 = CARTESIAN_POINT('',(-4.772985131629,-3.09960123744));
#8423 = CARTESIAN_POINT('',(-4.68107054995,-3.100233510389));
#8424 = CARTESIAN_POINT('',(-4.644527328245,-3.098483733665));
#8425 = CARTESIAN_POINT('',(-4.608092309532,-3.094737517737));
#8426 = CARTESIAN_POINT('',(-4.571844385926,-3.08902630473));
#8427 = CARTESIAN_POINT('',(-4.535864507994,-3.081408146514));
#8428 = CARTESIAN_POINT('',(-4.500237105273,-3.07196779372));
#8429 = CARTESIAN_POINT('',(-4.465051506804,-3.06081678476));
#8430 = CARTESIAN_POINT('',(-4.345099363363,-3.016768796245));
#8431 = CARTESIAN_POINT('',(-4.263483444814,-2.976071716332));
#8432 = CARTESIAN_POINT('',(-4.18530647387,-2.927642160952));
#8433 = CARTESIAN_POINT('',(-4.110399059014,-2.87283676278));
#8434 = CARTESIAN_POINT('',(-4.038662301213,-2.812777143677));
#8435 = CARTESIAN_POINT('',(-3.970096571764,-2.748320323118));
#8436 = CARTESIAN_POINT('',(-3.904800336466,-2.680089544814));
#8437 = CARTESIAN_POINT('',(-3.805378602876,-2.564058520787));
#8438 = CARTESIAN_POINT('',(-3.76936792311,-2.519000010646));
#8439 = CARTESIAN_POINT('',(-3.734787587211,-2.472622282334));
#8440 = CARTESIAN_POINT('',(-3.701512222629,-2.424444753504));
#8441 = CARTESIAN_POINT('',(-3.669834492903,-2.374217783961));
#8442 = CARTESIAN_POINT('',(-3.64049235873,-2.321937754312));
#8443 = CARTESIAN_POINT('',(-3.614620281195,-2.267699705161));
#8444 = CARTESIAN_POINT('',(-3.58438463446,-2.186781735112));
#8445 = CARTESIAN_POINT('',(-3.576005378052,-2.161486204378));
#8446 = CARTESIAN_POINT('',(-3.568670958595,-2.135689805763));
#8447 = CARTESIAN_POINT('',(-3.56256304094,-2.109515743013));
#8448 = CARTESIAN_POINT('',(-3.557824928029,-2.083047757472));
#8449 = CARTESIAN_POINT('',(-3.55456401342,-2.056338231436));
#8450 = CARTESIAN_POINT('',(-3.552853807038,-2.029417021059));
#8451 = CARTESIAN_POINT('',(-3.552616219498,-1.974946172619));
#8452 = CARTESIAN_POINT('',(-3.55411865169,-1.9477712275));
#8453 = CARTESIAN_POINT('',(-3.557207365463,-1.920797638645));
#8454 = CARTESIAN_POINT('',(-3.561811947022,-1.894058691445));
#8455 = CARTESIAN_POINT('',(-3.567825428882,-1.867610062275));
#8456 = CARTESIAN_POINT('',(-3.57510221644,-1.84153961787));
#8457 = CARTESIAN_POINT('',(-3.583455546302,-1.81597645329));
#8458 = CARTESIAN_POINT('',(-3.613369896548,-1.735077065287));
#8459 = CARTESIAN_POINT('',(-3.638902126244,-1.681103575521));
#8460 = CARTESIAN_POINT('',(-3.667899343213,-1.629073449062));
#8461 = CARTESIAN_POINT('',(-3.699236590589,-1.579076412493));
#8462 = CARTESIAN_POINT('',(-3.732176771324,-1.531109089668));
#8463 = CARTESIAN_POINT('',(-3.766420578397,-1.484927123131));
#8464 = CARTESIAN_POINT('',(-3.802082676577,-1.440055968772));
#8465 = CARTESIAN_POINT('',(-3.887852132609,-1.339374343207));
#8466 = CARTESIAN_POINT('',(-3.938330211509,-1.285080558136));
#8467 = CARTESIAN_POINT('',(-3.990821512482,-1.233142820777));
#8468 = CARTESIAN_POINT('',(-4.045264725454,-1.183759372221));
#8469 = CARTESIAN_POINT('',(-4.10167653602,-1.137241932308));
#8470 = CARTESIAN_POINT('',(-4.16011249596,-1.094014586897));
#8471 = CARTESIAN_POINT('',(-4.220662538814,-1.054624615026));
#8472 = CARTESIAN_POINT('',(-4.332556480321,-0.992454576219));
#8473 = CARTESIAN_POINT('',(-4.383246254221,-0.967806314655));
#8474 = CARTESIAN_POINT('',(-4.435239465061,-0.946355991052));
#8475 = CARTESIAN_POINT('',(-4.488293427372,-0.92856758569));
#8476 = CARTESIAN_POINT('',(-4.542195453295,-0.914810124341));
#8477 = CARTESIAN_POINT('',(-4.596754663704,-0.905359442997));
#8478 = CARTESIAN_POINT('',(-4.651792829104,-0.90039876256));
#8479 = CARTESIAN_POINT('',(-4.743707410824,-0.899766489611));
#8480 = CARTESIAN_POINT('',(-4.780250632526,-0.901516266336));
#8481 = CARTESIAN_POINT('',(-4.816685651235,-0.905262482263));
#8482 = CARTESIAN_POINT('',(-4.852933574839,-0.91097369527));
#8483 = CARTESIAN_POINT('',(-4.888913452774,-0.918591853486));
#8484 = CARTESIAN_POINT('',(-4.924540855497,-0.92803220628));
#8485 = CARTESIAN_POINT('',(-4.959726453969,-0.939183215242));
#8486 = CARTESIAN_POINT('',(-5.079678597406,-0.983231203755));
#8487 = CARTESIAN_POINT('',(-5.161294515959,-1.023928283669));
#8488 = CARTESIAN_POINT('',(-5.239471486892,-1.072357839043));
#8489 = CARTESIAN_POINT('',(-5.314378901764,-1.127163237226));
#8490 = CARTESIAN_POINT('',(-5.38611565955,-1.187222856317));
#8491 = CARTESIAN_POINT('',(-5.454681389008,-1.251679676885));
#8492 = CARTESIAN_POINT('',(-5.519977624303,-1.319910455185));
#8493 = CARTESIAN_POINT('',(-5.619399357893,-1.435941479213));
#8494 = CARTESIAN_POINT('',(-5.65541003766,-1.480999989354));
#8495 = CARTESIAN_POINT('',(-5.689990373558,-1.527377717665));
#8496 = CARTESIAN_POINT('',(-5.723265738141,-1.575555246496));
#8497 = CARTESIAN_POINT('',(-5.754943467866,-1.62578221604));
#8498 = CARTESIAN_POINT('',(-5.784285602039,-1.678062245688));
#8499 = CARTESIAN_POINT('',(-5.810157679575,-1.732300294839));
#8500 = CARTESIAN_POINT('',(-5.840489261071,-1.813475009726));
#8501 = CARTESIAN_POINT('',(-5.848949768225,-1.839048168779));
#8502 = CARTESIAN_POINT('',(-5.856341380046,-1.865134248547));
#8503 = CARTESIAN_POINT('',(-5.862475709777,-1.891603989181));
#8504 = CARTESIAN_POINT('',(-5.867205153972,-1.918369725622));
#8505 = CARTESIAN_POINT('',(-5.870420241925,-1.945376591437));
#8506 = CARTESIAN_POINT('',(-5.872047444857,-1.972592942425));
#8507 = CARTESIAN_POINT('',(-5.872047444857,-2.));
#8508 = ( GEOMETRIC_REPRESENTATION_CONTEXT(2) 
PARAMETRIC_REPRESENTATION_CONTEXT() REPRESENTATION_CONTEXT('2D SPACE',''
  ) );
#8509 = PCURVE('',#8510,#8515);
#8510 = CYLINDRICAL_SURFACE('',#8511,1.1);
#8511 = AXIS2_PLACEMENT_3D('',#8512,#8513,#8514);
#8512 = CARTESIAN_POINT('',(9.,73.,5.899494936612));
#8513 = DIRECTION('',(-0.,1.,-0.));
#8514 = DIRECTION('',(1.,0.,0.));
#8515 = DEFINITIONAL_REPRESENTATION('',(#8516),#8631);
#8516 = B_SPLINE_CURVE_WITH_KNOTS('',8,(#8517,#8518,#8519,#8520,#8521,
    #8522,#8523,#8524,#8525,#8526,#8527,#8528,#8529,#8530,#8531,#8532,
    #8533,#8534,#8535,#8536,#8537,#8538,#8539,#8540,#8541,#8542,#8543,
    #8544,#8545,#8546,#8547,#8548,#8549,#8550,#8551,#8552,#8553,#8554,
    #8555,#8556,#8557,#8558,#8559,#8560,#8561,#8562,#8563,#8564,#8565,
    #8566,#8567,#8568,#8569,#8570,#8571,#8572,#8573,#8574,#8575,#8576,
    #8577,#8578,#8579,#8580,#8581,#8582,#8583,#8584,#8585,#8586,#8587,
    #8588,#8589,#8590,#8591,#8592,#8593,#8594,#8595,#8596,#8597,#8598,
    #8599,#8600,#8601,#8602,#8603,#8604,#8605,#8606,#8607,#8608,#8609,
    #8610,#8611,#8612,#8613,#8614,#8615,#8616,#8617,#8618,#8619,#8620,
    #8621,#8622,#8623,#8624,#8625,#8626,#8627,#8628,#8629,#8630),
  .UNSPECIFIED.,.F.,.F.,(9,7,7,7,7,7,7,7,7,7,7,7,7,7,7,7,9),(0.,
    2.935987274788E-02,9.617131686245E-02,0.181971541923,0.249076344216,
    0.293423521574,0.40260661128,0.469924429795,0.499371531111,
    0.529078009268,0.595975156578,0.681885442924,0.749076324676,
    0.793480388862,0.902803534388,0.970207705581,1.),.UNSPECIFIED.);
#8517 = CARTESIAN_POINT('',(0.,-8.479583152331));
#8518 = CARTESIAN_POINT('',(-2.460285425365E-02,-8.479583152331));
#8519 = CARTESIAN_POINT('',(-4.903894922303E-02,-8.481328445761));
#8520 = CARTESIAN_POINT('',(-7.331323959987E-02,-8.484777918554));
#8521 = CARTESIAN_POINT('',(-9.741819279578E-02,-8.489847468027));
#8522 = CARTESIAN_POINT('',(-0.121325535423,-8.496408878724));
#8523 = CARTESIAN_POINT('',(-0.144977128037,-8.504289728969));
#8524 = CARTESIAN_POINT('',(-0.168274968145,-8.513274328153));
#8525 = CARTESIAN_POINT('',(-0.242943518887,-8.545477959182));
#8526 = CARTESIAN_POINT('',(-0.29351489396,-8.572795688749));
#8527 = CARTESIAN_POINT('',(-0.34304082977,-8.603375956215));
#8528 = CARTESIAN_POINT('',(-0.391573329881,-8.635776385191));
#8529 = CARTESIAN_POINT('',(-0.439211693214,-8.669038227857));
#8530 = CARTESIAN_POINT('',(-0.486271502791,-8.70271242575));
#8531 = CARTESIAN_POINT('',(-0.533354026939,-8.736740199953));
#8532 = CARTESIAN_POINT('',(-0.642870929975,-8.815590204087));
#8533 = CARTESIAN_POINT('',(-0.704775819204,-8.859946422782));
#8534 = CARTESIAN_POINT('',(-0.767374701341,-8.903610927132));
#8535 = CARTESIAN_POINT('',(-0.830946983738,-8.946019302833));
#8536 = CARTESIAN_POINT('',(-0.895745809873,-8.986619567205));
#8537 = CARTESIAN_POINT('',(-0.96200975546,-9.024816089745));
#8538 = CARTESIAN_POINT('',(-1.029966723613,-9.059952629795));
#8539 = CARTESIAN_POINT('',(-1.154534182783,-9.115797476726));
#8540 = CARTESIAN_POINT('',(-1.210629321619,-9.138088693031));
#8541 = CARTESIAN_POINT('',(-1.267887606786,-9.157593044276));
#8542 = CARTESIAN_POINT('',(-1.326093228724,-9.173832610961));
#8543 = CARTESIAN_POINT('',(-1.385065140013,-9.186425214225));
#8544 = CARTESIAN_POINT('',(-1.444645742311,-9.195087119859));
#8545 = CARTESIAN_POINT('',(-1.504691271074,-9.199634468591));
#8546 = CARTESIAN_POINT('',(-1.604961986962,-9.200214050607));
#8547 = CARTESIAN_POINT('',(-1.644825797754,-9.198610158872));
#8548 = CARTESIAN_POINT('',(-1.684585288309,-9.195175824819));
#8549 = CARTESIAN_POINT('',(-1.724169797386,-9.189942712291));
#8550 = CARTESIAN_POINT('',(-1.763506251745,-9.182969798357));
#8551 = CARTESIAN_POINT('',(-1.802517393254,-9.174343090042));
#8552 = CARTESIAN_POINT('',(-1.841120006006,-9.164175341066));
#8553 = CARTESIAN_POINT('',(-1.973033359049,-9.124121392662));
#8554 = CARTESIAN_POINT('',(-2.06334268309,-9.0872831357));
#8555 = CARTESIAN_POINT('',(-2.150623707924,-9.04377381998));
#8556 = CARTESIAN_POINT('',(-2.235277975344,-8.99509407354));
#8557 = CARTESIAN_POINT('',(-2.317670166864,-8.942581096973));
#8558 = CARTESIAN_POINT('',(-2.398200683617,-8.887486410616));
#8559 = CARTESIAN_POINT('',(-2.477301143768,-8.8309916074));
#8560 = CARTESIAN_POINT('',(-2.603904738964,-8.739872508126));
#8561 = CARTESIAN_POINT('',(-2.651300031454,-8.705596135987));
#8562 = CARTESIAN_POINT('',(-2.698652884313,-8.671657880995));
#8563 = CARTESIAN_POINT('',(-2.746575834955,-8.638110461464));
#8564 = CARTESIAN_POINT('',(-2.795391586748,-8.605397849318));
#8565 = CARTESIAN_POINT('',(-2.845201098704,-8.574481534648));
#8566 = CARTESIAN_POINT('',(-2.896053937365,-8.546817867011));
#8567 = CARTESIAN_POINT('',(-2.971013101671,-8.514178666994));
#8568 = CARTESIAN_POINT('',(-2.994329389442,-8.50508259442));
#8569 = CARTESIAN_POINT('',(-3.01800230875,-8.497080852053));
#8570 = CARTESIAN_POINT('',(-3.041934168501,-8.490390627613));
#8571 = CARTESIAN_POINT('',(-3.066067347834,-8.485186593073));
#8572 = CARTESIAN_POINT('',(-3.0903745372,-8.481599996372));
#8573 = CARTESIAN_POINT('',(-3.114849851714,-8.479718772279));
#8574 = CARTESIAN_POINT('',(-3.164368913182,-8.479457426557));
#8575 = CARTESIAN_POINT('',(-3.18907196154,-8.481110099772));
#8576 = CARTESIAN_POINT('',(-3.213614034341,-8.484508007224));
#8577 = CARTESIAN_POINT('',(-3.237986839388,-8.489567069305));
#8578 = CARTESIAN_POINT('',(-3.262160827728,-8.496156559577));
#8579 = CARTESIAN_POINT('',(-3.286075378614,-8.504098972188));
#8580 = CARTESIAN_POINT('',(-3.309628061502,-8.51317100876));
#8581 = CARTESIAN_POINT('',(-3.384536172477,-8.545477959182));
#8582 = CARTESIAN_POINT('',(-3.43510754755,-8.57279568875));
#8583 = CARTESIAN_POINT('',(-3.484633483359,-8.603375956214));
#8584 = CARTESIAN_POINT('',(-3.533165983471,-8.635776385191));
#8585 = CARTESIAN_POINT('',(-3.580804346805,-8.669038227858));
#8586 = CARTESIAN_POINT('',(-3.627864156381,-8.70271242575));
#8587 = CARTESIAN_POINT('',(-3.674946680528,-8.736740199953));
#8588 = CARTESIAN_POINT('',(-3.784463583564,-8.815590204087));
#8589 = CARTESIAN_POINT('',(-3.846368472794,-8.859946422783));
#8590 = CARTESIAN_POINT('',(-3.908967354931,-8.903610927132));
#8591 = CARTESIAN_POINT('',(-3.972539637328,-8.946019302833));
#8592 = CARTESIAN_POINT('',(-4.037338463463,-8.986619567204));
#8593 = CARTESIAN_POINT('',(-4.10360240905,-9.024816089745));
#8594 = CARTESIAN_POINT('',(-4.171559377203,-9.059952629795));
#8595 = CARTESIAN_POINT('',(-4.296126836336,-9.115797476709));
#8596 = CARTESIAN_POINT('',(-4.352221975199,-9.13808869303));
#8597 = CARTESIAN_POINT('',(-4.4094802604,-9.157593044287));
#8598 = CARTESIAN_POINT('',(-4.467685882349,-9.173832610969));
#8599 = CARTESIAN_POINT('',(-4.526657793621,-9.186425214224));
#8600 = CARTESIAN_POINT('',(-4.586238395884,-9.195087119853));
#8601 = CARTESIAN_POINT('',(-4.646283924624,-9.199634468591));
#8602 = CARTESIAN_POINT('',(-4.746554640556,-9.200214050607));
#8603 = CARTESIAN_POINT('',(-4.786418451346,-9.198610158872));
#8604 = CARTESIAN_POINT('',(-4.826177941896,-9.195175824819));
#8605 = CARTESIAN_POINT('',(-4.865762450972,-9.189942712292));
#8606 = CARTESIAN_POINT('',(-4.905098905332,-9.182969798358));
#8607 = CARTESIAN_POINT('',(-4.944110046846,-9.174343090042));
#8608 = CARTESIAN_POINT('',(-4.9827126596,-9.164175341065));
#8609 = CARTESIAN_POINT('',(-5.114626012638,-9.124121392663));
#8610 = CARTESIAN_POINT('',(-5.204935336684,-9.087283135699));
#8611 = CARTESIAN_POINT('',(-5.292216361506,-9.043773819983));
#8612 = CARTESIAN_POINT('',(-5.376870628943,-8.995094073535));
#8613 = CARTESIAN_POINT('',(-5.459262820446,-8.942581096978));
#8614 = CARTESIAN_POINT('',(-5.539793337211,-8.887486410613));
#8615 = CARTESIAN_POINT('',(-5.618893797357,-8.830991607401));
#8616 = CARTESIAN_POINT('',(-5.745497392553,-8.739872508126));
#8617 = CARTESIAN_POINT('',(-5.792892685044,-8.705596135987));
#8618 = CARTESIAN_POINT('',(-5.840245537903,-8.671657880996));
#8619 = CARTESIAN_POINT('',(-5.888168488545,-8.638110461464));
#8620 = CARTESIAN_POINT('',(-5.936984240338,-8.605397849318));
#8621 = CARTESIAN_POINT('',(-5.986793752294,-8.574481534648));
#8622 = CARTESIAN_POINT('',(-6.037646590955,-8.546817867011));
#8623 = CARTESIAN_POINT('',(-6.112843593389,-8.514075105991));
#8624 = CARTESIAN_POINT('',(-6.136414621735,-8.504890260356));
#8625 = CARTESIAN_POINT('',(-6.160351184225,-8.496825145648));
#8626 = CARTESIAN_POINT('',(-6.184550588942,-8.490104953852));
#8627 = CARTESIAN_POINT('',(-6.208952359608,-8.484909654768));
#8628 = CARTESIAN_POINT('',(-6.233527684675,-8.48137308515));
#8629 = CARTESIAN_POINT('',(-6.258269800294,-8.479583152331));
#8630 = CARTESIAN_POINT('',(-6.28318530718,-8.479583152331));
#8631 = ( GEOMETRIC_REPRESENTATION_CONTEXT(2) 
PARAMETRIC_REPRESENTATION_CONTEXT() REPRESENTATION_CONTEXT('2D SPACE',''
  ) );
#8632 = ADVANCED_FACE('',(#8633,#8659,#9017),#1718,.F.);
#8633 = FACE_BOUND('',#8634,.T.);
#8634 = EDGE_LOOP('',(#8635,#8636,#8657,#8658));
#8635 = ORIENTED_EDGE('',*,*,#1701,.F.);
#8636 = ORIENTED_EDGE('',*,*,#8637,.T.);
#8637 = EDGE_CURVE('',#1702,#2811,#8638,.T.);
#8638 = SEAM_CURVE('',#8639,(#8643,#8650),.PCURVE_S1.);
#8639 = LINE('',#8640,#8641);
#8640 = CARTESIAN_POINT('',(28.2,65.,3.899494936612));
#8641 = VECTOR('',#8642,1.);
#8642 = DIRECTION('',(0.,0.,1.));
#8643 = PCURVE('',#1718,#8644);
#8644 = DEFINITIONAL_REPRESENTATION('',(#8645),#8649);
#8645 = LINE('',#8646,#8647);
#8646 = CARTESIAN_POINT('',(-6.28318530718,0.));
#8647 = VECTOR('',#8648,1.);
#8648 = DIRECTION('',(-0.,-1.));
#8649 = ( GEOMETRIC_REPRESENTATION_CONTEXT(2) 
PARAMETRIC_REPRESENTATION_CONTEXT() REPRESENTATION_CONTEXT('2D SPACE',''
  ) );
#8650 = PCURVE('',#1718,#8651);
#8651 = DEFINITIONAL_REPRESENTATION('',(#8652),#8656);
#8652 = LINE('',#8653,#8654);
#8653 = CARTESIAN_POINT('',(-0.,0.));
#8654 = VECTOR('',#8655,1.);
#8655 = DIRECTION('',(-0.,-1.));
#8656 = ( GEOMETRIC_REPRESENTATION_CONTEXT(2) 
PARAMETRIC_REPRESENTATION_CONTEXT() REPRESENTATION_CONTEXT('2D SPACE',''
  ) );
#8657 = ORIENTED_EDGE('',*,*,#2810,.F.);
#8658 = ORIENTED_EDGE('',*,*,#8637,.F.);
#8659 = FACE_BOUND('',#8660,.T.);
#8660 = EDGE_LOOP('',(#8661));
#8661 = ORIENTED_EDGE('',*,*,#8662,.F.);
#8662 = EDGE_CURVE('',#8663,#8663,#8665,.T.);
#8663 = VERTEX_POINT('',#8664);
#8664 = CARTESIAN_POINT('',(28.1,65.479583152331,5.899494936612));
#8665 = SURFACE_CURVE('',#8666,(#8781,#8899),.PCURVE_S1.);
#8666 = B_SPLINE_CURVE_WITH_KNOTS('',8,(#8667,#8668,#8669,#8670,#8671,
    #8672,#8673,#8674,#8675,#8676,#8677,#8678,#8679,#8680,#8681,#8682,
    #8683,#8684,#8685,#8686,#8687,#8688,#8689,#8690,#8691,#8692,#8693,
    #8694,#8695,#8696,#8697,#8698,#8699,#8700,#8701,#8702,#8703,#8704,
    #8705,#8706,#8707,#8708,#8709,#8710,#8711,#8712,#8713,#8714,#8715,
    #8716,#8717,#8718,#8719,#8720,#8721,#8722,#8723,#8724,#8725,#8726,
    #8727,#8728,#8729,#8730,#8731,#8732,#8733,#8734,#8735,#8736,#8737,
    #8738,#8739,#8740,#8741,#8742,#8743,#8744,#8745,#8746,#8747,#8748,
    #8749,#8750,#8751,#8752,#8753,#8754,#8755,#8756,#8757,#8758,#8759,
    #8760,#8761,#8762,#8763,#8764,#8765,#8766,#8767,#8768,#8769,#8770,
    #8771,#8772,#8773,#8774,#8775,#8776,#8777,#8778,#8779,#8780),
  .UNSPECIFIED.,.T.,.F.,(9,7,7,7,7,7,7,7,7,7,7,7,7,7,7,7,9),(0.,
    2.935987276785E-02,9.617131692795E-02,0.181971542047,0.249076344331,
    0.293423521653,0.402606611287,0.469924429758,0.499371531054,
    0.529078009192,0.595975156458,0.681885442748,0.749076324501,
    0.793480388717,0.902803534319,0.97020770556,1.),.UNSPECIFIED.);
#8667 = CARTESIAN_POINT('',(28.1,65.479583152331,5.899494936612));
#8668 = CARTESIAN_POINT('',(28.1,65.479583152331,5.926558076291));
#8669 = CARTESIAN_POINT('',(28.09923902752,65.481328445761,
    5.953437803288));
#8670 = CARTESIAN_POINT('',(28.097735234438,65.484777918554,
    5.980114498766));
#8671 = CARTESIAN_POINT('',(28.09550648718,65.489847468027,
    6.006556529318));
#8672 = CARTESIAN_POINT('',(28.092574031525,65.496408878724,
    6.032710445427));
#8673 = CARTESIAN_POINT('',(28.088969270375,65.504289728969,
    6.05849188814));
#8674 = CARTESIAN_POINT('',(28.084743654498,65.513274328153,
    6.083777203986));
#8675 = CARTESIAN_POINT('',(28.069145332161,65.545477959182,
    6.164417871325));
#8676 = CARTESIAN_POINT('',(28.055259964234,65.572795688749,
    6.21839136109));
#8677 = CARTESIAN_POINT('',(28.038606775472,65.603375956215,
    6.27042148755));
#8678 = CARTESIAN_POINT('',(28.019422325566,65.635776385191,
    6.320418524118));
#8679 = CARTESIAN_POINT('',(27.997953091371,65.669038227857,
    6.368385846944));
#8680 = CARTESIAN_POINT('',(27.974308768036,65.70271242575,
    6.414567813481));
#8681 = CARTESIAN_POINT('',(27.948284845862,65.736740199953,
    6.45943896784));
#8682 = CARTESIAN_POINT('',(27.882134318616,65.815590204087,
    6.560120593405));
#8683 = CARTESIAN_POINT('',(27.840759493796,65.859946422782,
    6.614414378475));
#8684 = CARTESIAN_POINT('',(27.79512087096,65.903610927132,
    6.666352115835));
#8685 = CARTESIAN_POINT('',(27.745102853997,65.946019302833,
    6.71573556439));
#8686 = CARTESIAN_POINT('',(27.690578138091,65.986619567205,
    6.762253004303));
#8687 = CARTESIAN_POINT('',(27.631435508236,66.024816089745,
    6.805480349714));
#8688 = CARTESIAN_POINT('',(27.567606635579,66.059952629795,
    6.844870321586));
#8689 = CARTESIAN_POINT('',(27.445497999351,66.115797476706,
    6.907040360389));
#8690 = CARTESIAN_POINT('',(27.388805436156,66.13808869303,
    6.931688621956));
#8691 = CARTESIAN_POINT('',(27.329356350255,66.157593044289,
    6.953138945562));
#8692 = CARTESIAN_POINT('',(27.267555451365,66.173832610971,
    6.970927350923));
#8693 = CARTESIAN_POINT('',(27.203853808668,66.186425214224,
    6.984684812271));
#8694 = CARTESIAN_POINT('',(27.138737199895,66.195087119852,
    6.994135493614));
#8695 = CARTESIAN_POINT('',(27.072714435666,66.199634468591,
    6.999096174051));
#8696 = CARTESIAN_POINT('',(26.962418460374,66.200214050607,
    6.999728447001));
#8697 = CARTESIAN_POINT('',(26.918557532631,66.198610158872,
    6.997978670276));
#8698 = CARTESIAN_POINT('',(26.874906340787,66.195175824819,
    6.994232454348));
#8699 = CARTESIAN_POINT('',(26.831648522525,66.189942712292,
    6.988521241342));
#8700 = CARTESIAN_POINT('',(26.788965283701,66.182969798358,
    6.980903083126));
#8701 = CARTESIAN_POINT('',(26.74703279379,66.174343090042,
    6.971462730332));
#8702 = CARTESIAN_POINT('',(26.706019581327,66.164175341065,
    6.96031172137));
#8703 = CARTESIAN_POINT('',(26.567762048848,66.124121392662,
    6.916263732856));
#8704 = CARTESIAN_POINT('',(26.476467943704,66.087283135701,
    6.875566652945));
#8705 = CARTESIAN_POINT('',(26.392585089412,66.043773819979,
    6.827137097562));
#8706 = CARTESIAN_POINT('',(26.316217710242,65.995094073541,
    6.772331699395));
#8707 = CARTESIAN_POINT('',(26.24730945474,65.942581096972,
    6.712272080286));
#8708 = CARTESIAN_POINT('',(26.185692367105,65.887486410617,
    6.647815259732));
#8709 = CARTESIAN_POINT('',(26.13115032605,65.8309916074,6.579584481425)
  );
#8710 = CARTESIAN_POINT('',(26.054135713501,65.739872508126,
    6.463553457398));
#8711 = CARTESIAN_POINT('',(26.027746465472,65.705596135987,
    6.418494947258));
#8712 = CARTESIAN_POINT('',(26.003773077068,65.671657880995,
    6.372117218946));
#8713 = CARTESIAN_POINT('',(25.982001504338,65.638110461463,
    6.323939690115));
#8714 = CARTESIAN_POINT('',(25.962539291379,65.605397849318,
    6.273712720572));
#8715 = CARTESIAN_POINT('',(25.94563570558,65.574481534648,
    6.221432690924));
#8716 = CARTESIAN_POINT('',(25.931530371918,65.546817867011,
    6.167194641773));
#8717 = CARTESIAN_POINT('',(25.915683527991,65.514178666994,
    6.086276671724));
#8718 = CARTESIAN_POINT('',(25.911396244527,65.50508259442,6.06098114099
    ));
#8719 = CARTESIAN_POINT('',(25.907729241169,65.497080852053,
    6.035184742375));
#8720 = CARTESIAN_POINT('',(25.904734539456,65.490390627613,
    6.009010679625));
#8721 = CARTESIAN_POINT('',(25.902444023904,65.485186593073,
    5.982542694084));
#8722 = CARTESIAN_POINT('',(25.900879396807,65.481599996372,
    5.955833168047));
#8723 = CARTESIAN_POINT('',(25.900059129014,65.479718772279,
    5.92891195767));
#8724 = CARTESIAN_POINT('',(25.899945184721,65.479457426557,
    5.874441109231));
#8725 = CARTESIAN_POINT('',(25.900665811536,65.481110099772,
    5.847266164112));
#8726 = CARTESIAN_POINT('',(25.902146162802,65.484508007224,
    5.820292575257));
#8727 = CARTESIAN_POINT('',(25.904368256441,65.489567069305,
    5.793553628056));
#8728 = CARTESIAN_POINT('',(25.90731057636,65.496156559577,
    5.767104998887));
#8729 = CARTESIAN_POINT('',(25.910940995924,65.504098972188,
    5.741034554482));
#8730 = CARTESIAN_POINT('',(25.915206301171,65.51317100876,
    5.715471389902));
#8731 = CARTESIAN_POINT('',(25.930854667839,65.545477959182,
    5.634572001898));
#8732 = CARTESIAN_POINT('',(25.944740035766,65.572795688749,
    5.580598512133));
#8733 = CARTESIAN_POINT('',(25.961393224528,65.603375956215,
    5.528568385673));
#8734 = CARTESIAN_POINT('',(25.980577674434,65.635776385191,
    5.478571349105));
#8735 = CARTESIAN_POINT('',(26.002046908629,65.669038227857,
    5.43060402628));
#8736 = CARTESIAN_POINT('',(26.025691231964,65.70271242575,
    5.384422059742));
#8737 = CARTESIAN_POINT('',(26.051715154138,65.736740199953,
    5.339550905383));
#8738 = CARTESIAN_POINT('',(26.117865681384,65.815590204087,
    5.238869279819));
#8739 = CARTESIAN_POINT('',(26.159240506204,65.859946422783,
    5.184575494748));
#8740 = CARTESIAN_POINT('',(26.20487912904,65.903610927132,
    5.132637757389));
#8741 = CARTESIAN_POINT('',(26.254897146003,65.946019302833,
    5.083254308833));
#8742 = CARTESIAN_POINT('',(26.309421861909,65.986619567205,
    5.03673686892));
#8743 = CARTESIAN_POINT('',(26.368564491764,66.024816089745,
    4.993509523509));
#8744 = CARTESIAN_POINT('',(26.432393364421,66.059952629795,
    4.954119551638));
#8745 = CARTESIAN_POINT('',(26.554502000692,66.115797476726,
    4.891949512812));
#8746 = CARTESIAN_POINT('',(26.611194563858,66.138088693031,
    4.867301251266));
#8747 = CARTESIAN_POINT('',(26.670643649717,66.157593044276,
    4.845850927676));
#8748 = CARTESIAN_POINT('',(26.732444548589,66.173832610961,
    4.828062522311));
#8749 = CARTESIAN_POINT('',(26.796146191308,66.186425214225,
    4.814305060951));
#8750 = CARTESIAN_POINT('',(26.861262800127,66.195087119858,
    4.804854379602));
#8751 = CARTESIAN_POINT('',(26.927285564385,66.199634468591,
    4.799893699172));
#8752 = CARTESIAN_POINT('',(27.037581539626,66.200214050607,
    4.799261426222));
#8753 = CARTESIAN_POINT('',(27.081442467369,66.198610158872,
    4.801011202947));
#8754 = CARTESIAN_POINT('',(27.125093659213,66.195175824819,
    4.804757418875));
#8755 = CARTESIAN_POINT('',(27.168351477475,66.189942712292,
    4.810468631881));
#8756 = CARTESIAN_POINT('',(27.211034716299,66.182969798358,
    4.818086790097));
#8757 = CARTESIAN_POINT('',(27.25296720621,66.174343090042,
    4.827527142891));
#8758 = CARTESIAN_POINT('',(27.293980418673,66.164175341065,
    4.838678151854));
#8759 = CARTESIAN_POINT('',(27.432237951152,66.124121392662,
    4.882726140367));
#8760 = CARTESIAN_POINT('',(27.523532056295,66.087283135701,
    4.923423220278));
#8761 = CARTESIAN_POINT('',(27.607414910591,66.043773819979,
    4.971852775661));
#8762 = CARTESIAN_POINT('',(27.683782289753,65.995094073542,
    5.026658173828));
#8763 = CARTESIAN_POINT('',(27.752690545263,65.942581096971,
    5.086717792938));
#8764 = CARTESIAN_POINT('',(27.814307632894,65.887486410618,
    5.151174613491));
#8765 = CARTESIAN_POINT('',(27.868849673951,65.830991607399,
    5.219405391798));
#8766 = CARTESIAN_POINT('',(27.945864286498,65.739872508126,
    5.335436415825));
#8767 = CARTESIAN_POINT('',(27.972253534529,65.705596135987,
    5.380494925966));
#8768 = CARTESIAN_POINT('',(27.996226922932,65.671657880996,
    5.426872654277));
#8769 = CARTESIAN_POINT('',(28.017998495662,65.638110461464,
    5.475050183108));
#8770 = CARTESIAN_POINT('',(28.037460708621,65.605397849318,
    5.525277152651));
#8771 = CARTESIAN_POINT('',(28.054364294419,65.574481534649,
    5.577557182299));
#8772 = CARTESIAN_POINT('',(28.068469628082,65.546817867011,
    5.631795231451));
#8773 = CARTESIAN_POINT('',(28.084366752501,65.514075105991,
    5.712969946338));
#8774 = CARTESIAN_POINT('',(28.088694437286,65.504890260356,
    5.738543105391));
#8775 = CARTESIAN_POINT('',(28.092387930185,65.496825145648,
    5.764629185159));
#8776 = CARTESIAN_POINT('',(28.095393273472,65.490104953852,
    5.791098925793));
#8777 = CARTESIAN_POINT('',(28.097677804391,65.484909654768,
    5.817864662233));
#8778 = CARTESIAN_POINT('',(28.099219562264,65.48137308515,
    5.844871528048));
#8779 = CARTESIAN_POINT('',(28.1,65.479583152331,5.872087879037));
#8780 = CARTESIAN_POINT('',(28.1,65.479583152331,5.899494936612));
#8781 = PCURVE('',#1718,#8782);
#8782 = DEFINITIONAL_REPRESENTATION('',(#8783),#8898);
#8783 = B_SPLINE_CURVE_WITH_KNOTS('',8,(#8784,#8785,#8786,#8787,#8788,
    #8789,#8790,#8791,#8792,#8793,#8794,#8795,#8796,#8797,#8798,#8799,
    #8800,#8801,#8802,#8803,#8804,#8805,#8806,#8807,#8808,#8809,#8810,
    #8811,#8812,#8813,#8814,#8815,#8816,#8817,#8818,#8819,#8820,#8821,
    #8822,#8823,#8824,#8825,#8826,#8827,#8828,#8829,#8830,#8831,#8832,
    #8833,#8834,#8835,#8836,#8837,#8838,#8839,#8840,#8841,#8842,#8843,
    #8844,#8845,#8846,#8847,#8848,#8849,#8850,#8851,#8852,#8853,#8854,
    #8855,#8856,#8857,#8858,#8859,#8860,#8861,#8862,#8863,#8864,#8865,
    #8866,#8867,#8868,#8869,#8870,#8871,#8872,#8873,#8874,#8875,#8876,
    #8877,#8878,#8879,#8880,#8881,#8882,#8883,#8884,#8885,#8886,#8887,
    #8888,#8889,#8890,#8891,#8892,#8893,#8894,#8895,#8896,#8897),
  .UNSPECIFIED.,.T.,.F.,(9,7,7,7,7,7,7,7,7,7,7,7,7,7,7,7,9),(0.,
    2.935987276785E-02,9.617131692795E-02,0.181971542047,0.249076344331,
    0.293423521653,0.402606611287,0.469924429758,0.499371531054,
    0.529078009192,0.595975156458,0.681885442748,0.749076324501,
    0.793480388717,0.902803534319,0.97020770556,1.),.UNSPECIFIED.);
#8784 = CARTESIAN_POINT('',(-0.411137862322,-2.));
#8785 = CARTESIAN_POINT('',(-0.411137862322,-2.027063139679));
#8786 = CARTESIAN_POINT('',(-0.412724484908,-2.053942866677));
#8787 = CARTESIAN_POINT('',(-0.415860391177,-2.080619562154));
#8788 = CARTESIAN_POINT('',(-0.420475201539,-2.107061592707));
#8789 = CARTESIAN_POINT('',(-0.426463970114,-2.133215508815));
#8790 = CARTESIAN_POINT('',(-0.433685223007,-2.158996951528));
#8791 = CARTESIAN_POINT('',(-0.441958560439,-2.184282267374));
#8792 = CARTESIAN_POINT('',(-0.471777242958,-2.264922934714));
#8793 = CARTESIAN_POINT('',(-0.497309472654,-2.318896424479));
#8794 = CARTESIAN_POINT('',(-0.526306689623,-2.370926550938));
#8795 = CARTESIAN_POINT('',(-0.557643937,-2.420923587507));
#8796 = CARTESIAN_POINT('',(-0.590584117734,-2.468890910332));
#8797 = CARTESIAN_POINT('',(-0.624827924807,-2.515072876869));
#8798 = CARTESIAN_POINT('',(-0.660490022987,-2.559944031228));
#8799 = CARTESIAN_POINT('',(-0.74625947902,-2.660625656793));
#8800 = CARTESIAN_POINT('',(-0.796737557919,-2.714919441864));
#8801 = CARTESIAN_POINT('',(-0.849228858892,-2.766857179223));
#8802 = CARTESIAN_POINT('',(-0.903672071864,-2.816240627779));
#8803 = CARTESIAN_POINT('',(-0.96008388243,-2.862758067692));
#8804 = CARTESIAN_POINT('',(-1.018519842371,-2.905985413103));
#8805 = CARTESIAN_POINT('',(-1.079069885224,-2.945375384974));
#8806 = CARTESIAN_POINT('',(-1.190963826724,-3.007545423778));
#8807 = CARTESIAN_POINT('',(-1.241653600629,-3.032193685345));
#8808 = CARTESIAN_POINT('',(-1.293646811475,-3.05364400895));
#8809 = CARTESIAN_POINT('',(-1.346700773788,-3.071432414312));
#8810 = CARTESIAN_POINT('',(-1.400602799708,-3.085189875659));
#8811 = CARTESIAN_POINT('',(-1.455162010112,-3.094640557002));
#8812 = CARTESIAN_POINT('',(-1.510200175507,-3.09960123744));
#8813 = CARTESIAN_POINT('',(-1.602114757234,-3.100233510389));
#8814 = CARTESIAN_POINT('',(-1.638657978937,-3.098483733664));
#8815 = CARTESIAN_POINT('',(-1.675092997646,-3.094737517737));
#8816 = CARTESIAN_POINT('',(-1.71134092125,-3.08902630473));
#8817 = CARTESIAN_POINT('',(-1.747320799184,-3.081408146514));
#8818 = CARTESIAN_POINT('',(-1.782948201908,-3.07196779372));
#8819 = CARTESIAN_POINT('',(-1.81813380038,-3.060816784758));
#8820 = CARTESIAN_POINT('',(-1.938085943817,-3.016768796245));
#8821 = CARTESIAN_POINT('',(-2.019701862364,-2.976071716333));
#8822 = CARTESIAN_POINT('',(-2.097878833312,-2.927642160951));
#8823 = CARTESIAN_POINT('',(-2.172786248162,-2.872836762782));
#8824 = CARTESIAN_POINT('',(-2.24452300597,-2.812777143675));
#8825 = CARTESIAN_POINT('',(-2.313088735413,-2.74832032312));
#8826 = CARTESIAN_POINT('',(-2.378384970714,-2.680089544813));
#8827 = CARTESIAN_POINT('',(-2.477806704304,-2.564058520786));
#8828 = CARTESIAN_POINT('',(-2.51381738407,-2.519000010646));
#8829 = CARTESIAN_POINT('',(-2.548397719969,-2.472622282334));
#8830 = CARTESIAN_POINT('',(-2.581673084551,-2.424444753504));
#8831 = CARTESIAN_POINT('',(-2.613350814277,-2.37421778396));
#8832 = CARTESIAN_POINT('',(-2.64269294845,-2.321937754312));
#8833 = CARTESIAN_POINT('',(-2.668565025985,-2.267699705161));
#8834 = CARTESIAN_POINT('',(-2.698800672719,-2.186781735112));
#8835 = CARTESIAN_POINT('',(-2.707179929128,-2.161486204378));
#8836 = CARTESIAN_POINT('',(-2.714514348584,-2.135689805763));
#8837 = CARTESIAN_POINT('',(-2.72062226624,-2.109515743013));
#8838 = CARTESIAN_POINT('',(-2.725360379151,-2.083047757472));
#8839 = CARTESIAN_POINT('',(-2.72862129376,-2.056338231436));
#8840 = CARTESIAN_POINT('',(-2.730331500141,-2.029417021059));
#8841 = CARTESIAN_POINT('',(-2.730569087681,-1.974946172619));
#8842 = CARTESIAN_POINT('',(-2.72906665549,-1.9477712275));
#8843 = CARTESIAN_POINT('',(-2.725977941717,-1.920797638645));
#8844 = CARTESIAN_POINT('',(-2.721373360158,-1.894058691445));
#8845 = CARTESIAN_POINT('',(-2.715359878298,-1.867610062275));
#8846 = CARTESIAN_POINT('',(-2.708083090739,-1.84153961787));
#8847 = CARTESIAN_POINT('',(-2.699729760878,-1.81597645329));
#8848 = CARTESIAN_POINT('',(-2.669815410632,-1.735077065286));
#8849 = CARTESIAN_POINT('',(-2.644283180936,-1.681103575521));
#8850 = CARTESIAN_POINT('',(-2.615285963967,-1.629073449062));
#8851 = CARTESIAN_POINT('',(-2.58394871659,-1.579076412493));
#8852 = CARTESIAN_POINT('',(-2.551008535856,-1.531109089668));
#8853 = CARTESIAN_POINT('',(-2.516764728783,-1.484927123131));
#8854 = CARTESIAN_POINT('',(-2.481102630602,-1.440055968772));
#8855 = CARTESIAN_POINT('',(-2.39533317457,-1.339374343207));
#8856 = CARTESIAN_POINT('',(-2.34485509567,-1.285080558136));
#8857 = CARTESIAN_POINT('',(-2.292363794698,-1.233142820777));
#8858 = CARTESIAN_POINT('',(-2.237920581726,-1.183759372221));
#8859 = CARTESIAN_POINT('',(-2.181508771159,-1.137241932308));
#8860 = CARTESIAN_POINT('',(-2.123072811219,-1.094014586898));
#8861 = CARTESIAN_POINT('',(-2.062522768366,-1.054624615026));
#8862 = CARTESIAN_POINT('',(-1.950628826826,-0.9924545762));
#8863 = CARTESIAN_POINT('',(-1.89993905295,-0.967806314655));
#8864 = CARTESIAN_POINT('',(-1.84794584214,-0.946355991065));
#8865 = CARTESIAN_POINT('',(-1.79489187984,-0.928567585699));
#8866 = CARTESIAN_POINT('',(-1.740989853901,-0.914810124339));
#8867 = CARTESIAN_POINT('',(-1.68643064346,-0.905359442991));
#8868 = CARTESIAN_POINT('',(-1.63139247804,-0.90039876256));
#8869 = CARTESIAN_POINT('',(-1.539477896356,-0.899766489611));
#8870 = CARTESIAN_POINT('',(-1.502934674653,-0.901516266336));
#8871 = CARTESIAN_POINT('',(-1.466499655944,-0.905262482263));
#8872 = CARTESIAN_POINT('',(-1.43025173234,-0.91097369527));
#8873 = CARTESIAN_POINT('',(-1.394271854406,-0.918591853486));
#8874 = CARTESIAN_POINT('',(-1.358644451682,-0.92803220628));
#8875 = CARTESIAN_POINT('',(-1.32345885321,-0.939183215242));
#8876 = CARTESIAN_POINT('',(-1.203506709773,-0.983231203755));
#8877 = CARTESIAN_POINT('',(-1.121890791226,-1.023928283667));
#8878 = CARTESIAN_POINT('',(-1.043713820277,-1.072357839049));
#8879 = CARTESIAN_POINT('',(-0.968806405428,-1.127163237218));
#8880 = CARTESIAN_POINT('',(-0.897069647619,-1.187222856325));
#8881 = CARTESIAN_POINT('',(-0.828503918177,-1.25167967688));
#8882 = CARTESIAN_POINT('',(-0.763207682875,-1.319910455187));
#8883 = CARTESIAN_POINT('',(-0.663785949286,-1.435941479213));
#8884 = CARTESIAN_POINT('',(-0.627775269519,-1.480999989354));
#8885 = CARTESIAN_POINT('',(-0.593194933621,-1.527377717665));
#8886 = CARTESIAN_POINT('',(-0.559919569039,-1.575555246496));
#8887 = CARTESIAN_POINT('',(-0.528241839313,-1.62578221604));
#8888 = CARTESIAN_POINT('',(-0.49889970514,-1.678062245687));
#8889 = CARTESIAN_POINT('',(-0.473027627605,-1.732300294839));
#8890 = CARTESIAN_POINT('',(-0.442696046108,-1.813475009726));
#8891 = CARTESIAN_POINT('',(-0.434235538955,-1.839048168779));
#8892 = CARTESIAN_POINT('',(-0.426843927133,-1.865134248547));
#8893 = CARTESIAN_POINT('',(-0.420709597402,-1.891603989181));
#8894 = CARTESIAN_POINT('',(-0.415980153208,-1.918369725622));
#8895 = CARTESIAN_POINT('',(-0.412765065254,-1.945376591437));
#8896 = CARTESIAN_POINT('',(-0.411137862322,-1.972592942425));
#8897 = CARTESIAN_POINT('',(-0.411137862322,-2.));
#8898 = ( GEOMETRIC_REPRESENTATION_CONTEXT(2) 
PARAMETRIC_REPRESENTATION_CONTEXT() REPRESENTATION_CONTEXT('2D SPACE',''
  ) );
#8899 = PCURVE('',#5716,#8900);
#8900 = DEFINITIONAL_REPRESENTATION('',(#8901),#9016);
#8901 = B_SPLINE_CURVE_WITH_KNOTS('',8,(#8902,#8903,#8904,#8905,#8906,
    #8907,#8908,#8909,#8910,#8911,#8912,#8913,#8914,#8915,#8916,#8917,
    #8918,#8919,#8920,#8921,#8922,#8923,#8924,#8925,#8926,#8927,#8928,
    #8929,#8930,#8931,#8932,#8933,#8934,#8935,#8936,#8937,#8938,#8939,
    #8940,#8941,#8942,#8943,#8944,#8945,#8946,#8947,#8948,#8949,#8950,
    #8951,#8952,#8953,#8954,#8955,#8956,#8957,#8958,#8959,#8960,#8961,
    #8962,#8963,#8964,#8965,#8966,#8967,#8968,#8969,#8970,#8971,#8972,
    #8973,#8974,#8975,#8976,#8977,#8978,#8979,#8980,#8981,#8982,#8983,
    #8984,#8985,#8986,#8987,#8988,#8989,#8990,#8991,#8992,#8993,#8994,
    #8995,#8996,#8997,#8998,#8999,#9000,#9001,#9002,#9003,#9004,#9005,
    #9006,#9007,#9008,#9009,#9010,#9011,#9012,#9013,#9014,#9015),
  .UNSPECIFIED.,.F.,.F.,(9,7,7,7,7,7,7,7,7,7,7,7,7,7,7,7,9),(0.,
    2.935987276785E-02,9.617131692795E-02,0.181971542047,0.249076344331,
    0.293423521653,0.402606611287,0.469924429758,0.499371531054,
    0.529078009192,0.595975156458,0.681885442748,0.749076324501,
    0.793480388717,0.902803534319,0.97020770556,1.),.UNSPECIFIED.);
#8902 = CARTESIAN_POINT('',(0.,-7.520416847669));
#8903 = CARTESIAN_POINT('',(-2.460285425366E-02,-7.520416847669));
#8904 = CARTESIAN_POINT('',(-4.903894922303E-02,-7.518671554239));
#8905 = CARTESIAN_POINT('',(-7.331323959988E-02,-7.515222081446));
#8906 = CARTESIAN_POINT('',(-9.741819279578E-02,-7.510152531973));
#8907 = CARTESIAN_POINT('',(-0.121325535423,-7.503591121276));
#8908 = CARTESIAN_POINT('',(-0.144977128037,-7.495710271031));
#8909 = CARTESIAN_POINT('',(-0.168274968145,-7.486725671847));
#8910 = CARTESIAN_POINT('',(-0.242943518887,-7.454522040818));
#8911 = CARTESIAN_POINT('',(-0.293514893959,-7.427204311251));
#8912 = CARTESIAN_POINT('',(-0.34304082977,-7.396624043785));
#8913 = CARTESIAN_POINT('',(-0.391573329881,-7.364223614809));
#8914 = CARTESIAN_POINT('',(-0.439211693214,-7.330961772143));
#8915 = CARTESIAN_POINT('',(-0.486271502791,-7.29728757425));
#8916 = CARTESIAN_POINT('',(-0.533354026938,-7.263259800047));
#8917 = CARTESIAN_POINT('',(-0.642870929975,-7.184409795913));
#8918 = CARTESIAN_POINT('',(-0.704775819204,-7.140053577218));
#8919 = CARTESIAN_POINT('',(-0.767374701341,-7.096389072868));
#8920 = CARTESIAN_POINT('',(-0.830946983738,-7.053980697167));
#8921 = CARTESIAN_POINT('',(-0.895745809873,-7.013380432795));
#8922 = CARTESIAN_POINT('',(-0.96200975546,-6.975183910255));
#8923 = CARTESIAN_POINT('',(-1.029966723613,-6.940047370205));
#8924 = CARTESIAN_POINT('',(-1.154534182739,-6.884202523294));
#8925 = CARTESIAN_POINT('',(-1.210629321607,-6.86191130697));
#8926 = CARTESIAN_POINT('',(-1.267887606814,-6.842406955711));
#8927 = CARTESIAN_POINT('',(-1.326093228766,-6.826167389029));
#8928 = CARTESIAN_POINT('',(-1.385065140034,-6.813574785776));
#8929 = CARTESIAN_POINT('',(-1.444645742291,-6.804912880148));
#8930 = CARTESIAN_POINT('',(-1.504691271027,-6.800365531409));
#8931 = CARTESIAN_POINT('',(-1.604961986966,-6.799785949393));
#8932 = CARTESIAN_POINT('',(-1.644825797756,-6.801389841128));
#8933 = CARTESIAN_POINT('',(-1.684585288307,-6.804824175181));
#8934 = CARTESIAN_POINT('',(-1.724169797382,-6.810057287708));
#8935 = CARTESIAN_POINT('',(-1.763506251742,-6.817030201642));
#8936 = CARTESIAN_POINT('',(-1.802517393256,-6.825656909958));
#8937 = CARTESIAN_POINT('',(-1.84112000601,-6.835824658935));
#8938 = CARTESIAN_POINT('',(-1.97303335905,-6.875878607338));
#8939 = CARTESIAN_POINT('',(-2.063342683089,-6.912716864299));
#8940 = CARTESIAN_POINT('',(-2.150623707925,-6.956226180021));
#8941 = CARTESIAN_POINT('',(-2.235277975343,-7.004905926459));
#8942 = CARTESIAN_POINT('',(-2.317670166866,-7.057418903028));
#8943 = CARTESIAN_POINT('',(-2.398200683616,-7.112513589383));
#8944 = CARTESIAN_POINT('',(-2.477301143769,-7.1690083926));
#8945 = CARTESIAN_POINT('',(-2.603904738964,-7.260127491874));
#8946 = CARTESIAN_POINT('',(-2.651300031454,-7.294403864013));
#8947 = CARTESIAN_POINT('',(-2.698652884313,-7.328342119005));
#8948 = CARTESIAN_POINT('',(-2.746575834955,-7.361889538537));
#8949 = CARTESIAN_POINT('',(-2.795391586748,-7.394602150682));
#8950 = CARTESIAN_POINT('',(-2.845201098704,-7.425518465352));
#8951 = CARTESIAN_POINT('',(-2.896053937365,-7.453182132989));
#8952 = CARTESIAN_POINT('',(-2.971013101671,-7.485821333006));
#8953 = CARTESIAN_POINT('',(-2.994329389442,-7.49491740558));
#8954 = CARTESIAN_POINT('',(-3.01800230875,-7.502919147947));
#8955 = CARTESIAN_POINT('',(-3.041934168501,-7.509609372387));
#8956 = CARTESIAN_POINT('',(-3.066067347834,-7.514813406927));
#8957 = CARTESIAN_POINT('',(-3.0903745372,-7.518400003628));
#8958 = CARTESIAN_POINT('',(-3.114849851714,-7.520281227721));
#8959 = CARTESIAN_POINT('',(-3.164368913182,-7.520542573443));
#8960 = CARTESIAN_POINT('',(-3.18907196154,-7.518889900228));
#8961 = CARTESIAN_POINT('',(-3.213614034341,-7.515491992776));
#8962 = CARTESIAN_POINT('',(-3.237986839388,-7.510432930695));
#8963 = CARTESIAN_POINT('',(-3.262160827728,-7.503843440423));
#8964 = CARTESIAN_POINT('',(-3.286075378614,-7.495901027812));
#8965 = CARTESIAN_POINT('',(-3.309628061502,-7.48682899124));
#8966 = CARTESIAN_POINT('',(-3.384536172477,-7.454522040818));
#8967 = CARTESIAN_POINT('',(-3.435107547549,-7.427204311251));
#8968 = CARTESIAN_POINT('',(-3.48463348336,-7.396624043785));
#8969 = CARTESIAN_POINT('',(-3.533165983471,-7.364223614809));
#8970 = CARTESIAN_POINT('',(-3.580804346804,-7.330961772143));
#8971 = CARTESIAN_POINT('',(-3.627864156381,-7.29728757425));
#8972 = CARTESIAN_POINT('',(-3.674946680528,-7.263259800047));
#8973 = CARTESIAN_POINT('',(-3.784463583565,-7.184409795913));
#8974 = CARTESIAN_POINT('',(-3.846368472795,-7.140053577217));
#8975 = CARTESIAN_POINT('',(-3.90896735493,-7.096389072868));
#8976 = CARTESIAN_POINT('',(-3.972539637328,-7.053980697167));
#8977 = CARTESIAN_POINT('',(-4.037338463464,-7.013380432795));
#8978 = CARTESIAN_POINT('',(-4.10360240905,-6.975183910255));
#8979 = CARTESIAN_POINT('',(-4.171559377203,-6.940047370205));
#8980 = CARTESIAN_POINT('',(-4.296126836373,-6.884202523274));
#8981 = CARTESIAN_POINT('',(-4.352221975209,-6.861911306969));
#8982 = CARTESIAN_POINT('',(-4.409480260376,-6.842406955724));
#8983 = CARTESIAN_POINT('',(-4.467685882314,-6.826167389039));
#8984 = CARTESIAN_POINT('',(-4.526657793603,-6.813574785775));
#8985 = CARTESIAN_POINT('',(-4.586238395901,-6.804912880142));
#8986 = CARTESIAN_POINT('',(-4.646283924664,-6.800365531409));
#8987 = CARTESIAN_POINT('',(-4.746554640556,-6.799785949393));
#8988 = CARTESIAN_POINT('',(-4.786418451346,-6.801389841128));
#8989 = CARTESIAN_POINT('',(-4.826177941896,-6.804824175181));
#8990 = CARTESIAN_POINT('',(-4.865762450972,-6.810057287708));
#8991 = CARTESIAN_POINT('',(-4.905098905332,-6.817030201642));
#8992 = CARTESIAN_POINT('',(-4.944110046846,-6.825656909958));
#8993 = CARTESIAN_POINT('',(-4.9827126596,-6.835824658935));
#8994 = CARTESIAN_POINT('',(-5.11462601264,-6.875878607338));
#8995 = CARTESIAN_POINT('',(-5.204935336678,-6.912716864299));
#8996 = CARTESIAN_POINT('',(-5.292216361516,-6.956226180021));
#8997 = CARTESIAN_POINT('',(-5.376870628931,-7.004905926458));
#8998 = CARTESIAN_POINT('',(-5.459262820457,-7.057418903029));
#8999 = CARTESIAN_POINT('',(-5.539793337205,-7.112513589382));
#9000 = CARTESIAN_POINT('',(-5.618893797359,-7.169008392601));
#9001 = CARTESIAN_POINT('',(-5.745497392553,-7.260127491874));
#9002 = CARTESIAN_POINT('',(-5.792892685045,-7.294403864013));
#9003 = CARTESIAN_POINT('',(-5.840245537902,-7.328342119004));
#9004 = CARTESIAN_POINT('',(-5.888168488545,-7.361889538536));
#9005 = CARTESIAN_POINT('',(-5.936984240339,-7.394602150682));
#9006 = CARTESIAN_POINT('',(-5.986793752293,-7.425518465352));
#9007 = CARTESIAN_POINT('',(-6.037646590955,-7.453182132989));
#9008 = CARTESIAN_POINT('',(-6.112843593389,-7.485924894009));
#9009 = CARTESIAN_POINT('',(-6.136414621735,-7.495109739644));
#9010 = CARTESIAN_POINT('',(-6.160351184225,-7.503174854352));
#9011 = CARTESIAN_POINT('',(-6.184550588942,-7.509895046148));
#9012 = CARTESIAN_POINT('',(-6.208952359608,-7.515090345232));
#9013 = CARTESIAN_POINT('',(-6.233527684675,-7.51862691485));
#9014 = CARTESIAN_POINT('',(-6.258269800294,-7.520416847669));
#9015 = CARTESIAN_POINT('',(-6.28318530718,-7.520416847669));
#9016 = ( GEOMETRIC_REPRESENTATION_CONTEXT(2) 
PARAMETRIC_REPRESENTATION_CONTEXT() REPRESENTATION_CONTEXT('2D SPACE',''
  ) );
#9017 = FACE_BOUND('',#9018,.T.);
#9018 = EDGE_LOOP('',(#9019));
#9019 = ORIENTED_EDGE('',*,*,#9020,.T.);
#9020 = EDGE_CURVE('',#9021,#9021,#9023,.T.);
#9021 = VERTEX_POINT('',#9022);
#9022 = CARTESIAN_POINT('',(28.1,64.520416847669,5.899494936612));
#9023 = SURFACE_CURVE('',#9024,(#9139,#9257),.PCURVE_S1.);
#9024 = B_SPLINE_CURVE_WITH_KNOTS('',8,(#9025,#9026,#9027,#9028,#9029,
    #9030,#9031,#9032,#9033,#9034,#9035,#9036,#9037,#9038,#9039,#9040,
    #9041,#9042,#9043,#9044,#9045,#9046,#9047,#9048,#9049,#9050,#9051,
    #9052,#9053,#9054,#9055,#9056,#9057,#9058,#9059,#9060,#9061,#9062,
    #9063,#9064,#9065,#9066,#9067,#9068,#9069,#9070,#9071,#9072,#9073,
    #9074,#9075,#9076,#9077,#9078,#9079,#9080,#9081,#9082,#9083,#9084,
    #9085,#9086,#9087,#9088,#9089,#9090,#9091,#9092,#9093,#9094,#9095,
    #9096,#9097,#9098,#9099,#9100,#9101,#9102,#9103,#9104,#9105,#9106,
    #9107,#9108,#9109,#9110,#9111,#9112,#9113,#9114,#9115,#9116,#9117,
    #9118,#9119,#9120,#9121,#9122,#9123,#9124,#9125,#9126,#9127,#9128,
    #9129,#9130,#9131,#9132,#9133,#9134,#9135,#9136,#9137,#9138),
  .UNSPECIFIED.,.T.,.F.,(9,7,7,7,7,7,7,7,7,7,7,7,7,7,7,7,9),(0.,
    2.935987273156E-02,9.617131680911E-02,0.181971541822,0.249076344077,
    0.293423521415,0.402606611086,0.46992442958,0.499371530886,
    0.529078009034,0.595975156323,0.681885442642,0.749076324417,
    0.793480388649,0.902803534287,0.97020770555,1.),.UNSPECIFIED.);
#9025 = CARTESIAN_POINT('',(28.1,64.520416847669,5.899494936612));
#9026 = CARTESIAN_POINT('',(28.1,64.520416847669,5.926558076291));
#9027 = CARTESIAN_POINT('',(28.09923902752,64.518671554239,
    5.953437803288));
#9028 = CARTESIAN_POINT('',(28.097735234438,64.515222081446,
    5.980114498766));
#9029 = CARTESIAN_POINT('',(28.09550648718,64.510152531973,
    6.006556529318));
#9030 = CARTESIAN_POINT('',(28.092574031525,64.503591121276,
    6.032710445427));
#9031 = CARTESIAN_POINT('',(28.088969270375,64.495710271031,
    6.05849188814));
#9032 = CARTESIAN_POINT('',(28.084743654498,64.486725671847,
    6.083777203986));
#9033 = CARTESIAN_POINT('',(28.06914533216,64.454522040818,
    6.164417871325));
#9034 = CARTESIAN_POINT('',(28.055259964234,64.427204311251,
    6.21839136109));
#9035 = CARTESIAN_POINT('',(28.038606775472,64.396624043785,
    6.27042148755));
#9036 = CARTESIAN_POINT('',(28.019422325566,64.364223614809,
    6.320418524118));
#9037 = CARTESIAN_POINT('',(27.997953091371,64.330961772143,
    6.368385846944));
#9038 = CARTESIAN_POINT('',(27.974308768036,64.29728757425,
    6.414567813481));
#9039 = CARTESIAN_POINT('',(27.948284845862,64.263259800047,
    6.45943896784));
#9040 = CARTESIAN_POINT('',(27.882134318616,64.184409795913,
    6.560120593405));
#9041 = CARTESIAN_POINT('',(27.840759493796,64.140053577218,
    6.614414378475));
#9042 = CARTESIAN_POINT('',(27.79512087096,64.096389072868,
    6.666352115835));
#9043 = CARTESIAN_POINT('',(27.745102853997,64.053980697167,
    6.71573556439));
#9044 = CARTESIAN_POINT('',(27.690578138091,64.013380432795,
    6.762253004303));
#9045 = CARTESIAN_POINT('',(27.631435508236,63.975183910255,
    6.805480349714));
#9046 = CARTESIAN_POINT('',(27.567606635579,63.940047370205,
    6.844870321586));
#9047 = CARTESIAN_POINT('',(27.445497999308,63.884202523274,
    6.907040360411));
#9048 = CARTESIAN_POINT('',(27.388805436142,63.861911306969,
    6.931688621957));
#9049 = CARTESIAN_POINT('',(27.329356350283,63.842406955724,
    6.953138945547));
#9050 = CARTESIAN_POINT('',(27.267555451411,63.826167389039,
    6.970927350912));
#9051 = CARTESIAN_POINT('',(27.203853808692,63.813574785775,
    6.984684812272));
#9052 = CARTESIAN_POINT('',(27.138737199873,63.804912880142,
    6.994135493621));
#9053 = CARTESIAN_POINT('',(27.072714435615,63.800365531409,
    6.999096174052));
#9054 = CARTESIAN_POINT('',(26.962418460374,63.799785949393,
    6.999728447001));
#9055 = CARTESIAN_POINT('',(26.918557532631,63.801389841128,
    6.997978670276));
#9056 = CARTESIAN_POINT('',(26.874906340787,63.804824175181,
    6.994232454348));
#9057 = CARTESIAN_POINT('',(26.831648522525,63.810057287708,
    6.988521241342));
#9058 = CARTESIAN_POINT('',(26.788965283701,63.817030201642,
    6.980903083126));
#9059 = CARTESIAN_POINT('',(26.74703279379,63.825656909958,
    6.971462730332));
#9060 = CARTESIAN_POINT('',(26.706019581327,63.835824658935,
    6.96031172137));
#9061 = CARTESIAN_POINT('',(26.567762048848,63.875878607338,
    6.916263732857));
#9062 = CARTESIAN_POINT('',(26.476467943703,63.912716864299,
    6.875566652945));
#9063 = CARTESIAN_POINT('',(26.392585089414,63.95622618002,
    6.827137097562));
#9064 = CARTESIAN_POINT('',(26.316217710241,64.00490592646,
    6.772331699394));
#9065 = CARTESIAN_POINT('',(26.247309454741,64.057418903027,
    6.712272080287));
#9066 = CARTESIAN_POINT('',(26.185692367104,64.112513589384,
    6.647815259731));
#9067 = CARTESIAN_POINT('',(26.13115032605,64.1690083926,6.579584481425)
  );
#9068 = CARTESIAN_POINT('',(26.054135713502,64.260127491874,
    6.463553457398));
#9069 = CARTESIAN_POINT('',(26.027746465472,64.294403864013,
    6.418494947258));
#9070 = CARTESIAN_POINT('',(26.003773077068,64.328342119005,
    6.372117218946));
#9071 = CARTESIAN_POINT('',(25.982001504338,64.361889538536,
    6.323939690115));
#9072 = CARTESIAN_POINT('',(25.962539291379,64.394602150682,
    6.273712720572));
#9073 = CARTESIAN_POINT('',(25.94563570558,64.425518465352,
    6.221432690924));
#9074 = CARTESIAN_POINT('',(25.931530371918,64.453182132989,
    6.167194641773));
#9075 = CARTESIAN_POINT('',(25.915683527991,64.485821333006,
    6.086276671724));
#9076 = CARTESIAN_POINT('',(25.911396244527,64.49491740558,6.06098114099
    ));
#9077 = CARTESIAN_POINT('',(25.907729241169,64.502919147947,
    6.035184742375));
#9078 = CARTESIAN_POINT('',(25.904734539456,64.509609372387,
    6.009010679625));
#9079 = CARTESIAN_POINT('',(25.902444023904,64.514813406927,
    5.982542694084));
#9080 = CARTESIAN_POINT('',(25.900879396807,64.518400003628,
    5.955833168047));
#9081 = CARTESIAN_POINT('',(25.900059129014,64.520281227721,
    5.92891195767));
#9082 = CARTESIAN_POINT('',(25.899945184721,64.520542573443,
    5.874441109231));
#9083 = CARTESIAN_POINT('',(25.900665811536,64.518889900228,
    5.847266164112));
#9084 = CARTESIAN_POINT('',(25.902146162802,64.515491992776,
    5.820292575257));
#9085 = CARTESIAN_POINT('',(25.904368256441,64.510432930695,
    5.793553628056));
#9086 = CARTESIAN_POINT('',(25.90731057636,64.503843440423,
    5.767104998887));
#9087 = CARTESIAN_POINT('',(25.910940995924,64.495901027812,
    5.741034554482));
#9088 = CARTESIAN_POINT('',(25.915206301171,64.48682899124,
    5.715471389902));
#9089 = CARTESIAN_POINT('',(25.930854667839,64.454522040818,
    5.634572001898));
#9090 = CARTESIAN_POINT('',(25.944740035766,64.427204311251,
    5.580598512133));
#9091 = CARTESIAN_POINT('',(25.961393224528,64.396624043785,
    5.528568385673));
#9092 = CARTESIAN_POINT('',(25.980577674434,64.364223614809,
    5.478571349105));
#9093 = CARTESIAN_POINT('',(26.002046908629,64.330961772143,
    5.43060402628));
#9094 = CARTESIAN_POINT('',(26.025691231964,64.29728757425,
    5.384422059742));
#9095 = CARTESIAN_POINT('',(26.051715154138,64.263259800047,
    5.339550905383));
#9096 = CARTESIAN_POINT('',(26.117865681384,64.184409795913,
    5.238869279819));
#9097 = CARTESIAN_POINT('',(26.159240506204,64.140053577218,
    5.184575494748));
#9098 = CARTESIAN_POINT('',(26.20487912904,64.096389072868,
    5.132637757389));
#9099 = CARTESIAN_POINT('',(26.254897146003,64.053980697167,
    5.083254308833));
#9100 = CARTESIAN_POINT('',(26.309421861909,64.013380432796,
    5.03673686892));
#9101 = CARTESIAN_POINT('',(26.368564491764,63.975183910255,
    4.993509523509));
#9102 = CARTESIAN_POINT('',(26.432393364421,63.940047370205,
    4.954119551638));
#9103 = CARTESIAN_POINT('',(26.554502000692,63.884202523274,
    4.891949512812));
#9104 = CARTESIAN_POINT('',(26.611194563858,63.861911306969,
    4.867301251266));
#9105 = CARTESIAN_POINT('',(26.670643649717,63.842406955724,
    4.845850927676));
#9106 = CARTESIAN_POINT('',(26.732444548589,63.826167389039,
    4.828062522311));
#9107 = CARTESIAN_POINT('',(26.796146191308,63.813574785775,
    4.814305060951));
#9108 = CARTESIAN_POINT('',(26.861262800127,63.804912880142,
    4.804854379602));
#9109 = CARTESIAN_POINT('',(26.927285564385,63.800365531409,
    4.799893699172));
#9110 = CARTESIAN_POINT('',(27.037581539626,63.799785949393,
    4.799261426222));
#9111 = CARTESIAN_POINT('',(27.081442467369,63.801389841128,
    4.801011202947));
#9112 = CARTESIAN_POINT('',(27.125093659213,63.804824175181,
    4.804757418875));
#9113 = CARTESIAN_POINT('',(27.168351477475,63.810057287708,
    4.810468631881));
#9114 = CARTESIAN_POINT('',(27.211034716299,63.817030201642,
    4.818086790097));
#9115 = CARTESIAN_POINT('',(27.25296720621,63.825656909958,
    4.827527142891));
#9116 = CARTESIAN_POINT('',(27.293980418673,63.835824658935,
    4.838678151854));
#9117 = CARTESIAN_POINT('',(27.432237951152,63.875878607338,
    4.882726140367));
#9118 = CARTESIAN_POINT('',(27.523532056297,63.9127168643,4.923423220279
    ));
#9119 = CARTESIAN_POINT('',(27.607414910585,63.956226180019,
    4.971852775659));
#9120 = CARTESIAN_POINT('',(27.68378228976,64.004905926461,
    5.026658173832));
#9121 = CARTESIAN_POINT('',(27.752690545258,64.057418903026,
    5.086717792934));
#9122 = CARTESIAN_POINT('',(27.814307632896,64.112513589384,
    5.151174613493));
#9123 = CARTESIAN_POINT('',(27.86884967395,64.1690083926,5.219405391798)
  );
#9124 = CARTESIAN_POINT('',(27.945864286499,64.260127491874,
    5.335436415825));
#9125 = CARTESIAN_POINT('',(27.972253534528,64.294403864013,
    5.380494925965));
#9126 = CARTESIAN_POINT('',(27.996226922932,64.328342119005,
    5.426872654277));
#9127 = CARTESIAN_POINT('',(28.017998495662,64.361889538536,
    5.475050183108));
#9128 = CARTESIAN_POINT('',(28.037460708621,64.394602150682,
    5.525277152651));
#9129 = CARTESIAN_POINT('',(28.05436429442,64.425518465352,5.5775571823)
  );
#9130 = CARTESIAN_POINT('',(28.068469628082,64.453182132989,
    5.63179523145));
#9131 = CARTESIAN_POINT('',(28.084366752501,64.485924894009,
    5.712969946338));
#9132 = CARTESIAN_POINT('',(28.088694437286,64.495109739644,
    5.738543105391));
#9133 = CARTESIAN_POINT('',(28.092387930185,64.503174854352,
    5.764629185159));
#9134 = CARTESIAN_POINT('',(28.095393273472,64.509895046148,
    5.791098925793));
#9135 = CARTESIAN_POINT('',(28.097677804391,64.515090345232,
    5.817864662233));
#9136 = CARTESIAN_POINT('',(28.099219562264,64.51862691485,
    5.844871528048));
#9137 = CARTESIAN_POINT('',(28.1,64.520416847669,5.872087879037));
#9138 = CARTESIAN_POINT('',(28.1,64.520416847669,5.899494936612));
#9139 = PCURVE('',#1718,#9140);
#9140 = DEFINITIONAL_REPRESENTATION('',(#9141),#9256);
#9141 = B_SPLINE_CURVE_WITH_KNOTS('',8,(#9142,#9143,#9144,#9145,#9146,
    #9147,#9148,#9149,#9150,#9151,#9152,#9153,#9154,#9155,#9156,#9157,
    #9158,#9159,#9160,#9161,#9162,#9163,#9164,#9165,#9166,#9167,#9168,
    #9169,#9170,#9171,#9172,#9173,#9174,#9175,#9176,#9177,#9178,#9179,
    #9180,#9181,#9182,#9183,#9184,#9185,#9186,#9187,#9188,#9189,#9190,
    #9191,#9192,#9193,#9194,#9195,#9196,#9197,#9198,#9199,#9200,#9201,
    #9202,#9203,#9204,#9205,#9206,#9207,#9208,#9209,#9210,#9211,#9212,
    #9213,#9214,#9215,#9216,#9217,#9218,#9219,#9220,#9221,#9222,#9223,
    #9224,#9225,#9226,#9227,#9228,#9229,#9230,#9231,#9232,#9233,#9234,
    #9235,#9236,#9237,#9238,#9239,#9240,#9241,#9242,#9243,#9244,#9245,
    #9246,#9247,#9248,#9249,#9250,#9251,#9252,#9253,#9254,#9255),
  .UNSPECIFIED.,.T.,.F.,(9,7,7,7,7,7,7,7,7,7,7,7,7,7,7,7,9),(0.,
    2.935987273156E-02,9.617131680911E-02,0.181971541822,0.249076344077,
    0.293423521415,0.402606611086,0.46992442958,0.499371530886,
    0.529078009034,0.595975156323,0.681885442642,0.749076324417,
    0.793480388649,0.902803534287,0.97020770555,1.),.UNSPECIFIED.);
#9142 = CARTESIAN_POINT('',(-5.872047444857,-2.));
#9143 = CARTESIAN_POINT('',(-5.872047444857,-2.027063139679));
#9144 = CARTESIAN_POINT('',(-5.870460822272,-2.053942866677));
#9145 = CARTESIAN_POINT('',(-5.867324916003,-2.080619562154));
#9146 = CARTESIAN_POINT('',(-5.862710105641,-2.107061592707));
#9147 = CARTESIAN_POINT('',(-5.856721337065,-2.133215508815));
#9148 = CARTESIAN_POINT('',(-5.849500084172,-2.158996951528));
#9149 = CARTESIAN_POINT('',(-5.841226746741,-2.184282267374));
#9150 = CARTESIAN_POINT('',(-5.811408064222,-2.264922934714));
#9151 = CARTESIAN_POINT('',(-5.785875834526,-2.318896424479));
#9152 = CARTESIAN_POINT('',(-5.756878617556,-2.370926550939));
#9153 = CARTESIAN_POINT('',(-5.72554137018,-2.420923587507));
#9154 = CARTESIAN_POINT('',(-5.692601189446,-2.468890910332));
#9155 = CARTESIAN_POINT('',(-5.658357382373,-2.515072876869));
#9156 = CARTESIAN_POINT('',(-5.622695284192,-2.559944031228));
#9157 = CARTESIAN_POINT('',(-5.53692582816,-2.660625656793));
#9158 = CARTESIAN_POINT('',(-5.48644774926,-2.714919441864));
#9159 = CARTESIAN_POINT('',(-5.433956448287,-2.766857179223));
#9160 = CARTESIAN_POINT('',(-5.379513235316,-2.816240627779));
#9161 = CARTESIAN_POINT('',(-5.323101424749,-2.862758067692));
#9162 = CARTESIAN_POINT('',(-5.264665464809,-2.905985413103));
#9163 = CARTESIAN_POINT('',(-5.204115421956,-2.945375384974));
#9164 = CARTESIAN_POINT('',(-5.092221480416,-3.0075454238));
#9165 = CARTESIAN_POINT('',(-5.041531706539,-3.032193685345));
#9166 = CARTESIAN_POINT('',(-4.98953849573,-3.053644008936));
#9167 = CARTESIAN_POINT('',(-4.93648453343,-3.071432414301));
#9168 = CARTESIAN_POINT('',(-4.882582507491,-3.085189875661));
#9169 = CARTESIAN_POINT('',(-4.828023297049,-3.094640557009));
#9170 = CARTESIAN_POINT('',(-4.772985131629,-3.09960123744));
#9171 = CARTESIAN_POINT('',(-4.681070549946,-3.100233510389));
#9172 = CARTESIAN_POINT('',(-4.644527328243,-3.098483733664));
#9173 = CARTESIAN_POINT('',(-4.608092309534,-3.094737517737));
#9174 = CARTESIAN_POINT('',(-4.57184438593,-3.08902630473));
#9175 = CARTESIAN_POINT('',(-4.535864507996,-3.081408146514));
#9176 = CARTESIAN_POINT('',(-4.500237105272,-3.07196779372));
#9177 = CARTESIAN_POINT('',(-4.4650515068,-3.060816784758));
#9178 = CARTESIAN_POINT('',(-4.345099363363,-3.016768796245));
#9179 = CARTESIAN_POINT('',(-4.263483444814,-2.976071716333));
#9180 = CARTESIAN_POINT('',(-4.185306473869,-2.927642160952));
#9181 = CARTESIAN_POINT('',(-4.110399059015,-2.872836762781));
#9182 = CARTESIAN_POINT('',(-4.038662301212,-2.812777143676));
#9183 = CARTESIAN_POINT('',(-3.970096571765,-2.748320323119));
#9184 = CARTESIAN_POINT('',(-3.904800336466,-2.680089544814));
#9185 = CARTESIAN_POINT('',(-3.805378602876,-2.564058520787));
#9186 = CARTESIAN_POINT('',(-3.76936792311,-2.519000010646));
#9187 = CARTESIAN_POINT('',(-3.734787587211,-2.472622282334));
#9188 = CARTESIAN_POINT('',(-3.701512222629,-2.424444753504));
#9189 = CARTESIAN_POINT('',(-3.669834492903,-2.374217783961));
#9190 = CARTESIAN_POINT('',(-3.64049235873,-2.321937754312));
#9191 = CARTESIAN_POINT('',(-3.614620281195,-2.267699705161));
#9192 = CARTESIAN_POINT('',(-3.58438463446,-2.186781735112));
#9193 = CARTESIAN_POINT('',(-3.576005378052,-2.161486204378));
#9194 = CARTESIAN_POINT('',(-3.568670958595,-2.135689805763));
#9195 = CARTESIAN_POINT('',(-3.56256304094,-2.109515743013));
#9196 = CARTESIAN_POINT('',(-3.557824928029,-2.083047757472));
#9197 = CARTESIAN_POINT('',(-3.55456401342,-2.056338231436));
#9198 = CARTESIAN_POINT('',(-3.552853807038,-2.029417021059));
#9199 = CARTESIAN_POINT('',(-3.552616219498,-1.974946172619));
#9200 = CARTESIAN_POINT('',(-3.55411865169,-1.9477712275));
#9201 = CARTESIAN_POINT('',(-3.557207365463,-1.920797638645));
#9202 = CARTESIAN_POINT('',(-3.561811947022,-1.894058691445));
#9203 = CARTESIAN_POINT('',(-3.567825428882,-1.867610062275));
#9204 = CARTESIAN_POINT('',(-3.57510221644,-1.84153961787));
#9205 = CARTESIAN_POINT('',(-3.583455546302,-1.81597645329));
#9206 = CARTESIAN_POINT('',(-3.613369896548,-1.735077065286));
#9207 = CARTESIAN_POINT('',(-3.638902126244,-1.681103575521));
#9208 = CARTESIAN_POINT('',(-3.667899343213,-1.629073449062));
#9209 = CARTESIAN_POINT('',(-3.699236590589,-1.579076412493));
#9210 = CARTESIAN_POINT('',(-3.732176771324,-1.531109089668));
#9211 = CARTESIAN_POINT('',(-3.766420578397,-1.48492712313));
#9212 = CARTESIAN_POINT('',(-3.802082676577,-1.440055968772));
#9213 = CARTESIAN_POINT('',(-3.88785213261,-1.339374343207));
#9214 = CARTESIAN_POINT('',(-3.938330211509,-1.285080558136));
#9215 = CARTESIAN_POINT('',(-3.990821512482,-1.233142820777));
#9216 = CARTESIAN_POINT('',(-4.045264725454,-1.183759372221));
#9217 = CARTESIAN_POINT('',(-4.10167653602,-1.137241932308));
#9218 = CARTESIAN_POINT('',(-4.16011249596,-1.094014586897));
#9219 = CARTESIAN_POINT('',(-4.220662538814,-1.054624615026));
#9220 = CARTESIAN_POINT('',(-4.332556480354,-0.9924545762));
#9221 = CARTESIAN_POINT('',(-4.38324625423,-0.967806314655));
#9222 = CARTESIAN_POINT('',(-4.43523946504,-0.946355991064));
#9223 = CARTESIAN_POINT('',(-4.488293427339,-0.928567585699));
#9224 = CARTESIAN_POINT('',(-4.542195453278,-0.914810124339));
#9225 = CARTESIAN_POINT('',(-4.59675466372,-0.905359442991));
#9226 = CARTESIAN_POINT('',(-4.65179282914,-0.90039876256));
#9227 = CARTESIAN_POINT('',(-4.743707410824,-0.899766489611));
#9228 = CARTESIAN_POINT('',(-4.780250632526,-0.901516266336));
#9229 = CARTESIAN_POINT('',(-4.816685651235,-0.905262482263));
#9230 = CARTESIAN_POINT('',(-4.852933574839,-0.91097369527));
#9231 = CARTESIAN_POINT('',(-4.888913452774,-0.918591853486));
#9232 = CARTESIAN_POINT('',(-4.924540855497,-0.92803220628));
#9233 = CARTESIAN_POINT('',(-4.959726453969,-0.939183215242));
#9234 = CARTESIAN_POINT('',(-5.079678597407,-0.983231203755));
#9235 = CARTESIAN_POINT('',(-5.161294515956,-1.023928283668));
#9236 = CARTESIAN_POINT('',(-5.239471486899,-1.072357839047));
#9237 = CARTESIAN_POINT('',(-5.314378901756,-1.12716323722));
#9238 = CARTESIAN_POINT('',(-5.386115659556,-1.187222856323));
#9239 = CARTESIAN_POINT('',(-5.454681389005,-1.251679676881));
#9240 = CARTESIAN_POINT('',(-5.519977624304,-1.319910455186));
#9241 = CARTESIAN_POINT('',(-5.619399357894,-1.435941479214));
#9242 = CARTESIAN_POINT('',(-5.65541003766,-1.480999989354));
#9243 = CARTESIAN_POINT('',(-5.689990373559,-1.527377717666));
#9244 = CARTESIAN_POINT('',(-5.723265738141,-1.575555246496));
#9245 = CARTESIAN_POINT('',(-5.754943467866,-1.625782216039));
#9246 = CARTESIAN_POINT('',(-5.78428560204,-1.678062245688));
#9247 = CARTESIAN_POINT('',(-5.810157679574,-1.732300294839));
#9248 = CARTESIAN_POINT('',(-5.840489261071,-1.813475009726));
#9249 = CARTESIAN_POINT('',(-5.848949768225,-1.839048168779));
#9250 = CARTESIAN_POINT('',(-5.856341380046,-1.865134248547));
#9251 = CARTESIAN_POINT('',(-5.862475709777,-1.891603989181));
#9252 = CARTESIAN_POINT('',(-5.867205153972,-1.918369725622));
#9253 = CARTESIAN_POINT('',(-5.870420241925,-1.945376591437));
#9254 = CARTESIAN_POINT('',(-5.872047444857,-1.972592942425));
#9255 = CARTESIAN_POINT('',(-5.872047444857,-2.));
#9256 = ( GEOMETRIC_REPRESENTATION_CONTEXT(2) 
PARAMETRIC_REPRESENTATION_CONTEXT() REPRESENTATION_CONTEXT('2D SPACE',''
  ) );
#9257 = PCURVE('',#9258,#9263);
#9258 = CYLINDRICAL_SURFACE('',#9259,1.1);
#9259 = AXIS2_PLACEMENT_3D('',#9260,#9261,#9262);
#9260 = CARTESIAN_POINT('',(27.,73.,5.899494936612));
#9261 = DIRECTION('',(-0.,1.,-0.));
#9262 = DIRECTION('',(1.,0.,0.));
#9263 = DEFINITIONAL_REPRESENTATION('',(#9264),#9379);
#9264 = B_SPLINE_CURVE_WITH_KNOTS('',8,(#9265,#9266,#9267,#9268,#9269,
    #9270,#9271,#9272,#9273,#9274,#9275,#9276,#9277,#9278,#9279,#9280,
    #9281,#9282,#9283,#9284,#9285,#9286,#9287,#9288,#9289,#9290,#9291,
    #9292,#9293,#9294,#9295,#9296,#9297,#9298,#9299,#9300,#9301,#9302,
    #9303,#9304,#9305,#9306,#9307,#9308,#9309,#9310,#9311,#9312,#9313,
    #9314,#9315,#9316,#9317,#9318,#9319,#9320,#9321,#9322,#9323,#9324,
    #9325,#9326,#9327,#9328,#9329,#9330,#9331,#9332,#9333,#9334,#9335,
    #9336,#9337,#9338,#9339,#9340,#9341,#9342,#9343,#9344,#9345,#9346,
    #9347,#9348,#9349,#9350,#9351,#9352,#9353,#9354,#9355,#9356,#9357,
    #9358,#9359,#9360,#9361,#9362,#9363,#9364,#9365,#9366,#9367,#9368,
    #9369,#9370,#9371,#9372,#9373,#9374,#9375,#9376,#9377,#9378),
  .UNSPECIFIED.,.F.,.F.,(9,7,7,7,7,7,7,7,7,7,7,7,7,7,7,7,9),(0.,
    2.935987273156E-02,9.617131680911E-02,0.181971541822,0.249076344077,
    0.293423521415,0.402606611086,0.46992442958,0.499371530886,
    0.529078009034,0.595975156323,0.681885442642,0.749076324417,
    0.793480388649,0.902803534287,0.97020770555,1.),.UNSPECIFIED.);
#9265 = CARTESIAN_POINT('',(0.,-8.479583152331));
#9266 = CARTESIAN_POINT('',(-2.460285425366E-02,-8.479583152331));
#9267 = CARTESIAN_POINT('',(-4.903894922304E-02,-8.481328445761));
#9268 = CARTESIAN_POINT('',(-7.331323959987E-02,-8.484777918554));
#9269 = CARTESIAN_POINT('',(-9.741819279577E-02,-8.489847468027));
#9270 = CARTESIAN_POINT('',(-0.121325535423,-8.496408878724));
#9271 = CARTESIAN_POINT('',(-0.144977128037,-8.504289728969));
#9272 = CARTESIAN_POINT('',(-0.168274968145,-8.513274328153));
#9273 = CARTESIAN_POINT('',(-0.242943518887,-8.545477959182));
#9274 = CARTESIAN_POINT('',(-0.293514893959,-8.572795688749));
#9275 = CARTESIAN_POINT('',(-0.34304082977,-8.603375956215));
#9276 = CARTESIAN_POINT('',(-0.391573329881,-8.635776385191));
#9277 = CARTESIAN_POINT('',(-0.439211693214,-8.669038227857));
#9278 = CARTESIAN_POINT('',(-0.486271502791,-8.70271242575));
#9279 = CARTESIAN_POINT('',(-0.533354026938,-8.736740199953));
#9280 = CARTESIAN_POINT('',(-0.642870929975,-8.815590204087));
#9281 = CARTESIAN_POINT('',(-0.704775819204,-8.859946422782));
#9282 = CARTESIAN_POINT('',(-0.767374701341,-8.903610927132));
#9283 = CARTESIAN_POINT('',(-0.830946983738,-8.946019302833));
#9284 = CARTESIAN_POINT('',(-0.895745809873,-8.986619567205));
#9285 = CARTESIAN_POINT('',(-0.96200975546,-9.024816089745));
#9286 = CARTESIAN_POINT('',(-1.029966723613,-9.059952629795));
#9287 = CARTESIAN_POINT('',(-1.154534182783,-9.115797476726));
#9288 = CARTESIAN_POINT('',(-1.210629321619,-9.138088693031));
#9289 = CARTESIAN_POINT('',(-1.267887606786,-9.157593044276));
#9290 = CARTESIAN_POINT('',(-1.326093228724,-9.173832610961));
#9291 = CARTESIAN_POINT('',(-1.385065140013,-9.186425214225));
#9292 = CARTESIAN_POINT('',(-1.444645742311,-9.195087119859));
#9293 = CARTESIAN_POINT('',(-1.504691271074,-9.199634468591));
#9294 = CARTESIAN_POINT('',(-1.604961986966,-9.200214050607));
#9295 = CARTESIAN_POINT('',(-1.644825797756,-9.198610158872));
#9296 = CARTESIAN_POINT('',(-1.684585288307,-9.195175824819));
#9297 = CARTESIAN_POINT('',(-1.724169797382,-9.189942712292));
#9298 = CARTESIAN_POINT('',(-1.763506251742,-9.182969798358));
#9299 = CARTESIAN_POINT('',(-1.802517393256,-9.174343090042));
#9300 = CARTESIAN_POINT('',(-1.84112000601,-9.164175341065));
#9301 = CARTESIAN_POINT('',(-1.97303335905,-9.124121392662));
#9302 = CARTESIAN_POINT('',(-2.06334268309,-9.087283135701));
#9303 = CARTESIAN_POINT('',(-2.150623707925,-9.04377381998));
#9304 = CARTESIAN_POINT('',(-2.235277975343,-8.99509407354));
#9305 = CARTESIAN_POINT('',(-2.317670166865,-8.942581096973));
#9306 = CARTESIAN_POINT('',(-2.398200683617,-8.887486410616));
#9307 = CARTESIAN_POINT('',(-2.477301143769,-8.8309916074));
#9308 = CARTESIAN_POINT('',(-2.603904738964,-8.739872508126));
#9309 = CARTESIAN_POINT('',(-2.651300031454,-8.705596135987));
#9310 = CARTESIAN_POINT('',(-2.698652884313,-8.671657880995));
#9311 = CARTESIAN_POINT('',(-2.746575834955,-8.638110461464));
#9312 = CARTESIAN_POINT('',(-2.795391586748,-8.605397849318));
#9313 = CARTESIAN_POINT('',(-2.845201098704,-8.574481534648));
#9314 = CARTESIAN_POINT('',(-2.896053937365,-8.546817867011));
#9315 = CARTESIAN_POINT('',(-2.971013101671,-8.514178666994));
#9316 = CARTESIAN_POINT('',(-2.994329389442,-8.50508259442));
#9317 = CARTESIAN_POINT('',(-3.01800230875,-8.497080852053));
#9318 = CARTESIAN_POINT('',(-3.041934168501,-8.490390627613));
#9319 = CARTESIAN_POINT('',(-3.066067347834,-8.485186593073));
#9320 = CARTESIAN_POINT('',(-3.0903745372,-8.481599996372));
#9321 = CARTESIAN_POINT('',(-3.114849851714,-8.479718772279));
#9322 = CARTESIAN_POINT('',(-3.164368913182,-8.479457426557));
#9323 = CARTESIAN_POINT('',(-3.18907196154,-8.481110099772));
#9324 = CARTESIAN_POINT('',(-3.213614034341,-8.484508007224));
#9325 = CARTESIAN_POINT('',(-3.237986839388,-8.489567069305));
#9326 = CARTESIAN_POINT('',(-3.262160827728,-8.496156559577));
#9327 = CARTESIAN_POINT('',(-3.286075378614,-8.504098972188));
#9328 = CARTESIAN_POINT('',(-3.309628061502,-8.51317100876));
#9329 = CARTESIAN_POINT('',(-3.384536172477,-8.545477959182));
#9330 = CARTESIAN_POINT('',(-3.435107547549,-8.572795688749));
#9331 = CARTESIAN_POINT('',(-3.48463348336,-8.603375956215));
#9332 = CARTESIAN_POINT('',(-3.533165983471,-8.635776385191));
#9333 = CARTESIAN_POINT('',(-3.580804346804,-8.669038227857));
#9334 = CARTESIAN_POINT('',(-3.627864156381,-8.70271242575));
#9335 = CARTESIAN_POINT('',(-3.674946680528,-8.736740199953));
#9336 = CARTESIAN_POINT('',(-3.784463583564,-8.815590204087));
#9337 = CARTESIAN_POINT('',(-3.846368472794,-8.859946422782));
#9338 = CARTESIAN_POINT('',(-3.90896735493,-8.903610927132));
#9339 = CARTESIAN_POINT('',(-3.972539637328,-8.946019302833));
#9340 = CARTESIAN_POINT('',(-4.037338463463,-8.986619567205));
#9341 = CARTESIAN_POINT('',(-4.10360240905,-9.024816089745));
#9342 = CARTESIAN_POINT('',(-4.171559377203,-9.059952629795));
#9343 = CARTESIAN_POINT('',(-4.296126836373,-9.115797476726));
#9344 = CARTESIAN_POINT('',(-4.352221975209,-9.138088693031));
#9345 = CARTESIAN_POINT('',(-4.409480260376,-9.157593044276));
#9346 = CARTESIAN_POINT('',(-4.467685882314,-9.173832610961));
#9347 = CARTESIAN_POINT('',(-4.526657793603,-9.186425214225));
#9348 = CARTESIAN_POINT('',(-4.586238395901,-9.195087119858));
#9349 = CARTESIAN_POINT('',(-4.646283924664,-9.199634468591));
#9350 = CARTESIAN_POINT('',(-4.746554640556,-9.200214050607));
#9351 = CARTESIAN_POINT('',(-4.786418451346,-9.198610158872));
#9352 = CARTESIAN_POINT('',(-4.826177941896,-9.195175824819));
#9353 = CARTESIAN_POINT('',(-4.865762450972,-9.189942712292));
#9354 = CARTESIAN_POINT('',(-4.905098905332,-9.182969798358));
#9355 = CARTESIAN_POINT('',(-4.944110046846,-9.174343090042));
#9356 = CARTESIAN_POINT('',(-4.9827126596,-9.164175341065));
#9357 = CARTESIAN_POINT('',(-5.114626012639,-9.124121392662));
#9358 = CARTESIAN_POINT('',(-5.204935336679,-9.0872831357));
#9359 = CARTESIAN_POINT('',(-5.292216361516,-9.043773819981));
#9360 = CARTESIAN_POINT('',(-5.376870628931,-8.995094073539));
#9361 = CARTESIAN_POINT('',(-5.459262820456,-8.942581096974));
#9362 = CARTESIAN_POINT('',(-5.539793337206,-8.887486410616));
#9363 = CARTESIAN_POINT('',(-5.618893797358,-8.8309916074));
#9364 = CARTESIAN_POINT('',(-5.745497392554,-8.739872508126));
#9365 = CARTESIAN_POINT('',(-5.792892685044,-8.705596135987));
#9366 = CARTESIAN_POINT('',(-5.840245537903,-8.671657880995));
#9367 = CARTESIAN_POINT('',(-5.888168488545,-8.638110461464));
#9368 = CARTESIAN_POINT('',(-5.936984240338,-8.605397849318));
#9369 = CARTESIAN_POINT('',(-5.986793752294,-8.574481534648));
#9370 = CARTESIAN_POINT('',(-6.037646590955,-8.546817867011));
#9371 = CARTESIAN_POINT('',(-6.112843593389,-8.514075105991));
#9372 = CARTESIAN_POINT('',(-6.136414621735,-8.504890260356));
#9373 = CARTESIAN_POINT('',(-6.160351184225,-8.496825145648));
#9374 = CARTESIAN_POINT('',(-6.184550588942,-8.490104953852));
#9375 = CARTESIAN_POINT('',(-6.208952359609,-8.484909654768));
#9376 = CARTESIAN_POINT('',(-6.233527684675,-8.48137308515));
#9377 = CARTESIAN_POINT('',(-6.258269800294,-8.479583152331));
#9378 = CARTESIAN_POINT('',(-6.28318530718,-8.479583152331));
#9379 = ( GEOMETRIC_REPRESENTATION_CONTEXT(2) 
PARAMETRIC_REPRESENTATION_CONTEXT() REPRESENTATION_CONTEXT('2D SPACE',''
  ) );
#9380 = ADVANCED_FACE('',(#9381),#2646,.T.);
#9381 = FACE_BOUND('',#9382,.T.);
#9382 = EDGE_LOOP('',(#9383,#9384,#9405,#9406));
#9383 = ORIENTED_EDGE('',*,*,#3669,.F.);
#9384 = ORIENTED_EDGE('',*,*,#9385,.T.);
#9385 = EDGE_CURVE('',#3642,#3349,#9386,.T.);
#9386 = SURFACE_CURVE('',#9387,(#9391,#9398),.PCURVE_S1.);
#9387 = LINE('',#9388,#9389);
#9388 = CARTESIAN_POINT('',(-35.,78.,14.899494936612));
#9389 = VECTOR('',#9390,1.);
#9390 = DIRECTION('',(-1.,-0.,-0.));
#9391 = PCURVE('',#2646,#9392);
#9392 = DEFINITIONAL_REPRESENTATION('',(#9393),#9397);
#9393 = LINE('',#9394,#9395);
#9394 = CARTESIAN_POINT('',(11.,0.));
#9395 = VECTOR('',#9396,1.);
#9396 = DIRECTION('',(0.,-1.));
#9397 = ( GEOMETRIC_REPRESENTATION_CONTEXT(2) 
PARAMETRIC_REPRESENTATION_CONTEXT() REPRESENTATION_CONTEXT('2D SPACE',''
  ) );
#9398 = PCURVE('',#3365,#9399);
#9399 = DEFINITIONAL_REPRESENTATION('',(#9400),#9404);
#9400 = LINE('',#9401,#9402);
#9401 = CARTESIAN_POINT('',(-7.853981633974,0.));
#9402 = VECTOR('',#9403,1.);
#9403 = DIRECTION('',(-0.,1.));
#9404 = ( GEOMETRIC_REPRESENTATION_CONTEXT(2) 
PARAMETRIC_REPRESENTATION_CONTEXT() REPRESENTATION_CONTEXT('2D SPACE',''
  ) );
#9405 = ORIENTED_EDGE('',*,*,#3377,.T.);
#9406 = ORIENTED_EDGE('',*,*,#2632,.T.);
#9407 = ADVANCED_FACE('',(#9408,#9539,#9574),#1820,.T.);
#9408 = FACE_BOUND('',#9409,.T.);
#9409 = EDGE_LOOP('',(#9410,#9411,#9432,#9433,#9434,#9457,#9485,#9518));
#9410 = ORIENTED_EDGE('',*,*,#2912,.F.);
#9411 = ORIENTED_EDGE('',*,*,#9412,.F.);
#9412 = EDGE_CURVE('',#1805,#2890,#9413,.T.);
#9413 = SURFACE_CURVE('',#9414,(#9418,#9425),.PCURVE_S1.);
#9414 = LINE('',#9415,#9416);
#9415 = CARTESIAN_POINT('',(-19.95352734837,15.228187624339,
    11.313708498985));
#9416 = VECTOR('',#9417,1.);
#9417 = DIRECTION('',(-0.454519477672,-0.54167522042,0.707106781187));
#9418 = PCURVE('',#1820,#9419);
#9419 = DEFINITIONAL_REPRESENTATION('',(#9420),#9424);
#9420 = LINE('',#9421,#9422);
#9421 = CARTESIAN_POINT('',(0.,0.));
#9422 = VECTOR('',#9423,1.);
#9423 = DIRECTION('',(1.,5.193951852464E-17));
#9424 = ( GEOMETRIC_REPRESENTATION_CONTEXT(2) 
PARAMETRIC_REPRESENTATION_CONTEXT() REPRESENTATION_CONTEXT('2D SPACE',''
  ) );
#9425 = PCURVE('',#1848,#9426);
#9426 = DEFINITIONAL_REPRESENTATION('',(#9427),#9431);
#9427 = LINE('',#9428,#9429);
#9428 = CARTESIAN_POINT('',(1.614012257679E-15,16.));
#9429 = VECTOR('',#9430,1.);
#9430 = DIRECTION('',(1.,-1.014653635757E-17));
#9431 = ( GEOMETRIC_REPRESENTATION_CONTEXT(2) 
PARAMETRIC_REPRESENTATION_CONTEXT() REPRESENTATION_CONTEXT('2D SPACE',''
  ) );
#9432 = ORIENTED_EDGE('',*,*,#1804,.T.);
#9433 = ORIENTED_EDGE('',*,*,#3538,.F.);
#9434 = ORIENTED_EDGE('',*,*,#9435,.F.);
#9435 = EDGE_CURVE('',#9436,#3539,#9438,.T.);
#9436 = VERTEX_POINT('',#9437);
#9437 = CARTESIAN_POINT('',(-40.63672731259,32.583453085876,
    11.313708498985));
#9438 = SURFACE_CURVE('',#9439,(#9443,#9450),.PCURVE_S1.);
#9439 = LINE('',#9440,#9441);
#9440 = CARTESIAN_POINT('',(-40.63672731259,32.583453085876,
    11.313708498985));
#9441 = VECTOR('',#9442,1.);
#9442 = DIRECTION('',(0.766044443119,-0.642787609687,0.));
#9443 = PCURVE('',#1820,#9444);
#9444 = DEFINITIONAL_REPRESENTATION('',(#9445),#9449);
#9445 = LINE('',#9446,#9447);
#9446 = CARTESIAN_POINT('',(1.478678409406E-15,-27.));
#9447 = VECTOR('',#9448,1.);
#9448 = DIRECTION('',(3.538526885512E-17,1.));
#9449 = ( GEOMETRIC_REPRESENTATION_CONTEXT(2) 
PARAMETRIC_REPRESENTATION_CONTEXT() REPRESENTATION_CONTEXT('2D SPACE',''
  ) );
#9450 = PCURVE('',#3577,#9451);
#9451 = DEFINITIONAL_REPRESENTATION('',(#9452),#9456);
#9452 = LINE('',#9453,#9454);
#9453 = CARTESIAN_POINT('',(16.,10.));
#9454 = VECTOR('',#9455,1.);
#9455 = DIRECTION('',(7.138740076725E-18,-1.));
#9456 = ( GEOMETRIC_REPRESENTATION_CONTEXT(2) 
PARAMETRIC_REPRESENTATION_CONTEXT() REPRESENTATION_CONTEXT('2D SPACE',''
  ) );
#9457 = ORIENTED_EDGE('',*,*,#9458,.T.);
#9458 = EDGE_CURVE('',#9436,#9459,#9461,.T.);
#9459 = VERTEX_POINT('',#9460);
#9460 = CARTESIAN_POINT('',(-41.09124679026,32.041777865456,
    12.020815280171));
#9461 = SURFACE_CURVE('',#9462,(#9466,#9473),.PCURVE_S1.);
#9462 = LINE('',#9463,#9464);
#9463 = CARTESIAN_POINT('',(-40.63672731259,32.583453085876,
    11.313708498985));
#9464 = VECTOR('',#9465,1.);
#9465 = DIRECTION('',(-0.454519477672,-0.54167522042,0.707106781187));
#9466 = PCURVE('',#1820,#9467);
#9467 = DEFINITIONAL_REPRESENTATION('',(#9468),#9472);
#9468 = LINE('',#9469,#9470);
#9469 = CARTESIAN_POINT('',(1.478678409406E-15,-27.));
#9470 = VECTOR('',#9471,1.);
#9471 = DIRECTION('',(1.,5.193951852464E-17));
#9472 = ( GEOMETRIC_REPRESENTATION_CONTEXT(2) 
PARAMETRIC_REPRESENTATION_CONTEXT() REPRESENTATION_CONTEXT('2D SPACE',''
  ) );
#9473 = PCURVE('',#9474,#9479);
#9474 = PLANE('',#9475);
#9475 = AXIS2_PLACEMENT_3D('',#9476,#9477,#9478);
#9476 = CARTESIAN_POINT('',(-42.45480522328,30.416752204197,
    8.485281374239));
#9477 = DIRECTION('',(-0.766044443119,0.642787609687,0.));
#9478 = DIRECTION('',(-0.454519477672,-0.54167522042,0.707106781187));
#9479 = DEFINITIONAL_REPRESENTATION('',(#9480),#9484);
#9480 = LINE('',#9481,#9482);
#9481 = CARTESIAN_POINT('',(4.035030644198E-16,4.));
#9482 = VECTOR('',#9483,1.);
#9483 = DIRECTION('',(1.,-1.014653635757E-17));
#9484 = ( GEOMETRIC_REPRESENTATION_CONTEXT(2) 
PARAMETRIC_REPRESENTATION_CONTEXT() REPRESENTATION_CONTEXT('2D SPACE',''
  ) );
#9485 = ORIENTED_EDGE('',*,*,#9486,.F.);
#9486 = EDGE_CURVE('',#9487,#9459,#9489,.T.);
#9487 = VERTEX_POINT('',#9488);
#9488 = CARTESIAN_POINT('',(-45.63644156698,26.625025661259,
    19.091883092037));
#9489 = SURFACE_CURVE('',#9490,(#9495,#9506),.PCURVE_S1.);
#9490 = CIRCLE('',#9491,5.);
#9491 = AXIS2_PLACEMENT_3D('',#9492,#9493,#9494);
#9492 = CARTESIAN_POINT('',(-43.36384417862,29.333401763358,
    15.556349186104));
#9493 = DIRECTION('',(-0.454519477672,-0.54167522042,-0.707106781187));
#9494 = DIRECTION('',(-0.454519477672,-0.54167522042,0.707106781187));
#9495 = PCURVE('',#1820,#9496);
#9496 = DEFINITIONAL_REPRESENTATION('',(#9497),#9505);
#9497 = ( BOUNDED_CURVE() B_SPLINE_CURVE(2,(#9498,#9499,#9500,#9501,
#9502,#9503,#9504),.UNSPECIFIED.,.T.,.F.) B_SPLINE_CURVE_WITH_KNOTS((1,2
    ,2,2,2,1),(-2.094395102393,0.,2.094395102393,4.188790204786,
6.28318530718,8.377580409573),.UNSPECIFIED.) CURVE() 
GEOMETRIC_REPRESENTATION_ITEM() RATIONAL_B_SPLINE_CURVE((1.,0.5,1.,0.5,
1.,0.5,1.)) REPRESENTATION_ITEM('') );
#9498 = CARTESIAN_POINT('',(11.,-27.));
#9499 = CARTESIAN_POINT('',(11.,-35.66025403784));
#9500 = CARTESIAN_POINT('',(3.5,-31.33012701892));
#9501 = CARTESIAN_POINT('',(-4.,-27.));
#9502 = CARTESIAN_POINT('',(3.5,-22.66987298107));
#9503 = CARTESIAN_POINT('',(11.,-18.33974596215));
#9504 = CARTESIAN_POINT('',(11.,-27.));
#9505 = ( GEOMETRIC_REPRESENTATION_CONTEXT(2) 
PARAMETRIC_REPRESENTATION_CONTEXT() REPRESENTATION_CONTEXT('2D SPACE',''
  ) );
#9506 = PCURVE('',#9507,#9512);
#9507 = CYLINDRICAL_SURFACE('',#9508,5.);
#9508 = AXIS2_PLACEMENT_3D('',#9509,#9510,#9511);
#9509 = CARTESIAN_POINT('',(-45.18192208931,27.166700881679,
    12.727922061358));
#9510 = DIRECTION('',(-0.454519477672,-0.54167522042,-0.707106781187));
#9511 = DIRECTION('',(-0.766044443119,0.642787609687,0.));
#9512 = DEFINITIONAL_REPRESENTATION('',(#9513),#9517);
#9513 = LINE('',#9514,#9515);
#9514 = CARTESIAN_POINT('',(-7.853981633974,-4.));
#9515 = VECTOR('',#9516,1.);
#9516 = DIRECTION('',(1.,-0.));
#9517 = ( GEOMETRIC_REPRESENTATION_CONTEXT(2) 
PARAMETRIC_REPRESENTATION_CONTEXT() REPRESENTATION_CONTEXT('2D SPACE',''
  ) );
#9518 = ORIENTED_EDGE('',*,*,#9519,.T.);
#9519 = EDGE_CURVE('',#9487,#2913,#9520,.T.);
#9520 = SURFACE_CURVE('',#9521,(#9525,#9532),.PCURVE_S1.);
#9521 = LINE('',#9522,#9523);
#9522 = CARTESIAN_POINT('',(-40.63672731259,32.583453085876,
    11.313708498985));
#9523 = VECTOR('',#9524,1.);
#9524 = DIRECTION('',(-0.454519477672,-0.54167522042,0.707106781187));
#9525 = PCURVE('',#1820,#9526);
#9526 = DEFINITIONAL_REPRESENTATION('',(#9527),#9531);
#9527 = LINE('',#9528,#9529);
#9528 = CARTESIAN_POINT('',(1.478678409406E-15,-27.));
#9529 = VECTOR('',#9530,1.);
#9530 = DIRECTION('',(1.,5.193951852464E-17));
#9531 = ( GEOMETRIC_REPRESENTATION_CONTEXT(2) 
PARAMETRIC_REPRESENTATION_CONTEXT() REPRESENTATION_CONTEXT('2D SPACE',''
  ) );
#9532 = PCURVE('',#2951,#9533);
#9533 = DEFINITIONAL_REPRESENTATION('',(#9534),#9538);
#9534 = LINE('',#9535,#9536);
#9535 = CARTESIAN_POINT('',(4.035030644198E-16,4.));
#9536 = VECTOR('',#9537,1.);
#9537 = DIRECTION('',(1.,-1.014653635757E-17));
#9538 = ( GEOMETRIC_REPRESENTATION_CONTEXT(2) 
PARAMETRIC_REPRESENTATION_CONTEXT() REPRESENTATION_CONTEXT('2D SPACE',''
  ) );
#9539 = FACE_BOUND('',#9540,.T.);
#9540 = EDGE_LOOP('',(#9541));
#9541 = ORIENTED_EDGE('',*,*,#9542,.T.);
#9542 = EDGE_CURVE('',#9543,#9543,#9545,.T.);
#9543 = VERTEX_POINT('',#9544);
#9544 = CARTESIAN_POINT('',(-44.58951528761,30.361861938856,
    15.556349186104));
#9545 = SURFACE_CURVE('',#9546,(#9551,#9562),.PCURVE_S1.);
#9546 = CIRCLE('',#9547,1.6);
#9547 = AXIS2_PLACEMENT_3D('',#9548,#9549,#9550);
#9548 = CARTESIAN_POINT('',(-43.36384417862,29.333401763358,
    15.556349186104));
#9549 = DIRECTION('',(-0.454519477672,-0.54167522042,-0.707106781187));
#9550 = DIRECTION('',(-0.766044443119,0.642787609687,0.));
#9551 = PCURVE('',#1820,#9552);
#9552 = DEFINITIONAL_REPRESENTATION('',(#9553),#9561);
#9553 = ( BOUNDED_CURVE() B_SPLINE_CURVE(2,(#9554,#9555,#9556,#9557,
#9558,#9559,#9560),.UNSPECIFIED.,.T.,.F.) B_SPLINE_CURVE_WITH_KNOTS((1,2
    ,2,2,2,1),(-2.094395102393,0.,2.094395102393,4.188790204786,
6.28318530718,8.377580409573),.UNSPECIFIED.) CURVE() 
GEOMETRIC_REPRESENTATION_ITEM() RATIONAL_B_SPLINE_CURVE((1.,0.5,1.,0.5,
1.,0.5,1.)) REPRESENTATION_ITEM('') );
#9554 = CARTESIAN_POINT('',(6.,-28.6));
#9555 = CARTESIAN_POINT('',(3.22871870789,-28.6));
#9556 = CARTESIAN_POINT('',(4.614359353945,-26.2));
#9557 = CARTESIAN_POINT('',(6.,-23.8));
#9558 = CARTESIAN_POINT('',(7.385640646055,-26.2));
#9559 = CARTESIAN_POINT('',(8.77128129211,-28.6));
#9560 = CARTESIAN_POINT('',(6.,-28.6));
#9561 = ( GEOMETRIC_REPRESENTATION_CONTEXT(2) 
PARAMETRIC_REPRESENTATION_CONTEXT() REPRESENTATION_CONTEXT('2D SPACE',''
  ) );
#9562 = PCURVE('',#9563,#9568);
#9563 = CYLINDRICAL_SURFACE('',#9564,1.6);
#9564 = AXIS2_PLACEMENT_3D('',#9565,#9566,#9567);
#9565 = CARTESIAN_POINT('',(-53.81779216508,16.874871693704,
    -0.707106781187));
#9566 = DIRECTION('',(-0.454519477672,-0.54167522042,-0.707106781187));
#9567 = DIRECTION('',(-0.766044443119,0.642787609687,0.));
#9568 = DEFINITIONAL_REPRESENTATION('',(#9569),#9573);
#9569 = LINE('',#9570,#9571);
#9570 = CARTESIAN_POINT('',(-6.28318530718,-23.));
#9571 = VECTOR('',#9572,1.);
#9572 = DIRECTION('',(1.,-0.));
#9573 = ( GEOMETRIC_REPRESENTATION_CONTEXT(2) 
PARAMETRIC_REPRESENTATION_CONTEXT() REPRESENTATION_CONTEXT('2D SPACE',''
  ) );
#9574 = FACE_BOUND('',#9575,.T.);
#9575 = EDGE_LOOP('',(#9576));
#9576 = ORIENTED_EDGE('',*,*,#9577,.T.);
#9577 = EDGE_CURVE('',#9578,#9578,#9580,.T.);
#9578 = VERTEX_POINT('',#9579);
#9579 = CARTESIAN_POINT('',(-35.22334432876,18.810461955754,
    18.38477631085));
#9580 = SURFACE_CURVE('',#9581,(#9586,#9597),.PCURVE_S1.);
#9581 = CIRCLE('',#9582,1.);
#9582 = AXIS2_PLACEMENT_3D('',#9583,#9584,#9585);
#9583 = CARTESIAN_POINT('',(-34.45729988564,18.167674346067,
    18.38477631085));
#9584 = DIRECTION('',(-0.454519477672,-0.54167522042,-0.707106781187));
#9585 = DIRECTION('',(-0.766044443119,0.642787609687,0.));
#9586 = PCURVE('',#1820,#9587);
#9587 = DEFINITIONAL_REPRESENTATION('',(#9588),#9596);
#9588 = ( BOUNDED_CURVE() B_SPLINE_CURVE(2,(#9589,#9590,#9591,#9592,
#9593,#9594,#9595),.UNSPECIFIED.,.T.,.F.) B_SPLINE_CURVE_WITH_KNOTS((1,2
    ,2,2,2,1),(-2.094395102393,0.,2.094395102393,4.188790204786,
6.28318530718,8.377580409573),.UNSPECIFIED.) CURVE() 
GEOMETRIC_REPRESENTATION_ITEM() RATIONAL_B_SPLINE_CURVE((1.,0.5,1.,0.5,
1.,0.5,1.)) REPRESENTATION_ITEM('') );
#9589 = CARTESIAN_POINT('',(10.,-14.));
#9590 = CARTESIAN_POINT('',(8.267949192431,-14.));
#9591 = CARTESIAN_POINT('',(9.133974596216,-12.5));
#9592 = CARTESIAN_POINT('',(10.,-11.));
#9593 = CARTESIAN_POINT('',(10.866025403784,-12.5));
#9594 = CARTESIAN_POINT('',(11.732050807569,-14.));
#9595 = CARTESIAN_POINT('',(10.,-14.));
#9596 = ( GEOMETRIC_REPRESENTATION_CONTEXT(2) 
PARAMETRIC_REPRESENTATION_CONTEXT() REPRESENTATION_CONTEXT('2D SPACE',''
  ) );
#9597 = PCURVE('',#3283,#9598);
#9598 = DEFINITIONAL_REPRESENTATION('',(#9599),#9603);
#9599 = LINE('',#9600,#9601);
#9600 = CARTESIAN_POINT('',(-6.28318530718,-20.));
#9601 = VECTOR('',#9602,1.);
#9602 = DIRECTION('',(1.,-0.));
#9603 = ( GEOMETRIC_REPRESENTATION_CONTEXT(2) 
PARAMETRIC_REPRESENTATION_CONTEXT() REPRESENTATION_CONTEXT('2D SPACE',''
  ) );
#9604 = ADVANCED_FACE('',(#9605),#1848,.F.);
#9605 = FACE_BOUND('',#9606,.F.);
#9606 = EDGE_LOOP('',(#9607,#9608,#9609));
#9607 = ORIENTED_EDGE('',*,*,#9412,.F.);
#9608 = ORIENTED_EDGE('',*,*,#1832,.T.);
#9609 = ORIENTED_EDGE('',*,*,#2889,.T.);
#9610 = ADVANCED_FACE('',(#9611),#2551,.T.);
#9611 = FACE_BOUND('',#9612,.T.);
#9612 = EDGE_LOOP('',(#9613,#9614,#9635,#9636));
#9613 = ORIENTED_EDGE('',*,*,#4224,.F.);
#9614 = ORIENTED_EDGE('',*,*,#9615,.T.);
#9615 = EDGE_CURVE('',#4197,#3931,#9616,.T.);
#9616 = SURFACE_CURVE('',#9617,(#9621,#9628),.PCURVE_S1.);
#9617 = LINE('',#9618,#9619);
#9618 = CARTESIAN_POINT('',(-23.,78.,14.899494936612));
#9619 = VECTOR('',#9620,1.);
#9620 = DIRECTION('',(-1.,-0.,-0.));
#9621 = PCURVE('',#2551,#9622);
#9622 = DEFINITIONAL_REPRESENTATION('',(#9623),#9627);
#9623 = LINE('',#9624,#9625);
#9624 = CARTESIAN_POINT('',(11.,0.));
#9625 = VECTOR('',#9626,1.);
#9626 = DIRECTION('',(0.,-1.));
#9627 = ( GEOMETRIC_REPRESENTATION_CONTEXT(2) 
PARAMETRIC_REPRESENTATION_CONTEXT() REPRESENTATION_CONTEXT('2D SPACE',''
  ) );
#9628 = PCURVE('',#3947,#9629);
#9629 = DEFINITIONAL_REPRESENTATION('',(#9630),#9634);
#9630 = LINE('',#9631,#9632);
#9631 = CARTESIAN_POINT('',(-7.853981633974,0.));
#9632 = VECTOR('',#9633,1.);
#9633 = DIRECTION('',(-0.,1.));
#9634 = ( GEOMETRIC_REPRESENTATION_CONTEXT(2) 
PARAMETRIC_REPRESENTATION_CONTEXT() REPRESENTATION_CONTEXT('2D SPACE',''
  ) );
#9635 = ORIENTED_EDGE('',*,*,#3959,.T.);
#9636 = ORIENTED_EDGE('',*,*,#2535,.T.);
#9637 = ADVANCED_FACE('',(#9638),#2454,.T.);
#9638 = FACE_BOUND('',#9639,.T.);
#9639 = EDGE_LOOP('',(#9640,#9641,#9662,#9663));
#9640 = ORIENTED_EDGE('',*,*,#4668,.F.);
#9641 = ORIENTED_EDGE('',*,*,#9642,.T.);
#9642 = EDGE_CURVE('',#4641,#4495,#9643,.T.);
#9643 = SURFACE_CURVE('',#9644,(#9648,#9655),.PCURVE_S1.);
#9644 = LINE('',#9645,#9646);
#9645 = CARTESIAN_POINT('',(-17.,78.,14.899494936612));
#9646 = VECTOR('',#9647,1.);
#9647 = DIRECTION('',(-1.,-0.,-0.));
#9648 = PCURVE('',#2454,#9649);
#9649 = DEFINITIONAL_REPRESENTATION('',(#9650),#9654);
#9650 = LINE('',#9651,#9652);
#9651 = CARTESIAN_POINT('',(11.,0.));
#9652 = VECTOR('',#9653,1.);
#9653 = DIRECTION('',(0.,-1.));
#9654 = ( GEOMETRIC_REPRESENTATION_CONTEXT(2) 
PARAMETRIC_REPRESENTATION_CONTEXT() REPRESENTATION_CONTEXT('2D SPACE',''
  ) );
#9655 = PCURVE('',#4511,#9656);
#9656 = DEFINITIONAL_REPRESENTATION('',(#9657),#9661);
#9657 = LINE('',#9658,#9659);
#9658 = CARTESIAN_POINT('',(-7.853981633974,0.));
#9659 = VECTOR('',#9660,1.);
#9660 = DIRECTION('',(-0.,1.));
#9661 = ( GEOMETRIC_REPRESENTATION_CONTEXT(2) 
PARAMETRIC_REPRESENTATION_CONTEXT() REPRESENTATION_CONTEXT('2D SPACE',''
  ) );
#9662 = ORIENTED_EDGE('',*,*,#4523,.T.);
#9663 = ORIENTED_EDGE('',*,*,#2438,.T.);
#9664 = ADVANCED_FACE('',(#9665),#1969,.T.);
#9665 = FACE_BOUND('',#9666,.T.);
#9666 = EDGE_LOOP('',(#9667,#9668,#9689,#9690));
#9667 = ORIENTED_EDGE('',*,*,#5166,.F.);
#9668 = ORIENTED_EDGE('',*,*,#9669,.T.);
#9669 = EDGE_CURVE('',#5132,#5463,#9670,.T.);
#9670 = SURFACE_CURVE('',#9671,(#9675,#9682),.PCURVE_S1.);
#9671 = LINE('',#9672,#9673);
#9672 = CARTESIAN_POINT('',(31.,78.,14.899494936612));
#9673 = VECTOR('',#9674,1.);
#9674 = DIRECTION('',(-1.,-0.,-0.));
#9675 = PCURVE('',#1969,#9676);
#9676 = DEFINITIONAL_REPRESENTATION('',(#9677),#9681);
#9677 = LINE('',#9678,#9679);
#9678 = CARTESIAN_POINT('',(11.,0.));
#9679 = VECTOR('',#9680,1.);
#9680 = DIRECTION('',(0.,-1.));
#9681 = ( GEOMETRIC_REPRESENTATION_CONTEXT(2) 
PARAMETRIC_REPRESENTATION_CONTEXT() REPRESENTATION_CONTEXT('2D SPACE',''
  ) );
#9682 = PCURVE('',#5154,#9683);
#9683 = DEFINITIONAL_REPRESENTATION('',(#9684),#9688);
#9684 = LINE('',#9685,#9686);
#9685 = CARTESIAN_POINT('',(-7.853981633974,0.));
#9686 = VECTOR('',#9687,1.);
#9687 = DIRECTION('',(-0.,1.));
#9688 = ( GEOMETRIC_REPRESENTATION_CONTEXT(2) 
PARAMETRIC_REPRESENTATION_CONTEXT() REPRESENTATION_CONTEXT('2D SPACE',''
  ) );
#9689 = ORIENTED_EDGE('',*,*,#5486,.T.);
#9690 = ORIENTED_EDGE('',*,*,#1953,.T.);
#9691 = ADVANCED_FACE('',(#9692),#2357,.T.);
#9692 = FACE_BOUND('',#9693,.T.);
#9693 = EDGE_LOOP('',(#9694,#9695,#9716,#9717));
#9694 = ORIENTED_EDGE('',*,*,#4999,.F.);
#9695 = ORIENTED_EDGE('',*,*,#9696,.T.);
#9696 = EDGE_CURVE('',#4972,#4832,#9697,.T.);
#9697 = SURFACE_CURVE('',#9698,(#9702,#9709),.PCURVE_S1.);
#9698 = LINE('',#9699,#9700);
#9699 = CARTESIAN_POINT('',(-5.,78.,14.899494936612));
#9700 = VECTOR('',#9701,1.);
#9701 = DIRECTION('',(-1.,-0.,-0.));
#9702 = PCURVE('',#2357,#9703);
#9703 = DEFINITIONAL_REPRESENTATION('',(#9704),#9708);
#9704 = LINE('',#9705,#9706);
#9705 = CARTESIAN_POINT('',(11.,0.));
#9706 = VECTOR('',#9707,1.);
#9707 = DIRECTION('',(0.,-1.));
#9708 = ( GEOMETRIC_REPRESENTATION_CONTEXT(2) 
PARAMETRIC_REPRESENTATION_CONTEXT() REPRESENTATION_CONTEXT('2D SPACE',''
  ) );
#9709 = PCURVE('',#4848,#9710);
#9710 = DEFINITIONAL_REPRESENTATION('',(#9711),#9715);
#9711 = LINE('',#9712,#9713);
#9712 = CARTESIAN_POINT('',(-7.853981633974,0.));
#9713 = VECTOR('',#9714,1.);
#9714 = DIRECTION('',(-0.,1.));
#9715 = ( GEOMETRIC_REPRESENTATION_CONTEXT(2) 
PARAMETRIC_REPRESENTATION_CONTEXT() REPRESENTATION_CONTEXT('2D SPACE',''
  ) );
#9716 = ORIENTED_EDGE('',*,*,#4860,.T.);
#9717 = ORIENTED_EDGE('',*,*,#2341,.T.);
#9718 = ADVANCED_FACE('',(#9719),#2066,.T.);
#9719 = FACE_BOUND('',#9720,.T.);
#9720 = EDGE_LOOP('',(#9721,#9722,#9743,#9744));
#9721 = ORIENTED_EDGE('',*,*,#5828,.F.);
#9722 = ORIENTED_EDGE('',*,*,#9723,.T.);
#9723 = EDGE_CURVE('',#5794,#6125,#9724,.T.);
#9724 = SURFACE_CURVE('',#9725,(#9729,#9736),.PCURVE_S1.);
#9725 = LINE('',#9726,#9727);
#9726 = CARTESIAN_POINT('',(19.,78.,14.899494936612));
#9727 = VECTOR('',#9728,1.);
#9728 = DIRECTION('',(-1.,-0.,-0.));
#9729 = PCURVE('',#2066,#9730);
#9730 = DEFINITIONAL_REPRESENTATION('',(#9731),#9735);
#9731 = LINE('',#9732,#9733);
#9732 = CARTESIAN_POINT('',(11.,0.));
#9733 = VECTOR('',#9734,1.);
#9734 = DIRECTION('',(0.,-1.));
#9735 = ( GEOMETRIC_REPRESENTATION_CONTEXT(2) 
PARAMETRIC_REPRESENTATION_CONTEXT() REPRESENTATION_CONTEXT('2D SPACE',''
  ) );
#9736 = PCURVE('',#5816,#9737);
#9737 = DEFINITIONAL_REPRESENTATION('',(#9738),#9742);
#9738 = LINE('',#9739,#9740);
#9739 = CARTESIAN_POINT('',(-7.853981633974,0.));
#9740 = VECTOR('',#9741,1.);
#9741 = DIRECTION('',(-0.,1.));
#9742 = ( GEOMETRIC_REPRESENTATION_CONTEXT(2) 
PARAMETRIC_REPRESENTATION_CONTEXT() REPRESENTATION_CONTEXT('2D SPACE',''
  ) );
#9743 = ORIENTED_EDGE('',*,*,#6148,.T.);
#9744 = ORIENTED_EDGE('',*,*,#2050,.T.);
#9745 = ADVANCED_FACE('',(#9746),#2260,.T.);
#9746 = FACE_BOUND('',#9747,.T.);
#9747 = EDGE_LOOP('',(#9748,#9749,#9770,#9771));
#9748 = ORIENTED_EDGE('',*,*,#5591,.F.);
#9749 = ORIENTED_EDGE('',*,*,#9750,.T.);
#9750 = EDGE_CURVE('',#5564,#5273,#9751,.T.);
#9751 = SURFACE_CURVE('',#9752,(#9756,#9763),.PCURVE_S1.);
#9752 = LINE('',#9753,#9754);
#9753 = CARTESIAN_POINT('',(1.,78.,14.899494936612));
#9754 = VECTOR('',#9755,1.);
#9755 = DIRECTION('',(-1.,-0.,-0.));
#9756 = PCURVE('',#2260,#9757);
#9757 = DEFINITIONAL_REPRESENTATION('',(#9758),#9762);
#9758 = LINE('',#9759,#9760);
#9759 = CARTESIAN_POINT('',(11.,0.));
#9760 = VECTOR('',#9761,1.);
#9761 = DIRECTION('',(0.,-1.));
#9762 = ( GEOMETRIC_REPRESENTATION_CONTEXT(2) 
PARAMETRIC_REPRESENTATION_CONTEXT() REPRESENTATION_CONTEXT('2D SPACE',''
  ) );
#9763 = PCURVE('',#5289,#9764);
#9764 = DEFINITIONAL_REPRESENTATION('',(#9765),#9769);
#9765 = LINE('',#9766,#9767);
#9766 = CARTESIAN_POINT('',(-7.853981633974,0.));
#9767 = VECTOR('',#9768,1.);
#9768 = DIRECTION('',(-0.,1.));
#9769 = ( GEOMETRIC_REPRESENTATION_CONTEXT(2) 
PARAMETRIC_REPRESENTATION_CONTEXT() REPRESENTATION_CONTEXT('2D SPACE',''
  ) );
#9770 = ORIENTED_EDGE('',*,*,#5301,.T.);
#9771 = ORIENTED_EDGE('',*,*,#2244,.T.);
#9772 = ADVANCED_FACE('',(#9773),#2163,.T.);
#9773 = FACE_BOUND('',#9774,.T.);
#9774 = EDGE_LOOP('',(#9775,#9776,#9797,#9798));
#9775 = ORIENTED_EDGE('',*,*,#6253,.F.);
#9776 = ORIENTED_EDGE('',*,*,#9777,.T.);
#9777 = EDGE_CURVE('',#6226,#5935,#9778,.T.);
#9778 = SURFACE_CURVE('',#9779,(#9783,#9790),.PCURVE_S1.);
#9779 = LINE('',#9780,#9781);
#9780 = CARTESIAN_POINT('',(13.,78.,14.899494936612));
#9781 = VECTOR('',#9782,1.);
#9782 = DIRECTION('',(-1.,-0.,-0.));
#9783 = PCURVE('',#2163,#9784);
#9784 = DEFINITIONAL_REPRESENTATION('',(#9785),#9789);
#9785 = LINE('',#9786,#9787);
#9786 = CARTESIAN_POINT('',(11.,0.));
#9787 = VECTOR('',#9788,1.);
#9788 = DIRECTION('',(0.,-1.));
#9789 = ( GEOMETRIC_REPRESENTATION_CONTEXT(2) 
PARAMETRIC_REPRESENTATION_CONTEXT() REPRESENTATION_CONTEXT('2D SPACE',''
  ) );
#9790 = PCURVE('',#5951,#9791);
#9791 = DEFINITIONAL_REPRESENTATION('',(#9792),#9796);
#9792 = LINE('',#9793,#9794);
#9793 = CARTESIAN_POINT('',(-7.853981633974,0.));
#9794 = VECTOR('',#9795,1.);
#9795 = DIRECTION('',(-0.,1.));
#9796 = ( GEOMETRIC_REPRESENTATION_CONTEXT(2) 
PARAMETRIC_REPRESENTATION_CONTEXT() REPRESENTATION_CONTEXT('2D SPACE',''
  ) );
#9797 = ORIENTED_EDGE('',*,*,#5963,.T.);
#9798 = ORIENTED_EDGE('',*,*,#2147,.T.);
#9799 = ADVANCED_FACE('',(#9800),#3056,.T.);
#9800 = FACE_BOUND('',#9801,.T.);
#9801 = EDGE_LOOP('',(#9802,#9825,#9846,#9847));
#9802 = ORIENTED_EDGE('',*,*,#9803,.F.);
#9803 = EDGE_CURVE('',#9804,#3015,#9806,.T.);
#9804 = VERTEX_POINT('',#9805);
#9805 = CARTESIAN_POINT('',(-51.09067529904,20.124923016223,
    10.606601717798));
#9806 = SURFACE_CURVE('',#9807,(#9811,#9818),.PCURVE_S1.);
#9807 = LINE('',#9808,#9809);
#9808 = CARTESIAN_POINT('',(-46.09096104465,26.083350440839,
    2.828427124746));
#9809 = VECTOR('',#9810,1.);
#9810 = DIRECTION('',(-0.454519477672,-0.54167522042,0.707106781187));
#9811 = PCURVE('',#3056,#9812);
#9812 = DEFINITIONAL_REPRESENTATION('',(#9813),#9817);
#9813 = LINE('',#9814,#9815);
#9814 = CARTESIAN_POINT('',(4.035030644198E-16,4.));
#9815 = VECTOR('',#9816,1.);
#9816 = DIRECTION('',(1.,-1.014653635757E-17));
#9817 = ( GEOMETRIC_REPRESENTATION_CONTEXT(2) 
PARAMETRIC_REPRESENTATION_CONTEXT() REPRESENTATION_CONTEXT('2D SPACE',''
  ) );
#9818 = PCURVE('',#3030,#9819);
#9819 = DEFINITIONAL_REPRESENTATION('',(#9820),#9824);
#9820 = LINE('',#9821,#9822);
#9821 = CARTESIAN_POINT('',(-6.,-1.226919548888E-16));
#9822 = VECTOR('',#9823,1.);
#9823 = DIRECTION('',(1.,5.193951852464E-17));
#9824 = ( GEOMETRIC_REPRESENTATION_CONTEXT(2) 
PARAMETRIC_REPRESENTATION_CONTEXT() REPRESENTATION_CONTEXT('2D SPACE',''
  ) );
#9825 = ORIENTED_EDGE('',*,*,#9826,.T.);
#9826 = EDGE_CURVE('',#9804,#3151,#9827,.T.);
#9827 = SURFACE_CURVE('',#9828,(#9832,#9839),.PCURVE_S1.);
#9828 = LINE('',#9829,#9830);
#9829 = CARTESIAN_POINT('',(-52.90875320973,17.958222134544,
    7.778174593052));
#9830 = VECTOR('',#9831,1.);
#9831 = DIRECTION('',(-0.454519477672,-0.54167522042,-0.707106781187));
#9832 = PCURVE('',#3056,#9833);
#9833 = DEFINITIONAL_REPRESENTATION('',(#9834),#9838);
#9834 = LINE('',#9835,#9836);
#9835 = CARTESIAN_POINT('',(11.,8.55071142701E-16));
#9836 = VECTOR('',#9837,1.);
#9837 = DIRECTION('',(1.014653635757E-17,-1.));
#9838 = ( GEOMETRIC_REPRESENTATION_CONTEXT(2) 
PARAMETRIC_REPRESENTATION_CONTEXT() REPRESENTATION_CONTEXT('2D SPACE',''
  ) );
#9839 = PCURVE('',#3167,#9840);
#9840 = DEFINITIONAL_REPRESENTATION('',(#9841),#9845);
#9841 = LINE('',#9842,#9843);
#9842 = CARTESIAN_POINT('',(-7.853981633974,0.));
#9843 = VECTOR('',#9844,1.);
#9844 = DIRECTION('',(-0.,1.));
#9845 = ( GEOMETRIC_REPRESENTATION_CONTEXT(2) 
PARAMETRIC_REPRESENTATION_CONTEXT() REPRESENTATION_CONTEXT('2D SPACE',''
  ) );
#9846 = ORIENTED_EDGE('',*,*,#3179,.T.);
#9847 = ORIENTED_EDGE('',*,*,#3042,.T.);
#9848 = ADVANCED_FACE('',(#9849,#9904),#3030,.T.);
#9849 = FACE_BOUND('',#9850,.T.);
#9850 = EDGE_LOOP('',(#9851,#9879,#9880,#9881,#9882,#9883));
#9851 = ORIENTED_EDGE('',*,*,#9852,.F.);
#9852 = EDGE_CURVE('',#9804,#9853,#9855,.T.);
#9853 = VERTEX_POINT('',#9854);
#9854 = CARTESIAN_POINT('',(-46.54548052232,25.54167522042,
    3.535533905933));
#9855 = SURFACE_CURVE('',#9856,(#9861,#9872),.PCURVE_S1.);
#9856 = CIRCLE('',#9857,5.);
#9857 = AXIS2_PLACEMENT_3D('',#9858,#9859,#9860);
#9858 = CARTESIAN_POINT('',(-48.81807791068,22.833299118321,
    7.071067811865));
#9859 = DIRECTION('',(-0.454519477672,-0.54167522042,-0.707106781187));
#9860 = DIRECTION('',(-0.454519477672,-0.54167522042,0.707106781187));
#9861 = PCURVE('',#3030,#9862);
#9862 = DEFINITIONAL_REPRESENTATION('',(#9863),#9871);
#9863 = ( BOUNDED_CURVE() B_SPLINE_CURVE(2,(#9864,#9865,#9866,#9867,
#9868,#9869,#9870),.UNSPECIFIED.,.T.,.F.) B_SPLINE_CURVE_WITH_KNOTS((1,2
    ,2,2,2,1),(-2.094395102393,0.,2.094395102393,4.188790204786,
6.28318530718,8.377580409573),.UNSPECIFIED.) CURVE() 
GEOMETRIC_REPRESENTATION_ITEM() RATIONAL_B_SPLINE_CURVE((1.,0.5,1.,0.5,
1.,0.5,1.)) REPRESENTATION_ITEM('') );
#9864 = CARTESIAN_POINT('',(5.,-6.704320632962E-14));
#9865 = CARTESIAN_POINT('',(5.,-8.660254037844));
#9866 = CARTESIAN_POINT('',(-2.5,-4.330127018922));
#9867 = CARTESIAN_POINT('',(-10.,1.328617658601E-13));
#9868 = CARTESIAN_POINT('',(-2.5,4.330127018922));
#9869 = CARTESIAN_POINT('',(5.,8.660254037844));
#9870 = CARTESIAN_POINT('',(5.,-6.704320632962E-14));
#9871 = ( GEOMETRIC_REPRESENTATION_CONTEXT(2) 
PARAMETRIC_REPRESENTATION_CONTEXT() REPRESENTATION_CONTEXT('2D SPACE',''
  ) );
#9872 = PCURVE('',#3167,#9873);
#9873 = DEFINITIONAL_REPRESENTATION('',(#9874),#9878);
#9874 = LINE('',#9875,#9876);
#9875 = CARTESIAN_POINT('',(-7.853981633974,-4.));
#9876 = VECTOR('',#9877,1.);
#9877 = DIRECTION('',(1.,-0.));
#9878 = ( GEOMETRIC_REPRESENTATION_CONTEXT(2) 
PARAMETRIC_REPRESENTATION_CONTEXT() REPRESENTATION_CONTEXT('2D SPACE',''
  ) );
#9879 = ORIENTED_EDGE('',*,*,#9803,.T.);
#9880 = ORIENTED_EDGE('',*,*,#3014,.F.);
#9881 = ORIENTED_EDGE('',*,*,#4325,.F.);
#9882 = ORIENTED_EDGE('',*,*,#4447,.T.);
#9883 = ORIENTED_EDGE('',*,*,#9884,.T.);
#9884 = EDGE_CURVE('',#4401,#9853,#9885,.T.);
#9885 = SURFACE_CURVE('',#9886,(#9890,#9897),.PCURVE_S1.);
#9886 = LINE('',#9887,#9888);
#9887 = CARTESIAN_POINT('',(-46.09096104465,26.083350440839,
    2.828427124746));
#9888 = VECTOR('',#9889,1.);
#9889 = DIRECTION('',(-0.454519477672,-0.54167522042,0.707106781187));
#9890 = PCURVE('',#3030,#9891);
#9891 = DEFINITIONAL_REPRESENTATION('',(#9892),#9896);
#9892 = LINE('',#9893,#9894);
#9893 = CARTESIAN_POINT('',(-6.,-1.226919548888E-16));
#9894 = VECTOR('',#9895,1.);
#9895 = DIRECTION('',(1.,5.193951852464E-17));
#9896 = ( GEOMETRIC_REPRESENTATION_CONTEXT(2) 
PARAMETRIC_REPRESENTATION_CONTEXT() REPRESENTATION_CONTEXT('2D SPACE',''
  ) );
#9897 = PCURVE('',#3138,#9898);
#9898 = DEFINITIONAL_REPRESENTATION('',(#9899),#9903);
#9899 = LINE('',#9900,#9901);
#9900 = CARTESIAN_POINT('',(4.035030644198E-16,4.));
#9901 = VECTOR('',#9902,1.);
#9902 = DIRECTION('',(1.,-1.014653635757E-17));
#9903 = ( GEOMETRIC_REPRESENTATION_CONTEXT(2) 
PARAMETRIC_REPRESENTATION_CONTEXT() REPRESENTATION_CONTEXT('2D SPACE',''
  ) );
#9904 = FACE_BOUND('',#9905,.T.);
#9905 = EDGE_LOOP('',(#9906));
#9906 = ORIENTED_EDGE('',*,*,#9907,.T.);
#9907 = EDGE_CURVE('',#9908,#9908,#9910,.T.);
#9908 = VERTEX_POINT('',#9909);
#9909 = CARTESIAN_POINT('',(-50.04374901967,23.86175929382,
    7.071067811865));
#9910 = SURFACE_CURVE('',#9911,(#9916,#9927),.PCURVE_S1.);
#9911 = CIRCLE('',#9912,1.6);
#9912 = AXIS2_PLACEMENT_3D('',#9913,#9914,#9915);
#9913 = CARTESIAN_POINT('',(-48.81807791068,22.833299118321,
    7.071067811865));
#9914 = DIRECTION('',(-0.454519477672,-0.54167522042,-0.707106781187));
#9915 = DIRECTION('',(-0.766044443119,0.642787609687,0.));
#9916 = PCURVE('',#3030,#9917);
#9917 = DEFINITIONAL_REPRESENTATION('',(#9918),#9926);
#9918 = ( BOUNDED_CURVE() B_SPLINE_CURVE(2,(#9919,#9920,#9921,#9922,
#9923,#9924,#9925),.UNSPECIFIED.,.T.,.F.) B_SPLINE_CURVE_WITH_KNOTS((1,2
    ,2,2,2,1),(-2.094395102393,0.,2.094395102393,4.188790204786,
6.28318530718,8.377580409573),.UNSPECIFIED.) CURVE() 
GEOMETRIC_REPRESENTATION_ITEM() RATIONAL_B_SPLINE_CURVE((1.,0.5,1.,0.5,
1.,0.5,1.)) REPRESENTATION_ITEM('') );
#9919 = CARTESIAN_POINT('',(-2.901957537039E-17,-1.6));
#9920 = CARTESIAN_POINT('',(-2.77128129211,-1.6));
#9921 = CARTESIAN_POINT('',(-1.385640646055,0.8));
#9922 = CARTESIAN_POINT('',(-3.338478249864E-16,3.2));
#9923 = CARTESIAN_POINT('',(1.385640646055,0.8));
#9924 = CARTESIAN_POINT('',(2.77128129211,-1.6));
#9925 = CARTESIAN_POINT('',(-2.901957537039E-17,-1.6));
#9926 = ( GEOMETRIC_REPRESENTATION_CONTEXT(2) 
PARAMETRIC_REPRESENTATION_CONTEXT() REPRESENTATION_CONTEXT('2D SPACE',''
  ) );
#9927 = PCURVE('',#3248,#9928);
#9928 = DEFINITIONAL_REPRESENTATION('',(#9929),#9933);
#9929 = LINE('',#9930,#9931);
#9930 = CARTESIAN_POINT('',(-6.28318530718,-11.));
#9931 = VECTOR('',#9932,1.);
#9932 = DIRECTION('',(1.,-0.));
#9933 = ( GEOMETRIC_REPRESENTATION_CONTEXT(2) 
PARAMETRIC_REPRESENTATION_CONTEXT() REPRESENTATION_CONTEXT('2D SPACE',''
  ) );
#9934 = ADVANCED_FACE('',(#9935,#10115),#2979,.F.);
#9935 = FACE_BOUND('',#9936,.F.);
#9936 = EDGE_LOOP('',(#9937,#9967,#9995,#10023,#10047,#10068,#10069,
    #10070,#10071,#10094));
#9937 = ORIENTED_EDGE('',*,*,#9938,.T.);
#9938 = EDGE_CURVE('',#9939,#9941,#9943,.T.);
#9939 = VERTEX_POINT('',#9940);
#9940 = CARTESIAN_POINT('',(-42.,26.883593326759,10.899494936612));
#9941 = VERTEX_POINT('',#9942);
#9942 = CARTESIAN_POINT('',(-42.,30.035125309086,8.485281374239));
#9943 = SURFACE_CURVE('',#9944,(#9948,#9955),.PCURVE_S1.);
#9944 = LINE('',#9945,#9946);
#9945 = CARTESIAN_POINT('',(-42.,27.433178855888,10.478487996004));
#9946 = VECTOR('',#9947,1.);
#9947 = DIRECTION('',(0.,0.793844806099,-0.608120402411));
#9948 = PCURVE('',#2979,#9949);
#9949 = DEFINITIONAL_REPRESENTATION('',(#9950),#9954);
#9950 = LINE('',#9951,#9952);
#9951 = CARTESIAN_POINT('',(-3.181180162888,2.266204994879));
#9952 = VECTOR('',#9953,1.);
#9953 = DIRECTION('',(-0.860012120646,-0.510273605375));
#9954 = ( GEOMETRIC_REPRESENTATION_CONTEXT(2) 
PARAMETRIC_REPRESENTATION_CONTEXT() REPRESENTATION_CONTEXT('2D SPACE',''
  ) );
#9955 = PCURVE('',#9956,#9961);
#9956 = PLANE('',#9957);
#9957 = AXIS2_PLACEMENT_3D('',#9958,#9959,#9960);
#9958 = CARTESIAN_POINT('',(-42.,24.,3.399494936612));
#9959 = DIRECTION('',(1.,0.,0.));
#9960 = DIRECTION('',(0.,0.,1.));
#9961 = DEFINITIONAL_REPRESENTATION('',(#9962),#9966);
#9962 = LINE('',#9963,#9964);
#9963 = CARTESIAN_POINT('',(7.078993059392,-3.433178855888));
#9964 = VECTOR('',#9965,1.);
#9965 = DIRECTION('',(-0.608120402411,-0.793844806099));
#9966 = ( GEOMETRIC_REPRESENTATION_CONTEXT(2) 
PARAMETRIC_REPRESENTATION_CONTEXT() REPRESENTATION_CONTEXT('2D SPACE',''
  ) );
#9967 = ORIENTED_EDGE('',*,*,#9968,.T.);
#9968 = EDGE_CURVE('',#9941,#9969,#9971,.T.);
#9969 = VERTEX_POINT('',#9970);
#9970 = CARTESIAN_POINT('',(-42.45480522328,30.416752204197,
    8.485281374239));
#9971 = SURFACE_CURVE('',#9972,(#9976,#9983),.PCURVE_S1.);
#9972 = LINE('',#9973,#9974);
#9973 = CARTESIAN_POINT('',(-34.79436079209,23.988876107332,
    8.485281374239));
#9974 = VECTOR('',#9975,1.);
#9975 = DIRECTION('',(-0.766044443119,0.642787609687,0.));
#9976 = PCURVE('',#2979,#9977);
#9977 = DEFINITIONAL_REPRESENTATION('',(#9978),#9982);
#9978 = LINE('',#9979,#9980);
#9979 = CARTESIAN_POINT('',(-6.,10.));
#9980 = VECTOR('',#9981,1.);
#9981 = DIRECTION('',(-3.538526885512E-17,-1.));
#9982 = ( GEOMETRIC_REPRESENTATION_CONTEXT(2) 
PARAMETRIC_REPRESENTATION_CONTEXT() REPRESENTATION_CONTEXT('2D SPACE',''
  ) );
#9983 = PCURVE('',#9984,#9989);
#9984 = PLANE('',#9985);
#9985 = AXIS2_PLACEMENT_3D('',#9986,#9987,#9988);
#9986 = CARTESIAN_POINT('',(-40.24859452415,17.488773462295,0.));
#9987 = DIRECTION('',(-0.454519477672,-0.54167522042,0.707106781187));
#9988 = DIRECTION('',(0.454519477672,0.54167522042,0.707106781187));
#9989 = DEFINITIONAL_REPRESENTATION('',(#9990),#9994);
#9990 = LINE('',#9991,#9992);
#9991 = CARTESIAN_POINT('',(12.,2.453839097777E-16));
#9992 = VECTOR('',#9993,1.);
#9993 = DIRECTION('',(-7.138740076725E-18,1.));
#9994 = ( GEOMETRIC_REPRESENTATION_CONTEXT(2) 
PARAMETRIC_REPRESENTATION_CONTEXT() REPRESENTATION_CONTEXT('2D SPACE',''
  ) );
#9995 = ORIENTED_EDGE('',*,*,#9996,.T.);
#9996 = EDGE_CURVE('',#9969,#9997,#9999,.T.);
#9997 = VERTEX_POINT('',#9998);
#9998 = CARTESIAN_POINT('',(-42.90932470095,29.875076983777,
    9.192388155425));
#9999 = SURFACE_CURVE('',#10000,(#10004,#10011),.PCURVE_S1.);
#10000 = LINE('',#10001,#10002);
#10001 = CARTESIAN_POINT('',(-42.45480522328,30.416752204197,
    8.485281374239));
#10002 = VECTOR('',#10003,1.);
#10003 = DIRECTION('',(-0.454519477672,-0.54167522042,0.707106781187));
#10004 = PCURVE('',#2979,#10005);
#10005 = DEFINITIONAL_REPRESENTATION('',(#10006),#10010);
#10006 = LINE('',#10007,#10008);
#10007 = CARTESIAN_POINT('',(-6.,-1.226919548888E-16));
#10008 = VECTOR('',#10009,1.);
#10009 = DIRECTION('',(1.,5.193951852464E-17));
#10010 = ( GEOMETRIC_REPRESENTATION_CONTEXT(2) 
PARAMETRIC_REPRESENTATION_CONTEXT() REPRESENTATION_CONTEXT('2D SPACE',''
  ) );
#10011 = PCURVE('',#10012,#10017);
#10012 = PLANE('',#10013);
#10013 = AXIS2_PLACEMENT_3D('',#10014,#10015,#10016);
#10014 = CARTESIAN_POINT('',(-42.45480522328,30.416752204197,
    8.485281374239));
#10015 = DIRECTION('',(-0.766044443119,0.642787609687,0.));
#10016 = DIRECTION('',(-0.454519477672,-0.54167522042,0.707106781187));
#10017 = DEFINITIONAL_REPRESENTATION('',(#10018),#10022);
#10018 = LINE('',#10019,#10020);
#10019 = CARTESIAN_POINT('',(0.,0.));
#10020 = VECTOR('',#10021,1.);
#10021 = DIRECTION('',(1.,-1.014653635757E-17));
#10022 = ( GEOMETRIC_REPRESENTATION_CONTEXT(2) 
PARAMETRIC_REPRESENTATION_CONTEXT() REPRESENTATION_CONTEXT('2D SPACE',''
  ) );
#10023 = ORIENTED_EDGE('',*,*,#10024,.T.);
#10024 = EDGE_CURVE('',#9997,#10025,#10027,.T.);
#10025 = VERTEX_POINT('',#10026);
#10026 = CARTESIAN_POINT('',(-47.45451947767,24.45832477958,
    16.263455967291));
#10027 = SURFACE_CURVE('',#10028,(#10033,#10040),.PCURVE_S1.);
#10028 = CIRCLE('',#10029,5.);
#10029 = AXIS2_PLACEMENT_3D('',#10030,#10031,#10032);
#10030 = CARTESIAN_POINT('',(-45.18192208931,27.166700881679,
    12.727922061358));
#10031 = DIRECTION('',(0.454519477672,0.54167522042,0.707106781187));
#10032 = DIRECTION('',(0.454519477672,0.54167522042,-0.707106781187));
#10033 = PCURVE('',#2979,#10034);
#10034 = DEFINITIONAL_REPRESENTATION('',(#10035),#10039);
#10035 = CIRCLE('',#10036,5.);
#10036 = AXIS2_PLACEMENT_2D('',#10037,#10038);
#10037 = CARTESIAN_POINT('',(0.,0.));
#10038 = DIRECTION('',(-1.,-1.365307947207E-14));
#10039 = ( GEOMETRIC_REPRESENTATION_CONTEXT(2) 
PARAMETRIC_REPRESENTATION_CONTEXT() REPRESENTATION_CONTEXT('2D SPACE',''
  ) );
#10040 = PCURVE('',#9507,#10041);
#10041 = DEFINITIONAL_REPRESENTATION('',(#10042),#10046);
#10042 = LINE('',#10043,#10044);
#10043 = CARTESIAN_POINT('',(-4.712388980385,0.));
#10044 = VECTOR('',#10045,1.);
#10045 = DIRECTION('',(-1.,0.));
#10046 = ( GEOMETRIC_REPRESENTATION_CONTEXT(2) 
PARAMETRIC_REPRESENTATION_CONTEXT() REPRESENTATION_CONTEXT('2D SPACE',''
  ) );
#10047 = ORIENTED_EDGE('',*,*,#10048,.T.);
#10048 = EDGE_CURVE('',#10025,#2936,#10049,.T.);
#10049 = SURFACE_CURVE('',#10050,(#10054,#10061),.PCURVE_S1.);
#10050 = LINE('',#10051,#10052);
#10051 = CARTESIAN_POINT('',(-42.45480522328,30.416752204197,
    8.485281374239));
#10052 = VECTOR('',#10053,1.);
#10053 = DIRECTION('',(-0.454519477672,-0.54167522042,0.707106781187));
#10054 = PCURVE('',#2979,#10055);
#10055 = DEFINITIONAL_REPRESENTATION('',(#10056),#10060);
#10056 = LINE('',#10057,#10058);
#10057 = CARTESIAN_POINT('',(-6.,-1.226919548888E-16));
#10058 = VECTOR('',#10059,1.);
#10059 = DIRECTION('',(1.,5.193951852464E-17));
#10060 = ( GEOMETRIC_REPRESENTATION_CONTEXT(2) 
PARAMETRIC_REPRESENTATION_CONTEXT() REPRESENTATION_CONTEXT('2D SPACE',''
  ) );
#10061 = PCURVE('',#2951,#10062);
#10062 = DEFINITIONAL_REPRESENTATION('',(#10063),#10067);
#10063 = LINE('',#10064,#10065);
#10064 = CARTESIAN_POINT('',(0.,0.));
#10065 = VECTOR('',#10066,1.);
#10066 = DIRECTION('',(1.,-1.014653635757E-17));
#10067 = ( GEOMETRIC_REPRESENTATION_CONTEXT(2) 
PARAMETRIC_REPRESENTATION_CONTEXT() REPRESENTATION_CONTEXT('2D SPACE',''
  ) );
#10068 = ORIENTED_EDGE('',*,*,#2963,.F.);
#10069 = ORIENTED_EDGE('',*,*,#4347,.F.);
#10070 = ORIENTED_EDGE('',*,*,#4149,.F.);
#10071 = ORIENTED_EDGE('',*,*,#10072,.F.);
#10072 = EDGE_CURVE('',#10073,#4122,#10075,.T.);
#10073 = VERTEX_POINT('',#10074);
#10074 = CARTESIAN_POINT('',(-40.,25.205394064404,10.899494936612));
#10075 = SURFACE_CURVE('',#10076,(#10080,#10087),.PCURVE_S1.);
#10076 = LINE('',#10077,#10078);
#10077 = CARTESIAN_POINT('',(-40.,41.816424797779,-1.825292851168));
#10078 = VECTOR('',#10079,1.);
#10079 = DIRECTION('',(0.,-0.793844806099,0.608120402411));
#10080 = PCURVE('',#2979,#10081);
#10081 = DEFINITIONAL_REPRESENTATION('',(#10082),#10086);
#10082 = LINE('',#10083,#10084);
#10083 = CARTESIAN_POINT('',(-20.58135390542,-5.447078397405));
#10084 = VECTOR('',#10085,1.);
#10085 = DIRECTION('',(0.860012120646,0.510273605375));
#10086 = ( GEOMETRIC_REPRESENTATION_CONTEXT(2) 
PARAMETRIC_REPRESENTATION_CONTEXT() REPRESENTATION_CONTEXT('2D SPACE',''
  ) );
#10087 = PCURVE('',#4137,#10088);
#10088 = DEFINITIONAL_REPRESENTATION('',(#10089),#10093);
#10089 = LINE('',#10090,#10091);
#10090 = CARTESIAN_POINT('',(30.183575202221,5.72478778778));
#10091 = VECTOR('',#10092,1.);
#10092 = DIRECTION('',(0.793844806099,-0.608120402411));
#10093 = ( GEOMETRIC_REPRESENTATION_CONTEXT(2) 
PARAMETRIC_REPRESENTATION_CONTEXT() REPRESENTATION_CONTEXT('2D SPACE',''
  ) );
#10094 = ORIENTED_EDGE('',*,*,#10095,.F.);
#10095 = EDGE_CURVE('',#9939,#10073,#10096,.T.);
#10096 = SURFACE_CURVE('',#10097,(#10101,#10108),.PCURVE_S1.);
#10097 = LINE('',#10098,#10099);
#10098 = CARTESIAN_POINT('',(-42.29336962797,27.12975967339,
    10.899494936612));
#10099 = VECTOR('',#10100,1.);
#10100 = DIRECTION('',(0.766044443119,-0.642787609687,0.));
#10101 = PCURVE('',#2979,#10102);
#10102 = DEFINITIONAL_REPRESENTATION('',(#10103),#10107);
#10103 = LINE('',#10104,#10105);
#10104 = CARTESIAN_POINT('',(-2.585786437627,2.236504912641));
#10105 = VECTOR('',#10106,1.);
#10106 = DIRECTION('',(3.538526885512E-17,1.));
#10107 = ( GEOMETRIC_REPRESENTATION_CONTEXT(2) 
PARAMETRIC_REPRESENTATION_CONTEXT() REPRESENTATION_CONTEXT('2D SPACE',''
  ) );
#10108 = PCURVE('',#3605,#10109);
#10109 = DEFINITIONAL_REPRESENTATION('',(#10110),#10114);
#10110 = LINE('',#10111,#10112);
#10111 = CARTESIAN_POINT('',(-0.293369627973,3.12975967339));
#10112 = VECTOR('',#10113,1.);
#10113 = DIRECTION('',(0.766044443119,-0.642787609687));
#10114 = ( GEOMETRIC_REPRESENTATION_CONTEXT(2) 
PARAMETRIC_REPRESENTATION_CONTEXT() REPRESENTATION_CONTEXT('2D SPACE',''
  ) );
#10115 = FACE_BOUND('',#10116,.F.);
#10116 = EDGE_LOOP('',(#10117));
#10117 = ORIENTED_EDGE('',*,*,#10118,.T.);
#10118 = EDGE_CURVE('',#10119,#10119,#10121,.T.);
#10119 = VERTEX_POINT('',#10120);
#10120 = CARTESIAN_POINT('',(-46.4075931983,28.195161057177,
    12.727922061358));
#10121 = SURFACE_CURVE('',#10122,(#10127,#10138),.PCURVE_S1.);
#10122 = CIRCLE('',#10123,1.6);
#10123 = AXIS2_PLACEMENT_3D('',#10124,#10125,#10126);
#10124 = CARTESIAN_POINT('',(-45.18192208931,27.166700881679,
    12.727922061358));
#10125 = DIRECTION('',(-0.454519477672,-0.54167522042,-0.707106781187));
#10126 = DIRECTION('',(-0.766044443119,0.642787609687,0.));
#10127 = PCURVE('',#2979,#10128);
#10128 = DEFINITIONAL_REPRESENTATION('',(#10129),#10137);
#10129 = ( BOUNDED_CURVE() B_SPLINE_CURVE(2,(#10130,#10131,#10132,#10133
    ,#10134,#10135,#10136),.UNSPECIFIED.,.T.,.F.) 
B_SPLINE_CURVE_WITH_KNOTS((1,2,2,2,2,1),(-2.094395102393,0.,
    2.094395102393,4.188790204786,6.28318530718,8.377580409573),
.UNSPECIFIED.) CURVE() GEOMETRIC_REPRESENTATION_ITEM() 
RATIONAL_B_SPLINE_CURVE((1.,0.5,1.,0.5,1.,0.5,1.)) REPRESENTATION_ITEM(
  '') );
#10130 = CARTESIAN_POINT('',(-2.901957537039E-17,-1.6));
#10131 = CARTESIAN_POINT('',(-2.77128129211,-1.6));
#10132 = CARTESIAN_POINT('',(-1.385640646055,0.8));
#10133 = CARTESIAN_POINT('',(-3.338478249864E-16,3.2));
#10134 = CARTESIAN_POINT('',(1.385640646055,0.8));
#10135 = CARTESIAN_POINT('',(2.77128129211,-1.6));
#10136 = CARTESIAN_POINT('',(-2.901957537039E-17,-1.6));
#10137 = ( GEOMETRIC_REPRESENTATION_CONTEXT(2) 
PARAMETRIC_REPRESENTATION_CONTEXT() REPRESENTATION_CONTEXT('2D SPACE',''
  ) );
#10138 = PCURVE('',#9563,#10139);
#10139 = DEFINITIONAL_REPRESENTATION('',(#10140),#10144);
#10140 = LINE('',#10141,#10142);
#10141 = CARTESIAN_POINT('',(-6.28318530718,-19.));
#10142 = VECTOR('',#10143,1.);
#10143 = DIRECTION('',(1.,-0.));
#10144 = ( GEOMETRIC_REPRESENTATION_CONTEXT(2) 
PARAMETRIC_REPRESENTATION_CONTEXT() REPRESENTATION_CONTEXT('2D SPACE',''
  ) );
#10145 = ADVANCED_FACE('',(#10146),#2951,.T.);
#10146 = FACE_BOUND('',#10147,.T.);
#10147 = EDGE_LOOP('',(#10148,#10149,#10170,#10171));
#10148 = ORIENTED_EDGE('',*,*,#9519,.F.);
#10149 = ORIENTED_EDGE('',*,*,#10150,.T.);
#10150 = EDGE_CURVE('',#9487,#10025,#10151,.T.);
#10151 = SURFACE_CURVE('',#10152,(#10156,#10163),.PCURVE_S1.);
#10152 = LINE('',#10153,#10154);
#10153 = CARTESIAN_POINT('',(-47.45451947767,24.45832477958,
    16.263455967291));
#10154 = VECTOR('',#10155,1.);
#10155 = DIRECTION('',(-0.454519477672,-0.54167522042,-0.707106781187));
#10156 = PCURVE('',#2951,#10157);
#10157 = DEFINITIONAL_REPRESENTATION('',(#10158),#10162);
#10158 = LINE('',#10159,#10160);
#10159 = CARTESIAN_POINT('',(11.,8.55071142701E-16));
#10160 = VECTOR('',#10161,1.);
#10161 = DIRECTION('',(1.014653635757E-17,-1.));
#10162 = ( GEOMETRIC_REPRESENTATION_CONTEXT(2) 
PARAMETRIC_REPRESENTATION_CONTEXT() REPRESENTATION_CONTEXT('2D SPACE',''
  ) );
#10163 = PCURVE('',#9507,#10164);
#10164 = DEFINITIONAL_REPRESENTATION('',(#10165),#10169);
#10165 = LINE('',#10166,#10167);
#10166 = CARTESIAN_POINT('',(-7.853981633974,0.));
#10167 = VECTOR('',#10168,1.);
#10168 = DIRECTION('',(-0.,1.));
#10169 = ( GEOMETRIC_REPRESENTATION_CONTEXT(2) 
PARAMETRIC_REPRESENTATION_CONTEXT() REPRESENTATION_CONTEXT('2D SPACE',''
  ) );
#10170 = ORIENTED_EDGE('',*,*,#10048,.T.);
#10171 = ORIENTED_EDGE('',*,*,#2935,.T.);
#10172 = ADVANCED_FACE('',(#10173),#3167,.T.);
#10173 = FACE_BOUND('',#10174,.F.);
#10174 = EDGE_LOOP('',(#10175,#10176,#10197,#10198));
#10175 = ORIENTED_EDGE('',*,*,#3150,.F.);
#10176 = ORIENTED_EDGE('',*,*,#10177,.F.);
#10177 = EDGE_CURVE('',#9853,#3123,#10178,.T.);
#10178 = SURFACE_CURVE('',#10179,(#10183,#10190),.PCURVE_S1.);
#10179 = LINE('',#10180,#10181);
#10180 = CARTESIAN_POINT('',(-48.36355843301,23.374974338741,
    0.707106781187));
#10181 = VECTOR('',#10182,1.);
#10182 = DIRECTION('',(-0.454519477672,-0.54167522042,-0.707106781187));
#10183 = PCURVE('',#3167,#10184);
#10184 = DEFINITIONAL_REPRESENTATION('',(#10185),#10189);
#10185 = LINE('',#10186,#10187);
#10186 = CARTESIAN_POINT('',(-4.712388980385,0.));
#10187 = VECTOR('',#10188,1.);
#10188 = DIRECTION('',(-0.,1.));
#10189 = ( GEOMETRIC_REPRESENTATION_CONTEXT(2) 
PARAMETRIC_REPRESENTATION_CONTEXT() REPRESENTATION_CONTEXT('2D SPACE',''
  ) );
#10190 = PCURVE('',#3138,#10191);
#10191 = DEFINITIONAL_REPRESENTATION('',(#10192),#10196);
#10192 = LINE('',#10193,#10194);
#10193 = CARTESIAN_POINT('',(1.,2.808784836763E-16));
#10194 = VECTOR('',#10195,1.);
#10195 = DIRECTION('',(1.014653635757E-17,-1.));
#10196 = ( GEOMETRIC_REPRESENTATION_CONTEXT(2) 
PARAMETRIC_REPRESENTATION_CONTEXT() REPRESENTATION_CONTEXT('2D SPACE',''
  ) );
#10197 = ORIENTED_EDGE('',*,*,#9852,.F.);
#10198 = ORIENTED_EDGE('',*,*,#9826,.T.);
#10199 = ADVANCED_FACE('',(#10200),#3138,.T.);
#10200 = FACE_BOUND('',#10201,.T.);
#10201 = EDGE_LOOP('',(#10202,#10203,#10204,#10205));
#10202 = ORIENTED_EDGE('',*,*,#9884,.F.);
#10203 = ORIENTED_EDGE('',*,*,#4400,.F.);
#10204 = ORIENTED_EDGE('',*,*,#3122,.T.);
#10205 = ORIENTED_EDGE('',*,*,#10177,.F.);
#10206 = ADVANCED_FACE('',(#10207),#3248,.F.);
#10207 = FACE_BOUND('',#10208,.T.);
#10208 = EDGE_LOOP('',(#10209,#10210,#10231,#10232));
#10209 = ORIENTED_EDGE('',*,*,#3227,.T.);
#10210 = ORIENTED_EDGE('',*,*,#10211,.T.);
#10211 = EDGE_CURVE('',#3228,#9908,#10212,.T.);
#10212 = SEAM_CURVE('',#10213,(#10217,#10224),.PCURVE_S1.);
#10213 = LINE('',#10214,#10215);
#10214 = CARTESIAN_POINT('',(-55.04346327407,17.903331869203,
    -0.707106781187));
#10215 = VECTOR('',#10216,1.);
#10216 = DIRECTION('',(0.454519477672,0.54167522042,0.707106781187));
#10217 = PCURVE('',#3248,#10218);
#10218 = DEFINITIONAL_REPRESENTATION('',(#10219),#10223);
#10219 = LINE('',#10220,#10221);
#10220 = CARTESIAN_POINT('',(-6.28318530718,0.));
#10221 = VECTOR('',#10222,1.);
#10222 = DIRECTION('',(-0.,-1.));
#10223 = ( GEOMETRIC_REPRESENTATION_CONTEXT(2) 
PARAMETRIC_REPRESENTATION_CONTEXT() REPRESENTATION_CONTEXT('2D SPACE',''
  ) );
#10224 = PCURVE('',#3248,#10225);
#10225 = DEFINITIONAL_REPRESENTATION('',(#10226),#10230);
#10226 = LINE('',#10227,#10228);
#10227 = CARTESIAN_POINT('',(-0.,0.));
#10228 = VECTOR('',#10229,1.);
#10229 = DIRECTION('',(-0.,-1.));
#10230 = ( GEOMETRIC_REPRESENTATION_CONTEXT(2) 
PARAMETRIC_REPRESENTATION_CONTEXT() REPRESENTATION_CONTEXT('2D SPACE',''
  ) );
#10231 = ORIENTED_EDGE('',*,*,#9907,.F.);
#10232 = ORIENTED_EDGE('',*,*,#10211,.F.);
#10233 = ADVANCED_FACE('',(#10234,#10260),#3283,.F.);
#10234 = FACE_BOUND('',#10235,.T.);
#10235 = EDGE_LOOP('',(#10236,#10257,#10258,#10259));
#10236 = ORIENTED_EDGE('',*,*,#10237,.F.);
#10237 = EDGE_CURVE('',#3263,#9578,#10238,.T.);
#10238 = SEAM_CURVE('',#10239,(#10243,#10250),.PCURVE_S1.);
#10239 = LINE('',#10240,#10241);
#10240 = CARTESIAN_POINT('',(-44.3137338822,7.97695754736,4.242640687119
    ));
#10241 = VECTOR('',#10242,1.);
#10242 = DIRECTION('',(0.454519477672,0.54167522042,0.707106781187));
#10243 = PCURVE('',#3283,#10244);
#10244 = DEFINITIONAL_REPRESENTATION('',(#10245),#10249);
#10245 = LINE('',#10246,#10247);
#10246 = CARTESIAN_POINT('',(-6.28318530718,0.));
#10247 = VECTOR('',#10248,1.);
#10248 = DIRECTION('',(-0.,-1.));
#10249 = ( GEOMETRIC_REPRESENTATION_CONTEXT(2) 
PARAMETRIC_REPRESENTATION_CONTEXT() REPRESENTATION_CONTEXT('2D SPACE',''
  ) );
#10250 = PCURVE('',#3283,#10251);
#10251 = DEFINITIONAL_REPRESENTATION('',(#10252),#10256);
#10252 = LINE('',#10253,#10254);
#10253 = CARTESIAN_POINT('',(-0.,0.));
#10254 = VECTOR('',#10255,1.);
#10255 = DIRECTION('',(-0.,-1.));
#10256 = ( GEOMETRIC_REPRESENTATION_CONTEXT(2) 
PARAMETRIC_REPRESENTATION_CONTEXT() REPRESENTATION_CONTEXT('2D SPACE',''
  ) );
#10257 = ORIENTED_EDGE('',*,*,#3262,.T.);
#10258 = ORIENTED_EDGE('',*,*,#10237,.T.);
#10259 = ORIENTED_EDGE('',*,*,#9577,.F.);
#10260 = FACE_BOUND('',#10261,.T.);
#10261 = EDGE_LOOP('',(#10262,#10313));
#10262 = ORIENTED_EDGE('',*,*,#10263,.F.);
#10263 = EDGE_CURVE('',#10264,#10266,#10268,.T.);
#10264 = VERTEX_POINT('',#10265);
#10265 = CARTESIAN_POINT('',(-35.64496734994,15.289934699892,
    15.899494936612));
#10266 = VERTEX_POINT('',#10267);
#10267 = CARTESIAN_POINT('',(-36.57580475178,17.151609503562,
    15.899494936612));
#10268 = SURFACE_CURVE('',#10269,(#10274,#10301),.PCURVE_S1.);
#10269 = ELLIPSE('',#10270,1.414213562373,1.);
#10270 = AXIS2_PLACEMENT_3D('',#10271,#10272,#10273);
#10271 = CARTESIAN_POINT('',(-36.05480795959,16.263838359745,
    15.899494936612));
#10272 = DIRECTION('',(0.,0.,1.));
#10273 = DIRECTION('',(-0.642787609687,-0.766044443119,0.));
#10274 = PCURVE('',#3283,#10275);
#10275 = DEFINITIONAL_REPRESENTATION('',(#10276),#10300);
#10276 = B_SPLINE_CURVE_WITH_KNOTS('',8,(#10277,#10278,#10279,#10280,
    #10281,#10282,#10283,#10284,#10285,#10286,#10287,#10288,#10289,
    #10290,#10291,#10292,#10293,#10294,#10295,#10296,#10297,#10298,
    #10299),.UNSPECIFIED.,.F.,.F.,(9,7,7,9),(4.712388980385,
    6.28318530718,8.639379797372,10.995574287564),.UNSPECIFIED.);
#10277 = CARTESIAN_POINT('',(-3.552713678801E-15,-16.48528137423));
#10278 = CARTESIAN_POINT('',(-0.196349540849,-16.28893183338));
#10279 = CARTESIAN_POINT('',(-0.392699081699,-16.09258297593));
#10280 = CARTESIAN_POINT('',(-0.589048622548,-15.90776534338));
#10281 = CARTESIAN_POINT('',(-0.785398163397,-15.74602670904));
#10282 = CARTESIAN_POINT('',(-0.981747704247,-15.61746056107));
#10283 = CARTESIAN_POINT('',(-1.178097245096,-15.52934287869));
#10284 = CARTESIAN_POINT('',(-1.374446785946,-15.48528137423));
#10285 = CARTESIAN_POINT('',(-1.865320638069,-15.48528137423));
#10286 = CARTESIAN_POINT('',(-2.159844949344,-15.58442012655));
#10287 = CARTESIAN_POINT('',(-2.45436926061,-15.78267884633));
#10288 = CARTESIAN_POINT('',(-2.7488935719,-16.06179095235));
#10289 = CARTESIAN_POINT('',(-3.043417883157,-16.38484913144));
#10290 = CARTESIAN_POINT('',(-3.33794219444,-16.70576544125));
#10291 = CARTESIAN_POINT('',(-3.632466505713,-16.98412801769));
#10292 = CARTESIAN_POINT('',(-4.221515128261,-17.40064829315));
#10293 = CARTESIAN_POINT('',(-4.516039439535,-17.5388075015));
#10294 = CARTESIAN_POINT('',(-4.810563750804,-17.57934364083));
#10295 = CARTESIAN_POINT('',(-5.105088062095,-17.50767769419));
#10296 = CARTESIAN_POINT('',(-5.399612373353,-17.32991654189));
#10297 = CARTESIAN_POINT('',(-5.694136684631,-17.07433106405));
#10298 = CARTESIAN_POINT('',(-5.988660995906,-16.77980568551));
#10299 = CARTESIAN_POINT('',(-6.28318530718,-16.48528137423));
#10300 = ( GEOMETRIC_REPRESENTATION_CONTEXT(2) 
PARAMETRIC_REPRESENTATION_CONTEXT() REPRESENTATION_CONTEXT('2D SPACE',''
  ) );
#10301 = PCURVE('',#10302,#10307);
#10302 = PLANE('',#10303);
#10303 = AXIS2_PLACEMENT_3D('',#10304,#10305,#10306);
#10304 = CARTESIAN_POINT('',(1.591886810332E-15,38.548520944712,
    15.899494936612));
#10305 = DIRECTION('',(0.,0.,1.));
#10306 = DIRECTION('',(1.,0.,-0.));
#10307 = DEFINITIONAL_REPRESENTATION('',(#10308),#10312);
#10308 = ELLIPSE('',#10309,1.414213562373,1.);
#10309 = AXIS2_PLACEMENT_2D('',#10310,#10311);
#10310 = CARTESIAN_POINT('',(-36.05480795959,-22.28468258496));
#10311 = DIRECTION('',(-0.642787609687,-0.766044443119));
#10312 = ( GEOMETRIC_REPRESENTATION_CONTEXT(2) 
PARAMETRIC_REPRESENTATION_CONTEXT() REPRESENTATION_CONTEXT('2D SPACE',''
  ) );
#10313 = ORIENTED_EDGE('',*,*,#10314,.T.);
#10314 = EDGE_CURVE('',#10264,#10266,#10315,.T.);
#10315 = SURFACE_CURVE('',#10316,(#10321,#10341),.PCURVE_S1.);
#10316 = ELLIPSE('',#10317,1.541356674427,1.);
#10317 = AXIS2_PLACEMENT_3D('',#10318,#10319,#10320);
#10318 = CARTESIAN_POINT('',(-36.10312699052,16.206253981043,
    15.824323868903));
#10319 = DIRECTION('',(0.894427191,0.4472135955,-1.071775837754E-17));
#10320 = DIRECTION('',(0.165269419729,-0.330538839459,-0.929209392178));
#10321 = PCURVE('',#3283,#10322);
#10322 = DEFINITIONAL_REPRESENTATION('',(#10323),#10340);
#10323 = B_SPLINE_CURVE_WITH_KNOTS('',8,(#10324,#10325,#10326,#10327,
    #10328,#10329,#10330,#10331,#10332,#10333,#10334,#10335,#10336,
    #10337,#10338,#10339),.UNSPECIFIED.,.F.,.F.,(9,7,9),(3.925513971502,
    6.164712945242,8.403911918981),.UNSPECIFIED.);
#10324 = CARTESIAN_POINT('',(-1.8047873597,-17.2095888719));
#10325 = CARTESIAN_POINT('',(-2.084687231417,-16.97778540544));
#10326 = CARTESIAN_POINT('',(-2.364587103137,-16.6716103171));
#10327 = CARTESIAN_POINT('',(-2.644486974851,-16.318752032));
#10328 = CARTESIAN_POINT('',(-2.924386846585,-15.95924626425));
#10329 = CARTESIAN_POINT('',(-3.204286718283,-15.63888038319));
#10330 = CARTESIAN_POINT('',(-3.484186590008,-15.39615232805));
#10331 = CARTESIAN_POINT('',(-3.764086461722,-15.2530627704));
#10332 = CARTESIAN_POINT('',(-4.323886205157,-15.17545452104));
#10333 = CARTESIAN_POINT('',(-4.603786076876,-15.24093562151));
#10334 = CARTESIAN_POINT('',(-4.883685948594,-15.41532193251));
#10335 = CARTESIAN_POINT('',(-5.163585820312,-15.68586886313));
#10336 = CARTESIAN_POINT('',(-5.443485692029,-16.02104833646));
#10337 = CARTESIAN_POINT('',(-5.723385563745,-16.37729508355));
#10338 = CARTESIAN_POINT('',(-6.003285435462,-16.71208285573));
#10339 = CARTESIAN_POINT('',(-6.28318530718,-16.99198272745));
#10340 = ( GEOMETRIC_REPRESENTATION_CONTEXT(2) 
PARAMETRIC_REPRESENTATION_CONTEXT() REPRESENTATION_CONTEXT('2D SPACE',''
  ) );
#10341 = PCURVE('',#10342,#10347);
#10342 = PLANE('',#10343);
#10343 = AXIS2_PLACEMENT_3D('',#10344,#10345,#10346);
#10344 = CARTESIAN_POINT('',(-40.,24.,3.899494936612));
#10345 = DIRECTION('',(0.894427191,0.4472135955,-0.));
#10346 = DIRECTION('',(0.4472135955,-0.894427191,0.));
#10347 = DEFINITIONAL_REPRESENTATION('',(#10348),#10352);
#10348 = ELLIPSE('',#10349,1.541356674427,1.);
#10349 = AXIS2_PLACEMENT_2D('',#10350,#10351);
#10350 = CARTESIAN_POINT('',(8.713672948878,-11.92482893229));
#10351 = DIRECTION('',(0.369553657117,0.929209392178));
#10352 = ( GEOMETRIC_REPRESENTATION_CONTEXT(2) 
PARAMETRIC_REPRESENTATION_CONTEXT() REPRESENTATION_CONTEXT('2D SPACE',''
  ) );
#10353 = ADVANCED_FACE('',(#10354),#3365,.T.);
#10354 = FACE_BOUND('',#10355,.F.);
#10355 = EDGE_LOOP('',(#10356,#10357,#10358,#10359));
#10356 = ORIENTED_EDGE('',*,*,#3348,.F.);
#10357 = ORIENTED_EDGE('',*,*,#3511,.F.);
#10358 = ORIENTED_EDGE('',*,*,#3641,.F.);
#10359 = ORIENTED_EDGE('',*,*,#9385,.T.);
#10360 = ADVANCED_FACE('',(#10361),#3444,.F.);
#10361 = FACE_BOUND('',#10362,.T.);
#10362 = EDGE_LOOP('',(#10363,#10364,#10385,#10386));
#10363 = ORIENTED_EDGE('',*,*,#3423,.T.);
#10364 = ORIENTED_EDGE('',*,*,#10365,.T.);
#10365 = EDGE_CURVE('',#3424,#3717,#10366,.T.);
#10366 = SEAM_CURVE('',#10367,(#10371,#10378),.PCURVE_S1.);
#10367 = LINE('',#10368,#10369);
#10368 = CARTESIAN_POINT('',(-42.,79.6,9.899494936612));
#10369 = VECTOR('',#10370,1.);
#10370 = DIRECTION('',(1.,0.,0.));
#10371 = PCURVE('',#3444,#10372);
#10372 = DEFINITIONAL_REPRESENTATION('',(#10373),#10377);
#10373 = LINE('',#10374,#10375);
#10374 = CARTESIAN_POINT('',(-6.28318530718,0.));
#10375 = VECTOR('',#10376,1.);
#10376 = DIRECTION('',(-0.,-1.));
#10377 = ( GEOMETRIC_REPRESENTATION_CONTEXT(2) 
PARAMETRIC_REPRESENTATION_CONTEXT() REPRESENTATION_CONTEXT('2D SPACE',''
  ) );
#10378 = PCURVE('',#3444,#10379);
#10379 = DEFINITIONAL_REPRESENTATION('',(#10380),#10384);
#10380 = LINE('',#10381,#10382);
#10381 = CARTESIAN_POINT('',(-0.,0.));
#10382 = VECTOR('',#10383,1.);
#10383 = DIRECTION('',(-0.,-1.));
#10384 = ( GEOMETRIC_REPRESENTATION_CONTEXT(2) 
PARAMETRIC_REPRESENTATION_CONTEXT() REPRESENTATION_CONTEXT('2D SPACE',''
  ) );
#10385 = ORIENTED_EDGE('',*,*,#3716,.F.);
#10386 = ORIENTED_EDGE('',*,*,#10365,.F.);
#10387 = ADVANCED_FACE('',(#10388),#3605,.F.);
#10388 = FACE_BOUND('',#10389,.F.);
#10389 = EDGE_LOOP('',(#10390,#10413,#10414,#10435,#10436,#10437,#10438,
    #10439,#10462,#10485));
#10390 = ORIENTED_EDGE('',*,*,#10391,.F.);
#10391 = EDGE_CURVE('',#9939,#10392,#10394,.T.);
#10392 = VERTEX_POINT('',#10393);
#10393 = CARTESIAN_POINT('',(-42.,31.330013786267,10.899494936612));
#10394 = SURFACE_CURVE('',#10395,(#10399,#10406),.PCURVE_S1.);
#10395 = LINE('',#10396,#10397);
#10396 = CARTESIAN_POINT('',(-42.,24.,10.899494936612));
#10397 = VECTOR('',#10398,1.);
#10398 = DIRECTION('',(0.,1.,0.));
#10399 = PCURVE('',#3605,#10400);
#10400 = DEFINITIONAL_REPRESENTATION('',(#10401),#10405);
#10401 = LINE('',#10402,#10403);
#10402 = CARTESIAN_POINT('',(0.,0.));
#10403 = VECTOR('',#10404,1.);
#10404 = DIRECTION('',(0.,1.));
#10405 = ( GEOMETRIC_REPRESENTATION_CONTEXT(2) 
PARAMETRIC_REPRESENTATION_CONTEXT() REPRESENTATION_CONTEXT('2D SPACE',''
  ) );
#10406 = PCURVE('',#9956,#10407);
#10407 = DEFINITIONAL_REPRESENTATION('',(#10408),#10412);
#10408 = LINE('',#10409,#10410);
#10409 = CARTESIAN_POINT('',(7.5,0.));
#10410 = VECTOR('',#10411,1.);
#10411 = DIRECTION('',(0.,-1.));
#10412 = ( GEOMETRIC_REPRESENTATION_CONTEXT(2) 
PARAMETRIC_REPRESENTATION_CONTEXT() REPRESENTATION_CONTEXT('2D SPACE',''
  ) );
#10413 = ORIENTED_EDGE('',*,*,#10095,.T.);
#10414 = ORIENTED_EDGE('',*,*,#10415,.T.);
#10415 = EDGE_CURVE('',#10073,#4024,#10416,.T.);
#10416 = SURFACE_CURVE('',#10417,(#10421,#10428),.PCURVE_S1.);
#10417 = LINE('',#10418,#10419);
#10418 = CARTESIAN_POINT('',(-40.,48.,10.899494936612));
#10419 = VECTOR('',#10420,1.);
#10420 = DIRECTION('',(0.,-1.,0.));
#10421 = PCURVE('',#3605,#10422);
#10422 = DEFINITIONAL_REPRESENTATION('',(#10423),#10427);
#10423 = LINE('',#10424,#10425);
#10424 = CARTESIAN_POINT('',(2.,24.));
#10425 = VECTOR('',#10426,1.);
#10426 = DIRECTION('',(0.,-1.));
#10427 = ( GEOMETRIC_REPRESENTATION_CONTEXT(2) 
PARAMETRIC_REPRESENTATION_CONTEXT() REPRESENTATION_CONTEXT('2D SPACE',''
  ) );
#10428 = PCURVE('',#4137,#10429);
#10429 = DEFINITIONAL_REPRESENTATION('',(#10430),#10434);
#10430 = LINE('',#10431,#10432);
#10431 = CARTESIAN_POINT('',(24.,-7.));
#10432 = VECTOR('',#10433,1.);
#10433 = DIRECTION('',(1.,0.));
#10434 = ( GEOMETRIC_REPRESENTATION_CONTEXT(2) 
PARAMETRIC_REPRESENTATION_CONTEXT() REPRESENTATION_CONTEXT('2D SPACE',''
  ) );
#10435 = ORIENTED_EDGE('',*,*,#4046,.T.);
#10436 = ORIENTED_EDGE('',*,*,#3883,.T.);
#10437 = ORIENTED_EDGE('',*,*,#3772,.F.);
#10438 = ORIENTED_EDGE('',*,*,#3589,.T.);
#10439 = ORIENTED_EDGE('',*,*,#10440,.T.);
#10440 = EDGE_CURVE('',#3562,#10441,#10443,.T.);
#10441 = VERTEX_POINT('',#10442);
#10442 = CARTESIAN_POINT('',(-40.90297865824,32.266147088155,
    10.899494936612));
#10443 = SURFACE_CURVE('',#10444,(#10448,#10455),.PCURVE_S1.);
#10444 = LINE('',#10445,#10446);
#10445 = CARTESIAN_POINT('',(-35.35949428231,27.614611392874,
    10.899494936612));
#10446 = VECTOR('',#10447,1.);
#10447 = DIRECTION('',(-0.766044443119,0.642787609687,0.));
#10448 = PCURVE('',#3605,#10449);
#10449 = DEFINITIONAL_REPRESENTATION('',(#10450),#10454);
#10450 = LINE('',#10451,#10452);
#10451 = CARTESIAN_POINT('',(6.640505717683,3.614611392874));
#10452 = VECTOR('',#10453,1.);
#10453 = DIRECTION('',(-0.766044443119,0.642787609687));
#10454 = ( GEOMETRIC_REPRESENTATION_CONTEXT(2) 
PARAMETRIC_REPRESENTATION_CONTEXT() REPRESENTATION_CONTEXT('2D SPACE',''
  ) );
#10455 = PCURVE('',#3577,#10456);
#10456 = DEFINITIONAL_REPRESENTATION('',(#10457),#10461);
#10457 = LINE('',#10458,#10459);
#10458 = CARTESIAN_POINT('',(15.414213562373,2.763495087359));
#10459 = VECTOR('',#10460,1.);
#10460 = DIRECTION('',(-8.283143846454E-17,1.));
#10461 = ( GEOMETRIC_REPRESENTATION_CONTEXT(2) 
PARAMETRIC_REPRESENTATION_CONTEXT() REPRESENTATION_CONTEXT('2D SPACE',''
  ) );
#10462 = ORIENTED_EDGE('',*,*,#10463,.F.);
#10463 = EDGE_CURVE('',#10464,#10441,#10466,.T.);
#10464 = VERTEX_POINT('',#10465);
#10465 = CARTESIAN_POINT('',(-41.81201761359,31.182796647316,
    10.899494936612));
#10466 = SURFACE_CURVE('',#10467,(#10471,#10478),.PCURVE_S1.);
#10467 = LINE('',#10468,#10469);
#10468 = CARTESIAN_POINT('',(-43.94066477197,28.645973748947,
    10.899494936612));
#10469 = VECTOR('',#10470,1.);
#10470 = DIRECTION('',(0.642787609687,0.766044443119,-0.));
#10471 = PCURVE('',#3605,#10472);
#10472 = DEFINITIONAL_REPRESENTATION('',(#10473),#10477);
#10473 = LINE('',#10474,#10475);
#10474 = CARTESIAN_POINT('',(-1.940664771977,4.645973748947));
#10475 = VECTOR('',#10476,1.);
#10476 = DIRECTION('',(0.642787609687,0.766044443119));
#10477 = ( GEOMETRIC_REPRESENTATION_CONTEXT(2) 
PARAMETRIC_REPRESENTATION_CONTEXT() REPRESENTATION_CONTEXT('2D SPACE',''
  ) );
#10478 = PCURVE('',#9474,#10479);
#10479 = DEFINITIONAL_REPRESENTATION('',(#10480),#10484);
#10480 = LINE('',#10481,#10482);
#10481 = CARTESIAN_POINT('',(3.341645697216,7.25678651568E-02));
#10482 = VECTOR('',#10483,1.);
#10483 = DIRECTION('',(-0.707106781187,0.707106781187));
#10484 = ( GEOMETRIC_REPRESENTATION_CONTEXT(2) 
PARAMETRIC_REPRESENTATION_CONTEXT() REPRESENTATION_CONTEXT('2D SPACE',''
  ) );
#10485 = ORIENTED_EDGE('',*,*,#10486,.T.);
#10486 = EDGE_CURVE('',#10464,#10392,#10487,.T.);
#10487 = SURFACE_CURVE('',#10488,(#10493,#10500),.PCURVE_S1.);
#10488 = ELLIPSE('',#10489,7.071067811865,5.);
#10489 = AXIS2_PLACEMENT_3D('',#10490,#10491,#10492);
#10490 = CARTESIAN_POINT('',(-46.35721239031,25.766044443119,
    10.899494936612));
#10491 = DIRECTION('',(0.,0.,1.));
#10492 = DIRECTION('',(-0.642787609687,-0.766044443119,0.));
#10493 = PCURVE('',#3605,#10494);
#10494 = DEFINITIONAL_REPRESENTATION('',(#10495),#10499);
#10495 = ELLIPSE('',#10496,7.071067811865,5.);
#10496 = AXIS2_PLACEMENT_2D('',#10497,#10498);
#10497 = CARTESIAN_POINT('',(-4.357212390313,1.766044443119));
#10498 = DIRECTION('',(-0.642787609687,-0.766044443119));
#10499 = ( GEOMETRIC_REPRESENTATION_CONTEXT(2) 
PARAMETRIC_REPRESENTATION_CONTEXT() REPRESENTATION_CONTEXT('2D SPACE',''
  ) );
#10500 = PCURVE('',#9507,#10501);
#10501 = DEFINITIONAL_REPRESENTATION('',(#10502),#10509);
#10502 = B_SPLINE_CURVE_WITH_KNOTS('',5,(#10503,#10504,#10505,#10506,
    #10507,#10508),.UNSPECIFIED.,.F.,.F.,(6,6),(3.14159265359,
    3.305957804946),.PIECEWISE_BEZIER_KNOTS.);
#10503 = CARTESIAN_POINT('',(-4.712388980385,-2.414213562373));
#10504 = CARTESIAN_POINT('',(-4.745262010656,-2.414213562373));
#10505 = CARTESIAN_POINT('',(-4.778135040927,-2.407459589617));
#10506 = CARTESIAN_POINT('',(-4.811008071199,-2.393951624468));
#10507 = CARTESIAN_POINT('',(-4.84388110147,-2.373720146041));
#10508 = CARTESIAN_POINT('',(-4.876754131741,-2.34682572202));
#10509 = ( GEOMETRIC_REPRESENTATION_CONTEXT(2) 
PARAMETRIC_REPRESENTATION_CONTEXT() REPRESENTATION_CONTEXT('2D SPACE',''
  ) );
#10510 = ADVANCED_FACE('',(#10511),#3577,.F.);
#10511 = FACE_BOUND('',#10512,.F.);
#10512 = EDGE_LOOP('',(#10513,#10514,#10515,#10536));
#10513 = ORIENTED_EDGE('',*,*,#3561,.F.);
#10514 = ORIENTED_EDGE('',*,*,#9435,.F.);
#10515 = ORIENTED_EDGE('',*,*,#10516,.F.);
#10516 = EDGE_CURVE('',#10441,#9436,#10517,.T.);
#10517 = SURFACE_CURVE('',#10518,(#10522,#10529),.PCURVE_S1.);
#10518 = LINE('',#10519,#10520);
#10519 = CARTESIAN_POINT('',(-42.45480522328,30.416752204197,
    8.485281374239));
#10520 = VECTOR('',#10521,1.);
#10521 = DIRECTION('',(0.454519477672,0.54167522042,0.707106781187));
#10522 = PCURVE('',#3577,#10523);
#10523 = DEFINITIONAL_REPRESENTATION('',(#10524),#10528);
#10524 = LINE('',#10525,#10526);
#10525 = CARTESIAN_POINT('',(12.,10.));
#10526 = VECTOR('',#10527,1.);
#10527 = DIRECTION('',(1.,-3.310849933905E-17));
#10528 = ( GEOMETRIC_REPRESENTATION_CONTEXT(2) 
PARAMETRIC_REPRESENTATION_CONTEXT() REPRESENTATION_CONTEXT('2D SPACE',''
  ) );
#10529 = PCURVE('',#9474,#10530);
#10530 = DEFINITIONAL_REPRESENTATION('',(#10531),#10535);
#10531 = LINE('',#10532,#10533);
#10532 = CARTESIAN_POINT('',(0.,0.));
#10533 = VECTOR('',#10534,1.);
#10534 = DIRECTION('',(-1.014653635757E-17,1.));
#10535 = ( GEOMETRIC_REPRESENTATION_CONTEXT(2) 
PARAMETRIC_REPRESENTATION_CONTEXT() REPRESENTATION_CONTEXT('2D SPACE',''
  ) );
#10536 = ORIENTED_EDGE('',*,*,#10440,.F.);
#10537 = ADVANCED_FACE('',(#10538),#3843,.F.);
#10538 = FACE_BOUND('',#10539,.T.);
#10539 = EDGE_LOOP('',(#10540,#10561,#10562,#10563));
#10540 = ORIENTED_EDGE('',*,*,#10541,.F.);
#10541 = EDGE_CURVE('',#3823,#6419,#10542,.T.);
#10542 = SEAM_CURVE('',#10543,(#10547,#10554),.PCURVE_S1.);
#10543 = LINE('',#10544,#10545);
#10544 = CARTESIAN_POINT('',(-25.9,73.,5.899494936612));
#10545 = VECTOR('',#10546,1.);
#10546 = DIRECTION('',(0.,-1.,0.));
#10547 = PCURVE('',#3843,#10548);
#10548 = DEFINITIONAL_REPRESENTATION('',(#10549),#10553);
#10549 = LINE('',#10550,#10551);
#10550 = CARTESIAN_POINT('',(-6.28318530718,0.));
#10551 = VECTOR('',#10552,1.);
#10552 = DIRECTION('',(-0.,-1.));
#10553 = ( GEOMETRIC_REPRESENTATION_CONTEXT(2) 
PARAMETRIC_REPRESENTATION_CONTEXT() REPRESENTATION_CONTEXT('2D SPACE',''
  ) );
#10554 = PCURVE('',#3843,#10555);
#10555 = DEFINITIONAL_REPRESENTATION('',(#10556),#10560);
#10556 = LINE('',#10557,#10558);
#10557 = CARTESIAN_POINT('',(-0.,0.));
#10558 = VECTOR('',#10559,1.);
#10559 = DIRECTION('',(-0.,-1.));
#10560 = ( GEOMETRIC_REPRESENTATION_CONTEXT(2) 
PARAMETRIC_REPRESENTATION_CONTEXT() REPRESENTATION_CONTEXT('2D SPACE',''
  ) );
#10561 = ORIENTED_EDGE('',*,*,#3822,.T.);
#10562 = ORIENTED_EDGE('',*,*,#10541,.T.);
#10563 = ORIENTED_EDGE('',*,*,#6418,.T.);
#10564 = ADVANCED_FACE('',(#10565),#3947,.T.);
#10565 = FACE_BOUND('',#10566,.F.);
#10566 = EDGE_LOOP('',(#10567,#10568,#10569,#10570));
#10567 = ORIENTED_EDGE('',*,*,#3930,.F.);
#10568 = ORIENTED_EDGE('',*,*,#4095,.F.);
#10569 = ORIENTED_EDGE('',*,*,#4196,.F.);
#10570 = ORIENTED_EDGE('',*,*,#9615,.T.);
#10571 = ADVANCED_FACE('',(#10572),#4006,.F.);
#10572 = FACE_BOUND('',#10573,.T.);
#10573 = EDGE_LOOP('',(#10574,#10575,#10596,#10597));
#10574 = ORIENTED_EDGE('',*,*,#3985,.T.);
#10575 = ORIENTED_EDGE('',*,*,#10576,.T.);
#10576 = EDGE_CURVE('',#3986,#4272,#10577,.T.);
#10577 = SEAM_CURVE('',#10578,(#10582,#10589),.PCURVE_S1.);
#10578 = LINE('',#10579,#10580);
#10579 = CARTESIAN_POINT('',(-42.,79.6,9.899494936612));
#10580 = VECTOR('',#10581,1.);
#10581 = DIRECTION('',(1.,0.,0.));
#10582 = PCURVE('',#4006,#10583);
#10583 = DEFINITIONAL_REPRESENTATION('',(#10584),#10588);
#10584 = LINE('',#10585,#10586);
#10585 = CARTESIAN_POINT('',(-6.28318530718,0.));
#10586 = VECTOR('',#10587,1.);
#10587 = DIRECTION('',(-0.,-1.));
#10588 = ( GEOMETRIC_REPRESENTATION_CONTEXT(2) 
PARAMETRIC_REPRESENTATION_CONTEXT() REPRESENTATION_CONTEXT('2D SPACE',''
  ) );
#10589 = PCURVE('',#4006,#10590);
#10590 = DEFINITIONAL_REPRESENTATION('',(#10591),#10595);
#10591 = LINE('',#10592,#10593);
#10592 = CARTESIAN_POINT('',(-0.,0.));
#10593 = VECTOR('',#10594,1.);
#10594 = DIRECTION('',(-0.,-1.));
#10595 = ( GEOMETRIC_REPRESENTATION_CONTEXT(2) 
PARAMETRIC_REPRESENTATION_CONTEXT() REPRESENTATION_CONTEXT('2D SPACE',''
  ) );
#10596 = ORIENTED_EDGE('',*,*,#4271,.F.);
#10597 = ORIENTED_EDGE('',*,*,#10576,.F.);
#10598 = ADVANCED_FACE('',(#10599),#4137,.F.);
#10599 = FACE_BOUND('',#10600,.F.);
#10600 = EDGE_LOOP('',(#10601,#10602,#10603));
#10601 = ORIENTED_EDGE('',*,*,#4121,.F.);
#10602 = ORIENTED_EDGE('',*,*,#10415,.F.);
#10603 = ORIENTED_EDGE('',*,*,#10072,.T.);
#10604 = ADVANCED_FACE('',(#10605),#4511,.T.);
#10605 = FACE_BOUND('',#10606,.F.);
#10606 = EDGE_LOOP('',(#10607,#10608,#10609,#10610));
#10607 = ORIENTED_EDGE('',*,*,#4494,.F.);
#10608 = ORIENTED_EDGE('',*,*,#4616,.F.);
#10609 = ORIENTED_EDGE('',*,*,#4640,.F.);
#10610 = ORIENTED_EDGE('',*,*,#9642,.T.);
#10611 = ADVANCED_FACE('',(#10612),#4570,.F.);
#10612 = FACE_BOUND('',#10613,.T.);
#10613 = EDGE_LOOP('',(#10614,#10615,#10636,#10637));
#10614 = ORIENTED_EDGE('',*,*,#4549,.T.);
#10615 = ORIENTED_EDGE('',*,*,#10616,.T.);
#10616 = EDGE_CURVE('',#4550,#4716,#10617,.T.);
#10617 = SEAM_CURVE('',#10618,(#10622,#10629),.PCURVE_S1.);
#10618 = LINE('',#10619,#10620);
#10619 = CARTESIAN_POINT('',(-24.,79.6,9.899494936612));
#10620 = VECTOR('',#10621,1.);
#10621 = DIRECTION('',(1.,0.,0.));
#10622 = PCURVE('',#4570,#10623);
#10623 = DEFINITIONAL_REPRESENTATION('',(#10624),#10628);
#10624 = LINE('',#10625,#10626);
#10625 = CARTESIAN_POINT('',(-6.28318530718,0.));
#10626 = VECTOR('',#10627,1.);
#10627 = DIRECTION('',(-0.,-1.));
#10628 = ( GEOMETRIC_REPRESENTATION_CONTEXT(2) 
PARAMETRIC_REPRESENTATION_CONTEXT() REPRESENTATION_CONTEXT('2D SPACE',''
  ) );
#10629 = PCURVE('',#4570,#10630);
#10630 = DEFINITIONAL_REPRESENTATION('',(#10631),#10635);
#10631 = LINE('',#10632,#10633);
#10632 = CARTESIAN_POINT('',(-0.,0.));
#10633 = VECTOR('',#10634,1.);
#10634 = DIRECTION('',(-0.,-1.));
#10635 = ( GEOMETRIC_REPRESENTATION_CONTEXT(2) 
PARAMETRIC_REPRESENTATION_CONTEXT() REPRESENTATION_CONTEXT('2D SPACE',''
  ) );
#10636 = ORIENTED_EDGE('',*,*,#4715,.F.);
#10637 = ORIENTED_EDGE('',*,*,#10616,.F.);
#10638 = ADVANCED_FACE('',(#10639),#4793,.F.);
#10639 = FACE_BOUND('',#10640,.T.);
#10640 = EDGE_LOOP('',(#10641,#10662,#10663,#10664));
#10641 = ORIENTED_EDGE('',*,*,#10642,.F.);
#10642 = EDGE_CURVE('',#4773,#7167,#10643,.T.);
#10643 = SEAM_CURVE('',#10644,(#10648,#10655),.PCURVE_S1.);
#10644 = LINE('',#10645,#10646);
#10645 = CARTESIAN_POINT('',(-7.9,73.,5.899494936612));
#10646 = VECTOR('',#10647,1.);
#10647 = DIRECTION('',(0.,-1.,0.));
#10648 = PCURVE('',#4793,#10649);
#10649 = DEFINITIONAL_REPRESENTATION('',(#10650),#10654);
#10650 = LINE('',#10651,#10652);
#10651 = CARTESIAN_POINT('',(-6.28318530718,0.));
#10652 = VECTOR('',#10653,1.);
#10653 = DIRECTION('',(-0.,-1.));
#10654 = ( GEOMETRIC_REPRESENTATION_CONTEXT(2) 
PARAMETRIC_REPRESENTATION_CONTEXT() REPRESENTATION_CONTEXT('2D SPACE',''
  ) );
#10655 = PCURVE('',#4793,#10656);
#10656 = DEFINITIONAL_REPRESENTATION('',(#10657),#10661);
#10657 = LINE('',#10658,#10659);
#10658 = CARTESIAN_POINT('',(-0.,0.));
#10659 = VECTOR('',#10660,1.);
#10660 = DIRECTION('',(-0.,-1.));
#10661 = ( GEOMETRIC_REPRESENTATION_CONTEXT(2) 
PARAMETRIC_REPRESENTATION_CONTEXT() REPRESENTATION_CONTEXT('2D SPACE',''
  ) );
#10662 = ORIENTED_EDGE('',*,*,#4772,.T.);
#10663 = ORIENTED_EDGE('',*,*,#10642,.T.);
#10664 = ORIENTED_EDGE('',*,*,#7166,.T.);
#10665 = ADVANCED_FACE('',(#10666),#4848,.T.);
#10666 = FACE_BOUND('',#10667,.F.);
#10667 = EDGE_LOOP('',(#10668,#10669,#10670,#10671));
#10668 = ORIENTED_EDGE('',*,*,#4831,.F.);
#10669 = ORIENTED_EDGE('',*,*,#4947,.F.);
#10670 = ORIENTED_EDGE('',*,*,#4971,.F.);
#10671 = ORIENTED_EDGE('',*,*,#9696,.T.);
#10672 = ADVANCED_FACE('',(#10673),#4907,.F.);
#10673 = FACE_BOUND('',#10674,.T.);
#10674 = EDGE_LOOP('',(#10675,#10676,#10697,#10698));
#10675 = ORIENTED_EDGE('',*,*,#4886,.T.);
#10676 = ORIENTED_EDGE('',*,*,#10677,.T.);
#10677 = EDGE_CURVE('',#4887,#5047,#10678,.T.);
#10678 = SEAM_CURVE('',#10679,(#10683,#10690),.PCURVE_S1.);
#10679 = LINE('',#10680,#10681);
#10680 = CARTESIAN_POINT('',(-24.,79.6,9.899494936612));
#10681 = VECTOR('',#10682,1.);
#10682 = DIRECTION('',(1.,0.,0.));
#10683 = PCURVE('',#4907,#10684);
#10684 = DEFINITIONAL_REPRESENTATION('',(#10685),#10689);
#10685 = LINE('',#10686,#10687);
#10686 = CARTESIAN_POINT('',(-6.28318530718,0.));
#10687 = VECTOR('',#10688,1.);
#10688 = DIRECTION('',(-0.,-1.));
#10689 = ( GEOMETRIC_REPRESENTATION_CONTEXT(2) 
PARAMETRIC_REPRESENTATION_CONTEXT() REPRESENTATION_CONTEXT('2D SPACE',''
  ) );
#10690 = PCURVE('',#4907,#10691);
#10691 = DEFINITIONAL_REPRESENTATION('',(#10692),#10696);
#10692 = LINE('',#10693,#10694);
#10693 = CARTESIAN_POINT('',(-0.,0.));
#10694 = VECTOR('',#10695,1.);
#10695 = DIRECTION('',(-0.,-1.));
#10696 = ( GEOMETRIC_REPRESENTATION_CONTEXT(2) 
PARAMETRIC_REPRESENTATION_CONTEXT() REPRESENTATION_CONTEXT('2D SPACE',''
  ) );
#10697 = ORIENTED_EDGE('',*,*,#5046,.F.);
#10698 = ORIENTED_EDGE('',*,*,#10677,.F.);
#10699 = ADVANCED_FACE('',(#10700),#5154,.T.);
#10700 = FACE_BOUND('',#10701,.F.);
#10701 = EDGE_LOOP('',(#10702,#10703,#10704,#10705));
#10702 = ORIENTED_EDGE('',*,*,#5462,.F.);
#10703 = ORIENTED_EDGE('',*,*,#5388,.F.);
#10704 = ORIENTED_EDGE('',*,*,#5131,.F.);
#10705 = ORIENTED_EDGE('',*,*,#9669,.T.);
#10706 = ADVANCED_FACE('',(#10707),#5234,.F.);
#10707 = FACE_BOUND('',#10708,.T.);
#10708 = EDGE_LOOP('',(#10709,#10710,#10731,#10732));
#10709 = ORIENTED_EDGE('',*,*,#5532,.T.);
#10710 = ORIENTED_EDGE('',*,*,#10711,.T.);
#10711 = EDGE_CURVE('',#5533,#5214,#10712,.T.);
#10712 = SEAM_CURVE('',#10713,(#10717,#10724),.PCURVE_S1.);
#10713 = LINE('',#10714,#10715);
#10714 = CARTESIAN_POINT('',(12.,79.6,9.899494936612));
#10715 = VECTOR('',#10716,1.);
#10716 = DIRECTION('',(1.,0.,0.));
#10717 = PCURVE('',#5234,#10718);
#10718 = DEFINITIONAL_REPRESENTATION('',(#10719),#10723);
#10719 = LINE('',#10720,#10721);
#10720 = CARTESIAN_POINT('',(-6.28318530718,0.));
#10721 = VECTOR('',#10722,1.);
#10722 = DIRECTION('',(-0.,-1.));
#10723 = ( GEOMETRIC_REPRESENTATION_CONTEXT(2) 
PARAMETRIC_REPRESENTATION_CONTEXT() REPRESENTATION_CONTEXT('2D SPACE',''
  ) );
#10724 = PCURVE('',#5234,#10725);
#10725 = DEFINITIONAL_REPRESENTATION('',(#10726),#10730);
#10726 = LINE('',#10727,#10728);
#10727 = CARTESIAN_POINT('',(-0.,0.));
#10728 = VECTOR('',#10729,1.);
#10729 = DIRECTION('',(-0.,-1.));
#10730 = ( GEOMETRIC_REPRESENTATION_CONTEXT(2) 
PARAMETRIC_REPRESENTATION_CONTEXT() REPRESENTATION_CONTEXT('2D SPACE',''
  ) );
#10731 = ORIENTED_EDGE('',*,*,#5213,.F.);
#10732 = ORIENTED_EDGE('',*,*,#10711,.F.);
#10733 = ADVANCED_FACE('',(#10734),#5289,.T.);
#10734 = FACE_BOUND('',#10735,.F.);
#10735 = EDGE_LOOP('',(#10736,#10737,#10738,#10739));
#10736 = ORIENTED_EDGE('',*,*,#5272,.F.);
#10737 = ORIENTED_EDGE('',*,*,#5437,.F.);
#10738 = ORIENTED_EDGE('',*,*,#5563,.F.);
#10739 = ORIENTED_EDGE('',*,*,#9750,.T.);
#10740 = ADVANCED_FACE('',(#10741),#5348,.F.);
#10741 = FACE_BOUND('',#10742,.T.);
#10742 = EDGE_LOOP('',(#10743,#10744,#10765,#10766));
#10743 = ORIENTED_EDGE('',*,*,#5327,.T.);
#10744 = ORIENTED_EDGE('',*,*,#10745,.T.);
#10745 = EDGE_CURVE('',#5328,#5639,#10746,.T.);
#10746 = SEAM_CURVE('',#10747,(#10751,#10758),.PCURVE_S1.);
#10747 = LINE('',#10748,#10749);
#10748 = CARTESIAN_POINT('',(-6.,79.6,9.899494936612));
#10749 = VECTOR('',#10750,1.);
#10750 = DIRECTION('',(1.,0.,0.));
#10751 = PCURVE('',#5348,#10752);
#10752 = DEFINITIONAL_REPRESENTATION('',(#10753),#10757);
#10753 = LINE('',#10754,#10755);
#10754 = CARTESIAN_POINT('',(-6.28318530718,0.));
#10755 = VECTOR('',#10756,1.);
#10756 = DIRECTION('',(-0.,-1.));
#10757 = ( GEOMETRIC_REPRESENTATION_CONTEXT(2) 
PARAMETRIC_REPRESENTATION_CONTEXT() REPRESENTATION_CONTEXT('2D SPACE',''
  ) );
#10758 = PCURVE('',#5348,#10759);
#10759 = DEFINITIONAL_REPRESENTATION('',(#10760),#10764);
#10760 = LINE('',#10761,#10762);
#10761 = CARTESIAN_POINT('',(-0.,0.));
#10762 = VECTOR('',#10763,1.);
#10763 = DIRECTION('',(-0.,-1.));
#10764 = ( GEOMETRIC_REPRESENTATION_CONTEXT(2) 
PARAMETRIC_REPRESENTATION_CONTEXT() REPRESENTATION_CONTEXT('2D SPACE',''
  ) );
#10765 = ORIENTED_EDGE('',*,*,#5638,.F.);
#10766 = ORIENTED_EDGE('',*,*,#10745,.F.);
#10767 = ADVANCED_FACE('',(#10768),#5716,.F.);
#10768 = FACE_BOUND('',#10769,.T.);
#10769 = EDGE_LOOP('',(#10770,#10791,#10792,#10793));
#10770 = ORIENTED_EDGE('',*,*,#10771,.F.);
#10771 = EDGE_CURVE('',#5696,#8663,#10772,.T.);
#10772 = SEAM_CURVE('',#10773,(#10777,#10784),.PCURVE_S1.);
#10773 = LINE('',#10774,#10775);
#10774 = CARTESIAN_POINT('',(28.1,73.,5.899494936612));
#10775 = VECTOR('',#10776,1.);
#10776 = DIRECTION('',(0.,-1.,0.));
#10777 = PCURVE('',#5716,#10778);
#10778 = DEFINITIONAL_REPRESENTATION('',(#10779),#10783);
#10779 = LINE('',#10780,#10781);
#10780 = CARTESIAN_POINT('',(-6.28318530718,0.));
#10781 = VECTOR('',#10782,1.);
#10782 = DIRECTION('',(-0.,-1.));
#10783 = ( GEOMETRIC_REPRESENTATION_CONTEXT(2) 
PARAMETRIC_REPRESENTATION_CONTEXT() REPRESENTATION_CONTEXT('2D SPACE',''
  ) );
#10784 = PCURVE('',#5716,#10785);
#10785 = DEFINITIONAL_REPRESENTATION('',(#10786),#10790);
#10786 = LINE('',#10787,#10788);
#10787 = CARTESIAN_POINT('',(-0.,0.));
#10788 = VECTOR('',#10789,1.);
#10789 = DIRECTION('',(-0.,-1.));
#10790 = ( GEOMETRIC_REPRESENTATION_CONTEXT(2) 
PARAMETRIC_REPRESENTATION_CONTEXT() REPRESENTATION_CONTEXT('2D SPACE',''
  ) );
#10791 = ORIENTED_EDGE('',*,*,#5695,.T.);
#10792 = ORIENTED_EDGE('',*,*,#10771,.T.);
#10793 = ORIENTED_EDGE('',*,*,#8662,.T.);
#10794 = ADVANCED_FACE('',(#10795),#5778,.F.);
#10795 = FACE_BOUND('',#10796,.T.);
#10796 = EDGE_LOOP('',(#10797,#10818,#10819,#10820));
#10797 = ORIENTED_EDGE('',*,*,#10798,.F.);
#10798 = EDGE_CURVE('',#5758,#7915,#10799,.T.);
#10799 = SEAM_CURVE('',#10800,(#10804,#10811),.PCURVE_S1.);
#10800 = LINE('',#10801,#10802);
#10801 = CARTESIAN_POINT('',(10.1,73.,5.899494936612));
#10802 = VECTOR('',#10803,1.);
#10803 = DIRECTION('',(0.,-1.,0.));
#10804 = PCURVE('',#5778,#10805);
#10805 = DEFINITIONAL_REPRESENTATION('',(#10806),#10810);
#10806 = LINE('',#10807,#10808);
#10807 = CARTESIAN_POINT('',(-6.28318530718,0.));
#10808 = VECTOR('',#10809,1.);
#10809 = DIRECTION('',(-0.,-1.));
#10810 = ( GEOMETRIC_REPRESENTATION_CONTEXT(2) 
PARAMETRIC_REPRESENTATION_CONTEXT() REPRESENTATION_CONTEXT('2D SPACE',''
  ) );
#10811 = PCURVE('',#5778,#10812);
#10812 = DEFINITIONAL_REPRESENTATION('',(#10813),#10817);
#10813 = LINE('',#10814,#10815);
#10814 = CARTESIAN_POINT('',(-0.,0.));
#10815 = VECTOR('',#10816,1.);
#10816 = DIRECTION('',(-0.,-1.));
#10817 = ( GEOMETRIC_REPRESENTATION_CONTEXT(2) 
PARAMETRIC_REPRESENTATION_CONTEXT() REPRESENTATION_CONTEXT('2D SPACE',''
  ) );
#10818 = ORIENTED_EDGE('',*,*,#5757,.T.);
#10819 = ORIENTED_EDGE('',*,*,#10798,.T.);
#10820 = ORIENTED_EDGE('',*,*,#7914,.T.);
#10821 = ADVANCED_FACE('',(#10822),#5816,.T.);
#10822 = FACE_BOUND('',#10823,.F.);
#10823 = EDGE_LOOP('',(#10824,#10825,#10826,#10827));
#10824 = ORIENTED_EDGE('',*,*,#6124,.F.);
#10825 = ORIENTED_EDGE('',*,*,#6050,.F.);
#10826 = ORIENTED_EDGE('',*,*,#5793,.F.);
#10827 = ORIENTED_EDGE('',*,*,#9723,.T.);
#10828 = ADVANCED_FACE('',(#10829),#5896,.F.);
#10829 = FACE_BOUND('',#10830,.T.);
#10830 = EDGE_LOOP('',(#10831,#10832,#10853,#10854));
#10831 = ORIENTED_EDGE('',*,*,#6194,.T.);
#10832 = ORIENTED_EDGE('',*,*,#10833,.T.);
#10833 = EDGE_CURVE('',#6195,#5876,#10834,.T.);
#10834 = SEAM_CURVE('',#10835,(#10839,#10846),.PCURVE_S1.);
#10835 = LINE('',#10836,#10837);
#10836 = CARTESIAN_POINT('',(12.,79.6,9.899494936612));
#10837 = VECTOR('',#10838,1.);
#10838 = DIRECTION('',(1.,0.,0.));
#10839 = PCURVE('',#5896,#10840);
#10840 = DEFINITIONAL_REPRESENTATION('',(#10841),#10845);
#10841 = LINE('',#10842,#10843);
#10842 = CARTESIAN_POINT('',(-6.28318530718,0.));
#10843 = VECTOR('',#10844,1.);
#10844 = DIRECTION('',(-0.,-1.));
#10845 = ( GEOMETRIC_REPRESENTATION_CONTEXT(2) 
PARAMETRIC_REPRESENTATION_CONTEXT() REPRESENTATION_CONTEXT('2D SPACE',''
  ) );
#10846 = PCURVE('',#5896,#10847);
#10847 = DEFINITIONAL_REPRESENTATION('',(#10848),#10852);
#10848 = LINE('',#10849,#10850);
#10849 = CARTESIAN_POINT('',(-0.,0.));
#10850 = VECTOR('',#10851,1.);
#10851 = DIRECTION('',(-0.,-1.));
#10852 = ( GEOMETRIC_REPRESENTATION_CONTEXT(2) 
PARAMETRIC_REPRESENTATION_CONTEXT() REPRESENTATION_CONTEXT('2D SPACE',''
  ) );
#10853 = ORIENTED_EDGE('',*,*,#5875,.F.);
#10854 = ORIENTED_EDGE('',*,*,#10833,.F.);
#10855 = ADVANCED_FACE('',(#10856),#5951,.T.);
#10856 = FACE_BOUND('',#10857,.F.);
#10857 = EDGE_LOOP('',(#10858,#10859,#10860,#10861));
#10858 = ORIENTED_EDGE('',*,*,#5934,.F.);
#10859 = ORIENTED_EDGE('',*,*,#6099,.F.);
#10860 = ORIENTED_EDGE('',*,*,#6225,.F.);
#10861 = ORIENTED_EDGE('',*,*,#9777,.T.);
#10862 = ADVANCED_FACE('',(#10863),#6010,.F.);
#10863 = FACE_BOUND('',#10864,.T.);
#10864 = EDGE_LOOP('',(#10865,#10866,#10887,#10888));
#10865 = ORIENTED_EDGE('',*,*,#5989,.T.);
#10866 = ORIENTED_EDGE('',*,*,#10867,.T.);
#10867 = EDGE_CURVE('',#5990,#6301,#10868,.T.);
#10868 = SEAM_CURVE('',#10869,(#10873,#10880),.PCURVE_S1.);
#10869 = LINE('',#10870,#10871);
#10870 = CARTESIAN_POINT('',(-6.,79.6,9.899494936612));
#10871 = VECTOR('',#10872,1.);
#10872 = DIRECTION('',(1.,0.,0.));
#10873 = PCURVE('',#6010,#10874);
#10874 = DEFINITIONAL_REPRESENTATION('',(#10875),#10879);
#10875 = LINE('',#10876,#10877);
#10876 = CARTESIAN_POINT('',(-6.28318530718,0.));
#10877 = VECTOR('',#10878,1.);
#10878 = DIRECTION('',(-0.,-1.));
#10879 = ( GEOMETRIC_REPRESENTATION_CONTEXT(2) 
PARAMETRIC_REPRESENTATION_CONTEXT() REPRESENTATION_CONTEXT('2D SPACE',''
  ) );
#10880 = PCURVE('',#6010,#10881);
#10881 = DEFINITIONAL_REPRESENTATION('',(#10882),#10886);
#10882 = LINE('',#10883,#10884);
#10883 = CARTESIAN_POINT('',(-0.,0.));
#10884 = VECTOR('',#10885,1.);
#10885 = DIRECTION('',(-0.,-1.));
#10886 = ( GEOMETRIC_REPRESENTATION_CONTEXT(2) 
PARAMETRIC_REPRESENTATION_CONTEXT() REPRESENTATION_CONTEXT('2D SPACE',''
  ) );
#10887 = ORIENTED_EDGE('',*,*,#6300,.F.);
#10888 = ORIENTED_EDGE('',*,*,#10867,.F.);
#10889 = ADVANCED_FACE('',(#10890),#7014,.F.);
#10890 = FACE_BOUND('',#10891,.T.);
#10891 = EDGE_LOOP('',(#10892,#10893,#10916,#10943));
#10892 = ORIENTED_EDGE('',*,*,#6776,.F.);
#10893 = ORIENTED_EDGE('',*,*,#10894,.T.);
#10894 = EDGE_CURVE('',#6777,#10895,#10897,.T.);
#10895 = VERTEX_POINT('',#10896);
#10896 = CARTESIAN_POINT('',(-25.9,8.,5.899494936612));
#10897 = SEAM_CURVE('',#10898,(#10902,#10909),.PCURVE_S1.);
#10898 = LINE('',#10899,#10900);
#10899 = CARTESIAN_POINT('',(-25.9,73.,5.899494936612));
#10900 = VECTOR('',#10901,1.);
#10901 = DIRECTION('',(0.,-1.,0.));
#10902 = PCURVE('',#7014,#10903);
#10903 = DEFINITIONAL_REPRESENTATION('',(#10904),#10908);
#10904 = LINE('',#10905,#10906);
#10905 = CARTESIAN_POINT('',(-6.28318530718,0.));
#10906 = VECTOR('',#10907,1.);
#10907 = DIRECTION('',(-0.,-1.));
#10908 = ( GEOMETRIC_REPRESENTATION_CONTEXT(2) 
PARAMETRIC_REPRESENTATION_CONTEXT() REPRESENTATION_CONTEXT('2D SPACE',''
  ) );
#10909 = PCURVE('',#7014,#10910);
#10910 = DEFINITIONAL_REPRESENTATION('',(#10911),#10915);
#10911 = LINE('',#10912,#10913);
#10912 = CARTESIAN_POINT('',(-0.,0.));
#10913 = VECTOR('',#10914,1.);
#10914 = DIRECTION('',(-0.,-1.));
#10915 = ( GEOMETRIC_REPRESENTATION_CONTEXT(2) 
PARAMETRIC_REPRESENTATION_CONTEXT() REPRESENTATION_CONTEXT('2D SPACE',''
  ) );
#10916 = ORIENTED_EDGE('',*,*,#10917,.T.);
#10917 = EDGE_CURVE('',#10895,#10895,#10918,.T.);
#10918 = SURFACE_CURVE('',#10919,(#10924,#10931),.PCURVE_S1.);
#10919 = CIRCLE('',#10920,1.1);
#10920 = AXIS2_PLACEMENT_3D('',#10921,#10922,#10923);
#10921 = CARTESIAN_POINT('',(-27.,8.,5.899494936612));
#10922 = DIRECTION('',(0.,-1.,0.));
#10923 = DIRECTION('',(1.,0.,0.));
#10924 = PCURVE('',#7014,#10925);
#10925 = DEFINITIONAL_REPRESENTATION('',(#10926),#10930);
#10926 = LINE('',#10927,#10928);
#10927 = CARTESIAN_POINT('',(-0.,-65.));
#10928 = VECTOR('',#10929,1.);
#10929 = DIRECTION('',(-1.,0.));
#10930 = ( GEOMETRIC_REPRESENTATION_CONTEXT(2) 
PARAMETRIC_REPRESENTATION_CONTEXT() REPRESENTATION_CONTEXT('2D SPACE',''
  ) );
#10931 = PCURVE('',#10932,#10937);
#10932 = PLANE('',#10933);
#10933 = AXIS2_PLACEMENT_3D('',#10934,#10935,#10936);
#10934 = CARTESIAN_POINT('',(-27.,8.,5.899494936612));
#10935 = DIRECTION('',(-0.,-1.,-0.));
#10936 = DIRECTION('',(0.,0.,-1.));
#10937 = DEFINITIONAL_REPRESENTATION('',(#10938),#10942);
#10938 = CIRCLE('',#10939,1.1);
#10939 = AXIS2_PLACEMENT_2D('',#10940,#10941);
#10940 = CARTESIAN_POINT('',(0.,0.));
#10941 = DIRECTION('',(0.,1.));
#10942 = ( GEOMETRIC_REPRESENTATION_CONTEXT(2) 
PARAMETRIC_REPRESENTATION_CONTEXT() REPRESENTATION_CONTEXT('2D SPACE',''
  ) );
#10943 = ORIENTED_EDGE('',*,*,#10894,.F.);
#10944 = ADVANCED_FACE('',(#10945),#7762,.F.);
#10945 = FACE_BOUND('',#10946,.T.);
#10946 = EDGE_LOOP('',(#10947,#10948,#10971,#10998));
#10947 = ORIENTED_EDGE('',*,*,#7524,.F.);
#10948 = ORIENTED_EDGE('',*,*,#10949,.T.);
#10949 = EDGE_CURVE('',#7525,#10950,#10952,.T.);
#10950 = VERTEX_POINT('',#10951);
#10951 = CARTESIAN_POINT('',(-7.9,8.,5.899494936612));
#10952 = SEAM_CURVE('',#10953,(#10957,#10964),.PCURVE_S1.);
#10953 = LINE('',#10954,#10955);
#10954 = CARTESIAN_POINT('',(-7.9,73.,5.899494936612));
#10955 = VECTOR('',#10956,1.);
#10956 = DIRECTION('',(0.,-1.,0.));
#10957 = PCURVE('',#7762,#10958);
#10958 = DEFINITIONAL_REPRESENTATION('',(#10959),#10963);
#10959 = LINE('',#10960,#10961);
#10960 = CARTESIAN_POINT('',(-6.28318530718,0.));
#10961 = VECTOR('',#10962,1.);
#10962 = DIRECTION('',(-0.,-1.));
#10963 = ( GEOMETRIC_REPRESENTATION_CONTEXT(2) 
PARAMETRIC_REPRESENTATION_CONTEXT() REPRESENTATION_CONTEXT('2D SPACE',''
  ) );
#10964 = PCURVE('',#7762,#10965);
#10965 = DEFINITIONAL_REPRESENTATION('',(#10966),#10970);
#10966 = LINE('',#10967,#10968);
#10967 = CARTESIAN_POINT('',(-0.,0.));
#10968 = VECTOR('',#10969,1.);
#10969 = DIRECTION('',(-0.,-1.));
#10970 = ( GEOMETRIC_REPRESENTATION_CONTEXT(2) 
PARAMETRIC_REPRESENTATION_CONTEXT() REPRESENTATION_CONTEXT('2D SPACE',''
  ) );
#10971 = ORIENTED_EDGE('',*,*,#10972,.T.);
#10972 = EDGE_CURVE('',#10950,#10950,#10973,.T.);
#10973 = SURFACE_CURVE('',#10974,(#10979,#10986),.PCURVE_S1.);
#10974 = CIRCLE('',#10975,1.1);
#10975 = AXIS2_PLACEMENT_3D('',#10976,#10977,#10978);
#10976 = CARTESIAN_POINT('',(-9.,8.,5.899494936612));
#10977 = DIRECTION('',(0.,-1.,0.));
#10978 = DIRECTION('',(1.,0.,0.));
#10979 = PCURVE('',#7762,#10980);
#10980 = DEFINITIONAL_REPRESENTATION('',(#10981),#10985);
#10981 = LINE('',#10982,#10983);
#10982 = CARTESIAN_POINT('',(-0.,-65.));
#10983 = VECTOR('',#10984,1.);
#10984 = DIRECTION('',(-1.,0.));
#10985 = ( GEOMETRIC_REPRESENTATION_CONTEXT(2) 
PARAMETRIC_REPRESENTATION_CONTEXT() REPRESENTATION_CONTEXT('2D SPACE',''
  ) );
#10986 = PCURVE('',#10987,#10992);
#10987 = PLANE('',#10988);
#10988 = AXIS2_PLACEMENT_3D('',#10989,#10990,#10991);
#10989 = CARTESIAN_POINT('',(-9.,8.,5.899494936612));
#10990 = DIRECTION('',(-0.,-1.,-0.));
#10991 = DIRECTION('',(0.,0.,-1.));
#10992 = DEFINITIONAL_REPRESENTATION('',(#10993),#10997);
#10993 = CIRCLE('',#10994,1.1);
#10994 = AXIS2_PLACEMENT_2D('',#10995,#10996);
#10995 = CARTESIAN_POINT('',(0.,0.));
#10996 = DIRECTION('',(0.,1.));
#10997 = ( GEOMETRIC_REPRESENTATION_CONTEXT(2) 
PARAMETRIC_REPRESENTATION_CONTEXT() REPRESENTATION_CONTEXT('2D SPACE',''
  ) );
#10998 = ORIENTED_EDGE('',*,*,#10949,.F.);
#10999 = ADVANCED_FACE('',(#11000),#8510,.F.);
#11000 = FACE_BOUND('',#11001,.T.);
#11001 = EDGE_LOOP('',(#11002,#11003,#11026,#11053));
#11002 = ORIENTED_EDGE('',*,*,#8272,.F.);
#11003 = ORIENTED_EDGE('',*,*,#11004,.T.);
#11004 = EDGE_CURVE('',#8273,#11005,#11007,.T.);
#11005 = VERTEX_POINT('',#11006);
#11006 = CARTESIAN_POINT('',(10.1,8.,5.899494936612));
#11007 = SEAM_CURVE('',#11008,(#11012,#11019),.PCURVE_S1.);
#11008 = LINE('',#11009,#11010);
#11009 = CARTESIAN_POINT('',(10.1,73.,5.899494936612));
#11010 = VECTOR('',#11011,1.);
#11011 = DIRECTION('',(0.,-1.,0.));
#11012 = PCURVE('',#8510,#11013);
#11013 = DEFINITIONAL_REPRESENTATION('',(#11014),#11018);
#11014 = LINE('',#11015,#11016);
#11015 = CARTESIAN_POINT('',(-6.28318530718,0.));
#11016 = VECTOR('',#11017,1.);
#11017 = DIRECTION('',(-0.,-1.));
#11018 = ( GEOMETRIC_REPRESENTATION_CONTEXT(2) 
PARAMETRIC_REPRESENTATION_CONTEXT() REPRESENTATION_CONTEXT('2D SPACE',''
  ) );
#11019 = PCURVE('',#8510,#11020);
#11020 = DEFINITIONAL_REPRESENTATION('',(#11021),#11025);
#11021 = LINE('',#11022,#11023);
#11022 = CARTESIAN_POINT('',(-0.,0.));
#11023 = VECTOR('',#11024,1.);
#11024 = DIRECTION('',(-0.,-1.));
#11025 = ( GEOMETRIC_REPRESENTATION_CONTEXT(2) 
PARAMETRIC_REPRESENTATION_CONTEXT() REPRESENTATION_CONTEXT('2D SPACE',''
  ) );
#11026 = ORIENTED_EDGE('',*,*,#11027,.T.);
#11027 = EDGE_CURVE('',#11005,#11005,#11028,.T.);
#11028 = SURFACE_CURVE('',#11029,(#11034,#11041),.PCURVE_S1.);
#11029 = CIRCLE('',#11030,1.1);
#11030 = AXIS2_PLACEMENT_3D('',#11031,#11032,#11033);
#11031 = CARTESIAN_POINT('',(9.,8.,5.899494936612));
#11032 = DIRECTION('',(0.,-1.,0.));
#11033 = DIRECTION('',(1.,0.,0.));
#11034 = PCURVE('',#8510,#11035);
#11035 = DEFINITIONAL_REPRESENTATION('',(#11036),#11040);
#11036 = LINE('',#11037,#11038);
#11037 = CARTESIAN_POINT('',(-0.,-65.));
#11038 = VECTOR('',#11039,1.);
#11039 = DIRECTION('',(-1.,0.));
#11040 = ( GEOMETRIC_REPRESENTATION_CONTEXT(2) 
PARAMETRIC_REPRESENTATION_CONTEXT() REPRESENTATION_CONTEXT('2D SPACE',''
  ) );
#11041 = PCURVE('',#11042,#11047);
#11042 = PLANE('',#11043);
#11043 = AXIS2_PLACEMENT_3D('',#11044,#11045,#11046);
#11044 = CARTESIAN_POINT('',(9.,8.,5.899494936612));
#11045 = DIRECTION('',(-0.,-1.,-0.));
#11046 = DIRECTION('',(0.,0.,-1.));
#11047 = DEFINITIONAL_REPRESENTATION('',(#11048),#11052);
#11048 = CIRCLE('',#11049,1.1);
#11049 = AXIS2_PLACEMENT_2D('',#11050,#11051);
#11050 = CARTESIAN_POINT('',(0.,0.));
#11051 = DIRECTION('',(0.,1.));
#11052 = ( GEOMETRIC_REPRESENTATION_CONTEXT(2) 
PARAMETRIC_REPRESENTATION_CONTEXT() REPRESENTATION_CONTEXT('2D SPACE',''
  ) );
#11053 = ORIENTED_EDGE('',*,*,#11004,.F.);
#11054 = ADVANCED_FACE('',(#11055),#9258,.F.);
#11055 = FACE_BOUND('',#11056,.T.);
#11056 = EDGE_LOOP('',(#11057,#11058,#11081,#11108));
#11057 = ORIENTED_EDGE('',*,*,#9020,.F.);
#11058 = ORIENTED_EDGE('',*,*,#11059,.T.);
#11059 = EDGE_CURVE('',#9021,#11060,#11062,.T.);
#11060 = VERTEX_POINT('',#11061);
#11061 = CARTESIAN_POINT('',(28.1,8.,5.899494936612));
#11062 = SEAM_CURVE('',#11063,(#11067,#11074),.PCURVE_S1.);
#11063 = LINE('',#11064,#11065);
#11064 = CARTESIAN_POINT('',(28.1,73.,5.899494936612));
#11065 = VECTOR('',#11066,1.);
#11066 = DIRECTION('',(0.,-1.,0.));
#11067 = PCURVE('',#9258,#11068);
#11068 = DEFINITIONAL_REPRESENTATION('',(#11069),#11073);
#11069 = LINE('',#11070,#11071);
#11070 = CARTESIAN_POINT('',(-6.28318530718,0.));
#11071 = VECTOR('',#11072,1.);
#11072 = DIRECTION('',(-0.,-1.));
#11073 = ( GEOMETRIC_REPRESENTATION_CONTEXT(2) 
PARAMETRIC_REPRESENTATION_CONTEXT() REPRESENTATION_CONTEXT('2D SPACE',''
  ) );
#11074 = PCURVE('',#9258,#11075);
#11075 = DEFINITIONAL_REPRESENTATION('',(#11076),#11080);
#11076 = LINE('',#11077,#11078);
#11077 = CARTESIAN_POINT('',(-0.,0.));
#11078 = VECTOR('',#11079,1.);
#11079 = DIRECTION('',(-0.,-1.));
#11080 = ( GEOMETRIC_REPRESENTATION_CONTEXT(2) 
PARAMETRIC_REPRESENTATION_CONTEXT() REPRESENTATION_CONTEXT('2D SPACE',''
  ) );
#11081 = ORIENTED_EDGE('',*,*,#11082,.T.);
#11082 = EDGE_CURVE('',#11060,#11060,#11083,.T.);
#11083 = SURFACE_CURVE('',#11084,(#11089,#11096),.PCURVE_S1.);
#11084 = CIRCLE('',#11085,1.1);
#11085 = AXIS2_PLACEMENT_3D('',#11086,#11087,#11088);
#11086 = CARTESIAN_POINT('',(27.,8.,5.899494936612));
#11087 = DIRECTION('',(0.,-1.,0.));
#11088 = DIRECTION('',(1.,0.,0.));
#11089 = PCURVE('',#9258,#11090);
#11090 = DEFINITIONAL_REPRESENTATION('',(#11091),#11095);
#11091 = LINE('',#11092,#11093);
#11092 = CARTESIAN_POINT('',(-0.,-65.));
#11093 = VECTOR('',#11094,1.);
#11094 = DIRECTION('',(-1.,0.));
#11095 = ( GEOMETRIC_REPRESENTATION_CONTEXT(2) 
PARAMETRIC_REPRESENTATION_CONTEXT() REPRESENTATION_CONTEXT('2D SPACE',''
  ) );
#11096 = PCURVE('',#11097,#11102);
#11097 = PLANE('',#11098);
#11098 = AXIS2_PLACEMENT_3D('',#11099,#11100,#11101);
#11099 = CARTESIAN_POINT('',(27.,8.,5.899494936612));
#11100 = DIRECTION('',(-0.,-1.,-0.));
#11101 = DIRECTION('',(0.,0.,-1.));
#11102 = DEFINITIONAL_REPRESENTATION('',(#11103),#11107);
#11103 = CIRCLE('',#11104,1.1);
#11104 = AXIS2_PLACEMENT_2D('',#11105,#11106);
#11105 = CARTESIAN_POINT('',(0.,0.));
#11106 = DIRECTION('',(0.,1.));
#11107 = ( GEOMETRIC_REPRESENTATION_CONTEXT(2) 
PARAMETRIC_REPRESENTATION_CONTEXT() REPRESENTATION_CONTEXT('2D SPACE',''
  ) );
#11108 = ORIENTED_EDGE('',*,*,#11059,.F.);
#11109 = ADVANCED_FACE('',(#11110),#9507,.T.);
#11110 = FACE_BOUND('',#11111,.F.);
#11111 = EDGE_LOOP('',(#11112,#11113,#11136,#11161,#11162,#11183,#11184)
  );
#11112 = ORIENTED_EDGE('',*,*,#10024,.F.);
#11113 = ORIENTED_EDGE('',*,*,#11114,.F.);
#11114 = EDGE_CURVE('',#11115,#9997,#11117,.T.);
#11115 = VERTEX_POINT('',#11116);
#11116 = CARTESIAN_POINT('',(-42.,30.958767962971,10.607046259048));
#11117 = SURFACE_CURVE('',#11118,(#11122,#11129),.PCURVE_S1.);
#11118 = LINE('',#11119,#11120);
#11119 = CARTESIAN_POINT('',(-42.90932470095,29.875076983777,
    9.192388155425));
#11120 = VECTOR('',#11121,1.);
#11121 = DIRECTION('',(-0.454519477672,-0.54167522042,-0.707106781187));
#11122 = PCURVE('',#9507,#11123);
#11123 = DEFINITIONAL_REPRESENTATION('',(#11124),#11128);
#11124 = LINE('',#11125,#11126);
#11125 = CARTESIAN_POINT('',(-4.712388980385,0.));
#11126 = VECTOR('',#11127,1.);
#11127 = DIRECTION('',(-0.,1.));
#11128 = ( GEOMETRIC_REPRESENTATION_CONTEXT(2) 
PARAMETRIC_REPRESENTATION_CONTEXT() REPRESENTATION_CONTEXT('2D SPACE',''
  ) );
#11129 = PCURVE('',#10012,#11130);
#11130 = DEFINITIONAL_REPRESENTATION('',(#11131),#11135);
#11131 = LINE('',#11132,#11133);
#11132 = CARTESIAN_POINT('',(1.,2.808784836763E-16));
#11133 = VECTOR('',#11134,1.);
#11134 = DIRECTION('',(1.014653635757E-17,-1.));
#11135 = ( GEOMETRIC_REPRESENTATION_CONTEXT(2) 
PARAMETRIC_REPRESENTATION_CONTEXT() REPRESENTATION_CONTEXT('2D SPACE',''
  ) );
#11136 = ORIENTED_EDGE('',*,*,#11137,.T.);
#11137 = EDGE_CURVE('',#11115,#10392,#11138,.T.);
#11138 = SURFACE_CURVE('',#11139,(#11144,#11154),.PCURVE_S1.);
#11139 = ELLIPSE('',#11140,11.000628676265,5.);
#11140 = AXIS2_PLACEMENT_3D('',#11141,#11142,#11143);
#11141 = CARTESIAN_POINT('',(-42.,30.958767962971,17.678114070914));
#11142 = DIRECTION('',(1.,0.,0.));
#11143 = DIRECTION('',(0.,-0.608120402411,-0.793844806099));
#11144 = PCURVE('',#9507,#11145);
#11145 = DEFINITIONAL_REPRESENTATION('',(#11146),#11153);
#11146 = B_SPLINE_CURVE_WITH_KNOTS('',5,(#11147,#11148,#11149,#11150,
    #11151,#11152),.UNSPECIFIED.,.F.,.F.,(6,6),(1.035293425234,
    1.195691648323),.PIECEWISE_BEZIER_KNOTS.);
#11147 = CARTESIAN_POINT('',(-4.712388980385,-2.000628676265));
#11148 = CARTESIAN_POINT('',(-4.744468625002,-2.270962894091));
#11149 = CARTESIAN_POINT('',(-4.77654826962,-2.547729007138));
#11150 = CARTESIAN_POINT('',(-4.808627914238,-2.83034744313));
#11151 = CARTESIAN_POINT('',(-4.840707558856,-3.118210981889));
#11152 = CARTESIAN_POINT('',(-4.872787203473,-3.410692538708));
#11153 = ( GEOMETRIC_REPRESENTATION_CONTEXT(2) 
PARAMETRIC_REPRESENTATION_CONTEXT() REPRESENTATION_CONTEXT('2D SPACE',''
  ) );
#11154 = PCURVE('',#9956,#11155);
#11155 = DEFINITIONAL_REPRESENTATION('',(#11156),#11160);
#11156 = ELLIPSE('',#11157,11.000628676265,5.);
#11157 = AXIS2_PLACEMENT_2D('',#11158,#11159);
#11158 = CARTESIAN_POINT('',(14.278619134302,-6.958767962971));
#11159 = DIRECTION('',(-0.793844806099,0.608120402411));
#11160 = ( GEOMETRIC_REPRESENTATION_CONTEXT(2) 
PARAMETRIC_REPRESENTATION_CONTEXT() REPRESENTATION_CONTEXT('2D SPACE',''
  ) );
#11161 = ORIENTED_EDGE('',*,*,#10486,.F.);
#11162 = ORIENTED_EDGE('',*,*,#11163,.F.);
#11163 = EDGE_CURVE('',#9459,#10464,#11164,.T.);
#11164 = SURFACE_CURVE('',#11165,(#11169,#11176),.PCURVE_S1.);
#11165 = LINE('',#11166,#11167);
#11166 = CARTESIAN_POINT('',(-42.90932470095,29.875076983777,
    9.192388155425));
#11167 = VECTOR('',#11168,1.);
#11168 = DIRECTION('',(-0.454519477672,-0.54167522042,-0.707106781187));
#11169 = PCURVE('',#9507,#11170);
#11170 = DEFINITIONAL_REPRESENTATION('',(#11171),#11175);
#11171 = LINE('',#11172,#11173);
#11172 = CARTESIAN_POINT('',(-4.712388980385,0.));
#11173 = VECTOR('',#11174,1.);
#11174 = DIRECTION('',(-0.,1.));
#11175 = ( GEOMETRIC_REPRESENTATION_CONTEXT(2) 
PARAMETRIC_REPRESENTATION_CONTEXT() REPRESENTATION_CONTEXT('2D SPACE',''
  ) );
#11176 = PCURVE('',#9474,#11177);
#11177 = DEFINITIONAL_REPRESENTATION('',(#11178),#11182);
#11178 = LINE('',#11179,#11180);
#11179 = CARTESIAN_POINT('',(1.,2.808784836763E-16));
#11180 = VECTOR('',#11181,1.);
#11181 = DIRECTION('',(1.014653635757E-17,-1.));
#11182 = ( GEOMETRIC_REPRESENTATION_CONTEXT(2) 
PARAMETRIC_REPRESENTATION_CONTEXT() REPRESENTATION_CONTEXT('2D SPACE',''
  ) );
#11183 = ORIENTED_EDGE('',*,*,#9486,.F.);
#11184 = ORIENTED_EDGE('',*,*,#10150,.T.);
#11185 = ADVANCED_FACE('',(#11186),#9474,.T.);
#11186 = FACE_BOUND('',#11187,.T.);
#11187 = EDGE_LOOP('',(#11188,#11189,#11190,#11191));
#11188 = ORIENTED_EDGE('',*,*,#9458,.F.);
#11189 = ORIENTED_EDGE('',*,*,#10516,.F.);
#11190 = ORIENTED_EDGE('',*,*,#10463,.F.);
#11191 = ORIENTED_EDGE('',*,*,#11163,.F.);
#11192 = ADVANCED_FACE('',(#11193),#9563,.F.);
#11193 = FACE_BOUND('',#11194,.T.);
#11194 = EDGE_LOOP('',(#11195,#11196,#11217,#11218));
#11195 = ORIENTED_EDGE('',*,*,#10118,.T.);
#11196 = ORIENTED_EDGE('',*,*,#11197,.T.);
#11197 = EDGE_CURVE('',#10119,#9543,#11198,.T.);
#11198 = SEAM_CURVE('',#11199,(#11203,#11210),.PCURVE_S1.);
#11199 = LINE('',#11200,#11201);
#11200 = CARTESIAN_POINT('',(-55.04346327407,17.903331869203,
    -0.707106781187));
#11201 = VECTOR('',#11202,1.);
#11202 = DIRECTION('',(0.454519477672,0.54167522042,0.707106781187));
#11203 = PCURVE('',#9563,#11204);
#11204 = DEFINITIONAL_REPRESENTATION('',(#11205),#11209);
#11205 = LINE('',#11206,#11207);
#11206 = CARTESIAN_POINT('',(-6.28318530718,0.));
#11207 = VECTOR('',#11208,1.);
#11208 = DIRECTION('',(-0.,-1.));
#11209 = ( GEOMETRIC_REPRESENTATION_CONTEXT(2) 
PARAMETRIC_REPRESENTATION_CONTEXT() REPRESENTATION_CONTEXT('2D SPACE',''
  ) );
#11210 = PCURVE('',#9563,#11211);
#11211 = DEFINITIONAL_REPRESENTATION('',(#11212),#11216);
#11212 = LINE('',#11213,#11214);
#11213 = CARTESIAN_POINT('',(-0.,0.));
#11214 = VECTOR('',#11215,1.);
#11215 = DIRECTION('',(-0.,-1.));
#11216 = ( GEOMETRIC_REPRESENTATION_CONTEXT(2) 
PARAMETRIC_REPRESENTATION_CONTEXT() REPRESENTATION_CONTEXT('2D SPACE',''
  ) );
#11217 = ORIENTED_EDGE('',*,*,#9542,.F.);
#11218 = ORIENTED_EDGE('',*,*,#11197,.F.);
#11219 = ADVANCED_FACE('',(#11220),#9956,.T.);
#11220 = FACE_BOUND('',#11221,.T.);
#11221 = EDGE_LOOP('',(#11222,#11223,#11224,#11247,#11268));
#11222 = ORIENTED_EDGE('',*,*,#10391,.F.);
#11223 = ORIENTED_EDGE('',*,*,#9938,.T.);
#11224 = ORIENTED_EDGE('',*,*,#11225,.T.);
#11225 = EDGE_CURVE('',#9941,#11226,#11228,.T.);
#11226 = VERTEX_POINT('',#11227);
#11227 = CARTESIAN_POINT('',(-42.,30.958767962971,9.192832696675));
#11228 = SURFACE_CURVE('',#11229,(#11233,#11240),.PCURVE_S1.);
#11229 = LINE('',#11230,#11231);
#11230 = CARTESIAN_POINT('',(-42.,20.904460339899,1.490786212612));
#11231 = VECTOR('',#11232,1.);
#11232 = DIRECTION('',(-0.,0.793844806099,0.608120402411));
#11233 = PCURVE('',#9956,#11234);
#11234 = DEFINITIONAL_REPRESENTATION('',(#11235),#11239);
#11235 = LINE('',#11236,#11237);
#11236 = CARTESIAN_POINT('',(-1.908708724,3.095539660101));
#11237 = VECTOR('',#11238,1.);
#11238 = DIRECTION('',(0.608120402411,-0.793844806099));
#11239 = ( GEOMETRIC_REPRESENTATION_CONTEXT(2) 
PARAMETRIC_REPRESENTATION_CONTEXT() REPRESENTATION_CONTEXT('2D SPACE',''
  ) );
#11240 = PCURVE('',#9984,#11241);
#11241 = DEFINITIONAL_REPRESENTATION('',(#11242),#11246);
#11242 = LINE('',#11243,#11244);
#11243 = CARTESIAN_POINT('',(2.108290080475,3.537215635912));
#11244 = VECTOR('',#11245,1.);
#11245 = DIRECTION('',(0.860012120646,0.510273605375));
#11246 = ( GEOMETRIC_REPRESENTATION_CONTEXT(2) 
PARAMETRIC_REPRESENTATION_CONTEXT() REPRESENTATION_CONTEXT('2D SPACE',''
  ) );
#11247 = ORIENTED_EDGE('',*,*,#11248,.F.);
#11248 = EDGE_CURVE('',#11115,#11226,#11249,.T.);
#11249 = SURFACE_CURVE('',#11250,(#11254,#11261),.PCURVE_S1.);
#11250 = LINE('',#11251,#11252);
#11251 = CARTESIAN_POINT('',(-42.,30.958767962971,5.942388155425));
#11252 = VECTOR('',#11253,1.);
#11253 = DIRECTION('',(0.,0.,-1.));
#11254 = PCURVE('',#9956,#11255);
#11255 = DEFINITIONAL_REPRESENTATION('',(#11256),#11260);
#11256 = LINE('',#11257,#11258);
#11257 = CARTESIAN_POINT('',(2.542893218813,-6.958767962971));
#11258 = VECTOR('',#11259,1.);
#11259 = DIRECTION('',(-1.,0.));
#11260 = ( GEOMETRIC_REPRESENTATION_CONTEXT(2) 
PARAMETRIC_REPRESENTATION_CONTEXT() REPRESENTATION_CONTEXT('2D SPACE',''
  ) );
#11261 = PCURVE('',#10012,#11262);
#11262 = DEFINITIONAL_REPRESENTATION('',(#11263),#11267);
#11263 = LINE('',#11264,#11265);
#11264 = CARTESIAN_POINT('',(-2.298411376989,-1.297782700724));
#11265 = VECTOR('',#11266,1.);
#11266 = DIRECTION('',(-0.707106781187,-0.707106781187));
#11267 = ( GEOMETRIC_REPRESENTATION_CONTEXT(2) 
PARAMETRIC_REPRESENTATION_CONTEXT() REPRESENTATION_CONTEXT('2D SPACE',''
  ) );
#11268 = ORIENTED_EDGE('',*,*,#11137,.T.);
#11269 = ADVANCED_FACE('',(#11270),#10012,.T.);
#11270 = FACE_BOUND('',#11271,.T.);
#11271 = EDGE_LOOP('',(#11272,#11273,#11294,#11295));
#11272 = ORIENTED_EDGE('',*,*,#11248,.T.);
#11273 = ORIENTED_EDGE('',*,*,#11274,.F.);
#11274 = EDGE_CURVE('',#9969,#11226,#11275,.T.);
#11275 = SURFACE_CURVE('',#11276,(#11280,#11287),.PCURVE_S1.);
#11276 = LINE('',#11277,#11278);
#11277 = CARTESIAN_POINT('',(-42.45480522328,30.416752204197,
    8.485281374239));
#11278 = VECTOR('',#11279,1.);
#11279 = DIRECTION('',(0.454519477672,0.54167522042,0.707106781187));
#11280 = PCURVE('',#10012,#11281);
#11281 = DEFINITIONAL_REPRESENTATION('',(#11282),#11286);
#11282 = LINE('',#11283,#11284);
#11283 = CARTESIAN_POINT('',(0.,0.));
#11284 = VECTOR('',#11285,1.);
#11285 = DIRECTION('',(-1.014653635757E-17,1.));
#11286 = ( GEOMETRIC_REPRESENTATION_CONTEXT(2) 
PARAMETRIC_REPRESENTATION_CONTEXT() REPRESENTATION_CONTEXT('2D SPACE',''
  ) );
#11287 = PCURVE('',#9984,#11288);
#11288 = DEFINITIONAL_REPRESENTATION('',(#11289),#11293);
#11289 = LINE('',#11290,#11291);
#11290 = CARTESIAN_POINT('',(12.,10.));
#11291 = VECTOR('',#11292,1.);
#11292 = DIRECTION('',(1.,-3.310849933905E-17));
#11293 = ( GEOMETRIC_REPRESENTATION_CONTEXT(2) 
PARAMETRIC_REPRESENTATION_CONTEXT() REPRESENTATION_CONTEXT('2D SPACE',''
  ) );
#11294 = ORIENTED_EDGE('',*,*,#9996,.T.);
#11295 = ORIENTED_EDGE('',*,*,#11114,.F.);
#11296 = ADVANCED_FACE('',(#11297),#9984,.F.);
#11297 = FACE_BOUND('',#11298,.F.);
#11298 = EDGE_LOOP('',(#11299,#11300,#11301));
#11299 = ORIENTED_EDGE('',*,*,#9968,.F.);
#11300 = ORIENTED_EDGE('',*,*,#11225,.T.);
#11301 = ORIENTED_EDGE('',*,*,#11274,.F.);
#11302 = ADVANCED_FACE('',(#11303),#10302,.T.);
#11303 = FACE_BOUND('',#11304,.T.);
#11304 = EDGE_LOOP('',(#11305,#11306));
#11305 = ORIENTED_EDGE('',*,*,#10263,.T.);
#11306 = ORIENTED_EDGE('',*,*,#11307,.T.);
#11307 = EDGE_CURVE('',#10266,#10264,#11308,.T.);
#11308 = SURFACE_CURVE('',#11309,(#11313,#11320),.PCURVE_S1.);
#11309 = LINE('',#11310,#11311);
#11310 = CARTESIAN_POINT('',(-40.,24.,15.899494936612));
#11311 = VECTOR('',#11312,1.);
#11312 = DIRECTION('',(0.4472135955,-0.894427191,0.));
#11313 = PCURVE('',#10302,#11314);
#11314 = DEFINITIONAL_REPRESENTATION('',(#11315),#11319);
#11315 = LINE('',#11316,#11317);
#11316 = CARTESIAN_POINT('',(-40.,-14.54852094471));
#11317 = VECTOR('',#11318,1.);
#11318 = DIRECTION('',(0.4472135955,-0.894427191));
#11319 = ( GEOMETRIC_REPRESENTATION_CONTEXT(2) 
PARAMETRIC_REPRESENTATION_CONTEXT() REPRESENTATION_CONTEXT('2D SPACE',''
  ) );
#11320 = PCURVE('',#10342,#11321);
#11321 = DEFINITIONAL_REPRESENTATION('',(#11322),#11326);
#11322 = LINE('',#11323,#11324);
#11323 = CARTESIAN_POINT('',(0.,-12.));
#11324 = VECTOR('',#11325,1.);
#11325 = DIRECTION('',(1.,0.));
#11326 = ( GEOMETRIC_REPRESENTATION_CONTEXT(2) 
PARAMETRIC_REPRESENTATION_CONTEXT() REPRESENTATION_CONTEXT('2D SPACE',''
  ) );
#11327 = ADVANCED_FACE('',(#11328),#10342,.F.);
#11328 = FACE_BOUND('',#11329,.F.);
#11329 = EDGE_LOOP('',(#11330,#11331));
#11330 = ORIENTED_EDGE('',*,*,#10314,.T.);
#11331 = ORIENTED_EDGE('',*,*,#11307,.T.);
#11332 = ADVANCED_FACE('',(#11333),#10932,.F.);
#11333 = FACE_BOUND('',#11334,.F.);
#11334 = EDGE_LOOP('',(#11335));
#11335 = ORIENTED_EDGE('',*,*,#10917,.T.);
#11336 = ADVANCED_FACE('',(#11337),#10987,.F.);
#11337 = FACE_BOUND('',#11338,.F.);
#11338 = EDGE_LOOP('',(#11339));
#11339 = ORIENTED_EDGE('',*,*,#10972,.T.);
#11340 = ADVANCED_FACE('',(#11341),#11042,.F.);
#11341 = FACE_BOUND('',#11342,.F.);
#11342 = EDGE_LOOP('',(#11343));
#11343 = ORIENTED_EDGE('',*,*,#11027,.T.);
#11344 = ADVANCED_FACE('',(#11345),#11097,.F.);
#11345 = FACE_BOUND('',#11346,.F.);
#11346 = EDGE_LOOP('',(#11347));
#11347 = ORIENTED_EDGE('',*,*,#11082,.T.);
#11348 = ( GEOMETRIC_REPRESENTATION_CONTEXT(3) 
GLOBAL_UNCERTAINTY_ASSIGNED_CONTEXT((#11352)) 
GLOBAL_UNIT_ASSIGNED_CONTEXT((#11349,#11350,#11351)) 
REPRESENTATION_CONTEXT('Context #1',
  '3D Context with UNIT and UNCERTAINTY') );
#11349 = ( LENGTH_UNIT() NAMED_UNIT(*) SI_UNIT(.MILLI.,.METRE.) );
#11350 = ( NAMED_UNIT(*) PLANE_ANGLE_UNIT() SI_UNIT($,.RADIAN.) );
#11351 = ( NAMED_UNIT(*) SI_UNIT($,.STERADIAN.) SOLID_ANGLE_UNIT() );
#11352 = UNCERTAINTY_MEASURE_WITH_UNIT(LENGTH_MEASURE(1.E-07),#11349,
  'distance_accuracy_value','confusion accuracy');
#11353 = PRODUCT_RELATED_PRODUCT_CATEGORY('part',$,(#7));
ENDSEC;
END-ISO-10303-21;
