ISO-10303-21;
HEADER;
FILE_DESCRIPTION(('Open CASCADE Model'),'2;1');
FILE_NAME('Open CASCADE Shape Model','2026-10-06T20:42:05',('Author'),(
    'Open CASCADE'),'Open CASCADE STEP processor 7.9','Open CASCADE 7.9'
  ,'Unknown');
FILE_SCHEMA(('AUTOMOTIVE_DESIGN { 1 0 10303 214 1 1 1 1 }'));
ENDSEC;
DATA;
#1 = APPLICATION_PROTOCOL_DEFINITION('international standard',
  'automotive_design',2000,#2);
#2 = APPLICATION_CONTEXT(
  'core data for automotive mechanical design processes');
#3 = SHAPE_DEFINITION_REPRESENTATION(#4,#10);
#4 = PRODUCT_DEFINITION_SHAPE('','',#5);
#5 = PRODUCT_DEFINITION('design','',#6,#9);
#6 = PRODUCT_DEFINITION_FORMATION('','',#7);
#7 = PRODUCT('Open CASCADE STEP translator 7.9 3',
  'Open CASCADE STEP translator 7.9 3','',(#8));
#8 = PRODUCT_CONTEXT('',#2,'mechanical');
#9 = PRODUCT_DEFINITION_CONTEXT('part definition',#2,'design');
#10 = ADVANCED_BREP_SHAPE_REPRESENTATION('',(#11,#15),#2193);
#11 = AXIS2_PLACEMENT_3D('',#12,#13,#14);
#12 = CARTESIAN_POINT('',(0.,0.,0.));
#13 = DIRECTION('',(0.,0.,1.));
#14 = DIRECTION('',(1.,0.,-0.));
#15 = MANIFOLD_SOLID_BREP('',#16);
#16 = CLOSED_SHELL('',(#17,#225,#731,#1070,#1105,#1584,#1611,#1638,#1674
    ,#1701,#1737,#1799,#1827,#2075,#2102,#2129,#2158,#2187));
#17 = ADVANCED_FACE('',(#18),#32,.F.);
#18 = FACE_BOUND('',#19,.F.);
#19 = EDGE_LOOP('',(#20,#55,#83,#111,#169));
#20 = ORIENTED_EDGE('',*,*,#21,.F.);
#21 = EDGE_CURVE('',#22,#24,#26,.T.);
#22 = VERTEX_POINT('',#23);
#23 = CARTESIAN_POINT('',(-24.,-75.5,2.0000001));
#24 = VERTEX_POINT('',#25);
#25 = CARTESIAN_POINT('',(-24.,-49.99999995256,2.0000001));
#26 = SURFACE_CURVE('',#27,(#31,#43),.PCURVE_S1.);
#27 = LINE('',#28,#29);
#28 = CARTESIAN_POINT('',(-24.,-78.5,2.0000001));
#29 = VECTOR('',#30,1.);
#30 = DIRECTION('',(0.,1.,0.));
#31 = PCURVE('',#32,#37);
#32 = PLANE('',#33);
#33 = AXIS2_PLACEMENT_3D('',#34,#35,#36);
#34 = CARTESIAN_POINT('',(-24.,-78.5,1.000000153795E-07));
#35 = DIRECTION('',(1.,0.,0.));
#36 = DIRECTION('',(0.,0.,1.));
#37 = DEFINITIONAL_REPRESENTATION('',(#38),#42);
#38 = LINE('',#39,#40);
#39 = CARTESIAN_POINT('',(2.,0.));
#40 = VECTOR('',#41,1.);
#41 = DIRECTION('',(0.,-1.));
#42 = ( GEOMETRIC_REPRESENTATION_CONTEXT(2) 
PARAMETRIC_REPRESENTATION_CONTEXT() REPRESENTATION_CONTEXT('2D SPACE',''
  ) );
#43 = PCURVE('',#44,#49);
#44 = PLANE('',#45);
#45 = AXIS2_PLACEMENT_3D('',#46,#47,#48);
#46 = CARTESIAN_POINT('',(-24.,-78.5,2.0000001));
#47 = DIRECTION('',(0.,0.,1.));
#48 = DIRECTION('',(1.,0.,0.));
#49 = DEFINITIONAL_REPRESENTATION('',(#50),#54);
#50 = LINE('',#51,#52);
#51 = CARTESIAN_POINT('',(0.,0.));
#52 = VECTOR('',#53,1.);
#53 = DIRECTION('',(0.,1.));
#54 = ( GEOMETRIC_REPRESENTATION_CONTEXT(2) 
PARAMETRIC_REPRESENTATION_CONTEXT() REPRESENTATION_CONTEXT('2D SPACE',''
  ) );
#55 = ORIENTED_EDGE('',*,*,#56,.F.);
#56 = EDGE_CURVE('',#57,#22,#59,.T.);
#57 = VERTEX_POINT('',#58);
#58 = CARTESIAN_POINT('',(-24.,-75.5,1.000000153795E-07));
#59 = SURFACE_CURVE('',#60,(#64,#71),.PCURVE_S1.);
#60 = LINE('',#61,#62);
#61 = CARTESIAN_POINT('',(-24.,-75.5,1.000000153795E-07));
#62 = VECTOR('',#63,1.);
#63 = DIRECTION('',(0.,0.,1.));
#64 = PCURVE('',#32,#65);
#65 = DEFINITIONAL_REPRESENTATION('',(#66),#70);
#66 = LINE('',#67,#68);
#67 = CARTESIAN_POINT('',(0.,-3.));
#68 = VECTOR('',#69,1.);
#69 = DIRECTION('',(1.,0.));
#70 = ( GEOMETRIC_REPRESENTATION_CONTEXT(2) 
PARAMETRIC_REPRESENTATION_CONTEXT() REPRESENTATION_CONTEXT('2D SPACE',''
  ) );
#71 = PCURVE('',#72,#77);
#72 = CYLINDRICAL_SURFACE('',#73,3.);
#73 = AXIS2_PLACEMENT_3D('',#74,#75,#76);
#74 = CARTESIAN_POINT('',(-21.,-75.5,1.000000153795E-07));
#75 = DIRECTION('',(0.,0.,1.));
#76 = DIRECTION('',(-1.,-0.,0.));
#77 = DEFINITIONAL_REPRESENTATION('',(#78),#82);
#78 = LINE('',#79,#80);
#79 = CARTESIAN_POINT('',(0.,0.));
#80 = VECTOR('',#81,1.);
#81 = DIRECTION('',(0.,1.));
#82 = ( GEOMETRIC_REPRESENTATION_CONTEXT(2) 
PARAMETRIC_REPRESENTATION_CONTEXT() REPRESENTATION_CONTEXT('2D SPACE',''
  ) );
#83 = ORIENTED_EDGE('',*,*,#84,.T.);
#84 = EDGE_CURVE('',#57,#85,#87,.T.);
#85 = VERTEX_POINT('',#86);
#86 = CARTESIAN_POINT('',(-24.,-71.83702940211,1.000000153795E-07));
#87 = SURFACE_CURVE('',#88,(#92,#99),.PCURVE_S1.);
#88 = LINE('',#89,#90);
#89 = CARTESIAN_POINT('',(-24.,-78.5,1.000000153795E-07));
#90 = VECTOR('',#91,1.);
#91 = DIRECTION('',(0.,1.,0.));
#92 = PCURVE('',#32,#93);
#93 = DEFINITIONAL_REPRESENTATION('',(#94),#98);
#94 = LINE('',#95,#96);
#95 = CARTESIAN_POINT('',(0.,0.));
#96 = VECTOR('',#97,1.);
#97 = DIRECTION('',(0.,-1.));
#98 = ( GEOMETRIC_REPRESENTATION_CONTEXT(2) 
PARAMETRIC_REPRESENTATION_CONTEXT() REPRESENTATION_CONTEXT('2D SPACE',''
  ) );
#99 = PCURVE('',#100,#105);
#100 = PLANE('',#101);
#101 = AXIS2_PLACEMENT_3D('',#102,#103,#104);
#102 = CARTESIAN_POINT('',(-24.,-78.5,1.000000153795E-07));
#103 = DIRECTION('',(0.,0.,1.));
#104 = DIRECTION('',(1.,0.,0.));
#105 = DEFINITIONAL_REPRESENTATION('',(#106),#110);
#106 = LINE('',#107,#108);
#107 = CARTESIAN_POINT('',(0.,0.));
#108 = VECTOR('',#109,1.);
#109 = DIRECTION('',(0.,1.));
#110 = ( GEOMETRIC_REPRESENTATION_CONTEXT(2) 
PARAMETRIC_REPRESENTATION_CONTEXT() REPRESENTATION_CONTEXT('2D SPACE',''
  ) );
#111 = ORIENTED_EDGE('',*,*,#112,.T.);
#112 = EDGE_CURVE('',#85,#113,#115,.T.);
#113 = VERTEX_POINT('',#114);
#114 = CARTESIAN_POINT('',(-24.,-70.,1.569229097864));
#115 = SURFACE_CURVE('',#116,(#122,#131),.PCURVE_S1.);
#116 = B_SPLINE_CURVE_WITH_KNOTS('',4,(#117,#118,#119,#120,#121),
  .UNSPECIFIED.,.F.,.F.,(5,5),(0.,1.),.PIECEWISE_BEZIER_KNOTS.);
#117 = CARTESIAN_POINT('',(-24.,-71.83702940211,1.000000153795E-07));
#118 = CARTESIAN_POINT('',(-24.,-71.37764723245,0.392160793419));
#119 = CARTESIAN_POINT('',(-24.,-70.9183478466,0.78441875855));
#120 = CARTESIAN_POINT('',(-24.,-70.45913187178,1.176774627688));
#121 = CARTESIAN_POINT('',(-24.,-70.,1.569229096556));
#122 = PCURVE('',#32,#123);
#123 = DEFINITIONAL_REPRESENTATION('',(#124),#130);
#124 = B_SPLINE_CURVE_WITH_KNOTS('',4,(#125,#126,#127,#128,#129),
  .UNSPECIFIED.,.F.,.F.,(5,5),(0.,1.),.PIECEWISE_BEZIER_KNOTS.);
#125 = CARTESIAN_POINT('',(0.,-6.662970597889));
#126 = CARTESIAN_POINT('',(0.392160693419,-7.122352767541));
#127 = CARTESIAN_POINT('',(0.78441865855,-7.581652153395));
#128 = CARTESIAN_POINT('',(1.176774527688,-8.040868128216));
#129 = CARTESIAN_POINT('',(1.569228996556,-8.5));
#130 = ( GEOMETRIC_REPRESENTATION_CONTEXT(2) 
PARAMETRIC_REPRESENTATION_CONTEXT() REPRESENTATION_CONTEXT('2D SPACE',''
  ) );
#131 = PCURVE('',#132,#161);
#132 = B_SPLINE_SURFACE_WITH_KNOTS('',13,1,(
    (#133,#134)
    ,(#135,#136)
    ,(#137,#138)
    ,(#139,#140)
    ,(#141,#142)
    ,(#143,#144)
    ,(#145,#146)
    ,(#147,#148)
    ,(#149,#150)
    ,(#151,#152)
    ,(#153,#154)
    ,(#155,#156)
    ,(#157,#158)
    ,(#159,#160
    )),.UNSPECIFIED.,.F.,.F.,.F.,(14,14),(2,2),(0.,4.712388980385),(0.,
    1.),.PIECEWISE_BEZIER_KNOTS.);
#133 = CARTESIAN_POINT('',(2.13162820728E-14,-80.,-13.9999999));
#134 = CARTESIAN_POINT('',(1.265654248073E-14,-70.,-5.9999999));
#135 = CARTESIAN_POINT('',(-16.67460716135,-80.00000000001,
    -13.99999989999));
#136 = CARTESIAN_POINT('',(-14.86214986121,-69.99999999999,
    -5.999999899995));
#137 = CARTESIAN_POINT('',(-33.34921528764,-79.99999999993,
    -7.167196035513));
#138 = CARTESIAN_POINT('',(-29.72430058243,-70.00000000004,
    -0.305996679601));
#139 = CARTESIAN_POINT('',(-47.21861300484,-80.00000000015,
    6.498402956638));
#140 = CARTESIAN_POINT('',(-42.08615506962,-69.99999999987,
    11.082002480554));
#141 = CARTESIAN_POINT('',(-55.47765865258,-79.99999999971,
    25.617448976773));
#142 = CARTESIAN_POINT('',(-49.44747836408,-70.00000000026,
    27.014540830595));
#143 = CARTESIAN_POINT('',(-56.01308755202,-80.0000000004,
    47.430991596168));
#144 = CARTESIAN_POINT('',(-49.92470847055,-69.99999999958,
    45.192493013554));
#145 = CARTESIAN_POINT('',(-48.09678193116,-79.99999999954,
    68.226698281614));
#146 = CARTESIAN_POINT('',(-42.86887085137,-70.00000000052,
    62.522248584576));
#147 = CARTESIAN_POINT('',(-32.80058575752,-80.00000000042,
    84.187946463099));
#148 = CARTESIAN_POINT('',(-29.23530469722,-69.99999999946,
    75.823288736019));
#149 = CARTESIAN_POINT('',(-12.87136685037,-79.99999999967,
    92.448439284618));
#150 = CARTESIAN_POINT('',(-11.47230523597,-70.00000000042,
    82.707032753767));
#151 = CARTESIAN_POINT('',(8.033278159679,-80.0000000002,91.889730867976
    ));
#152 = CARTESIAN_POINT('',(7.160095750873,-69.99999999972,
    82.241442406698));
#153 = CARTESIAN_POINT('',(26.35569726243,-79.9999999999,83.271596278937
    ));
#154 = CARTESIAN_POINT('',(23.490947560063,-70.00000000013,
    75.059663582423));
#155 = CARTESIAN_POINT('',(39.451896296518,-80.00000000003,
    68.799181269725));
#156 = CARTESIAN_POINT('',(35.163646699043,-69.99999999995,
    62.999317741447));
#157 = CARTESIAN_POINT('',(45.999999999999,-79.99999999999,
    51.399590181414));
#158 = CARTESIAN_POINT('',(41.000000000005,-70.00000000001,
    48.499658501177));
#159 = CARTESIAN_POINT('',(46.,-80.,34.0000001));
#160 = CARTESIAN_POINT('',(41.,-70.,34.0000001));
#161 = DEFINITIONAL_REPRESENTATION('',(#162),#168);
#162 = B_SPLINE_CURVE_WITH_KNOTS('',4,(#163,#164,#165,#166,#167),
  .UNSPECIFIED.,.F.,.F.,(5,5),(0.,1.),.PIECEWISE_BEZIER_KNOTS.);
#163 = CARTESIAN_POINT('',(0.609599776971,0.816297059058));
#164 = CARTESIAN_POINT('',(0.613426215897,0.862235276023));
#165 = CARTESIAN_POINT('',(0.617321505153,0.908165216253));
#166 = CARTESIAN_POINT('',(0.62128869293,0.954086812822));
#167 = CARTESIAN_POINT('',(0.625331227018,1.));
#168 = ( GEOMETRIC_REPRESENTATION_CONTEXT(2) 
PARAMETRIC_REPRESENTATION_CONTEXT() REPRESENTATION_CONTEXT('2D SPACE',''
  ) );
#169 = ORIENTED_EDGE('',*,*,#170,.T.);
#170 = EDGE_CURVE('',#113,#24,#171,.T.);
#171 = SURFACE_CURVE('',#172,(#178,#187),.PCURVE_S1.);
#172 = B_SPLINE_CURVE_WITH_KNOTS('',4,(#173,#174,#175,#176,#177),
  .UNSPECIFIED.,.F.,.F.,(5,5),(0.,1.),.PIECEWISE_BEZIER_KNOTS.);
#173 = CARTESIAN_POINT('',(-24.,-70.,1.569229096556));
#174 = CARTESIAN_POINT('',(-24.,-64.99990199748,1.672310932163));
#175 = CARTESIAN_POINT('',(-24.,-59.99986486254,1.778342727484));
#176 = CARTESIAN_POINT('',(-24.,-54.99989483725,1.887502465016));
#177 = CARTESIAN_POINT('',(-24.,-49.99999995256,2.0000001));
#178 = PCURVE('',#32,#179);
#179 = DEFINITIONAL_REPRESENTATION('',(#180),#186);
#180 = B_SPLINE_CURVE_WITH_KNOTS('',4,(#181,#182,#183,#184,#185),
  .UNSPECIFIED.,.F.,.F.,(5,5),(0.,1.),.PIECEWISE_BEZIER_KNOTS.);
#181 = CARTESIAN_POINT('',(1.569228996556,-8.5));
#182 = CARTESIAN_POINT('',(1.672310832163,-13.50009800251));
#183 = CARTESIAN_POINT('',(1.778342627484,-18.50013513746));
#184 = CARTESIAN_POINT('',(1.887502365016,-23.50010516274));
#185 = CARTESIAN_POINT('',(2.,-28.50000004743));
#186 = ( GEOMETRIC_REPRESENTATION_CONTEXT(2) 
PARAMETRIC_REPRESENTATION_CONTEXT() REPRESENTATION_CONTEXT('2D SPACE',''
  ) );
#187 = PCURVE('',#188,#217);
#188 = B_SPLINE_SURFACE_WITH_KNOTS('',13,1,(
    (#189,#190)
    ,(#191,#192)
    ,(#193,#194)
    ,(#195,#196)
    ,(#197,#198)
    ,(#199,#200)
    ,(#201,#202)
    ,(#203,#204)
    ,(#205,#206)
    ,(#207,#208)
    ,(#209,#210)
    ,(#211,#212)
    ,(#213,#214)
    ,(#215,#216
    )),.UNSPECIFIED.,.F.,.F.,.F.,(14,14),(2,2),(1.570796326795,
    6.28318530718),(0.,1.),.PIECEWISE_BEZIER_KNOTS.);
#189 = CARTESIAN_POINT('',(1.265654248073E-14,-70.,-5.9999999));
#190 = CARTESIAN_POINT('',(4.973799150321E-14,-30.,-5.9999999));
#191 = CARTESIAN_POINT('',(-14.86214986121,-69.99999999999,
    -5.999999899995));
#192 = CARTESIAN_POINT('',(-14.13716694115,-30.00000000001,
    -5.999999899997));
#193 = CARTESIAN_POINT('',(-29.72430058243,-70.00000000004,
    -0.305996679601));
#194 = CARTESIAN_POINT('',(-28.27433470039,-29.99999999993,
    -0.305996679587));
#195 = CARTESIAN_POINT('',(-42.08615506962,-69.99999999987,
    11.082002480554));
#196 = CARTESIAN_POINT('',(-40.03317189541,-30.00000000015,
    11.082002480514));
#197 = CARTESIAN_POINT('',(-49.44747836408,-70.00000000026,
    27.014540830595));
#198 = CARTESIAN_POINT('',(-47.03540624891,-29.99999999974,
    27.014540830682));
#199 = CARTESIAN_POINT('',(-49.92470847055,-69.99999999958,
    45.192493013554));
#200 = CARTESIAN_POINT('',(-47.48935683761,-30.00000000033,
    45.192493013409));
#201 = CARTESIAN_POINT('',(-42.86887085137,-70.00000000052,
    62.522248584576));
#202 = CARTESIAN_POINT('',(-40.77770641986,-29.99999999967,
    62.522248584764));
#203 = CARTESIAN_POINT('',(-29.23530469722,-69.99999999946,
    75.823288736019));
#204 = CARTESIAN_POINT('',(-27.80919227273,-30.00000000025,
    75.823288735823));
#205 = CARTESIAN_POINT('',(-11.47230523597,-70.00000000042,
    82.707032753767));
#206 = CARTESIAN_POINT('',(-10.91268059049,-29.99999999984,
    82.707032753928));
#207 = CARTESIAN_POINT('',(7.160095750873,-69.99999999972,
    82.241442406698));
#208 = CARTESIAN_POINT('',(6.810822787525,-30.00000000007,
    82.241442406593));
#209 = CARTESIAN_POINT('',(23.490947560063,-70.00000000013,
    75.059663582423));
#210 = CARTESIAN_POINT('',(22.345047679032,-29.99999999997,
    75.059663582476));
#211 = CARTESIAN_POINT('',(35.163646699043,-69.99999999995,
    62.999317741447));
#212 = CARTESIAN_POINT('',(33.448346860085,-30.,62.999317741427));
#213 = CARTESIAN_POINT('',(41.000000000005,-70.00000000001,
    48.499658501177));
#214 = CARTESIAN_POINT('',(39.000000000001,-29.99999999999,
    48.499658501181));
#215 = CARTESIAN_POINT('',(41.,-70.,34.0000001));
#216 = CARTESIAN_POINT('',(39.,-30.,34.0000001));
#217 = DEFINITIONAL_REPRESENTATION('',(#218),#224);
#218 = B_SPLINE_CURVE_WITH_KNOTS('',4,(#219,#220,#221,#222,#223),
  .UNSPECIFIED.,.F.,.F.,(5,5),(0.,1.),.PIECEWISE_BEZIER_KNOTS.);
#219 = CARTESIAN_POINT('',(2.196127553813,0.));
#220 = CARTESIAN_POINT('',(2.200530007196,0.125002450063));
#221 = CARTESIAN_POINT('',(2.205022653203,0.250003378437));
#222 = CARTESIAN_POINT('',(2.209610034241,0.375002629069));
#223 = CARTESIAN_POINT('',(2.214297435685,0.500000001186));
#224 = ( GEOMETRIC_REPRESENTATION_CONTEXT(2) 
PARAMETRIC_REPRESENTATION_CONTEXT() REPRESENTATION_CONTEXT('2D SPACE',''
  ) );
#225 = ADVANCED_FACE('',(#226,#591,#626,#661,#696),#44,.T.);
#226 = FACE_BOUND('',#227,.T.);
#227 = EDGE_LOOP('',(#228,#229,#253,#281,#314,#342,#395,#460,#488,#561)
  );
#228 = ORIENTED_EDGE('',*,*,#21,.F.);
#229 = ORIENTED_EDGE('',*,*,#230,.T.);
#230 = EDGE_CURVE('',#22,#231,#233,.T.);
#231 = VERTEX_POINT('',#232);
#232 = CARTESIAN_POINT('',(-21.,-78.5,2.0000001));
#233 = SURFACE_CURVE('',#234,(#239,#246),.PCURVE_S1.);
#234 = CIRCLE('',#235,3.);
#235 = AXIS2_PLACEMENT_3D('',#236,#237,#238);
#236 = CARTESIAN_POINT('',(-21.,-75.5,2.0000001));
#237 = DIRECTION('',(0.,0.,1.));
#238 = DIRECTION('',(0.,-1.,0.));
#239 = PCURVE('',#44,#240);
#240 = DEFINITIONAL_REPRESENTATION('',(#241),#245);
#241 = CIRCLE('',#242,3.);
#242 = AXIS2_PLACEMENT_2D('',#243,#244);
#243 = CARTESIAN_POINT('',(3.,3.));
#244 = DIRECTION('',(0.,-1.));
#245 = ( GEOMETRIC_REPRESENTATION_CONTEXT(2) 
PARAMETRIC_REPRESENTATION_CONTEXT() REPRESENTATION_CONTEXT('2D SPACE',''
  ) );
#246 = PCURVE('',#72,#247);
#247 = DEFINITIONAL_REPRESENTATION('',(#248),#252);
#248 = LINE('',#249,#250);
#249 = CARTESIAN_POINT('',(-4.712388980385,2.));
#250 = VECTOR('',#251,1.);
#251 = DIRECTION('',(1.,0.));
#252 = ( GEOMETRIC_REPRESENTATION_CONTEXT(2) 
PARAMETRIC_REPRESENTATION_CONTEXT() REPRESENTATION_CONTEXT('2D SPACE',''
  ) );
#253 = ORIENTED_EDGE('',*,*,#254,.T.);
#254 = EDGE_CURVE('',#231,#255,#257,.T.);
#255 = VERTEX_POINT('',#256);
#256 = CARTESIAN_POINT('',(21.,-78.5,2.0000001));
#257 = SURFACE_CURVE('',#258,(#262,#269),.PCURVE_S1.);
#258 = LINE('',#259,#260);
#259 = CARTESIAN_POINT('',(-24.,-78.5,2.0000001));
#260 = VECTOR('',#261,1.);
#261 = DIRECTION('',(1.,0.,0.));
#262 = PCURVE('',#44,#263);
#263 = DEFINITIONAL_REPRESENTATION('',(#264),#268);
#264 = LINE('',#265,#266);
#265 = CARTESIAN_POINT('',(0.,0.));
#266 = VECTOR('',#267,1.);
#267 = DIRECTION('',(1.,0.));
#268 = ( GEOMETRIC_REPRESENTATION_CONTEXT(2) 
PARAMETRIC_REPRESENTATION_CONTEXT() REPRESENTATION_CONTEXT('2D SPACE',''
  ) );
#269 = PCURVE('',#270,#275);
#270 = PLANE('',#271);
#271 = AXIS2_PLACEMENT_3D('',#272,#273,#274);
#272 = CARTESIAN_POINT('',(-24.,-78.5,1.000000153795E-07));
#273 = DIRECTION('',(0.,1.,0.));
#274 = DIRECTION('',(0.,0.,1.));
#275 = DEFINITIONAL_REPRESENTATION('',(#276),#280);
#276 = LINE('',#277,#278);
#277 = CARTESIAN_POINT('',(2.,0.));
#278 = VECTOR('',#279,1.);
#279 = DIRECTION('',(0.,1.));
#280 = ( GEOMETRIC_REPRESENTATION_CONTEXT(2) 
PARAMETRIC_REPRESENTATION_CONTEXT() REPRESENTATION_CONTEXT('2D SPACE',''
  ) );
#281 = ORIENTED_EDGE('',*,*,#282,.F.);
#282 = EDGE_CURVE('',#283,#255,#285,.T.);
#283 = VERTEX_POINT('',#284);
#284 = CARTESIAN_POINT('',(24.,-75.5,2.0000001));
#285 = SURFACE_CURVE('',#286,(#291,#302),.PCURVE_S1.);
#286 = CIRCLE('',#287,3.);
#287 = AXIS2_PLACEMENT_3D('',#288,#289,#290);
#288 = CARTESIAN_POINT('',(21.,-75.5,2.0000001));
#289 = DIRECTION('',(-0.,-0.,-1.));
#290 = DIRECTION('',(0.,-1.,0.));
#291 = PCURVE('',#44,#292);
#292 = DEFINITIONAL_REPRESENTATION('',(#293),#301);
#293 = ( BOUNDED_CURVE() B_SPLINE_CURVE(2,(#294,#295,#296,#297,#298,#299
,#300),.UNSPECIFIED.,.T.,.F.) B_SPLINE_CURVE_WITH_KNOTS((1,2,2,2,2,1),(
    -2.094395102393,0.,2.094395102393,4.188790204786,6.28318530718,
8.377580409573),.UNSPECIFIED.) CURVE() GEOMETRIC_REPRESENTATION_ITEM() 
RATIONAL_B_SPLINE_CURVE((1.,0.5,1.,0.5,1.,0.5,1.)) REPRESENTATION_ITEM(
  '') );
#294 = CARTESIAN_POINT('',(45.,0.));
#295 = CARTESIAN_POINT('',(39.803847577293,0.));
#296 = CARTESIAN_POINT('',(42.401923788647,4.5));
#297 = CARTESIAN_POINT('',(45.,9.));
#298 = CARTESIAN_POINT('',(47.598076211353,4.5));
#299 = CARTESIAN_POINT('',(50.196152422707,4.440892098501E-15));
#300 = CARTESIAN_POINT('',(45.,0.));
#301 = ( GEOMETRIC_REPRESENTATION_CONTEXT(2) 
PARAMETRIC_REPRESENTATION_CONTEXT() REPRESENTATION_CONTEXT('2D SPACE',''
  ) );
#302 = PCURVE('',#303,#308);
#303 = CYLINDRICAL_SURFACE('',#304,3.);
#304 = AXIS2_PLACEMENT_3D('',#305,#306,#307);
#305 = CARTESIAN_POINT('',(21.,-75.5,1.000000153795E-07));
#306 = DIRECTION('',(0.,0.,1.));
#307 = DIRECTION('',(1.,0.,-0.));
#308 = DEFINITIONAL_REPRESENTATION('',(#309),#313);
#309 = LINE('',#310,#311);
#310 = CARTESIAN_POINT('',(4.712388980385,2.));
#311 = VECTOR('',#312,1.);
#312 = DIRECTION('',(-1.,0.));
#313 = ( GEOMETRIC_REPRESENTATION_CONTEXT(2) 
PARAMETRIC_REPRESENTATION_CONTEXT() REPRESENTATION_CONTEXT('2D SPACE',''
  ) );
#314 = ORIENTED_EDGE('',*,*,#315,.T.);
#315 = EDGE_CURVE('',#283,#316,#318,.T.);
#316 = VERTEX_POINT('',#317);
#317 = CARTESIAN_POINT('',(24.,-49.99999996843,2.0000001));
#318 = SURFACE_CURVE('',#319,(#323,#330),.PCURVE_S1.);
#319 = LINE('',#320,#321);
#320 = CARTESIAN_POINT('',(24.,-78.5,2.0000001));
#321 = VECTOR('',#322,1.);
#322 = DIRECTION('',(0.,1.,0.));
#323 = PCURVE('',#44,#324);
#324 = DEFINITIONAL_REPRESENTATION('',(#325),#329);
#325 = LINE('',#326,#327);
#326 = CARTESIAN_POINT('',(48.,0.));
#327 = VECTOR('',#328,1.);
#328 = DIRECTION('',(0.,1.));
#329 = ( GEOMETRIC_REPRESENTATION_CONTEXT(2) 
PARAMETRIC_REPRESENTATION_CONTEXT() REPRESENTATION_CONTEXT('2D SPACE',''
  ) );
#330 = PCURVE('',#331,#336);
#331 = PLANE('',#332);
#332 = AXIS2_PLACEMENT_3D('',#333,#334,#335);
#333 = CARTESIAN_POINT('',(24.,-78.5,1.000000153795E-07));
#334 = DIRECTION('',(1.,0.,0.));
#335 = DIRECTION('',(0.,0.,1.));
#336 = DEFINITIONAL_REPRESENTATION('',(#337),#341);
#337 = LINE('',#338,#339);
#338 = CARTESIAN_POINT('',(2.,0.));
#339 = VECTOR('',#340,1.);
#340 = DIRECTION('',(0.,-1.));
#341 = ( GEOMETRIC_REPRESENTATION_CONTEXT(2) 
PARAMETRIC_REPRESENTATION_CONTEXT() REPRESENTATION_CONTEXT('2D SPACE',''
  ) );
#342 = ORIENTED_EDGE('',*,*,#343,.T.);
#343 = EDGE_CURVE('',#316,#344,#346,.T.);
#344 = VERTEX_POINT('',#345);
#345 = CARTESIAN_POINT('',(23.4,-30.,2.0000001));
#346 = SURFACE_CURVE('',#347,(#354,#364),.PCURVE_S1.);
#347 = B_SPLINE_CURVE_WITH_KNOTS('',5,(#348,#349,#350,#351,#352,#353),
  .UNSPECIFIED.,.F.,.F.,(6,6),(0.,1.),.PIECEWISE_BEZIER_KNOTS.);
#348 = CARTESIAN_POINT('',(24.,-49.99999996843,2.0000001));
#349 = CARTESIAN_POINT('',(23.877849373407,-45.9283124155,2.0000001));
#350 = CARTESIAN_POINT('',(23.761606458136,-42.05354857328,2.0000001));
#351 = CARTESIAN_POINT('',(23.638966479954,-37.96554930069,2.0000001));
#352 = CARTESIAN_POINT('',(23.512554384919,-33.75181279972,2.0000001));
#353 = CARTESIAN_POINT('',(23.400000000923,-30.,2.0000001));
#354 = PCURVE('',#44,#355);
#355 = DEFINITIONAL_REPRESENTATION('',(#356),#363);
#356 = B_SPLINE_CURVE_WITH_KNOTS('',5,(#357,#358,#359,#360,#361,#362),
  .UNSPECIFIED.,.F.,.F.,(6,6),(0.,1.),.PIECEWISE_BEZIER_KNOTS.);
#357 = CARTESIAN_POINT('',(48.,28.500000031564));
#358 = CARTESIAN_POINT('',(47.877849373407,32.571687584494));
#359 = CARTESIAN_POINT('',(47.761606458136,36.446451426714));
#360 = CARTESIAN_POINT('',(47.638966479954,40.534450699304));
#361 = CARTESIAN_POINT('',(47.512554384919,44.748187200278));
#362 = CARTESIAN_POINT('',(47.400000000923,48.5));
#363 = ( GEOMETRIC_REPRESENTATION_CONTEXT(2) 
PARAMETRIC_REPRESENTATION_CONTEXT() REPRESENTATION_CONTEXT('2D SPACE',''
  ) );
#364 = PCURVE('',#365,#386);
#365 = B_SPLINE_SURFACE_WITH_KNOTS('',9,1,(
    (#366,#367)
    ,(#368,#369)
    ,(#370,#371)
    ,(#372,#373)
    ,(#374,#375)
    ,(#376,#377)
    ,(#378,#379)
    ,(#380,#381)
    ,(#382,#383)
    ,(#384,#385
    )),.UNSPECIFIED.,.F.,.F.,.F.,(10,10),(2,2),(0.,1.570796326795),(0.,
    1.),.PIECEWISE_BEZIER_KNOTS.);
#366 = CARTESIAN_POINT('',(41.,-70.,34.0000001));
#367 = CARTESIAN_POINT('',(39.,-30.,34.0000001));
#368 = CARTESIAN_POINT('',(41.,-70.,27.018683092023));
#369 = CARTESIAN_POINT('',(39.,-30.,27.018683092023));
#370 = CARTESIAN_POINT('',(39.594952264824,-69.99999999999,20.037365984)
  );
#371 = CARTESIAN_POINT('',(37.663491178735,-29.99999999999,20.037365984)
  );
#372 = CARTESIAN_POINT('',(36.784855811469,-70.00000000001,
    13.363651573571));
#373 = CARTESIAN_POINT('',(34.990472601154,-30.00000000001,
    13.36365157357));
#374 = CARTESIAN_POINT('',(32.652258115837,-69.99999999998,
    7.305138304751));
#375 = CARTESIAN_POINT('',(31.059465037015,-29.99999999998,
    7.305138304752));
#376 = CARTESIAN_POINT('',(27.362233340122,-70.00000000001,
    2.144138523583));
#377 = CARTESIAN_POINT('',(26.027490250359,-30.00000000002,
    2.144138523582));
#378 = CARTESIAN_POINT('',(21.152257239596,-69.99999999999,
    -1.887664106318));
#379 = CARTESIAN_POINT('',(20.120439813274,-29.99999999998,
    -1.887664106317));
#380 = CARTESIAN_POINT('',(14.311699968898,-70.,-4.629221621776));
#381 = CARTESIAN_POINT('',(13.613568263098,-30.,-4.629221621777));
#382 = CARTESIAN_POINT('',(7.155849933177,-69.99999999999,-5.9999999));
#383 = CARTESIAN_POINT('',(6.806784082778,-29.99999999999,-5.9999999));
#384 = CARTESIAN_POINT('',(3.552713678801E-15,-70.,-5.9999999));
#385 = CARTESIAN_POINT('',(1.7763568394E-14,-30.,-5.9999999));
#386 = DEFINITIONAL_REPRESENTATION('',(#387),#394);
#387 = B_SPLINE_CURVE_WITH_KNOTS('',5,(#388,#389,#390,#391,#392,#393),
  .UNSPECIFIED.,.F.,.F.,(6,6),(0.,1.),.PIECEWISE_BEZIER_KNOTS.);
#388 = CARTESIAN_POINT('',(0.927295217987,0.5));
#389 = CARTESIAN_POINT('',(0.927295217987,0.601792188823));
#390 = CARTESIAN_POINT('',(0.927295217987,0.69866128768));
#391 = CARTESIAN_POINT('',(0.927295217987,0.800861266336));
#392 = CARTESIAN_POINT('',(0.927295217987,0.906204680007));
#393 = CARTESIAN_POINT('',(0.927295217987,1.));
#394 = ( GEOMETRIC_REPRESENTATION_CONTEXT(2) 
PARAMETRIC_REPRESENTATION_CONTEXT() REPRESENTATION_CONTEXT('2D SPACE',''
  ) );
#395 = ORIENTED_EDGE('',*,*,#396,.T.);
#396 = EDGE_CURVE('',#344,#397,#399,.T.);
#397 = VERTEX_POINT('',#398);
#398 = CARTESIAN_POINT('',(16.019880777621,-25.5,2.0000001));
#399 = SURFACE_CURVE('',#400,(#411,#425),.PCURVE_S1.);
#400 = B_SPLINE_CURVE_WITH_KNOTS('',5,(#401,#402,#403,#404,#405,#406,
    #407,#408,#409,#410),.UNSPECIFIED.,.F.,.F.,(6,4,6),(0.,
    0.455804035245,1.),.UNSPECIFIED.);
#401 = CARTESIAN_POINT('',(23.400000000923,-30.,2.0000001));
#402 = CARTESIAN_POINT('',(22.773339092987,-29.52041256971,2.0000001));
#403 = CARTESIAN_POINT('',(22.135925954294,-29.05471337381,2.0000001));
#404 = CARTESIAN_POINT('',(21.487706752771,-28.60383744339,2.0000001));
#405 = CARTESIAN_POINT('',(20.828760812288,-28.16869646686,2.0000001));
#406 = CARTESIAN_POINT('',(19.36012030421,-27.25035124306,2.0000001));
#407 = CARTESIAN_POINT('',(18.545960179287,-26.77418238894,2.0000001));
#408 = CARTESIAN_POINT('',(17.717325902064,-26.32301607797,2.0000001));
#409 = CARTESIAN_POINT('',(16.874952284447,-25.89800628645,2.0000001));
#410 = CARTESIAN_POINT('',(16.019880777621,-25.5,2.0000001));
#411 = PCURVE('',#44,#412);
#412 = DEFINITIONAL_REPRESENTATION('',(#413),#424);
#413 = B_SPLINE_CURVE_WITH_KNOTS('',5,(#414,#415,#416,#417,#418,#419,
    #420,#421,#422,#423),.UNSPECIFIED.,.F.,.F.,(6,4,6),(0.,
    0.455804035245,1.),.UNSPECIFIED.);
#414 = CARTESIAN_POINT('',(47.400000000923,48.5));
#415 = CARTESIAN_POINT('',(46.773339092987,48.979587430289));
#416 = CARTESIAN_POINT('',(46.135925954294,49.445286626188));
#417 = CARTESIAN_POINT('',(45.487706752771,49.896162556603));
#418 = CARTESIAN_POINT('',(44.828760812288,50.331303533132));
#419 = CARTESIAN_POINT('',(43.36012030421,51.24964875694));
#420 = CARTESIAN_POINT('',(42.545960179287,51.725817611056));
#421 = CARTESIAN_POINT('',(41.717325902064,52.176983922026));
#422 = CARTESIAN_POINT('',(40.874952284447,52.601993713543));
#423 = CARTESIAN_POINT('',(40.019880777621,53.));
#424 = ( GEOMETRIC_REPRESENTATION_CONTEXT(2) 
PARAMETRIC_REPRESENTATION_CONTEXT() REPRESENTATION_CONTEXT('2D SPACE',''
  ) );
#425 = PCURVE('',#426,#447);
#426 = B_SPLINE_SURFACE_WITH_KNOTS('',9,1,(
    (#427,#428)
    ,(#429,#430)
    ,(#431,#432)
    ,(#433,#434)
    ,(#435,#436)
    ,(#437,#438)
    ,(#439,#440)
    ,(#441,#442)
    ,(#443,#444)
    ,(#445,#446
    )),.UNSPECIFIED.,.F.,.F.,.F.,(10,10),(2,2),(4.712388980385,
    6.28318530718),(0.,1.),.PIECEWISE_BEZIER_KNOTS.);
#427 = CARTESIAN_POINT('',(39.,-30.,34.0000001));
#428 = CARTESIAN_POINT('',(35.,-21.,34.0000001));
#429 = CARTESIAN_POINT('',(39.,-30.,27.018683092023));
#430 = CARTESIAN_POINT('',(35.,-21.,28.589479418818));
#431 = CARTESIAN_POINT('',(37.663491178735,-29.99999999999,20.037365984)
  );
#432 = CARTESIAN_POINT('',(33.800569006557,-20.99999999999,23.1789586601
    ));
#433 = CARTESIAN_POINT('',(34.990472601154,-30.00000000001,
    13.36365157357));
#434 = CARTESIAN_POINT('',(31.401706180523,-21.00000000001,
    18.006829992016));
#435 = CARTESIAN_POINT('',(31.059465037015,-29.99999999998,
    7.305138304752));
#436 = CARTESIAN_POINT('',(27.873878879372,-20.99999999998,
    13.311482208684));
#437 = CARTESIAN_POINT('',(26.027490250359,-30.00000000002,
    2.144138523582));
#438 = CARTESIAN_POINT('',(23.358004070837,-21.00000000001,
    9.311707378274));
#439 = CARTESIAN_POINT('',(20.120439813274,-29.99999999998,
    -1.887664106317));
#440 = CARTESIAN_POINT('',(18.05680496063,-20.99999999999,6.187060340106
    ));
#441 = CARTESIAN_POINT('',(13.613568263098,-30.,-4.629221621777));
#442 = CARTESIAN_POINT('',(12.217304851498,-21.,4.062353265622));
#443 = CARTESIAN_POINT('',(6.806784082778,-29.99999999999,-5.9999999));
#444 = CARTESIAN_POINT('',(6.10865238198,-20.99999999999,3.0000001));
#445 = CARTESIAN_POINT('',(1.7763568394E-14,-30.,-5.9999999));
#446 = CARTESIAN_POINT('',(7.105427357601E-15,-21.,3.0000001));
#447 = DEFINITIONAL_REPRESENTATION('',(#448),#459);
#448 = B_SPLINE_CURVE_WITH_KNOTS('',5,(#449,#450,#451,#452,#453,#454,
    #455,#456,#457,#458),.UNSPECIFIED.,.F.,.F.,(6,4,6),(0.,
    0.455804035245,1.),.UNSPECIFIED.);
#449 = CARTESIAN_POINT('',(5.639684198372,0.));
#450 = CARTESIAN_POINT('',(5.65567044603,5.328749225438E-02));
#451 = CARTESIAN_POINT('',(5.672098857046,0.105031847354));
#452 = CARTESIAN_POINT('',(5.688967145946,0.155129172956));
#453 = CARTESIAN_POINT('',(5.706267383874,0.203478170348));
#454 = CARTESIAN_POINT('',(5.745138512498,0.305516528549));
#455 = CARTESIAN_POINT('',(5.766887314023,0.358424179006));
#456 = CARTESIAN_POINT('',(5.789206285219,0.408553769114));
#457 = CARTESIAN_POINT('',(5.812059227041,0.455777079283));
#458 = CARTESIAN_POINT('',(5.835400559746,0.5));
#459 = ( GEOMETRIC_REPRESENTATION_CONTEXT(2) 
PARAMETRIC_REPRESENTATION_CONTEXT() REPRESENTATION_CONTEXT('2D SPACE',''
  ) );
#460 = ORIENTED_EDGE('',*,*,#461,.F.);
#461 = EDGE_CURVE('',#462,#397,#464,.T.);
#462 = VERTEX_POINT('',#463);
#463 = CARTESIAN_POINT('',(-16.01988078215,-25.5,2.0000001));
#464 = SURFACE_CURVE('',#465,(#469,#476),.PCURVE_S1.);
#465 = LINE('',#466,#467);
#466 = CARTESIAN_POINT('',(-24.,-25.5,2.0000001));
#467 = VECTOR('',#468,1.);
#468 = DIRECTION('',(1.,0.,0.));
#469 = PCURVE('',#44,#470);
#470 = DEFINITIONAL_REPRESENTATION('',(#471),#475);
#471 = LINE('',#472,#473);
#472 = CARTESIAN_POINT('',(0.,53.));
#473 = VECTOR('',#474,1.);
#474 = DIRECTION('',(1.,0.));
#475 = ( GEOMETRIC_REPRESENTATION_CONTEXT(2) 
PARAMETRIC_REPRESENTATION_CONTEXT() REPRESENTATION_CONTEXT('2D SPACE',''
  ) );
#476 = PCURVE('',#477,#482);
#477 = PLANE('',#478);
#478 = AXIS2_PLACEMENT_3D('',#479,#480,#481);
#479 = CARTESIAN_POINT('',(-24.,-25.5,1.000000153795E-07));
#480 = DIRECTION('',(0.,1.,0.));
#481 = DIRECTION('',(0.,0.,1.));
#482 = DEFINITIONAL_REPRESENTATION('',(#483),#487);
#483 = LINE('',#484,#485);
#484 = CARTESIAN_POINT('',(2.,0.));
#485 = VECTOR('',#486,1.);
#486 = DIRECTION('',(0.,1.));
#487 = ( GEOMETRIC_REPRESENTATION_CONTEXT(2) 
PARAMETRIC_REPRESENTATION_CONTEXT() REPRESENTATION_CONTEXT('2D SPACE',''
  ) );
#488 = ORIENTED_EDGE('',*,*,#489,.F.);
#489 = EDGE_CURVE('',#490,#462,#492,.T.);
#490 = VERTEX_POINT('',#491);
#491 = CARTESIAN_POINT('',(-23.4,-30.,2.0000001));
#492 = SURFACE_CURVE('',#493,(#504,#518),.PCURVE_S1.);
#493 = B_SPLINE_CURVE_WITH_KNOTS('',5,(#494,#495,#496,#497,#498,#499,
    #500,#501,#502,#503),.UNSPECIFIED.,.F.,.F.,(6,4,6),(0.,
    0.455804035608,1.),.UNSPECIFIED.);
#494 = CARTESIAN_POINT('',(-23.40000000138,-30.,2.0000001));
#495 = CARTESIAN_POINT('',(-22.77333909296,-29.52041256986,2.0000001));
#496 = CARTESIAN_POINT('',(-22.13592595382,-29.05471337408,2.0000001));
#497 = CARTESIAN_POINT('',(-21.48770675192,-28.6038374437,2.0000001));
#498 = CARTESIAN_POINT('',(-20.82876081115,-28.16869646709,2.0000001));
#499 = CARTESIAN_POINT('',(-19.3601203038,-27.25035124352,2.0000001));
#500 = CARTESIAN_POINT('',(-18.54596017997,-26.77418238961,2.0000001));
#501 = CARTESIAN_POINT('',(-17.71732590399,-26.32301607856,2.0000001));
#502 = CARTESIAN_POINT('',(-16.87495228769,-25.89800628675,2.0000001));
#503 = CARTESIAN_POINT('',(-16.01988078215,-25.5,2.0000001));
#504 = PCURVE('',#44,#505);
#505 = DEFINITIONAL_REPRESENTATION('',(#506),#517);
#506 = B_SPLINE_CURVE_WITH_KNOTS('',5,(#507,#508,#509,#510,#511,#512,
    #513,#514,#515,#516),.UNSPECIFIED.,.F.,.F.,(6,4,6),(0.,
    0.455804035608,1.),.UNSPECIFIED.);
#507 = CARTESIAN_POINT('',(0.599999998612,48.5));
#508 = CARTESIAN_POINT('',(1.226660907037,48.979587430133));
#509 = CARTESIAN_POINT('',(1.864074046176,49.445286625915));
#510 = CARTESIAN_POINT('',(2.512293248077,49.896162556293));
#511 = CARTESIAN_POINT('',(3.171239188845,50.331303532909));
#512 = CARTESIAN_POINT('',(4.639879696196,51.249648756475));
#513 = CARTESIAN_POINT('',(5.454039820024,51.725817610383));
#514 = CARTESIAN_POINT('',(6.282674096006,52.17698392144));
#515 = CARTESIAN_POINT('',(7.125047712306,52.601993713249));
#516 = CARTESIAN_POINT('',(7.980119217848,53.));
#517 = ( GEOMETRIC_REPRESENTATION_CONTEXT(2) 
PARAMETRIC_REPRESENTATION_CONTEXT() REPRESENTATION_CONTEXT('2D SPACE',''
  ) );
#518 = PCURVE('',#519,#548);
#519 = B_SPLINE_SURFACE_WITH_KNOTS('',13,1,(
    (#520,#521)
    ,(#522,#523)
    ,(#524,#525)
    ,(#526,#527)
    ,(#528,#529)
    ,(#530,#531)
    ,(#532,#533)
    ,(#534,#535)
    ,(#536,#537)
    ,(#538,#539)
    ,(#540,#541)
    ,(#542,#543)
    ,(#544,#545)
    ,(#546,#547
    )),.UNSPECIFIED.,.F.,.F.,.F.,(14,14),(2,2),(0.,4.712388980385),(0.,
    1.),.PIECEWISE_BEZIER_KNOTS.);
#520 = CARTESIAN_POINT('',(4.973799150321E-14,-30.,-5.9999999));
#521 = CARTESIAN_POINT('',(6.661338147766E-16,-21.,3.0000001));
#522 = CARTESIAN_POINT('',(-14.13716694115,-30.00000000001,
    -5.999999899997));
#523 = CARTESIAN_POINT('',(-12.68720110103,-20.99999999999,
    3.000000100002));
#524 = CARTESIAN_POINT('',(-28.27433470039,-29.99999999993,
    -0.305996679587));
#525 = CARTESIAN_POINT('',(-25.37440293622,-21.,7.412852595819));
#526 = CARTESIAN_POINT('',(-40.03317189541,-30.00000000015,
    11.082002480514));
#527 = CARTESIAN_POINT('',(-35.92720554722,-20.99999999997,
    16.238551944904));
#528 = CARTESIAN_POINT('',(-47.03540624891,-29.99999999974,
    27.014540830682));
#529 = CARTESIAN_POINT('',(-42.21126201814,-21.00000000006,
    28.586269166264));
#530 = CARTESIAN_POINT('',(-47.48935683761,-30.00000000033,
    45.192493013409));
#531 = CARTESIAN_POINT('',(-42.61865357238,-20.99999999987,
    42.674182107921));
#532 = CARTESIAN_POINT('',(-40.77770641986,-29.99999999967,
    62.522248584764));
#533 = CARTESIAN_POINT('',(-36.59537755608,-21.00000000017,
    56.104742675652));
#534 = CARTESIAN_POINT('',(-27.80919227273,-30.00000000025,
    75.823288735823));
#535 = CARTESIAN_POINT('',(-24.95696742443,-20.99999999981,
    66.413048792809));
#536 = CARTESIAN_POINT('',(-10.91268059049,-29.99999999984,
    82.707032753928));
#537 = CARTESIAN_POINT('',(-9.793431299019,-21.00000000015,
    71.747950406754));
#538 = CARTESIAN_POINT('',(6.810822787525,-30.00000000007,
    82.241442406593));
#539 = CARTESIAN_POINT('',(6.112276860512,-20.99999999989,
    71.387117887637));
#540 = CARTESIAN_POINT('',(22.345047679032,-29.99999999997,
    75.059663582476));
#541 = CARTESIAN_POINT('',(20.053247917123,-21.00000000005,
    65.821239298904));
#542 = CARTESIAN_POINT('',(33.448346860085,-30.,62.999317741427));
#543 = CARTESIAN_POINT('',(30.017747182112,-20.99999999998,
    56.474471272112));
#544 = CARTESIAN_POINT('',(39.000000000001,-29.99999999999,
    48.499658501181));
#545 = CARTESIAN_POINT('',(35.000000000004,-21.,45.237235360914));
#546 = CARTESIAN_POINT('',(39.,-30.,34.0000001));
#547 = CARTESIAN_POINT('',(35.,-21.,34.0000001));
#548 = DEFINITIONAL_REPRESENTATION('',(#549),#560);
#549 = B_SPLINE_CURVE_WITH_KNOTS('',5,(#550,#551,#552,#553,#554,#555,
    #556,#557,#558,#559),.UNSPECIFIED.,.F.,.F.,(6,4,6),(0.,
    0.455804035608,1.),.UNSPECIFIED.);
#550 = CARTESIAN_POINT('',(0.64350110889,0.));
#551 = CARTESIAN_POINT('',(0.627514861266,5.328749223703E-02));
#552 = CARTESIAN_POINT('',(0.611086450286,0.105031847324));
#553 = CARTESIAN_POINT('',(0.594218161421,0.155129172921));
#554 = CARTESIAN_POINT('',(0.576917923525,0.203478170323));
#555 = CARTESIAN_POINT('',(0.538046794992,0.305516528497));
#556 = CARTESIAN_POINT('',(0.516297993523,0.358424178931));
#557 = CARTESIAN_POINT('',(0.49397902237,0.408553769049));
#558 = CARTESIAN_POINT('',(0.471126080574,0.45577707925));
#559 = CARTESIAN_POINT('',(0.44778474787,0.5));
#560 = ( GEOMETRIC_REPRESENTATION_CONTEXT(2) 
PARAMETRIC_REPRESENTATION_CONTEXT() REPRESENTATION_CONTEXT('2D SPACE',''
  ) );
#561 = ORIENTED_EDGE('',*,*,#562,.F.);
#562 = EDGE_CURVE('',#24,#490,#563,.T.);
#563 = SURFACE_CURVE('',#564,(#571,#581),.PCURVE_S1.);
#564 = B_SPLINE_CURVE_WITH_KNOTS('',5,(#565,#566,#567,#568,#569,#570),
  .UNSPECIFIED.,.F.,.F.,(6,6),(0.,1.),.PIECEWISE_BEZIER_KNOTS.);
#565 = CARTESIAN_POINT('',(-24.,-49.99999995256,2.0000001));
#566 = CARTESIAN_POINT('',(-23.87797540853,-45.93251357054,2.0000001));
#567 = CARTESIAN_POINT('',(-23.76129940421,-42.04331342668,2.0000001));
#568 = CARTESIAN_POINT('',(-23.63900096152,-37.96669867071,2.0000001));
#569 = CARTESIAN_POINT('',(-23.51336086405,-33.77869542212,2.0000001));
#570 = CARTESIAN_POINT('',(-23.40000000138,-30.,2.0000001));
#571 = PCURVE('',#44,#572);
#572 = DEFINITIONAL_REPRESENTATION('',(#573),#580);
#573 = B_SPLINE_CURVE_WITH_KNOTS('',5,(#574,#575,#576,#577,#578,#579),
  .UNSPECIFIED.,.F.,.F.,(6,6),(0.,1.),.PIECEWISE_BEZIER_KNOTS.);
#574 = CARTESIAN_POINT('',(0.,28.500000047437));
#575 = CARTESIAN_POINT('',(0.122024591468,32.567486429457));
#576 = CARTESIAN_POINT('',(0.23870059579,36.456686573312));
#577 = CARTESIAN_POINT('',(0.360999038477,40.533301329288));
#578 = CARTESIAN_POINT('',(0.486639135942,44.721304577876));
#579 = CARTESIAN_POINT('',(0.599999998612,48.5));
#580 = ( GEOMETRIC_REPRESENTATION_CONTEXT(2) 
PARAMETRIC_REPRESENTATION_CONTEXT() REPRESENTATION_CONTEXT('2D SPACE',''
  ) );
#581 = PCURVE('',#188,#582);
#582 = DEFINITIONAL_REPRESENTATION('',(#583),#590);
#583 = B_SPLINE_CURVE_WITH_KNOTS('',5,(#584,#585,#586,#587,#588,#589),
  .UNSPECIFIED.,.F.,.F.,(6,6),(0.,1.),.PIECEWISE_BEZIER_KNOTS.);
#584 = CARTESIAN_POINT('',(2.214297435685,0.5));
#585 = CARTESIAN_POINT('',(2.214297435685,0.60168715955));
#586 = CARTESIAN_POINT('',(2.214297435685,0.698917167356));
#587 = CARTESIAN_POINT('',(2.214297435685,0.800832531513));
#588 = CARTESIAN_POINT('',(2.214297435685,0.905532614447));
#589 = CARTESIAN_POINT('',(2.214297435685,1.));
#590 = ( GEOMETRIC_REPRESENTATION_CONTEXT(2) 
PARAMETRIC_REPRESENTATION_CONTEXT() REPRESENTATION_CONTEXT('2D SPACE',''
  ) );
#591 = FACE_BOUND('',#592,.T.);
#592 = EDGE_LOOP('',(#593));
#593 = ORIENTED_EDGE('',*,*,#594,.T.);
#594 = EDGE_CURVE('',#595,#595,#597,.T.);
#595 = VERTEX_POINT('',#596);
#596 = CARTESIAN_POINT('',(-19.3,-72.,2.0000001));
#597 = SURFACE_CURVE('',#598,(#603,#614),.PCURVE_S1.);
#598 = CIRCLE('',#599,1.7);
#599 = AXIS2_PLACEMENT_3D('',#600,#601,#602);
#600 = CARTESIAN_POINT('',(-21.,-72.,2.0000001));
#601 = DIRECTION('',(0.,0.,-1.));
#602 = DIRECTION('',(1.,0.,0.));
#603 = PCURVE('',#44,#604);
#604 = DEFINITIONAL_REPRESENTATION('',(#605),#613);
#605 = ( BOUNDED_CURVE() B_SPLINE_CURVE(2,(#606,#607,#608,#609,#610,#611
,#612),.UNSPECIFIED.,.T.,.F.) B_SPLINE_CURVE_WITH_KNOTS((1,2,2,2,2,1),(
    -2.094395102393,0.,2.094395102393,4.188790204786,6.28318530718,
8.377580409573),.UNSPECIFIED.) CURVE() GEOMETRIC_REPRESENTATION_ITEM() 
RATIONAL_B_SPLINE_CURVE((1.,0.5,1.,0.5,1.,0.5,1.)) REPRESENTATION_ITEM(
  '') );
#606 = CARTESIAN_POINT('',(4.7,6.5));
#607 = CARTESIAN_POINT('',(4.7,3.555513627133));
#608 = CARTESIAN_POINT('',(2.15,5.027756813566));
#609 = CARTESIAN_POINT('',(-0.4,6.5));
#610 = CARTESIAN_POINT('',(2.15,7.972243186434));
#611 = CARTESIAN_POINT('',(4.7,9.444486372867));
#612 = CARTESIAN_POINT('',(4.7,6.5));
#613 = ( GEOMETRIC_REPRESENTATION_CONTEXT(2) 
PARAMETRIC_REPRESENTATION_CONTEXT() REPRESENTATION_CONTEXT('2D SPACE',''
  ) );
#614 = PCURVE('',#615,#620);
#615 = CYLINDRICAL_SURFACE('',#616,1.7);
#616 = AXIS2_PLACEMENT_3D('',#617,#618,#619);
#617 = CARTESIAN_POINT('',(-21.,-72.,-0.9999999));
#618 = DIRECTION('',(-0.,-0.,-1.));
#619 = DIRECTION('',(1.,0.,0.));
#620 = DEFINITIONAL_REPRESENTATION('',(#621),#625);
#621 = LINE('',#622,#623);
#622 = CARTESIAN_POINT('',(-6.28318530718,-3.));
#623 = VECTOR('',#624,1.);
#624 = DIRECTION('',(1.,-0.));
#625 = ( GEOMETRIC_REPRESENTATION_CONTEXT(2) 
PARAMETRIC_REPRESENTATION_CONTEXT() REPRESENTATION_CONTEXT('2D SPACE',''
  ) );
#626 = FACE_BOUND('',#627,.T.);
#627 = EDGE_LOOP('',(#628));
#628 = ORIENTED_EDGE('',*,*,#629,.T.);
#629 = EDGE_CURVE('',#630,#630,#632,.T.);
#630 = VERTEX_POINT('',#631);
#631 = CARTESIAN_POINT('',(22.7,-72.,2.0000001));
#632 = SURFACE_CURVE('',#633,(#638,#649),.PCURVE_S1.);
#633 = CIRCLE('',#634,1.7);
#634 = AXIS2_PLACEMENT_3D('',#635,#636,#637);
#635 = CARTESIAN_POINT('',(21.,-72.,2.0000001));
#636 = DIRECTION('',(0.,0.,-1.));
#637 = DIRECTION('',(1.,0.,0.));
#638 = PCURVE('',#44,#639);
#639 = DEFINITIONAL_REPRESENTATION('',(#640),#648);
#640 = ( BOUNDED_CURVE() B_SPLINE_CURVE(2,(#641,#642,#643,#644,#645,#646
,#647),.UNSPECIFIED.,.T.,.F.) B_SPLINE_CURVE_WITH_KNOTS((1,2,2,2,2,1),(
    -2.094395102393,0.,2.094395102393,4.188790204786,6.28318530718,
8.377580409573),.UNSPECIFIED.) CURVE() GEOMETRIC_REPRESENTATION_ITEM() 
RATIONAL_B_SPLINE_CURVE((1.,0.5,1.,0.5,1.,0.5,1.)) REPRESENTATION_ITEM(
  '') );
#641 = CARTESIAN_POINT('',(46.7,6.5));
#642 = CARTESIAN_POINT('',(46.7,3.555513627133));
#643 = CARTESIAN_POINT('',(44.15,5.027756813566));
#644 = CARTESIAN_POINT('',(41.6,6.5));
#645 = CARTESIAN_POINT('',(44.15,7.972243186434));
#646 = CARTESIAN_POINT('',(46.7,9.444486372867));
#647 = CARTESIAN_POINT('',(46.7,6.5));
#648 = ( GEOMETRIC_REPRESENTATION_CONTEXT(2) 
PARAMETRIC_REPRESENTATION_CONTEXT() REPRESENTATION_CONTEXT('2D SPACE',''
  ) );
#649 = PCURVE('',#650,#655);
#650 = CYLINDRICAL_SURFACE('',#651,1.7);
#651 = AXIS2_PLACEMENT_3D('',#652,#653,#654);
#652 = CARTESIAN_POINT('',(21.,-72.,-0.9999999));
#653 = DIRECTION('',(-0.,-0.,-1.));
#654 = DIRECTION('',(1.,0.,0.));
#655 = DEFINITIONAL_REPRESENTATION('',(#656),#660);
#656 = LINE('',#657,#658);
#657 = CARTESIAN_POINT('',(-6.28318530718,-3.));
#658 = VECTOR('',#659,1.);
#659 = DIRECTION('',(1.,-0.));
#660 = ( GEOMETRIC_REPRESENTATION_CONTEXT(2) 
PARAMETRIC_REPRESENTATION_CONTEXT() REPRESENTATION_CONTEXT('2D SPACE',''
  ) );
#661 = FACE_BOUND('',#662,.T.);
#662 = EDGE_LOOP('',(#663));
#663 = ORIENTED_EDGE('',*,*,#664,.T.);
#664 = EDGE_CURVE('',#665,#665,#667,.T.);
#665 = VERTEX_POINT('',#666);
#666 = CARTESIAN_POINT('',(-19.3,-32.,2.0000001));
#667 = SURFACE_CURVE('',#668,(#673,#684),.PCURVE_S1.);
#668 = CIRCLE('',#669,1.7);
#669 = AXIS2_PLACEMENT_3D('',#670,#671,#672);
#670 = CARTESIAN_POINT('',(-21.,-32.,2.0000001));
#671 = DIRECTION('',(0.,0.,-1.));
#672 = DIRECTION('',(1.,0.,0.));
#673 = PCURVE('',#44,#674);
#674 = DEFINITIONAL_REPRESENTATION('',(#675),#683);
#675 = ( BOUNDED_CURVE() B_SPLINE_CURVE(2,(#676,#677,#678,#679,#680,#681
,#682),.UNSPECIFIED.,.T.,.F.) B_SPLINE_CURVE_WITH_KNOTS((1,2,2,2,2,1),(
    -2.094395102393,0.,2.094395102393,4.188790204786,6.28318530718,
8.377580409573),.UNSPECIFIED.) CURVE() GEOMETRIC_REPRESENTATION_ITEM() 
RATIONAL_B_SPLINE_CURVE((1.,0.5,1.,0.5,1.,0.5,1.)) REPRESENTATION_ITEM(
  '') );
#676 = CARTESIAN_POINT('',(4.7,46.5));
#677 = CARTESIAN_POINT('',(4.7,43.555513627133));
#678 = CARTESIAN_POINT('',(2.15,45.027756813566));
#679 = CARTESIAN_POINT('',(-0.4,46.5));
#680 = CARTESIAN_POINT('',(2.15,47.972243186434));
#681 = CARTESIAN_POINT('',(4.7,49.444486372867));
#682 = CARTESIAN_POINT('',(4.7,46.5));
#683 = ( GEOMETRIC_REPRESENTATION_CONTEXT(2) 
PARAMETRIC_REPRESENTATION_CONTEXT() REPRESENTATION_CONTEXT('2D SPACE',''
  ) );
#684 = PCURVE('',#685,#690);
#685 = CYLINDRICAL_SURFACE('',#686,1.7);
#686 = AXIS2_PLACEMENT_3D('',#687,#688,#689);
#687 = CARTESIAN_POINT('',(-21.,-32.,-0.9999999));
#688 = DIRECTION('',(-0.,-0.,-1.));
#689 = DIRECTION('',(1.,0.,0.));
#690 = DEFINITIONAL_REPRESENTATION('',(#691),#695);
#691 = LINE('',#692,#693);
#692 = CARTESIAN_POINT('',(-6.28318530718,-3.));
#693 = VECTOR('',#694,1.);
#694 = DIRECTION('',(1.,-0.));
#695 = ( GEOMETRIC_REPRESENTATION_CONTEXT(2) 
PARAMETRIC_REPRESENTATION_CONTEXT() REPRESENTATION_CONTEXT('2D SPACE',''
  ) );
#696 = FACE_BOUND('',#697,.T.);
#697 = EDGE_LOOP('',(#698));
#698 = ORIENTED_EDGE('',*,*,#699,.T.);
#699 = EDGE_CURVE('',#700,#700,#702,.T.);
#700 = VERTEX_POINT('',#701);
#701 = CARTESIAN_POINT('',(22.7,-32.,2.0000001));
#702 = SURFACE_CURVE('',#703,(#708,#719),.PCURVE_S1.);
#703 = CIRCLE('',#704,1.7);
#704 = AXIS2_PLACEMENT_3D('',#705,#706,#707);
#705 = CARTESIAN_POINT('',(21.,-32.,2.0000001));
#706 = DIRECTION('',(0.,0.,-1.));
#707 = DIRECTION('',(1.,0.,0.));
#708 = PCURVE('',#44,#709);
#709 = DEFINITIONAL_REPRESENTATION('',(#710),#718);
#710 = ( BOUNDED_CURVE() B_SPLINE_CURVE(2,(#711,#712,#713,#714,#715,#716
,#717),.UNSPECIFIED.,.T.,.F.) B_SPLINE_CURVE_WITH_KNOTS((1,2,2,2,2,1),(
    -2.094395102393,0.,2.094395102393,4.188790204786,6.28318530718,
8.377580409573),.UNSPECIFIED.) CURVE() GEOMETRIC_REPRESENTATION_ITEM() 
RATIONAL_B_SPLINE_CURVE((1.,0.5,1.,0.5,1.,0.5,1.)) REPRESENTATION_ITEM(
  '') );
#711 = CARTESIAN_POINT('',(46.7,46.5));
#712 = CARTESIAN_POINT('',(46.7,43.555513627133));
#713 = CARTESIAN_POINT('',(44.15,45.027756813566));
#714 = CARTESIAN_POINT('',(41.6,46.5));
#715 = CARTESIAN_POINT('',(44.15,47.972243186434));
#716 = CARTESIAN_POINT('',(46.7,49.444486372867));
#717 = CARTESIAN_POINT('',(46.7,46.5));
#718 = ( GEOMETRIC_REPRESENTATION_CONTEXT(2) 
PARAMETRIC_REPRESENTATION_CONTEXT() REPRESENTATION_CONTEXT('2D SPACE',''
  ) );
#719 = PCURVE('',#720,#725);
#720 = CYLINDRICAL_SURFACE('',#721,1.7);
#721 = AXIS2_PLACEMENT_3D('',#722,#723,#724);
#722 = CARTESIAN_POINT('',(21.,-32.,-0.9999999));
#723 = DIRECTION('',(-0.,-0.,-1.));
#724 = DIRECTION('',(1.,0.,0.));
#725 = DEFINITIONAL_REPRESENTATION('',(#726),#730);
#726 = LINE('',#727,#728);
#727 = CARTESIAN_POINT('',(-6.28318530718,-3.));
#728 = VECTOR('',#729,1.);
#729 = DIRECTION('',(1.,-0.));
#730 = ( GEOMETRIC_REPRESENTATION_CONTEXT(2) 
PARAMETRIC_REPRESENTATION_CONTEXT() REPRESENTATION_CONTEXT('2D SPACE',''
  ) );
#731 = ADVANCED_FACE('',(#732),#188,.T.);
#732 = FACE_BOUND('',#733,.T.);
#733 = EDGE_LOOP('',(#734,#765,#787,#788,#789,#813,#842));
#734 = ORIENTED_EDGE('',*,*,#735,.F.);
#735 = EDGE_CURVE('',#736,#738,#740,.T.);
#736 = VERTEX_POINT('',#737);
#737 = CARTESIAN_POINT('',(-21.59809019334,-70.,1.00000008274E-07));
#738 = VERTEX_POINT('',#739);
#739 = CARTESIAN_POINT('',(-20.64096964418,-33.66165495925,
    1.000000153795E-07));
#740 = SURFACE_CURVE('',#741,(#747,#756),.PCURVE_S1.);
#741 = B_SPLINE_CURVE_WITH_KNOTS('',4,(#742,#743,#744,#745,#746),
  .UNSPECIFIED.,.F.,.F.,(5,5),(0.,1.),.PIECEWISE_BEZIER_KNOTS.);
#742 = CARTESIAN_POINT('',(-21.59809019762,-70.,1.000000153795E-07));
#743 = CARTESIAN_POINT('',(-21.33469885374,-60.,1.000000153795E-07));
#744 = CARTESIAN_POINT('',(-21.07130750987,-50.,1.000000153795E-07));
#745 = CARTESIAN_POINT('',(-20.807916166,-40.,1.000000153795E-07));
#746 = CARTESIAN_POINT('',(-20.54452482212,-30.,1.000000153795E-07));
#747 = PCURVE('',#188,#748);
#748 = DEFINITIONAL_REPRESENTATION('',(#749),#755);
#749 = B_SPLINE_CURVE_WITH_KNOTS('',4,(#750,#751,#752,#753,#754),
  .UNSPECIFIED.,.F.,.F.,(5,5),(0.,1.),.PIECEWISE_BEZIER_KNOTS.);
#750 = CARTESIAN_POINT('',(2.125607360131,0.));
#751 = CARTESIAN_POINT('',(2.125607360131,0.25));
#752 = CARTESIAN_POINT('',(2.125607360131,0.5));
#753 = CARTESIAN_POINT('',(2.125607360131,0.75));
#754 = CARTESIAN_POINT('',(2.125607360131,1.));
#755 = ( GEOMETRIC_REPRESENTATION_CONTEXT(2) 
PARAMETRIC_REPRESENTATION_CONTEXT() REPRESENTATION_CONTEXT('2D SPACE',''
  ) );
#756 = PCURVE('',#100,#757);
#757 = DEFINITIONAL_REPRESENTATION('',(#758),#764);
#758 = B_SPLINE_CURVE_WITH_KNOTS('',4,(#759,#760,#761,#762,#763),
  .UNSPECIFIED.,.F.,.F.,(5,5),(0.,1.),.PIECEWISE_BEZIER_KNOTS.);
#759 = CARTESIAN_POINT('',(2.401909802378,8.5));
#760 = CARTESIAN_POINT('',(2.665301146252,18.5));
#761 = CARTESIAN_POINT('',(2.928692490125,28.5));
#762 = CARTESIAN_POINT('',(3.192083833998,38.5));
#763 = CARTESIAN_POINT('',(3.455475177872,48.5));
#764 = ( GEOMETRIC_REPRESENTATION_CONTEXT(2) 
PARAMETRIC_REPRESENTATION_CONTEXT() REPRESENTATION_CONTEXT('2D SPACE',''
  ) );
#765 = ORIENTED_EDGE('',*,*,#766,.T.);
#766 = EDGE_CURVE('',#736,#113,#767,.T.);
#767 = SURFACE_CURVE('',#768,(#773,#780),.PCURVE_S1.);
#768 = ELLIPSE('',#769,41.,40.);
#769 = AXIS2_PLACEMENT_3D('',#770,#771,#772);
#770 = CARTESIAN_POINT('',(0.,-70.,34.0000001));
#771 = DIRECTION('',(-0.,1.,1.110223024625E-16));
#772 = DIRECTION('',(1.,0.,0.));
#773 = PCURVE('',#188,#774);
#774 = DEFINITIONAL_REPRESENTATION('',(#775),#779);
#775 = LINE('',#776,#777);
#776 = CARTESIAN_POINT('',(0.,0.));
#777 = VECTOR('',#778,1.);
#778 = DIRECTION('',(1.,0.));
#779 = ( GEOMETRIC_REPRESENTATION_CONTEXT(2) 
PARAMETRIC_REPRESENTATION_CONTEXT() REPRESENTATION_CONTEXT('2D SPACE',''
  ) );
#780 = PCURVE('',#132,#781);
#781 = DEFINITIONAL_REPRESENTATION('',(#782),#786);
#782 = LINE('',#783,#784);
#783 = CARTESIAN_POINT('',(-1.570796326795,1.));
#784 = VECTOR('',#785,1.);
#785 = DIRECTION('',(1.,0.));
#786 = ( GEOMETRIC_REPRESENTATION_CONTEXT(2) 
PARAMETRIC_REPRESENTATION_CONTEXT() REPRESENTATION_CONTEXT('2D SPACE',''
  ) );
#787 = ORIENTED_EDGE('',*,*,#170,.T.);
#788 = ORIENTED_EDGE('',*,*,#562,.T.);
#789 = ORIENTED_EDGE('',*,*,#790,.F.);
#790 = EDGE_CURVE('',#791,#490,#793,.T.);
#791 = VERTEX_POINT('',#792);
#792 = CARTESIAN_POINT('',(-20.54452481806,-30.,1.000000153795E-07));
#793 = SURFACE_CURVE('',#794,(#799,#806),.PCURVE_S1.);
#794 = ELLIPSE('',#795,40.,39.);
#795 = AXIS2_PLACEMENT_3D('',#796,#797,#798);
#796 = CARTESIAN_POINT('',(0.,-30.,34.0000001));
#797 = DIRECTION('',(0.,1.,1.110223024625E-16));
#798 = DIRECTION('',(1.110223024625E-16,1.110223024625E-16,-1.));
#799 = PCURVE('',#188,#800);
#800 = DEFINITIONAL_REPRESENTATION('',(#801),#805);
#801 = LINE('',#802,#803);
#802 = CARTESIAN_POINT('',(1.570796326795,1.));
#803 = VECTOR('',#804,1.);
#804 = DIRECTION('',(1.,0.));
#805 = ( GEOMETRIC_REPRESENTATION_CONTEXT(2) 
PARAMETRIC_REPRESENTATION_CONTEXT() REPRESENTATION_CONTEXT('2D SPACE',''
  ) );
#806 = PCURVE('',#519,#807);
#807 = DEFINITIONAL_REPRESENTATION('',(#808),#812);
#808 = LINE('',#809,#810);
#809 = CARTESIAN_POINT('',(0.,0.));
#810 = VECTOR('',#811,1.);
#811 = DIRECTION('',(1.,0.));
#812 = ( GEOMETRIC_REPRESENTATION_CONTEXT(2) 
PARAMETRIC_REPRESENTATION_CONTEXT() REPRESENTATION_CONTEXT('2D SPACE',''
  ) );
#813 = ORIENTED_EDGE('',*,*,#814,.F.);
#814 = EDGE_CURVE('',#815,#791,#817,.T.);
#815 = VERTEX_POINT('',#816);
#816 = CARTESIAN_POINT('',(-20.55399503088,-30.35954897436,
    1.000000153795E-07));
#817 = SURFACE_CURVE('',#818,(#824,#833),.PCURVE_S1.);
#818 = B_SPLINE_CURVE_WITH_KNOTS('',4,(#819,#820,#821,#822,#823),
  .UNSPECIFIED.,.F.,.F.,(5,5),(0.,1.),.PIECEWISE_BEZIER_KNOTS.);
#819 = CARTESIAN_POINT('',(-21.59809019762,-70.,1.000000153795E-07));
#820 = CARTESIAN_POINT('',(-21.33469885374,-60.,1.000000153795E-07));
#821 = CARTESIAN_POINT('',(-21.07130750987,-50.,1.000000153795E-07));
#822 = CARTESIAN_POINT('',(-20.807916166,-40.,1.000000153795E-07));
#823 = CARTESIAN_POINT('',(-20.54452482212,-30.,1.000000153795E-07));
#824 = PCURVE('',#188,#825);
#825 = DEFINITIONAL_REPRESENTATION('',(#826),#832);
#826 = B_SPLINE_CURVE_WITH_KNOTS('',4,(#827,#828,#829,#830,#831),
  .UNSPECIFIED.,.F.,.F.,(5,5),(0.,1.),.PIECEWISE_BEZIER_KNOTS.);
#827 = CARTESIAN_POINT('',(2.125607360131,0.));
#828 = CARTESIAN_POINT('',(2.125607360131,0.25));
#829 = CARTESIAN_POINT('',(2.125607360131,0.5));
#830 = CARTESIAN_POINT('',(2.125607360131,0.75));
#831 = CARTESIAN_POINT('',(2.125607360131,1.));
#832 = ( GEOMETRIC_REPRESENTATION_CONTEXT(2) 
PARAMETRIC_REPRESENTATION_CONTEXT() REPRESENTATION_CONTEXT('2D SPACE',''
  ) );
#833 = PCURVE('',#100,#834);
#834 = DEFINITIONAL_REPRESENTATION('',(#835),#841);
#835 = B_SPLINE_CURVE_WITH_KNOTS('',4,(#836,#837,#838,#839,#840),
  .UNSPECIFIED.,.F.,.F.,(5,5),(0.,1.),.PIECEWISE_BEZIER_KNOTS.);
#836 = CARTESIAN_POINT('',(2.401909802378,8.5));
#837 = CARTESIAN_POINT('',(2.665301146252,18.5));
#838 = CARTESIAN_POINT('',(2.928692490125,28.5));
#839 = CARTESIAN_POINT('',(3.192083833998,38.5));
#840 = CARTESIAN_POINT('',(3.455475177872,48.5));
#841 = ( GEOMETRIC_REPRESENTATION_CONTEXT(2) 
PARAMETRIC_REPRESENTATION_CONTEXT() REPRESENTATION_CONTEXT('2D SPACE',''
  ) );
#842 = ORIENTED_EDGE('',*,*,#843,.T.);
#843 = EDGE_CURVE('',#815,#738,#844,.T.);
#844 = SURFACE_CURVE('',#845,(#918,#994),.PCURVE_S1.);
#845 = B_SPLINE_CURVE_WITH_KNOTS('',6,(#846,#847,#848,#849,#850,#851,
    #852,#853,#854,#855,#856,#857,#858,#859,#860,#861,#862,#863,#864,
    #865,#866,#867,#868,#869,#870,#871,#872,#873,#874,#875,#876,#877,
    #878,#879,#880,#881,#882,#883,#884,#885,#886,#887,#888,#889,#890,
    #891,#892,#893,#894,#895,#896,#897,#898,#899,#900,#901,#902,#903,
    #904,#905,#906,#907,#908,#909,#910,#911,#912,#913,#914,#915,#916,
    #917),.UNSPECIFIED.,.F.,.F.,(7,5,5,5,5,5,5,5,5,5,5,5,5,5,7),(0.,
    0.105389563748,0.244811528753,0.294751047608,0.360690351622,
    0.413564250605,0.442140702296,0.50197436511,0.557152460902,
    0.584922284121,0.637549163467,0.703966057855,0.754132803459,
    0.894535408999,1.),.UNSPECIFIED.);
#846 = CARTESIAN_POINT('',(-20.55397526146,-30.35955434938,
    -1.25502878987E-05));
#847 = CARTESIAN_POINT('',(-20.65156593715,-30.33302018436,
    6.243488702729E-02));
#848 = CARTESIAN_POINT('',(-20.75014542451,-30.31369848247,
    0.125890938332));
#849 = CARTESIAN_POINT('',(-20.84926210697,-30.30145443993,
    0.190087805145));
#850 = CARTESIAN_POINT('',(-20.94850828387,-30.29617823917,
    0.254770469916));
#851 = CARTESIAN_POINT('',(-21.04751315576,-30.29779512534,
    0.319693824594));
#852 = CARTESIAN_POINT('',(-21.27614111001,-30.31749431802,
    0.470511671547));
#853 = CARTESIAN_POINT('',(-21.40527227119,-30.34072142704,
    0.556371703048));
#854 = CARTESIAN_POINT('',(-21.53259503357,-30.3758787749,0.641683910064
    ));
#855 = CARTESIAN_POINT('',(-21.65725465256,-30.4230694218,0.725815403609
    ));
#856 = CARTESIAN_POINT('',(-21.77828386858,-30.48244869111,
    0.808014375338));
#857 = CARTESIAN_POINT('',(-21.93616996368,-30.58014668498,
    0.915773753081));
#858 = CARTESIAN_POINT('',(-21.97718925184,-30.60751902091,
    0.943821927292));
#859 = CARTESIAN_POINT('',(-22.01753293003,-30.63651252249,
    0.971454513965));
#860 = CARTESIAN_POINT('',(-22.05713769385,-30.66714062482,
    0.998620972967));
#861 = CARTESIAN_POINT('',(-22.0959331875,-30.69941588164,1.025265051967
    ));
#862 = CARTESIAN_POINT('',(-22.18389616973,-30.77815596083,
    1.085733623232));
#863 = CARTESIAN_POINT('',(-22.23240141171,-30.82585102027,
    1.119121547719));
#864 = CARTESIAN_POINT('',(-22.27918269067,-30.87646265012,
    1.151348138092));
#865 = CARTESIAN_POINT('',(-22.32402897334,-30.93000285647,1.18224517542
    ));
#866 = CARTESIAN_POINT('',(-22.36669926082,-30.98645682247,1.21162138375
    ));
#867 = CARTESIAN_POINT('',(-22.43918681203,-31.09333354996,
    1.261435140342));
#868 = CARTESIAN_POINT('',(-22.46987372541,-31.14273232748,
    1.282489242757));
#869 = CARTESIAN_POINT('',(-22.49885141038,-31.19393678436,
    1.302320632902));
#870 = CARTESIAN_POINT('',(-22.52596712725,-31.2468921422,1.320809513946
    ));
#871 = CARTESIAN_POINT('',(-22.55106199509,-31.30151190771,
    1.337832173661));
#872 = CARTESIAN_POINT('',(-22.58636581229,-31.3880211358,1.361610544981
    ));
#873 = CARTESIAN_POINT('',(-22.59811607059,-31.41882144232,
    1.369489619998));
#874 = CARTESIAN_POINT('',(-22.60920523603,-31.45005044343,
    1.376885836097));
#875 = CARTESIAN_POINT('',(-22.61960921916,-31.48168419192,
    1.383780750468));
#876 = CARTESIAN_POINT('',(-22.62930502308,-31.51369507143,
    1.390156887755));
#877 = CARTESIAN_POINT('',(-22.65704325894,-31.61380063397,
    1.408227375499));
#878 = CARTESIAN_POINT('',(-22.67261827246,-31.68307536078,
    1.418112505791));
#879 = CARTESIAN_POINT('',(-22.6847923013,-31.75356842209,1.425500397592
    ));
#880 = CARTESIAN_POINT('',(-22.69340987697,-31.824926935,1.430277334022)
  );
#881 = CARTESIAN_POINT('',(-22.69838291376,-31.89675314638,
    1.432383943715));
#882 = CARTESIAN_POINT('',(-22.70093397638,-32.03486595938,
    1.431320176366));
#883 = CARTESIAN_POINT('',(-22.69905770313,-32.10116777745,
    1.428547522481));
#884 = CARTESIAN_POINT('',(-22.69407847187,-32.16716592605,
    1.423519060678));
#885 = CARTESIAN_POINT('',(-22.68605706718,-32.23254857473,1.41629078163
    ));
#886 = CARTESIAN_POINT('',(-22.67510327314,-32.29703711066,
    1.406956503409));
#887 = CARTESIAN_POINT('',(-22.65444529557,-32.39226914353,
    1.389938961539));
#888 = CARTESIAN_POINT('',(-22.64682264205,-32.4238645768,1.38373832575)
  );
#889 = CARTESIAN_POINT('',(-22.63851171765,-32.45514343985,
    1.377049564934));
#890 = CARTESIAN_POINT('',(-22.6295320531,-32.48607930416,1.369888787336
    ));
#891 = CARTESIAN_POINT('',(-22.61990433415,-32.51664894043,
    1.362272937811));
#892 = CARTESIAN_POINT('',(-22.59021806787,-32.60403315092,
    1.338958208893));
#893 = CARTESIAN_POINT('',(-22.56853651152,-32.65984568531,
    1.322125943962));
#894 = CARTESIAN_POINT('',(-22.54475160857,-32.71413583441,
    1.303841853664));
#895 = CARTESIAN_POINT('',(-22.51901418431,-32.76680820802,
    1.284227761476));
#896 = CARTESIAN_POINT('',(-22.49147110001,-32.81779880422,
    1.263401623084));
#897 = CARTESIAN_POINT('',(-22.4253863279,-32.9292467072,1.21379310409)
  );
#898 = CARTESIAN_POINT('',(-22.38585645588,-32.98867915016,
    1.184357868048));
#899 = CARTESIAN_POINT('',(-22.34393375876,-33.04529264218,
    1.153378972655));
#900 = CARTESIAN_POINT('',(-22.29986348489,-33.09905554394,
    1.121051547246));
#901 = CARTESIAN_POINT('',(-22.25386210389,-33.14996570305,
    1.087547025774));
#902 = CARTESIAN_POINT('',(-22.17004190389,-33.23435059497,
    1.026920156509));
#903 = CARTESIAN_POINT('',(-22.13297653962,-33.26904177344,1.00024322733
    ));
#904 = CARTESIAN_POINT('',(-22.0949934861,-33.30211927748,0.973040094016
    ));
#905 = CARTESIAN_POINT('',(-22.05616497826,-33.33359102179,0.94536752943
    ));
#906 = CARTESIAN_POINT('',(-22.01655622206,-33.3634662867,0.917276514888
    ));
#907 = CARTESIAN_POINT('',(-21.8633507557,-33.47092987737,0.809148744165
    ));
#908 = CARTESIAN_POINT('',(-21.74486511866,-33.53765014039,
    0.726593393998));
#909 = CARTESIAN_POINT('',(-21.62197258255,-33.59220851977,
    0.642086569668));
#910 = CARTESIAN_POINT('',(-21.49567952447,-33.63469744977,
    0.556390113802));
#911 = CARTESIAN_POINT('',(-21.36687653643,-33.66516721281,
    0.470144923941));
#912 = CARTESIAN_POINT('',(-21.13825563803,-33.69726014079,
    0.319069081279));
#913 = CARTESIAN_POINT('',(-21.03923231431,-33.70417101877,
    0.254270903122));
#914 = CARTESIAN_POINT('',(-20.93959837619,-33.70417687467,
    0.189715033701));
#915 = CARTESIAN_POINT('',(-20.83972728794,-33.69718300755,
    0.125644916516));
#916 = CARTESIAN_POINT('',(-20.74002744264,-33.68305942813,
    6.231375978883E-02));
#917 = CARTESIAN_POINT('',(-20.64094953448,-33.66165061406,
    -1.255028790226E-05));
#918 = PCURVE('',#188,#919);
#919 = DEFINITIONAL_REPRESENTATION('',(#920),#993);
#920 = B_SPLINE_CURVE_WITH_KNOTS('',6,(#921,#922,#923,#924,#925,#926,
    #927,#928,#929,#930,#931,#932,#933,#934,#935,#936,#937,#938,#939,
    #940,#941,#942,#943,#944,#945,#946,#947,#948,#949,#950,#951,#952,
    #953,#954,#955,#956,#957,#958,#959,#960,#961,#962,#963,#964,#965,
    #966,#967,#968,#969,#970,#971,#972,#973,#974,#975,#976,#977,#978,
    #979,#980,#981,#982,#983,#984,#985,#986,#987,#988,#989,#990,#991,
    #992),.UNSPECIFIED.,.F.,.F.,(7,5,5,5,5,5,5,5,5,5,5,5,5,5,7),(0.,
    0.105389563748,0.244811528753,0.294751047608,0.360690351622,
    0.413564250605,0.442140702296,0.50197436511,0.557152460902,
    0.584922284121,0.637549163467,0.703966057855,0.754132803459,
    0.894535408999,1.),.UNSPECIFIED.);
#921 = CARTESIAN_POINT('',(2.125606759775,0.991011141265));
#922 = CARTESIAN_POINT('',(2.12857038686,0.991674495391));
#923 = CARTESIAN_POINT('',(2.13156487434,0.992157537938));
#924 = CARTESIAN_POINT('',(2.134576894759,0.992463639002));
#925 = CARTESIAN_POINT('',(2.137594234437,0.992595544021));
#926 = CARTESIAN_POINT('',(2.140605593439,0.992555121866));
#927 = CARTESIAN_POINT('',(2.147562256008,0.992062642049));
#928 = CARTESIAN_POINT('',(2.151493452206,0.991481964324));
#929 = CARTESIAN_POINT('',(2.155371132497,0.990603030627));
#930 = CARTESIAN_POINT('',(2.159168172637,0.989423264455));
#931 = CARTESIAN_POINT('',(2.162853367535,0.987938782722));
#932 = CARTESIAN_POINT('',(2.167655483012,0.985496332875));
#933 = CARTESIAN_POINT('',(2.168902563196,0.984812024477));
#934 = CARTESIAN_POINT('',(2.170128448795,0.984087186938));
#935 = CARTESIAN_POINT('',(2.171331078077,0.983321484379));
#936 = CARTESIAN_POINT('',(2.172508160346,0.982514602959));
#937 = CARTESIAN_POINT('',(2.175174316885,0.980546100979));
#938 = CARTESIAN_POINT('',(2.176642432265,0.979353724493));
#939 = CARTESIAN_POINT('',(2.178055819763,0.978088433747));
#940 = CARTESIAN_POINT('',(2.179407633891,0.976749928588));
#941 = CARTESIAN_POINT('',(2.18069008894,0.975338579438));
#942 = CARTESIAN_POINT('',(2.182860557309,0.972666661251));
#943 = CARTESIAN_POINT('',(2.18377632188,0.971431691813));
#944 = CARTESIAN_POINT('',(2.184637524108,0.970151580391));
#945 = CARTESIAN_POINT('',(2.185439281384,0.968827696445));
#946 = CARTESIAN_POINT('',(2.18617654799,0.967462202307));
#947 = CARTESIAN_POINT('',(2.187205354887,0.965299471605));
#948 = CARTESIAN_POINT('',(2.187546033775,0.964529463942));
#949 = CARTESIAN_POINT('',(2.187865647362,0.963748738914));
#950 = CARTESIAN_POINT('',(2.188163442553,0.962957895202));
#951 = CARTESIAN_POINT('',(2.18843870555,0.962157623214));
#952 = CARTESIAN_POINT('',(2.189218519878,0.959654984151));
#953 = CARTESIAN_POINT('',(2.189644631995,0.95792311598));
#954 = CARTESIAN_POINT('',(2.189962850962,0.956160789448));
#955 = CARTESIAN_POINT('',(2.190168529613,0.954376826625));
#956 = CARTESIAN_POINT('',(2.190259243436,0.95258117134));
#957 = CARTESIAN_POINT('',(2.190213437088,0.949128351015));
#958 = CARTESIAN_POINT('',(2.190094043782,0.947470805564));
#959 = CARTESIAN_POINT('',(2.189877502424,0.945820851849));
#960 = CARTESIAN_POINT('',(2.189566104294,0.944186285632));
#961 = CARTESIAN_POINT('',(2.189163687182,0.942574072233));
#962 = CARTESIAN_POINT('',(2.188429295588,0.940193271412));
#963 = CARTESIAN_POINT('',(2.188161605477,0.93940338558));
#964 = CARTESIAN_POINT('',(2.187872713807,0.938621414004));
#965 = CARTESIAN_POINT('',(2.187563278856,0.937848017396));
#966 = CARTESIAN_POINT('',(2.187233992843,0.937083776489));
#967 = CARTESIAN_POINT('',(2.186225304801,0.934899171227));
#968 = CARTESIAN_POINT('',(2.185496335381,0.933503857867));
#969 = CARTESIAN_POINT('',(2.184703525376,0.93214660414));
#970 = CARTESIAN_POINT('',(2.183851844926,0.930829794799));
#971 = CARTESIAN_POINT('',(2.182946102731,0.929555029895));
#972 = CARTESIAN_POINT('',(2.180784873073,0.92676883232));
#973 = CARTESIAN_POINT('',(2.179500017315,0.925283021246));
#974 = CARTESIAN_POINT('',(2.178144802669,0.923867683945));
#975 = CARTESIAN_POINT('',(2.17672717277,0.922523611401));
#976 = CARTESIAN_POINT('',(2.175254104525,0.921250857424));
#977 = CARTESIAN_POINT('',(2.172581256583,0.919141235126));
#978 = CARTESIAN_POINT('',(2.171402848549,0.918273955664));
#979 = CARTESIAN_POINT('',(2.170198721583,0.917447018063));
#980 = CARTESIAN_POINT('',(2.168971187629,0.916660224455));
#981 = CARTESIAN_POINT('',(2.167722326408,0.915913342832));
#982 = CARTESIAN_POINT('',(2.162904255834,0.913226753066));
#983 = CARTESIAN_POINT('',(2.159203358813,0.91155874649));
#984 = CARTESIAN_POINT('',(2.155389553891,0.910194787006));
#985 = CARTESIAN_POINT('',(2.151494461175,0.909132563756));
#986 = CARTESIAN_POINT('',(2.147545550968,0.90837081968));
#987 = CARTESIAN_POINT('',(2.140576615772,0.90756849648));
#988 = CARTESIAN_POINT('',(2.137570930686,0.907395724531));
#989 = CARTESIAN_POINT('',(2.134559404984,0.907395578133));
#990 = CARTESIAN_POINT('',(2.131553264549,0.907570424811));
#991 = CARTESIAN_POINT('',(2.12856463841,0.907923514297));
#992 = CARTESIAN_POINT('',(2.125606759775,0.908458734648));
#993 = ( GEOMETRIC_REPRESENTATION_CONTEXT(2) 
PARAMETRIC_REPRESENTATION_CONTEXT() REPRESENTATION_CONTEXT('2D SPACE',''
  ) );
#994 = PCURVE('',#685,#995);
#995 = DEFINITIONAL_REPRESENTATION('',(#996),#1069);
#996 = B_SPLINE_CURVE_WITH_KNOTS('',6,(#997,#998,#999,#1000,#1001,#1002,
    #1003,#1004,#1005,#1006,#1007,#1008,#1009,#1010,#1011,#1012,#1013,
    #1014,#1015,#1016,#1017,#1018,#1019,#1020,#1021,#1022,#1023,#1024,
    #1025,#1026,#1027,#1028,#1029,#1030,#1031,#1032,#1033,#1034,#1035,
    #1036,#1037,#1038,#1039,#1040,#1041,#1042,#1043,#1044,#1045,#1046,
    #1047,#1048,#1049,#1050,#1051,#1052,#1053,#1054,#1055,#1056,#1057,
    #1058,#1059,#1060,#1061,#1062,#1063,#1064,#1065,#1066,#1067,#1068),
  .UNSPECIFIED.,.F.,.F.,(7,5,5,5,5,5,5,5,5,5,5,5,5,5,7),(0.,
    0.105389563748,0.244811528753,0.294751047608,0.360690351622,
    0.413564250605,0.442140702296,0.50197436511,0.557152460902,
    0.584922284121,0.637549163467,0.703966057855,0.754132803459,
    0.894535408999,1.),.UNSPECIFIED.);
#997 = CARTESIAN_POINT('',(-1.305321497026,-0.999987349712));
#998 = CARTESIAN_POINT('',(-1.364811840794,-1.062434787027));
#999 = CARTESIAN_POINT('',(-1.423750298355,-1.125890838332));
#1000 = CARTESIAN_POINT('',(-1.482280397434,-1.190087705145));
#1001 = CARTESIAN_POINT('',(-1.540531694503,-1.254770369916));
#1002 = CARTESIAN_POINT('',(-1.598636517338,-1.319693724594));
#1003 = CARTESIAN_POINT('',(-1.733621842258,-1.470511571547));
#1004 = CARTESIAN_POINT('',(-1.810474242457,-1.556371603048));
#1005 = CARTESIAN_POINT('',(-1.887684696861,-1.641683810064));
#1006 = CARTESIAN_POINT('',(-1.965582005816,-1.725815303609));
#1007 = CARTESIAN_POINT('',(-2.044502358834,-1.808014275338));
#1008 = CARTESIAN_POINT('',(-2.153719321774,-1.915773653081));
#1009 = CARTESIAN_POINT('',(-2.182710379505,-1.943821827292));
#1010 = CARTESIAN_POINT('',(-2.211907954539,-1.971454413965));
#1011 = CARTESIAN_POINT('',(-2.241330693283,-1.998620872967));
#1012 = CARTESIAN_POINT('',(-2.270997092257,-2.025264951967));
#1013 = CARTESIAN_POINT('',(-2.340442463767,-2.085733523232));
#1014 = CARTESIAN_POINT('',(-2.380414081501,-2.119121447719));
#1015 = CARTESIAN_POINT('',(-2.420885259083,-2.151348038092));
#1016 = CARTESIAN_POINT('',(-2.461892538249,-2.18224507542));
#1017 = CARTESIAN_POINT('',(-2.503464774523,-2.21162128375));
#1018 = CARTESIAN_POINT('',(-2.579429344575,-2.261435040342));
#1019 = CARTESIAN_POINT('',(-2.613610329799,-2.282489142757));
#1020 = CARTESIAN_POINT('',(-2.648175331015,-2.302320532902));
#1021 = CARTESIAN_POINT('',(-2.683125031113,-2.320809413946));
#1022 = CARTESIAN_POINT('',(-2.718450092672,-2.337832073661));
#1023 = CARTESIAN_POINT('',(-2.773412193659,-2.361610444981));
#1024 = CARTESIAN_POINT('',(-2.792798531394,-2.369489519998));
#1025 = CARTESIAN_POINT('',(-2.812284376782,-2.376885736097));
#1026 = CARTESIAN_POINT('',(-2.831864886791,-2.383780650468));
#1027 = CARTESIAN_POINT('',(-2.851534024824,-2.390156787755));
#1028 = CARTESIAN_POINT('',(-2.912638431985,-2.408227275499));
#1029 = CARTESIAN_POINT('',(-2.954355165083,-2.418112405791));
#1030 = CARTESIAN_POINT('',(-2.99635515253,-2.425500297592));
#1031 = CARTESIAN_POINT('',(-3.038553561291,-2.430277234022));
#1032 = CARTESIAN_POINT('',(-3.08085095103,-2.432383843715));
#1033 = CARTESIAN_POINT('',(-3.162107639943,-2.431320076366));
#1034 = CARTESIAN_POINT('',(-3.201081582069,-2.428547422481));
#1035 = CARTESIAN_POINT('',(-3.239950211603,-2.423518960678));
#1036 = CARTESIAN_POINT('',(-3.278636264915,-2.41629068163));
#1037 = CARTESIAN_POINT('',(-3.317074539916,-2.406956403409));
#1038 = CARTESIAN_POINT('',(-3.374396227093,-2.389938861539));
#1039 = CARTESIAN_POINT('',(-3.393509885279,-2.38373822575));
#1040 = CARTESIAN_POINT('',(-3.412540153346,-2.377049464934));
#1041 = CARTESIAN_POINT('',(-3.431481558568,-2.369888687336));
#1042 = CARTESIAN_POINT('',(-3.450329690778,-2.362272837811));
#1043 = CARTESIAN_POINT('',(-3.504617386046,-2.338958108893));
#1044 = CARTESIAN_POINT('',(-3.539805858669,-2.322125843962));
#1045 = CARTESIAN_POINT('',(-3.574625378113,-2.303841753664));
#1046 = CARTESIAN_POINT('',(-3.609066601261,-2.284227661476));
#1047 = CARTESIAN_POINT('',(-3.643129994115,-2.263401523084));
#1048 = CARTESIAN_POINT('',(-3.719346386527,-2.21379300409));
#1049 = CARTESIAN_POINT('',(-3.761277319581,-2.184357768048));
#1050 = CARTESIAN_POINT('',(-3.802638439861,-2.153378872655));
#1051 = CARTESIAN_POINT('',(-3.843458813122,-2.121051447246));
#1052 = CARTESIAN_POINT('',(-3.883775380439,-2.087546925774));
#1053 = CARTESIAN_POINT('',(-3.953739869483,-2.026920056509));
#1054 = CARTESIAN_POINT('',(-3.983583361356,-2.00024312733));
#1055 = CARTESIAN_POINT('',(-4.013182568963,-1.973039994016));
#1056 = CARTESIAN_POINT('',(-4.042556065652,-1.94536742943));
#1057 = CARTESIAN_POINT('',(-4.071722571329,-1.917276414888));
#1058 = CARTESIAN_POINT('',(-4.181803287616,-1.809148644165));
#1059 = CARTESIAN_POINT('',(-4.261401285083,-1.726593293998));
#1060 = CARTESIAN_POINT('',(-4.339971173342,-1.642086469668));
#1061 = CARTESIAN_POINT('',(-4.417851804562,-1.556390013802));
#1062 = CARTESIAN_POINT('',(-4.495374618873,-1.470144823941));
#1063 = CARTESIAN_POINT('',(-4.631176060553,-1.319068981279));
#1064 = CARTESIAN_POINT('',(-4.689424627307,-1.254270803122));
#1065 = CARTESIAN_POINT('',(-4.747819971141,-1.189714933701));
#1066 = CARTESIAN_POINT('',(-4.8064929283,-1.125644816516));
#1067 = CARTESIAN_POINT('',(-4.865571571372,-1.062313659789));
#1068 = CARTESIAN_POINT('',(-4.925197769156,-0.999987349712));
#1069 = ( GEOMETRIC_REPRESENTATION_CONTEXT(2) 
PARAMETRIC_REPRESENTATION_CONTEXT() REPRESENTATION_CONTEXT('2D SPACE',''
  ) );
#1070 = ADVANCED_FACE('',(#1071),#132,.T.);
#1071 = FACE_BOUND('',#1072,.T.);
#1072 = EDGE_LOOP('',(#1073,#1074,#1104));
#1073 = ORIENTED_EDGE('',*,*,#766,.F.);
#1074 = ORIENTED_EDGE('',*,*,#1075,.F.);
#1075 = EDGE_CURVE('',#85,#736,#1076,.T.);
#1076 = SURFACE_CURVE('',#1077,(#1084,#1094),.PCURVE_S1.);
#1077 = B_SPLINE_CURVE_WITH_KNOTS('',5,(#1078,#1079,#1080,#1081,#1082,
    #1083),.UNSPECIFIED.,.F.,.F.,(6,6),(0.,1.),
  .PIECEWISE_BEZIER_KNOTS.);
#1078 = CARTESIAN_POINT('',(-24.,-71.83702940211,1.000000153795E-07));
#1079 = CARTESIAN_POINT('',(-23.52987603798,-71.45657448692,
    1.000000153795E-07));
#1080 = CARTESIAN_POINT('',(-23.05472343559,-71.08227847578,
    1.000000153795E-07));
#1081 = CARTESIAN_POINT('',(-22.57443199929,-70.71449539243,
    1.000000153795E-07));
#1082 = CARTESIAN_POINT('',(-22.08890991459,-70.35360411637,
    1.000000153795E-07));
#1083 = CARTESIAN_POINT('',(-21.59809019762,-70.,1.000000153795E-07));
#1084 = PCURVE('',#132,#1085);
#1085 = DEFINITIONAL_REPRESENTATION('',(#1086),#1093);
#1086 = B_SPLINE_CURVE_WITH_KNOTS('',5,(#1087,#1088,#1089,#1090,#1091,
    #1092),.UNSPECIFIED.,.F.,.F.,(6,6),(0.,1.),
  .PIECEWISE_BEZIER_KNOTS.);
#1087 = CARTESIAN_POINT('',(0.609599774449,0.816297059789));
#1088 = CARTESIAN_POINT('',(0.599089681404,0.854342551307));
#1089 = CARTESIAN_POINT('',(0.588359155346,0.891772152422));
#1090 = CARTESIAN_POINT('',(0.57740438183,0.928550460757));
#1091 = CARTESIAN_POINT('',(0.566222323236,0.964639588362));
#1092 = CARTESIAN_POINT('',(0.554811033336,1.));
#1093 = ( GEOMETRIC_REPRESENTATION_CONTEXT(2) 
PARAMETRIC_REPRESENTATION_CONTEXT() REPRESENTATION_CONTEXT('2D SPACE',''
  ) );
#1094 = PCURVE('',#100,#1095);
#1095 = DEFINITIONAL_REPRESENTATION('',(#1096),#1103);
#1096 = B_SPLINE_CURVE_WITH_KNOTS('',5,(#1097,#1098,#1099,#1100,#1101,
    #1102),.UNSPECIFIED.,.F.,.F.,(6,6),(0.,1.),
  .PIECEWISE_BEZIER_KNOTS.);
#1097 = CARTESIAN_POINT('',(0.,6.662970597889));
#1098 = CARTESIAN_POINT('',(0.470123962019,7.043425513072));
#1099 = CARTESIAN_POINT('',(0.945276564402,7.417721524217));
#1100 = CARTESIAN_POINT('',(1.425568000704,7.78550460757));
#1101 = CARTESIAN_POINT('',(1.911090085407,8.146395883624));
#1102 = CARTESIAN_POINT('',(2.401909802378,8.5));
#1103 = ( GEOMETRIC_REPRESENTATION_CONTEXT(2) 
PARAMETRIC_REPRESENTATION_CONTEXT() REPRESENTATION_CONTEXT('2D SPACE',''
  ) );
#1104 = ORIENTED_EDGE('',*,*,#112,.T.);
#1105 = ADVANCED_FACE('',(#1106,#1524,#1554),#100,.F.);
#1106 = FACE_BOUND('',#1107,.F.);
#1107 = EDGE_LOOP('',(#1108,#1109,#1133,#1156,#1184,#1207,#1260,#1289,
    #1317,#1346,#1396,#1419,#1467,#1468,#1496,#1522,#1523));
#1108 = ORIENTED_EDGE('',*,*,#84,.F.);
#1109 = ORIENTED_EDGE('',*,*,#1110,.T.);
#1110 = EDGE_CURVE('',#57,#1111,#1113,.T.);
#1111 = VERTEX_POINT('',#1112);
#1112 = CARTESIAN_POINT('',(-21.,-78.5,1.000000153795E-07));
#1113 = SURFACE_CURVE('',#1114,(#1119,#1126),.PCURVE_S1.);
#1114 = CIRCLE('',#1115,3.);
#1115 = AXIS2_PLACEMENT_3D('',#1116,#1117,#1118);
#1116 = CARTESIAN_POINT('',(-21.,-75.5,1.000000153795E-07));
#1117 = DIRECTION('',(0.,0.,1.));
#1118 = DIRECTION('',(0.,-1.,0.));
#1119 = PCURVE('',#100,#1120);
#1120 = DEFINITIONAL_REPRESENTATION('',(#1121),#1125);
#1121 = CIRCLE('',#1122,3.);
#1122 = AXIS2_PLACEMENT_2D('',#1123,#1124);
#1123 = CARTESIAN_POINT('',(3.,3.));
#1124 = DIRECTION('',(0.,-1.));
#1125 = ( GEOMETRIC_REPRESENTATION_CONTEXT(2) 
PARAMETRIC_REPRESENTATION_CONTEXT() REPRESENTATION_CONTEXT('2D SPACE',''
  ) );
#1126 = PCURVE('',#72,#1127);
#1127 = DEFINITIONAL_REPRESENTATION('',(#1128),#1132);
#1128 = LINE('',#1129,#1130);
#1129 = CARTESIAN_POINT('',(-4.712388980385,0.));
#1130 = VECTOR('',#1131,1.);
#1131 = DIRECTION('',(1.,0.));
#1132 = ( GEOMETRIC_REPRESENTATION_CONTEXT(2) 
PARAMETRIC_REPRESENTATION_CONTEXT() REPRESENTATION_CONTEXT('2D SPACE',''
  ) );
#1133 = ORIENTED_EDGE('',*,*,#1134,.T.);
#1134 = EDGE_CURVE('',#1111,#1135,#1137,.T.);
#1135 = VERTEX_POINT('',#1136);
#1136 = CARTESIAN_POINT('',(21.,-78.5,1.000000153795E-07));
#1137 = SURFACE_CURVE('',#1138,(#1142,#1149),.PCURVE_S1.);
#1138 = LINE('',#1139,#1140);
#1139 = CARTESIAN_POINT('',(-24.,-78.5,1.000000153795E-07));
#1140 = VECTOR('',#1141,1.);
#1141 = DIRECTION('',(1.,0.,0.));
#1142 = PCURVE('',#100,#1143);
#1143 = DEFINITIONAL_REPRESENTATION('',(#1144),#1148);
#1144 = LINE('',#1145,#1146);
#1145 = CARTESIAN_POINT('',(0.,0.));
#1146 = VECTOR('',#1147,1.);
#1147 = DIRECTION('',(1.,0.));
#1148 = ( GEOMETRIC_REPRESENTATION_CONTEXT(2) 
PARAMETRIC_REPRESENTATION_CONTEXT() REPRESENTATION_CONTEXT('2D SPACE',''
  ) );
#1149 = PCURVE('',#270,#1150);
#1150 = DEFINITIONAL_REPRESENTATION('',(#1151),#1155);
#1151 = LINE('',#1152,#1153);
#1152 = CARTESIAN_POINT('',(0.,0.));
#1153 = VECTOR('',#1154,1.);
#1154 = DIRECTION('',(0.,1.));
#1155 = ( GEOMETRIC_REPRESENTATION_CONTEXT(2) 
PARAMETRIC_REPRESENTATION_CONTEXT() REPRESENTATION_CONTEXT('2D SPACE',''
  ) );
#1156 = ORIENTED_EDGE('',*,*,#1157,.F.);
#1157 = EDGE_CURVE('',#1158,#1135,#1160,.T.);
#1158 = VERTEX_POINT('',#1159);
#1159 = CARTESIAN_POINT('',(24.,-75.5,1.000000153795E-07));
#1160 = SURFACE_CURVE('',#1161,(#1166,#1177),.PCURVE_S1.);
#1161 = CIRCLE('',#1162,3.);
#1162 = AXIS2_PLACEMENT_3D('',#1163,#1164,#1165);
#1163 = CARTESIAN_POINT('',(21.,-75.5,1.000000153795E-07));
#1164 = DIRECTION('',(-0.,-0.,-1.));
#1165 = DIRECTION('',(0.,-1.,0.));
#1166 = PCURVE('',#100,#1167);
#1167 = DEFINITIONAL_REPRESENTATION('',(#1168),#1176);
#1168 = ( BOUNDED_CURVE() B_SPLINE_CURVE(2,(#1169,#1170,#1171,#1172,
#1173,#1174,#1175),.UNSPECIFIED.,.T.,.F.) B_SPLINE_CURVE_WITH_KNOTS((1,2
    ,2,2,2,1),(-2.094395102393,0.,2.094395102393,4.188790204786,
6.28318530718,8.377580409573),.UNSPECIFIED.) CURVE() 
GEOMETRIC_REPRESENTATION_ITEM() RATIONAL_B_SPLINE_CURVE((1.,0.5,1.,0.5,
1.,0.5,1.)) REPRESENTATION_ITEM('') );
#1169 = CARTESIAN_POINT('',(45.,0.));
#1170 = CARTESIAN_POINT('',(39.803847577293,0.));
#1171 = CARTESIAN_POINT('',(42.401923788647,4.5));
#1172 = CARTESIAN_POINT('',(45.,9.));
#1173 = CARTESIAN_POINT('',(47.598076211353,4.5));
#1174 = CARTESIAN_POINT('',(50.196152422707,4.440892098501E-15));
#1175 = CARTESIAN_POINT('',(45.,0.));
#1176 = ( GEOMETRIC_REPRESENTATION_CONTEXT(2) 
PARAMETRIC_REPRESENTATION_CONTEXT() REPRESENTATION_CONTEXT('2D SPACE',''
  ) );
#1177 = PCURVE('',#303,#1178);
#1178 = DEFINITIONAL_REPRESENTATION('',(#1179),#1183);
#1179 = LINE('',#1180,#1181);
#1180 = CARTESIAN_POINT('',(4.712388980385,-0.));
#1181 = VECTOR('',#1182,1.);
#1182 = DIRECTION('',(-1.,0.));
#1183 = ( GEOMETRIC_REPRESENTATION_CONTEXT(2) 
PARAMETRIC_REPRESENTATION_CONTEXT() REPRESENTATION_CONTEXT('2D SPACE',''
  ) );
#1184 = ORIENTED_EDGE('',*,*,#1185,.T.);
#1185 = EDGE_CURVE('',#1158,#1186,#1188,.T.);
#1186 = VERTEX_POINT('',#1187);
#1187 = CARTESIAN_POINT('',(24.,-71.83702940142,1.000000153795E-07));
#1188 = SURFACE_CURVE('',#1189,(#1193,#1200),.PCURVE_S1.);
#1189 = LINE('',#1190,#1191);
#1190 = CARTESIAN_POINT('',(24.,-78.5,1.000000153795E-07));
#1191 = VECTOR('',#1192,1.);
#1192 = DIRECTION('',(0.,1.,0.));
#1193 = PCURVE('',#100,#1194);
#1194 = DEFINITIONAL_REPRESENTATION('',(#1195),#1199);
#1195 = LINE('',#1196,#1197);
#1196 = CARTESIAN_POINT('',(48.,0.));
#1197 = VECTOR('',#1198,1.);
#1198 = DIRECTION('',(0.,1.));
#1199 = ( GEOMETRIC_REPRESENTATION_CONTEXT(2) 
PARAMETRIC_REPRESENTATION_CONTEXT() REPRESENTATION_CONTEXT('2D SPACE',''
  ) );
#1200 = PCURVE('',#331,#1201);
#1201 = DEFINITIONAL_REPRESENTATION('',(#1202),#1206);
#1202 = LINE('',#1203,#1204);
#1203 = CARTESIAN_POINT('',(0.,0.));
#1204 = VECTOR('',#1205,1.);
#1205 = DIRECTION('',(0.,-1.));
#1206 = ( GEOMETRIC_REPRESENTATION_CONTEXT(2) 
PARAMETRIC_REPRESENTATION_CONTEXT() REPRESENTATION_CONTEXT('2D SPACE',''
  ) );
#1207 = ORIENTED_EDGE('',*,*,#1208,.T.);
#1208 = EDGE_CURVE('',#1186,#1209,#1211,.T.);
#1209 = VERTEX_POINT('',#1210);
#1210 = CARTESIAN_POINT('',(21.598090193348,-70.,1.000000153795E-07));
#1211 = SURFACE_CURVE('',#1212,(#1219,#1229),.PCURVE_S1.);
#1212 = B_SPLINE_CURVE_WITH_KNOTS('',5,(#1213,#1214,#1215,#1216,#1217,
    #1218),.UNSPECIFIED.,.F.,.F.,(6,6),(0.,1.),
  .PIECEWISE_BEZIER_KNOTS.);
#1213 = CARTESIAN_POINT('',(24.,-71.83702940142,1.000000153795E-07));
#1214 = CARTESIAN_POINT('',(23.529876038338,-71.45657448628,
    1.000000153795E-07));
#1215 = CARTESIAN_POINT('',(23.054723436278,-71.08227847521,
    1.000000153795E-07));
#1216 = CARTESIAN_POINT('',(22.574432000259,-70.71449539199,
    1.000000153795E-07));
#1217 = CARTESIAN_POINT('',(22.088909915793,-70.35360411612,
    1.000000153795E-07));
#1218 = CARTESIAN_POINT('',(21.598090199013,-70.,1.000000153795E-07));
#1219 = PCURVE('',#100,#1220);
#1220 = DEFINITIONAL_REPRESENTATION('',(#1221),#1228);
#1221 = B_SPLINE_CURVE_WITH_KNOTS('',5,(#1222,#1223,#1224,#1225,#1226,
    #1227),.UNSPECIFIED.,.F.,.F.,(6,6),(0.,1.),
  .PIECEWISE_BEZIER_KNOTS.);
#1222 = CARTESIAN_POINT('',(48.,6.662970598574));
#1223 = CARTESIAN_POINT('',(47.529876038338,7.043425513716));
#1224 = CARTESIAN_POINT('',(47.054723436278,7.417721524782));
#1225 = CARTESIAN_POINT('',(46.574432000259,7.785504608007));
#1226 = CARTESIAN_POINT('',(46.088909915793,8.146395883874));
#1227 = CARTESIAN_POINT('',(45.598090199013,8.5));
#1228 = ( GEOMETRIC_REPRESENTATION_CONTEXT(2) 
PARAMETRIC_REPRESENTATION_CONTEXT() REPRESENTATION_CONTEXT('2D SPACE',''
  ) );
#1229 = PCURVE('',#1230,#1251);
#1230 = B_SPLINE_SURFACE_WITH_KNOTS('',9,1,(
    (#1231,#1232)
    ,(#1233,#1234)
    ,(#1235,#1236)
    ,(#1237,#1238)
    ,(#1239,#1240)
    ,(#1241,#1242)
    ,(#1243,#1244)
    ,(#1245,#1246)
    ,(#1247,#1248)
    ,(#1249,#1250
    )),.UNSPECIFIED.,.F.,.F.,.F.,(10,10),(2,2),(4.712388980385,
    6.28318530718),(0.,1.),.PIECEWISE_BEZIER_KNOTS.);
#1231 = CARTESIAN_POINT('',(46.,-80.,34.0000001));
#1232 = CARTESIAN_POINT('',(41.,-70.,34.0000001));
#1233 = CARTESIAN_POINT('',(46.,-80.,25.622419690428));
#1234 = CARTESIAN_POINT('',(41.,-70.,27.018683092023));
#1235 = CARTESIAN_POINT('',(44.423604980046,-79.99999999999,
    17.2448391608));
#1236 = CARTESIAN_POINT('',(39.594952264824,-69.99999999999,20.037365984
    ));
#1237 = CARTESIAN_POINT('',(41.270813837259,-80.00000000001,
    9.236381868285));
#1238 = CARTESIAN_POINT('',(36.784855811469,-70.00000000001,
    13.363651573571));
#1239 = CARTESIAN_POINT('',(36.63424081289,-79.99999999998,
    1.966165945703));
#1240 = CARTESIAN_POINT('',(32.652258115837,-69.99999999998,
    7.305138304751));
#1241 = CARTESIAN_POINT('',(30.699091064527,-80.00000000001,
    -4.227033791702));
#1242 = CARTESIAN_POINT('',(27.362233340122,-70.00000000001,
    2.144138523583));
#1243 = CARTESIAN_POINT('',(23.731800805399,-79.99999999999,
    -9.06519694758));
#1244 = CARTESIAN_POINT('',(21.152257239596,-69.99999999999,
    -1.887664106318));
#1245 = CARTESIAN_POINT('',(16.057029233398,-80.,-12.35506596613));
#1246 = CARTESIAN_POINT('',(14.311699968898,-70.,-4.629221621776));
#1247 = CARTESIAN_POINT('',(8.028514559174,-79.99999999999,-13.9999999)
  );
#1248 = CARTESIAN_POINT('',(7.155849933177,-69.99999999999,-5.9999999));
#1249 = CARTESIAN_POINT('',(1.42108547152E-14,-80.,-13.9999999));
#1250 = CARTESIAN_POINT('',(3.552713678801E-15,-70.,-5.9999999));
#1251 = DEFINITIONAL_REPRESENTATION('',(#1252),#1259);
#1252 = B_SPLINE_CURVE_WITH_KNOTS('',5,(#1253,#1254,#1255,#1256,#1257,
    #1258),.UNSPECIFIED.,.F.,.F.,(6,6),(0.,1.),
  .PIECEWISE_BEZIER_KNOTS.);
#1253 = CARTESIAN_POINT('',(5.673585532896,0.816297059857));
#1254 = CARTESIAN_POINT('',(5.68409562596,0.854342551372));
#1255 = CARTESIAN_POINT('',(5.694826152038,0.891772152478));
#1256 = CARTESIAN_POINT('',(5.705780925572,0.928550460801));
#1257 = CARTESIAN_POINT('',(5.716962984184,0.964639588387));
#1258 = CARTESIAN_POINT('',(5.728374274099,1.));
#1259 = ( GEOMETRIC_REPRESENTATION_CONTEXT(2) 
PARAMETRIC_REPRESENTATION_CONTEXT() REPRESENTATION_CONTEXT('2D SPACE',''
  ) );
#1260 = ORIENTED_EDGE('',*,*,#1261,.T.);
#1261 = EDGE_CURVE('',#1209,#1262,#1264,.T.);
#1262 = VERTEX_POINT('',#1263);
#1263 = CARTESIAN_POINT('',(20.640969645517,-33.66165495953,
    1.000000153795E-07));
#1264 = SURFACE_CURVE('',#1265,(#1271,#1280),.PCURVE_S1.);
#1265 = B_SPLINE_CURVE_WITH_KNOTS('',4,(#1266,#1267,#1268,#1269,#1270),
  .UNSPECIFIED.,.F.,.F.,(5,5),(0.,1.),.PIECEWISE_BEZIER_KNOTS.);
#1266 = CARTESIAN_POINT('',(21.598090199013,-70.,1.000000153795E-07));
#1267 = CARTESIAN_POINT('',(21.334698855123,-60.,1.000000153795E-07));
#1268 = CARTESIAN_POINT('',(21.071307511233,-50.,1.000000153795E-07));
#1269 = CARTESIAN_POINT('',(20.807916167342,-40.,1.000000153795E-07));
#1270 = CARTESIAN_POINT('',(20.544524823452,-30.,1.000000153795E-07));
#1271 = PCURVE('',#100,#1272);
#1272 = DEFINITIONAL_REPRESENTATION('',(#1273),#1279);
#1273 = B_SPLINE_CURVE_WITH_KNOTS('',4,(#1274,#1275,#1276,#1277,#1278),
  .UNSPECIFIED.,.F.,.F.,(5,5),(0.,1.),.PIECEWISE_BEZIER_KNOTS.);
#1274 = CARTESIAN_POINT('',(45.598090199013,8.5));
#1275 = CARTESIAN_POINT('',(45.334698855123,18.5));
#1276 = CARTESIAN_POINT('',(45.071307511233,28.5));
#1277 = CARTESIAN_POINT('',(44.807916167342,38.5));
#1278 = CARTESIAN_POINT('',(44.544524823452,48.5));
#1279 = ( GEOMETRIC_REPRESENTATION_CONTEXT(2) 
PARAMETRIC_REPRESENTATION_CONTEXT() REPRESENTATION_CONTEXT('2D SPACE',''
  ) );
#1280 = PCURVE('',#365,#1281);
#1281 = DEFINITIONAL_REPRESENTATION('',(#1282),#1288);
#1282 = B_SPLINE_CURVE_WITH_KNOTS('',4,(#1283,#1284,#1285,#1286,#1287),
  .UNSPECIFIED.,.F.,.F.,(5,5),(0.,1.),.PIECEWISE_BEZIER_KNOTS.);
#1283 = CARTESIAN_POINT('',(1.015985293714,0.));
#1284 = CARTESIAN_POINT('',(1.015985293714,0.25));
#1285 = CARTESIAN_POINT('',(1.015985293714,0.5));
#1286 = CARTESIAN_POINT('',(1.015985293714,0.75));
#1287 = CARTESIAN_POINT('',(1.015985293714,1.));
#1288 = ( GEOMETRIC_REPRESENTATION_CONTEXT(2) 
PARAMETRIC_REPRESENTATION_CONTEXT() REPRESENTATION_CONTEXT('2D SPACE',''
  ) );
#1289 = ORIENTED_EDGE('',*,*,#1290,.T.);
#1290 = EDGE_CURVE('',#1262,#1291,#1293,.T.);
#1291 = VERTEX_POINT('',#1292);
#1292 = CARTESIAN_POINT('',(20.553995032197,-30.359548974,
    1.000000153795E-07));
#1293 = SURFACE_CURVE('',#1294,(#1299,#1310),.PCURVE_S1.);
#1294 = CIRCLE('',#1295,1.7);
#1295 = AXIS2_PLACEMENT_3D('',#1296,#1297,#1298);
#1296 = CARTESIAN_POINT('',(21.,-32.,1.000000153795E-07));
#1297 = DIRECTION('',(0.,0.,-1.));
#1298 = DIRECTION('',(1.,0.,0.));
#1299 = PCURVE('',#100,#1300);
#1300 = DEFINITIONAL_REPRESENTATION('',(#1301),#1309);
#1301 = ( BOUNDED_CURVE() B_SPLINE_CURVE(2,(#1302,#1303,#1304,#1305,
#1306,#1307,#1308),.UNSPECIFIED.,.T.,.F.) B_SPLINE_CURVE_WITH_KNOTS((1,2
    ,2,2,2,1),(-2.094395102393,0.,2.094395102393,4.188790204786,
6.28318530718,8.377580409573),.UNSPECIFIED.) CURVE() 
GEOMETRIC_REPRESENTATION_ITEM() RATIONAL_B_SPLINE_CURVE((1.,0.5,1.,0.5,
1.,0.5,1.)) REPRESENTATION_ITEM('') );
#1302 = CARTESIAN_POINT('',(46.7,46.5));
#1303 = CARTESIAN_POINT('',(46.7,43.555513627133));
#1304 = CARTESIAN_POINT('',(44.15,45.027756813566));
#1305 = CARTESIAN_POINT('',(41.6,46.5));
#1306 = CARTESIAN_POINT('',(44.15,47.972243186434));
#1307 = CARTESIAN_POINT('',(46.7,49.444486372867));
#1308 = CARTESIAN_POINT('',(46.7,46.5));
#1309 = ( GEOMETRIC_REPRESENTATION_CONTEXT(2) 
PARAMETRIC_REPRESENTATION_CONTEXT() REPRESENTATION_CONTEXT('2D SPACE',''
  ) );
#1310 = PCURVE('',#720,#1311);
#1311 = DEFINITIONAL_REPRESENTATION('',(#1312),#1316);
#1312 = LINE('',#1313,#1314);
#1313 = CARTESIAN_POINT('',(-6.28318530718,-1.));
#1314 = VECTOR('',#1315,1.);
#1315 = DIRECTION('',(1.,-0.));
#1316 = ( GEOMETRIC_REPRESENTATION_CONTEXT(2) 
PARAMETRIC_REPRESENTATION_CONTEXT() REPRESENTATION_CONTEXT('2D SPACE',''
  ) );
#1317 = ORIENTED_EDGE('',*,*,#1318,.T.);
#1318 = EDGE_CURVE('',#1291,#1319,#1321,.T.);
#1319 = VERTEX_POINT('',#1320);
#1320 = CARTESIAN_POINT('',(20.544524818063,-30.,1.000000295903E-07));
#1321 = SURFACE_CURVE('',#1322,(#1328,#1337),.PCURVE_S1.);
#1322 = B_SPLINE_CURVE_WITH_KNOTS('',4,(#1323,#1324,#1325,#1326,#1327),
  .UNSPECIFIED.,.F.,.F.,(5,5),(0.,1.),.PIECEWISE_BEZIER_KNOTS.);
#1323 = CARTESIAN_POINT('',(21.598090199013,-70.,1.000000153795E-07));
#1324 = CARTESIAN_POINT('',(21.334698855123,-60.,1.000000153795E-07));
#1325 = CARTESIAN_POINT('',(21.071307511233,-50.,1.000000153795E-07));
#1326 = CARTESIAN_POINT('',(20.807916167342,-40.,1.000000153795E-07));
#1327 = CARTESIAN_POINT('',(20.544524823452,-30.,1.000000153795E-07));
#1328 = PCURVE('',#100,#1329);
#1329 = DEFINITIONAL_REPRESENTATION('',(#1330),#1336);
#1330 = B_SPLINE_CURVE_WITH_KNOTS('',4,(#1331,#1332,#1333,#1334,#1335),
  .UNSPECIFIED.,.F.,.F.,(5,5),(0.,1.),.PIECEWISE_BEZIER_KNOTS.);
#1331 = CARTESIAN_POINT('',(45.598090199013,8.5));
#1332 = CARTESIAN_POINT('',(45.334698855123,18.5));
#1333 = CARTESIAN_POINT('',(45.071307511233,28.5));
#1334 = CARTESIAN_POINT('',(44.807916167342,38.5));
#1335 = CARTESIAN_POINT('',(44.544524823452,48.5));
#1336 = ( GEOMETRIC_REPRESENTATION_CONTEXT(2) 
PARAMETRIC_REPRESENTATION_CONTEXT() REPRESENTATION_CONTEXT('2D SPACE',''
  ) );
#1337 = PCURVE('',#365,#1338);
#1338 = DEFINITIONAL_REPRESENTATION('',(#1339),#1345);
#1339 = B_SPLINE_CURVE_WITH_KNOTS('',4,(#1340,#1341,#1342,#1343,#1344),
  .UNSPECIFIED.,.F.,.F.,(5,5),(0.,1.),.PIECEWISE_BEZIER_KNOTS.);
#1340 = CARTESIAN_POINT('',(1.015985293714,0.));
#1341 = CARTESIAN_POINT('',(1.015985293714,0.25));
#1342 = CARTESIAN_POINT('',(1.015985293714,0.5));
#1343 = CARTESIAN_POINT('',(1.015985293714,0.75));
#1344 = CARTESIAN_POINT('',(1.015985293714,1.));
#1345 = ( GEOMETRIC_REPRESENTATION_CONTEXT(2) 
PARAMETRIC_REPRESENTATION_CONTEXT() REPRESENTATION_CONTEXT('2D SPACE',''
  ) );
#1346 = ORIENTED_EDGE('',*,*,#1347,.T.);
#1347 = EDGE_CURVE('',#1319,#1348,#1350,.T.);
#1348 = VERTEX_POINT('',#1349);
#1349 = CARTESIAN_POINT('',(10.641709577469,-25.5,1.000000153795E-07));
#1350 = SURFACE_CURVE('',#1351,(#1364,#1380),.PCURVE_S1.);
#1351 = B_SPLINE_CURVE_WITH_KNOTS('',6,(#1352,#1353,#1354,#1355,#1356,
    #1357,#1358,#1359,#1360,#1361,#1362,#1363),.UNSPECIFIED.,.F.,.F.,(7,
    5,7),(0.,0.853549240898,1.),.UNSPECIFIED.);
#1352 = CARTESIAN_POINT('',(20.544524823452,-30.,1.000000153795E-07));
#1353 = CARTESIAN_POINT('',(19.235475593845,-29.16693794452,
    1.000000153795E-07));
#1354 = CARTESIAN_POINT('',(17.888304871596,-28.39274559104,
    1.000000153795E-07));
#1355 = CARTESIAN_POINT('',(16.50462940604,-27.68305193811,
    1.000000153795E-07));
#1356 = CARTESIAN_POINT('',(15.087143289158,-27.0422782396,
    1.000000153795E-07));
#1357 = CARTESIAN_POINT('',(13.639824542475,-26.473261587,
    1.000000153795E-07));
#1358 = CARTESIAN_POINT('',(11.915159156846,-25.89263416815,
    1.000000153795E-07));
#1359 = CARTESIAN_POINT('',(11.661845340957,-25.8097602878,
    1.000000153795E-07));
#1360 = CARTESIAN_POINT('',(11.407819666442,-25.72905364557,
    1.000000153795E-07));
#1361 = CARTESIAN_POINT('',(11.153105806503,-25.65052102902,
    1.000000153795E-07));
#1362 = CARTESIAN_POINT('',(10.897727705204,-25.57416822106,
    1.000000153795E-07));
#1363 = CARTESIAN_POINT('',(10.641709577469,-25.5,1.000000153795E-07));
#1364 = PCURVE('',#100,#1365);
#1365 = DEFINITIONAL_REPRESENTATION('',(#1366),#1379);
#1366 = B_SPLINE_CURVE_WITH_KNOTS('',6,(#1367,#1368,#1369,#1370,#1371,
    #1372,#1373,#1374,#1375,#1376,#1377,#1378),.UNSPECIFIED.,.F.,.F.,(7,
    5,7),(0.,0.853549240898,1.),.UNSPECIFIED.);
#1367 = CARTESIAN_POINT('',(44.544524823452,48.5));
#1368 = CARTESIAN_POINT('',(43.235475593845,49.333062055477));
#1369 = CARTESIAN_POINT('',(41.888304871596,50.107254408951));
#1370 = CARTESIAN_POINT('',(40.50462940604,50.816948061885));
#1371 = CARTESIAN_POINT('',(39.087143289158,51.457721760394));
#1372 = CARTESIAN_POINT('',(37.639824542475,52.026738412993));
#1373 = CARTESIAN_POINT('',(35.915159156846,52.607365831845));
#1374 = CARTESIAN_POINT('',(35.661845340957,52.690239712191));
#1375 = CARTESIAN_POINT('',(35.407819666442,52.770946354425));
#1376 = CARTESIAN_POINT('',(35.153105806503,52.849478970979));
#1377 = CARTESIAN_POINT('',(34.897727705204,52.925831778931));
#1378 = CARTESIAN_POINT('',(34.641709577469,53.));
#1379 = ( GEOMETRIC_REPRESENTATION_CONTEXT(2) 
PARAMETRIC_REPRESENTATION_CONTEXT() REPRESENTATION_CONTEXT('2D SPACE',''
  ) );
#1380 = PCURVE('',#426,#1381);
#1381 = DEFINITIONAL_REPRESENTATION('',(#1382),#1395);
#1382 = B_SPLINE_CURVE_WITH_KNOTS('',6,(#1383,#1384,#1385,#1386,#1387,
    #1388,#1389,#1390,#1391,#1392,#1393,#1394),.UNSPECIFIED.,.F.,.F.,(7,
    5,7),(0.,0.853549240898,1.),.UNSPECIFIED.);
#1383 = CARTESIAN_POINT('',(5.728374274099,0.));
#1384 = CARTESIAN_POINT('',(5.761979343294,9.256245060858E-02));
#1385 = CARTESIAN_POINT('',(5.797075959083,0.178583823217));
#1386 = CARTESIAN_POINT('',(5.833581930671,0.257438673543));
#1387 = CARTESIAN_POINT('',(5.871368341231,0.328635751155));
#1388 = CARTESIAN_POINT('',(5.910265281292,0.391859823666));
#1389 = CARTESIAN_POINT('',(5.956908346805,0.456373981316));
#1390 = CARTESIAN_POINT('',(5.963766366901,0.465582190243));
#1391 = CARTESIAN_POINT('',(5.970650566212,0.474549594936));
#1392 = CARTESIAN_POINT('',(5.977560013074,0.48327544122));
#1393 = CARTESIAN_POINT('',(5.984493772686,0.491759086548));
#1394 = CARTESIAN_POINT('',(5.991450907111,0.5));
#1395 = ( GEOMETRIC_REPRESENTATION_CONTEXT(2) 
PARAMETRIC_REPRESENTATION_CONTEXT() REPRESENTATION_CONTEXT('2D SPACE',''
  ) );
#1396 = ORIENTED_EDGE('',*,*,#1397,.F.);
#1397 = EDGE_CURVE('',#1398,#1348,#1400,.T.);
#1398 = VERTEX_POINT('',#1399);
#1399 = CARTESIAN_POINT('',(-10.64170957891,-25.5,1.000000153795E-07));
#1400 = SURFACE_CURVE('',#1401,(#1405,#1412),.PCURVE_S1.);
#1401 = LINE('',#1402,#1403);
#1402 = CARTESIAN_POINT('',(-24.,-25.5,1.000000153795E-07));
#1403 = VECTOR('',#1404,1.);
#1404 = DIRECTION('',(1.,0.,0.));
#1405 = PCURVE('',#100,#1406);
#1406 = DEFINITIONAL_REPRESENTATION('',(#1407),#1411);
#1407 = LINE('',#1408,#1409);
#1408 = CARTESIAN_POINT('',(0.,53.));
#1409 = VECTOR('',#1410,1.);
#1410 = DIRECTION('',(1.,0.));
#1411 = ( GEOMETRIC_REPRESENTATION_CONTEXT(2) 
PARAMETRIC_REPRESENTATION_CONTEXT() REPRESENTATION_CONTEXT('2D SPACE',''
  ) );
#1412 = PCURVE('',#477,#1413);
#1413 = DEFINITIONAL_REPRESENTATION('',(#1414),#1418);
#1414 = LINE('',#1415,#1416);
#1415 = CARTESIAN_POINT('',(0.,0.));
#1416 = VECTOR('',#1417,1.);
#1417 = DIRECTION('',(0.,1.));
#1418 = ( GEOMETRIC_REPRESENTATION_CONTEXT(2) 
PARAMETRIC_REPRESENTATION_CONTEXT() REPRESENTATION_CONTEXT('2D SPACE',''
  ) );
#1419 = ORIENTED_EDGE('',*,*,#1420,.F.);
#1420 = EDGE_CURVE('',#791,#1398,#1421,.T.);
#1421 = SURFACE_CURVE('',#1422,(#1435,#1451),.PCURVE_S1.);
#1422 = B_SPLINE_CURVE_WITH_KNOTS('',6,(#1423,#1424,#1425,#1426,#1427,
    #1428,#1429,#1430,#1431,#1432,#1433,#1434),.UNSPECIFIED.,.F.,.F.,(7,
    5,7),(0.,0.853549240275,1.),.UNSPECIFIED.);
#1423 = CARTESIAN_POINT('',(-20.54452482212,-30.,1.000000153795E-07));
#1424 = CARTESIAN_POINT('',(-19.23547559385,-29.16693794509,
    1.000000153795E-07));
#1425 = CARTESIAN_POINT('',(-17.88830487334,-28.39274559155,
    1.000000153795E-07));
#1426 = CARTESIAN_POINT('',(-16.50462940979,-27.68305193783,
    1.000000153795E-07));
#1427 = CARTESIAN_POINT('',(-15.087143295,-27.04227823813,
    1.000000153795E-07));
#1428 = CARTESIAN_POINT('',(-13.63982454982,-26.47326158553,
    1.000000153795E-07));
#1429 = CARTESIAN_POINT('',(-11.91515916405,-25.89263416799,
    1.000000153795E-07));
#1430 = CARTESIAN_POINT('',(-11.66184534705,-25.80976028754,
    1.000000153795E-07));
#1431 = CARTESIAN_POINT('',(-11.4078196714,-25.72905364527,
    1.000000153795E-07));
#1432 = CARTESIAN_POINT('',(-11.1531058103,-25.65052102875,
    1.000000153795E-07));
#1433 = CARTESIAN_POINT('',(-10.89772770783,-25.5741682209,
    1.000000153795E-07));
#1434 = CARTESIAN_POINT('',(-10.64170957891,-25.5,1.000000153795E-07));
#1435 = PCURVE('',#100,#1436);
#1436 = DEFINITIONAL_REPRESENTATION('',(#1437),#1450);
#1437 = B_SPLINE_CURVE_WITH_KNOTS('',6,(#1438,#1439,#1440,#1441,#1442,
    #1443,#1444,#1445,#1446,#1447,#1448,#1449),.UNSPECIFIED.,.F.,.F.,(7,
    5,7),(0.,0.853549240275,1.),.UNSPECIFIED.);
#1438 = CARTESIAN_POINT('',(3.455475177872,48.5));
#1439 = CARTESIAN_POINT('',(4.764524406145,49.333062054904));
#1440 = CARTESIAN_POINT('',(6.111695126653,50.107254408442));
#1441 = CARTESIAN_POINT('',(7.495370590202,50.816948062162));
#1442 = CARTESIAN_POINT('',(8.912856705,51.457721761869));
#1443 = CARTESIAN_POINT('',(10.360175450175,52.026738414468));
#1444 = CARTESIAN_POINT('',(12.084840835943,52.607365832004));
#1445 = CARTESIAN_POINT('',(12.338154652949,52.690239712453));
#1446 = CARTESIAN_POINT('',(12.5921803286,52.770946354722));
#1447 = CARTESIAN_POINT('',(12.846894189694,52.849478971244));
#1448 = CARTESIAN_POINT('',(13.102272292165,52.925831779095));
#1449 = CARTESIAN_POINT('',(13.358290421086,53.));
#1450 = ( GEOMETRIC_REPRESENTATION_CONTEXT(2) 
PARAMETRIC_REPRESENTATION_CONTEXT() REPRESENTATION_CONTEXT('2D SPACE',''
  ) );
#1451 = PCURVE('',#519,#1452);
#1452 = DEFINITIONAL_REPRESENTATION('',(#1453),#1466);
#1453 = B_SPLINE_CURVE_WITH_KNOTS('',6,(#1454,#1455,#1456,#1457,#1458,
    #1459,#1460,#1461,#1462,#1463,#1464,#1465),.UNSPECIFIED.,.F.,.F.,(7,
    5,7),(0.,0.853549240275,1.),.UNSPECIFIED.);
#1454 = CARTESIAN_POINT('',(0.554811033336,0.));
#1455 = CARTESIAN_POINT('',(0.521205964234,9.256245054484E-02));
#1456 = CARTESIAN_POINT('',(0.486109348519,0.17858382316));
#1457 = CARTESIAN_POINT('',(0.449603376967,0.257438673574));
#1458 = CARTESIAN_POINT('',(0.411816966378,0.328635751319));
#1459 = CARTESIAN_POINT('',(0.372920026221,0.39185982383));
#1460 = CARTESIAN_POINT('',(0.326276960537,0.456373981334));
#1461 = CARTESIAN_POINT('',(0.319418940386,0.465582190273));
#1462 = CARTESIAN_POINT('',(0.312534741019,0.474549594969));
#1463 = CARTESIAN_POINT('',(0.305625294101,0.483275441249));
#1464 = CARTESIAN_POINT('',(0.298691534434,0.491759086566));
#1465 = CARTESIAN_POINT('',(0.291734399953,0.5));
#1466 = ( GEOMETRIC_REPRESENTATION_CONTEXT(2) 
PARAMETRIC_REPRESENTATION_CONTEXT() REPRESENTATION_CONTEXT('2D SPACE',''
  ) );
#1467 = ORIENTED_EDGE('',*,*,#814,.F.);
#1468 = ORIENTED_EDGE('',*,*,#1469,.T.);
#1469 = EDGE_CURVE('',#815,#1470,#1472,.T.);
#1470 = VERTEX_POINT('',#1471);
#1471 = CARTESIAN_POINT('',(-19.3,-32.,1.000000153795E-07));
#1472 = SURFACE_CURVE('',#1473,(#1478,#1489),.PCURVE_S1.);
#1473 = CIRCLE('',#1474,1.7);
#1474 = AXIS2_PLACEMENT_3D('',#1475,#1476,#1477);
#1475 = CARTESIAN_POINT('',(-21.,-32.,1.000000153795E-07));
#1476 = DIRECTION('',(0.,0.,-1.));
#1477 = DIRECTION('',(1.,0.,0.));
#1478 = PCURVE('',#100,#1479);
#1479 = DEFINITIONAL_REPRESENTATION('',(#1480),#1488);
#1480 = ( BOUNDED_CURVE() B_SPLINE_CURVE(2,(#1481,#1482,#1483,#1484,
#1485,#1486,#1487),.UNSPECIFIED.,.T.,.F.) B_SPLINE_CURVE_WITH_KNOTS((1,2
    ,2,2,2,1),(-2.094395102393,0.,2.094395102393,4.188790204786,
6.28318530718,8.377580409573),.UNSPECIFIED.) CURVE() 
GEOMETRIC_REPRESENTATION_ITEM() RATIONAL_B_SPLINE_CURVE((1.,0.5,1.,0.5,
1.,0.5,1.)) REPRESENTATION_ITEM('') );
#1481 = CARTESIAN_POINT('',(4.7,46.5));
#1482 = CARTESIAN_POINT('',(4.7,43.555513627133));
#1483 = CARTESIAN_POINT('',(2.15,45.027756813566));
#1484 = CARTESIAN_POINT('',(-0.4,46.5));
#1485 = CARTESIAN_POINT('',(2.15,47.972243186434));
#1486 = CARTESIAN_POINT('',(4.7,49.444486372867));
#1487 = CARTESIAN_POINT('',(4.7,46.5));
#1488 = ( GEOMETRIC_REPRESENTATION_CONTEXT(2) 
PARAMETRIC_REPRESENTATION_CONTEXT() REPRESENTATION_CONTEXT('2D SPACE',''
  ) );
#1489 = PCURVE('',#685,#1490);
#1490 = DEFINITIONAL_REPRESENTATION('',(#1491),#1495);
#1491 = LINE('',#1492,#1493);
#1492 = CARTESIAN_POINT('',(-6.28318530718,-1.));
#1493 = VECTOR('',#1494,1.);
#1494 = DIRECTION('',(1.,-0.));
#1495 = ( GEOMETRIC_REPRESENTATION_CONTEXT(2) 
PARAMETRIC_REPRESENTATION_CONTEXT() REPRESENTATION_CONTEXT('2D SPACE',''
  ) );
#1496 = ORIENTED_EDGE('',*,*,#1497,.T.);
#1497 = EDGE_CURVE('',#1470,#738,#1498,.T.);
#1498 = SURFACE_CURVE('',#1499,(#1504,#1515),.PCURVE_S1.);
#1499 = CIRCLE('',#1500,1.7);
#1500 = AXIS2_PLACEMENT_3D('',#1501,#1502,#1503);
#1501 = CARTESIAN_POINT('',(-21.,-32.,1.000000153795E-07));
#1502 = DIRECTION('',(0.,0.,-1.));
#1503 = DIRECTION('',(1.,0.,0.));
#1504 = PCURVE('',#100,#1505);
#1505 = DEFINITIONAL_REPRESENTATION('',(#1506),#1514);
#1506 = ( BOUNDED_CURVE() B_SPLINE_CURVE(2,(#1507,#1508,#1509,#1510,
#1511,#1512,#1513),.UNSPECIFIED.,.T.,.F.) B_SPLINE_CURVE_WITH_KNOTS((1,2
    ,2,2,2,1),(-2.094395102393,0.,2.094395102393,4.188790204786,
6.28318530718,8.377580409573),.UNSPECIFIED.) CURVE() 
GEOMETRIC_REPRESENTATION_ITEM() RATIONAL_B_SPLINE_CURVE((1.,0.5,1.,0.5,
1.,0.5,1.)) REPRESENTATION_ITEM('') );
#1507 = CARTESIAN_POINT('',(4.7,46.5));
#1508 = CARTESIAN_POINT('',(4.7,43.555513627133));
#1509 = CARTESIAN_POINT('',(2.15,45.027756813566));
#1510 = CARTESIAN_POINT('',(-0.4,46.5));
#1511 = CARTESIAN_POINT('',(2.15,47.972243186434));
#1512 = CARTESIAN_POINT('',(4.7,49.444486372867));
#1513 = CARTESIAN_POINT('',(4.7,46.5));
#1514 = ( GEOMETRIC_REPRESENTATION_CONTEXT(2) 
PARAMETRIC_REPRESENTATION_CONTEXT() REPRESENTATION_CONTEXT('2D SPACE',''
  ) );
#1515 = PCURVE('',#685,#1516);
#1516 = DEFINITIONAL_REPRESENTATION('',(#1517),#1521);
#1517 = LINE('',#1518,#1519);
#1518 = CARTESIAN_POINT('',(-6.28318530718,-1.));
#1519 = VECTOR('',#1520,1.);
#1520 = DIRECTION('',(1.,-0.));
#1521 = ( GEOMETRIC_REPRESENTATION_CONTEXT(2) 
PARAMETRIC_REPRESENTATION_CONTEXT() REPRESENTATION_CONTEXT('2D SPACE',''
  ) );
#1522 = ORIENTED_EDGE('',*,*,#735,.F.);
#1523 = ORIENTED_EDGE('',*,*,#1075,.F.);
#1524 = FACE_BOUND('',#1525,.F.);
#1525 = EDGE_LOOP('',(#1526));
#1526 = ORIENTED_EDGE('',*,*,#1527,.T.);
#1527 = EDGE_CURVE('',#1528,#1528,#1530,.T.);
#1528 = VERTEX_POINT('',#1529);
#1529 = CARTESIAN_POINT('',(-19.3,-72.,1.000000153795E-07));
#1530 = SURFACE_CURVE('',#1531,(#1536,#1547),.PCURVE_S1.);
#1531 = CIRCLE('',#1532,1.7);
#1532 = AXIS2_PLACEMENT_3D('',#1533,#1534,#1535);
#1533 = CARTESIAN_POINT('',(-21.,-72.,1.000000153795E-07));
#1534 = DIRECTION('',(0.,0.,-1.));
#1535 = DIRECTION('',(1.,0.,0.));
#1536 = PCURVE('',#100,#1537);
#1537 = DEFINITIONAL_REPRESENTATION('',(#1538),#1546);
#1538 = ( BOUNDED_CURVE() B_SPLINE_CURVE(2,(#1539,#1540,#1541,#1542,
#1543,#1544,#1545),.UNSPECIFIED.,.T.,.F.) B_SPLINE_CURVE_WITH_KNOTS((1,2
    ,2,2,2,1),(-2.094395102393,0.,2.094395102393,4.188790204786,
6.28318530718,8.377580409573),.UNSPECIFIED.) CURVE() 
GEOMETRIC_REPRESENTATION_ITEM() RATIONAL_B_SPLINE_CURVE((1.,0.5,1.,0.5,
1.,0.5,1.)) REPRESENTATION_ITEM('') );
#1539 = CARTESIAN_POINT('',(4.7,6.5));
#1540 = CARTESIAN_POINT('',(4.7,3.555513627133));
#1541 = CARTESIAN_POINT('',(2.15,5.027756813566));
#1542 = CARTESIAN_POINT('',(-0.4,6.5));
#1543 = CARTESIAN_POINT('',(2.15,7.972243186434));
#1544 = CARTESIAN_POINT('',(4.7,9.444486372867));
#1545 = CARTESIAN_POINT('',(4.7,6.5));
#1546 = ( GEOMETRIC_REPRESENTATION_CONTEXT(2) 
PARAMETRIC_REPRESENTATION_CONTEXT() REPRESENTATION_CONTEXT('2D SPACE',''
  ) );
#1547 = PCURVE('',#615,#1548);
#1548 = DEFINITIONAL_REPRESENTATION('',(#1549),#1553);
#1549 = LINE('',#1550,#1551);
#1550 = CARTESIAN_POINT('',(-6.28318530718,-1.));
#1551 = VECTOR('',#1552,1.);
#1552 = DIRECTION('',(1.,-0.));
#1553 = ( GEOMETRIC_REPRESENTATION_CONTEXT(2) 
PARAMETRIC_REPRESENTATION_CONTEXT() REPRESENTATION_CONTEXT('2D SPACE',''
  ) );
#1554 = FACE_BOUND('',#1555,.F.);
#1555 = EDGE_LOOP('',(#1556));
#1556 = ORIENTED_EDGE('',*,*,#1557,.T.);
#1557 = EDGE_CURVE('',#1558,#1558,#1560,.T.);
#1558 = VERTEX_POINT('',#1559);
#1559 = CARTESIAN_POINT('',(22.7,-72.,1.000000153795E-07));
#1560 = SURFACE_CURVE('',#1561,(#1566,#1577),.PCURVE_S1.);
#1561 = CIRCLE('',#1562,1.7);
#1562 = AXIS2_PLACEMENT_3D('',#1563,#1564,#1565);
#1563 = CARTESIAN_POINT('',(21.,-72.,1.000000153795E-07));
#1564 = DIRECTION('',(0.,0.,-1.));
#1565 = DIRECTION('',(1.,0.,0.));
#1566 = PCURVE('',#100,#1567);
#1567 = DEFINITIONAL_REPRESENTATION('',(#1568),#1576);
#1568 = ( BOUNDED_CURVE() B_SPLINE_CURVE(2,(#1569,#1570,#1571,#1572,
#1573,#1574,#1575),.UNSPECIFIED.,.T.,.F.) B_SPLINE_CURVE_WITH_KNOTS((1,2
    ,2,2,2,1),(-2.094395102393,0.,2.094395102393,4.188790204786,
6.28318530718,8.377580409573),.UNSPECIFIED.) CURVE() 
GEOMETRIC_REPRESENTATION_ITEM() RATIONAL_B_SPLINE_CURVE((1.,0.5,1.,0.5,
1.,0.5,1.)) REPRESENTATION_ITEM('') );
#1569 = CARTESIAN_POINT('',(46.7,6.5));
#1570 = CARTESIAN_POINT('',(46.7,3.555513627133));
#1571 = CARTESIAN_POINT('',(44.15,5.027756813566));
#1572 = CARTESIAN_POINT('',(41.6,6.5));
#1573 = CARTESIAN_POINT('',(44.15,7.972243186434));
#1574 = CARTESIAN_POINT('',(46.7,9.444486372867));
#1575 = CARTESIAN_POINT('',(46.7,6.5));
#1576 = ( GEOMETRIC_REPRESENTATION_CONTEXT(2) 
PARAMETRIC_REPRESENTATION_CONTEXT() REPRESENTATION_CONTEXT('2D SPACE',''
  ) );
#1577 = PCURVE('',#650,#1578);
#1578 = DEFINITIONAL_REPRESENTATION('',(#1579),#1583);
#1579 = LINE('',#1580,#1581);
#1580 = CARTESIAN_POINT('',(-6.28318530718,-1.));
#1581 = VECTOR('',#1582,1.);
#1582 = DIRECTION('',(1.,-0.));
#1583 = ( GEOMETRIC_REPRESENTATION_CONTEXT(2) 
PARAMETRIC_REPRESENTATION_CONTEXT() REPRESENTATION_CONTEXT('2D SPACE',''
  ) );
#1584 = ADVANCED_FACE('',(#1585),#72,.T.);
#1585 = FACE_BOUND('',#1586,.T.);
#1586 = EDGE_LOOP('',(#1587,#1588,#1609,#1610));
#1587 = ORIENTED_EDGE('',*,*,#1110,.T.);
#1588 = ORIENTED_EDGE('',*,*,#1589,.T.);
#1589 = EDGE_CURVE('',#1111,#231,#1590,.T.);
#1590 = SURFACE_CURVE('',#1591,(#1595,#1602),.PCURVE_S1.);
#1591 = LINE('',#1592,#1593);
#1592 = CARTESIAN_POINT('',(-21.,-78.5,1.000000153795E-07));
#1593 = VECTOR('',#1594,1.);
#1594 = DIRECTION('',(0.,0.,1.));
#1595 = PCURVE('',#72,#1596);
#1596 = DEFINITIONAL_REPRESENTATION('',(#1597),#1601);
#1597 = LINE('',#1598,#1599);
#1598 = CARTESIAN_POINT('',(1.570796326795,0.));
#1599 = VECTOR('',#1600,1.);
#1600 = DIRECTION('',(0.,1.));
#1601 = ( GEOMETRIC_REPRESENTATION_CONTEXT(2) 
PARAMETRIC_REPRESENTATION_CONTEXT() REPRESENTATION_CONTEXT('2D SPACE',''
  ) );
#1602 = PCURVE('',#270,#1603);
#1603 = DEFINITIONAL_REPRESENTATION('',(#1604),#1608);
#1604 = LINE('',#1605,#1606);
#1605 = CARTESIAN_POINT('',(0.,3.));
#1606 = VECTOR('',#1607,1.);
#1607 = DIRECTION('',(1.,0.));
#1608 = ( GEOMETRIC_REPRESENTATION_CONTEXT(2) 
PARAMETRIC_REPRESENTATION_CONTEXT() REPRESENTATION_CONTEXT('2D SPACE',''
  ) );
#1609 = ORIENTED_EDGE('',*,*,#230,.F.);
#1610 = ORIENTED_EDGE('',*,*,#56,.F.);
#1611 = ADVANCED_FACE('',(#1612),#270,.F.);
#1612 = FACE_BOUND('',#1613,.F.);
#1613 = EDGE_LOOP('',(#1614,#1615,#1616,#1617));
#1614 = ORIENTED_EDGE('',*,*,#1134,.F.);
#1615 = ORIENTED_EDGE('',*,*,#1589,.T.);
#1616 = ORIENTED_EDGE('',*,*,#254,.T.);
#1617 = ORIENTED_EDGE('',*,*,#1618,.F.);
#1618 = EDGE_CURVE('',#1135,#255,#1619,.T.);
#1619 = SURFACE_CURVE('',#1620,(#1624,#1631),.PCURVE_S1.);
#1620 = LINE('',#1621,#1622);
#1621 = CARTESIAN_POINT('',(21.,-78.5,1.000000153795E-07));
#1622 = VECTOR('',#1623,1.);
#1623 = DIRECTION('',(0.,0.,1.));
#1624 = PCURVE('',#270,#1625);
#1625 = DEFINITIONAL_REPRESENTATION('',(#1626),#1630);
#1626 = LINE('',#1627,#1628);
#1627 = CARTESIAN_POINT('',(0.,45.));
#1628 = VECTOR('',#1629,1.);
#1629 = DIRECTION('',(1.,0.));
#1630 = ( GEOMETRIC_REPRESENTATION_CONTEXT(2) 
PARAMETRIC_REPRESENTATION_CONTEXT() REPRESENTATION_CONTEXT('2D SPACE',''
  ) );
#1631 = PCURVE('',#303,#1632);
#1632 = DEFINITIONAL_REPRESENTATION('',(#1633),#1637);
#1633 = LINE('',#1634,#1635);
#1634 = CARTESIAN_POINT('',(-1.570796326795,0.));
#1635 = VECTOR('',#1636,1.);
#1636 = DIRECTION('',(-0.,1.));
#1637 = ( GEOMETRIC_REPRESENTATION_CONTEXT(2) 
PARAMETRIC_REPRESENTATION_CONTEXT() REPRESENTATION_CONTEXT('2D SPACE',''
  ) );
#1638 = ADVANCED_FACE('',(#1639),#519,.T.);
#1639 = FACE_BOUND('',#1640,.T.);
#1640 = EDGE_LOOP('',(#1641,#1642,#1643,#1644));
#1641 = ORIENTED_EDGE('',*,*,#1420,.F.);
#1642 = ORIENTED_EDGE('',*,*,#790,.T.);
#1643 = ORIENTED_EDGE('',*,*,#489,.T.);
#1644 = ORIENTED_EDGE('',*,*,#1645,.T.);
#1645 = EDGE_CURVE('',#462,#1398,#1646,.T.);
#1646 = SURFACE_CURVE('',#1647,(#1654,#1664),.PCURVE_S1.);
#1647 = B_SPLINE_CURVE_WITH_KNOTS('',5,(#1648,#1649,#1650,#1651,#1652,
    #1653),.UNSPECIFIED.,.F.,.F.,(6,6),(0.,1.),
  .PIECEWISE_BEZIER_KNOTS.);
#1648 = CARTESIAN_POINT('',(-16.01988078215,-25.5,2.0000001));
#1649 = CARTESIAN_POINT('',(-14.97664060796,-25.5,1.519219580537));
#1650 = CARTESIAN_POINT('',(-13.91509053795,-25.5,1.078166720947));
#1651 = CARTESIAN_POINT('',(-12.83733864336,-25.5,0.677575845152));
#1652 = CARTESIAN_POINT('',(-11.74550391965,-25.5,0.31803435791));
#1653 = CARTESIAN_POINT('',(-10.64170957891,-25.5,1.000000153795E-07));
#1654 = PCURVE('',#519,#1655);
#1655 = DEFINITIONAL_REPRESENTATION('',(#1656),#1663);
#1656 = B_SPLINE_CURVE_WITH_KNOTS('',5,(#1657,#1658,#1659,#1660,#1661,
    #1662),.UNSPECIFIED.,.F.,.F.,(6,6),(0.,1.),
  .PIECEWISE_BEZIER_KNOTS.);
#1657 = CARTESIAN_POINT('',(0.44778474787,0.5));
#1658 = CARTESIAN_POINT('',(0.416505164916,0.5));
#1659 = CARTESIAN_POINT('',(0.385264041449,0.5));
#1660 = CARTESIAN_POINT('',(0.354057927791,0.5));
#1661 = CARTESIAN_POINT('',(0.32288280951,0.5));
#1662 = CARTESIAN_POINT('',(0.291734399953,0.5));
#1663 = ( GEOMETRIC_REPRESENTATION_CONTEXT(2) 
PARAMETRIC_REPRESENTATION_CONTEXT() REPRESENTATION_CONTEXT('2D SPACE',''
  ) );
#1664 = PCURVE('',#477,#1665);
#1665 = DEFINITIONAL_REPRESENTATION('',(#1666),#1673);
#1666 = B_SPLINE_CURVE_WITH_KNOTS('',5,(#1667,#1668,#1669,#1670,#1671,
    #1672),.UNSPECIFIED.,.F.,.F.,(6,6),(0.,1.),
  .PIECEWISE_BEZIER_KNOTS.);
#1667 = CARTESIAN_POINT('',(2.,7.980119217848));
#1668 = CARTESIAN_POINT('',(1.519219480537,9.023359392037));
#1669 = CARTESIAN_POINT('',(1.078166620947,10.084909462049));
#1670 = CARTESIAN_POINT('',(0.677575745152,11.16266135664));
#1671 = CARTESIAN_POINT('',(0.31803425791,12.254496080347));
#1672 = CARTESIAN_POINT('',(0.,13.358290421086));
#1673 = ( GEOMETRIC_REPRESENTATION_CONTEXT(2) 
PARAMETRIC_REPRESENTATION_CONTEXT() REPRESENTATION_CONTEXT('2D SPACE',''
  ) );
#1674 = ADVANCED_FACE('',(#1675),#303,.T.);
#1675 = FACE_BOUND('',#1676,.F.);
#1676 = EDGE_LOOP('',(#1677,#1678,#1679,#1680));
#1677 = ORIENTED_EDGE('',*,*,#1157,.T.);
#1678 = ORIENTED_EDGE('',*,*,#1618,.T.);
#1679 = ORIENTED_EDGE('',*,*,#282,.F.);
#1680 = ORIENTED_EDGE('',*,*,#1681,.F.);
#1681 = EDGE_CURVE('',#1158,#283,#1682,.T.);
#1682 = SURFACE_CURVE('',#1683,(#1687,#1694),.PCURVE_S1.);
#1683 = LINE('',#1684,#1685);
#1684 = CARTESIAN_POINT('',(24.,-75.5,1.000000153795E-07));
#1685 = VECTOR('',#1686,1.);
#1686 = DIRECTION('',(0.,0.,1.));
#1687 = PCURVE('',#303,#1688);
#1688 = DEFINITIONAL_REPRESENTATION('',(#1689),#1693);
#1689 = LINE('',#1690,#1691);
#1690 = CARTESIAN_POINT('',(-0.,0.));
#1691 = VECTOR('',#1692,1.);
#1692 = DIRECTION('',(-0.,1.));
#1693 = ( GEOMETRIC_REPRESENTATION_CONTEXT(2) 
PARAMETRIC_REPRESENTATION_CONTEXT() REPRESENTATION_CONTEXT('2D SPACE',''
  ) );
#1694 = PCURVE('',#331,#1695);
#1695 = DEFINITIONAL_REPRESENTATION('',(#1696),#1700);
#1696 = LINE('',#1697,#1698);
#1697 = CARTESIAN_POINT('',(0.,-3.));
#1698 = VECTOR('',#1699,1.);
#1699 = DIRECTION('',(1.,0.));
#1700 = ( GEOMETRIC_REPRESENTATION_CONTEXT(2) 
PARAMETRIC_REPRESENTATION_CONTEXT() REPRESENTATION_CONTEXT('2D SPACE',''
  ) );
#1701 = ADVANCED_FACE('',(#1702),#477,.T.);
#1702 = FACE_BOUND('',#1703,.T.);
#1703 = EDGE_LOOP('',(#1704,#1705,#1706,#1707));
#1704 = ORIENTED_EDGE('',*,*,#1397,.F.);
#1705 = ORIENTED_EDGE('',*,*,#1645,.F.);
#1706 = ORIENTED_EDGE('',*,*,#461,.T.);
#1707 = ORIENTED_EDGE('',*,*,#1708,.F.);
#1708 = EDGE_CURVE('',#1348,#397,#1709,.T.);
#1709 = SURFACE_CURVE('',#1710,(#1717,#1727),.PCURVE_S1.);
#1710 = B_SPLINE_CURVE_WITH_KNOTS('',5,(#1711,#1712,#1713,#1714,#1715,
    #1716),.UNSPECIFIED.,.F.,.F.,(6,6),(0.,1.),
  .PIECEWISE_BEZIER_KNOTS.);
#1711 = CARTESIAN_POINT('',(10.641709577469,-25.5,1.000000153795E-07));
#1712 = CARTESIAN_POINT('',(11.745503946291,-25.5,0.318034368261));
#1713 = CARTESIAN_POINT('',(12.837338654819,-25.5,0.677575854696));
#1714 = CARTESIAN_POINT('',(13.915090539672,-25.5,1.078166725189));
#1715 = CARTESIAN_POINT('',(14.976640612551,-25.5,1.519219585935));
#1716 = CARTESIAN_POINT('',(16.019880777621,-25.5,2.0000001));
#1717 = PCURVE('',#477,#1718);
#1718 = DEFINITIONAL_REPRESENTATION('',(#1719),#1726);
#1719 = B_SPLINE_CURVE_WITH_KNOTS('',5,(#1720,#1721,#1722,#1723,#1724,
    #1725),.UNSPECIFIED.,.F.,.F.,(6,6),(0.,1.),
  .PIECEWISE_BEZIER_KNOTS.);
#1720 = CARTESIAN_POINT('',(0.,34.641709577469));
#1721 = CARTESIAN_POINT('',(0.318034268261,35.745503946291));
#1722 = CARTESIAN_POINT('',(0.677575754696,36.837338654819));
#1723 = CARTESIAN_POINT('',(1.078166625189,37.915090539672));
#1724 = CARTESIAN_POINT('',(1.519219485935,38.976640612551));
#1725 = CARTESIAN_POINT('',(2.,40.019880777621));
#1726 = ( GEOMETRIC_REPRESENTATION_CONTEXT(2) 
PARAMETRIC_REPRESENTATION_CONTEXT() REPRESENTATION_CONTEXT('2D SPACE',''
  ) );
#1727 = PCURVE('',#426,#1728);
#1728 = DEFINITIONAL_REPRESENTATION('',(#1729),#1736);
#1729 = B_SPLINE_CURVE_WITH_KNOTS('',5,(#1730,#1731,#1732,#1733,#1734,
    #1735),.UNSPECIFIED.,.F.,.F.,(6,6),(0.,1.),
  .PIECEWISE_BEZIER_KNOTS.);
#1730 = CARTESIAN_POINT('',(5.991450907111,0.5));
#1731 = CARTESIAN_POINT('',(5.960302496858,0.5));
#1732 = CARTESIAN_POINT('',(5.929127379101,0.5));
#1733 = CARTESIAN_POINT('',(5.897921265851,0.5));
#1734 = CARTESIAN_POINT('',(5.866680142376,0.5));
#1735 = CARTESIAN_POINT('',(5.835400559746,0.5));
#1736 = ( GEOMETRIC_REPRESENTATION_CONTEXT(2) 
PARAMETRIC_REPRESENTATION_CONTEXT() REPRESENTATION_CONTEXT('2D SPACE',''
  ) );
#1737 = ADVANCED_FACE('',(#1738),#331,.T.);
#1738 = FACE_BOUND('',#1739,.T.);
#1739 = EDGE_LOOP('',(#1740,#1741,#1742,#1743,#1772));
#1740 = ORIENTED_EDGE('',*,*,#315,.F.);
#1741 = ORIENTED_EDGE('',*,*,#1681,.F.);
#1742 = ORIENTED_EDGE('',*,*,#1185,.T.);
#1743 = ORIENTED_EDGE('',*,*,#1744,.T.);
#1744 = EDGE_CURVE('',#1186,#1745,#1747,.T.);
#1745 = VERTEX_POINT('',#1746);
#1746 = CARTESIAN_POINT('',(24.,-70.,1.569229097864));
#1747 = SURFACE_CURVE('',#1748,(#1754,#1763),.PCURVE_S1.);
#1748 = B_SPLINE_CURVE_WITH_KNOTS('',4,(#1749,#1750,#1751,#1752,#1753),
  .UNSPECIFIED.,.F.,.F.,(5,5),(0.,1.),.PIECEWISE_BEZIER_KNOTS.);
#1749 = CARTESIAN_POINT('',(24.,-71.83702940142,1.000000153795E-07));
#1750 = CARTESIAN_POINT('',(24.,-71.37764723193,0.392160793361));
#1751 = CARTESIAN_POINT('',(24.,-70.91834784625,0.78441875844));
#1752 = CARTESIAN_POINT('',(24.,-70.4591318716,1.176774627532));
#1753 = CARTESIAN_POINT('',(24.,-70.,1.569229096358));
#1754 = PCURVE('',#331,#1755);
#1755 = DEFINITIONAL_REPRESENTATION('',(#1756),#1762);
#1756 = B_SPLINE_CURVE_WITH_KNOTS('',4,(#1757,#1758,#1759,#1760,#1761),
  .UNSPECIFIED.,.F.,.F.,(5,5),(0.,1.),.PIECEWISE_BEZIER_KNOTS.);
#1757 = CARTESIAN_POINT('',(0.,-6.662970598574));
#1758 = CARTESIAN_POINT('',(0.392160693361,-7.122352768062));
#1759 = CARTESIAN_POINT('',(0.78441865844,-7.581652153747));
#1760 = CARTESIAN_POINT('',(1.176774527532,-8.040868128394));
#1761 = CARTESIAN_POINT('',(1.569228996358,-8.5));
#1762 = ( GEOMETRIC_REPRESENTATION_CONTEXT(2) 
PARAMETRIC_REPRESENTATION_CONTEXT() REPRESENTATION_CONTEXT('2D SPACE',''
  ) );
#1763 = PCURVE('',#1230,#1764);
#1764 = DEFINITIONAL_REPRESENTATION('',(#1765),#1771);
#1765 = B_SPLINE_CURVE_WITH_KNOTS('',4,(#1766,#1767,#1768,#1769,#1770),
  .UNSPECIFIED.,.F.,.F.,(5,5),(0.,1.),.PIECEWISE_BEZIER_KNOTS.);
#1766 = CARTESIAN_POINT('',(5.673585530373,0.816297059127));
#1767 = CARTESIAN_POINT('',(5.669759091438,0.862235276075));
#1768 = CARTESIAN_POINT('',(5.665863802172,0.908165216288));
#1769 = CARTESIAN_POINT('',(5.661896614385,0.954086812839));
#1770 = CARTESIAN_POINT('',(5.657854080285,1.));
#1771 = ( GEOMETRIC_REPRESENTATION_CONTEXT(2) 
PARAMETRIC_REPRESENTATION_CONTEXT() REPRESENTATION_CONTEXT('2D SPACE',''
  ) );
#1772 = ORIENTED_EDGE('',*,*,#1773,.T.);
#1773 = EDGE_CURVE('',#1745,#316,#1774,.T.);
#1774 = SURFACE_CURVE('',#1775,(#1781,#1790),.PCURVE_S1.);
#1775 = B_SPLINE_CURVE_WITH_KNOTS('',4,(#1776,#1777,#1778,#1779,#1780),
  .UNSPECIFIED.,.F.,.F.,(5,5),(0.,1.),.PIECEWISE_BEZIER_KNOTS.);
#1776 = CARTESIAN_POINT('',(24.,-70.,1.569229096358));
#1777 = CARTESIAN_POINT('',(24.,-64.99990200145,1.672310932002));
#1778 = CARTESIAN_POINT('',(24.,-59.99986487047,1.778342727368));
#1779 = CARTESIAN_POINT('',(24.,-54.99989484915,1.887502464954));
#1780 = CARTESIAN_POINT('',(24.,-49.99999996843,2.0000001));
#1781 = PCURVE('',#331,#1782);
#1782 = DEFINITIONAL_REPRESENTATION('',(#1783),#1789);
#1783 = B_SPLINE_CURVE_WITH_KNOTS('',4,(#1784,#1785,#1786,#1787,#1788),
  .UNSPECIFIED.,.F.,.F.,(5,5),(0.,1.),.PIECEWISE_BEZIER_KNOTS.);
#1784 = CARTESIAN_POINT('',(1.569228996358,-8.5));
#1785 = CARTESIAN_POINT('',(1.672310832002,-13.50009799855));
#1786 = CARTESIAN_POINT('',(1.778342627368,-18.50013512952));
#1787 = CARTESIAN_POINT('',(1.887502364954,-23.50010515084));
#1788 = CARTESIAN_POINT('',(2.,-28.50000003156));
#1789 = ( GEOMETRIC_REPRESENTATION_CONTEXT(2) 
PARAMETRIC_REPRESENTATION_CONTEXT() REPRESENTATION_CONTEXT('2D SPACE',''
  ) );
#1790 = PCURVE('',#365,#1791);
#1791 = DEFINITIONAL_REPRESENTATION('',(#1792),#1798);
#1792 = B_SPLINE_CURVE_WITH_KNOTS('',4,(#1793,#1794,#1795,#1796,#1797),
  .UNSPECIFIED.,.F.,.F.,(5,5),(0.,1.),.PIECEWISE_BEZIER_KNOTS.);
#1793 = CARTESIAN_POINT('',(0.945465099901,0.));
#1794 = CARTESIAN_POINT('',(0.941062646508,0.125002449964));
#1795 = CARTESIAN_POINT('',(0.93657000049,0.250003378238));
#1796 = CARTESIAN_POINT('',(0.931982619442,0.375002628771));
#1797 = CARTESIAN_POINT('',(0.927295217987,0.500000000789));
#1798 = ( GEOMETRIC_REPRESENTATION_CONTEXT(2) 
PARAMETRIC_REPRESENTATION_CONTEXT() REPRESENTATION_CONTEXT('2D SPACE',''
  ) );
#1799 = ADVANCED_FACE('',(#1800),#426,.T.);
#1800 = FACE_BOUND('',#1801,.T.);
#1801 = EDGE_LOOP('',(#1802,#1803,#1825,#1826));
#1802 = ORIENTED_EDGE('',*,*,#396,.F.);
#1803 = ORIENTED_EDGE('',*,*,#1804,.T.);
#1804 = EDGE_CURVE('',#344,#1319,#1805,.T.);
#1805 = SURFACE_CURVE('',#1806,(#1811,#1818),.PCURVE_S1.);
#1806 = ELLIPSE('',#1807,40.,39.);
#1807 = AXIS2_PLACEMENT_3D('',#1808,#1809,#1810);
#1808 = CARTESIAN_POINT('',(0.,-30.,34.0000001));
#1809 = DIRECTION('',(0.,1.,1.110223024625E-16));
#1810 = DIRECTION('',(1.110223024625E-16,1.110223024625E-16,-1.));
#1811 = PCURVE('',#426,#1812);
#1812 = DEFINITIONAL_REPRESENTATION('',(#1813),#1817);
#1813 = LINE('',#1814,#1815);
#1814 = CARTESIAN_POINT('',(0.,0.));
#1815 = VECTOR('',#1816,1.);
#1816 = DIRECTION('',(1.,0.));
#1817 = ( GEOMETRIC_REPRESENTATION_CONTEXT(2) 
PARAMETRIC_REPRESENTATION_CONTEXT() REPRESENTATION_CONTEXT('2D SPACE',''
  ) );
#1818 = PCURVE('',#365,#1819);
#1819 = DEFINITIONAL_REPRESENTATION('',(#1820),#1824);
#1820 = LINE('',#1821,#1822);
#1821 = CARTESIAN_POINT('',(-4.712388980385,1.));
#1822 = VECTOR('',#1823,1.);
#1823 = DIRECTION('',(1.,0.));
#1824 = ( GEOMETRIC_REPRESENTATION_CONTEXT(2) 
PARAMETRIC_REPRESENTATION_CONTEXT() REPRESENTATION_CONTEXT('2D SPACE',''
  ) );
#1825 = ORIENTED_EDGE('',*,*,#1347,.T.);
#1826 = ORIENTED_EDGE('',*,*,#1708,.T.);
#1827 = ADVANCED_FACE('',(#1828),#365,.T.);
#1828 = FACE_BOUND('',#1829,.T.);
#1829 = EDGE_LOOP('',(#1830,#1831,#1853,#1854,#1964,#2072,#2073,#2074));
#1830 = ORIENTED_EDGE('',*,*,#1773,.F.);
#1831 = ORIENTED_EDGE('',*,*,#1832,.T.);
#1832 = EDGE_CURVE('',#1745,#1209,#1833,.T.);
#1833 = SURFACE_CURVE('',#1834,(#1839,#1846),.PCURVE_S1.);
#1834 = ELLIPSE('',#1835,41.,40.);
#1835 = AXIS2_PLACEMENT_3D('',#1836,#1837,#1838);
#1836 = CARTESIAN_POINT('',(0.,-70.,34.0000001));
#1837 = DIRECTION('',(-0.,1.,1.110223024625E-16));
#1838 = DIRECTION('',(1.,0.,0.));
#1839 = PCURVE('',#365,#1840);
#1840 = DEFINITIONAL_REPRESENTATION('',(#1841),#1845);
#1841 = LINE('',#1842,#1843);
#1842 = CARTESIAN_POINT('',(0.,0.));
#1843 = VECTOR('',#1844,1.);
#1844 = DIRECTION('',(1.,0.));
#1845 = ( GEOMETRIC_REPRESENTATION_CONTEXT(2) 
PARAMETRIC_REPRESENTATION_CONTEXT() REPRESENTATION_CONTEXT('2D SPACE',''
  ) );
#1846 = PCURVE('',#1230,#1847);
#1847 = DEFINITIONAL_REPRESENTATION('',(#1848),#1852);
#1848 = LINE('',#1849,#1850);
#1849 = CARTESIAN_POINT('',(4.712388980385,1.));
#1850 = VECTOR('',#1851,1.);
#1851 = DIRECTION('',(1.,0.));
#1852 = ( GEOMETRIC_REPRESENTATION_CONTEXT(2) 
PARAMETRIC_REPRESENTATION_CONTEXT() REPRESENTATION_CONTEXT('2D SPACE',''
  ) );
#1853 = ORIENTED_EDGE('',*,*,#1261,.T.);
#1854 = ORIENTED_EDGE('',*,*,#1855,.T.);
#1855 = EDGE_CURVE('',#1262,#1856,#1858,.T.);
#1856 = VERTEX_POINT('',#1857);
#1857 = CARTESIAN_POINT('',(22.7,-32.,1.431377210771));
#1858 = SURFACE_CURVE('',#1859,(#1892,#1928),.PCURVE_S1.);
#1859 = B_SPLINE_CURVE_WITH_KNOTS('',6,(#1860,#1861,#1862,#1863,#1864,
    #1865,#1866,#1867,#1868,#1869,#1870,#1871,#1872,#1873,#1874,#1875,
    #1876,#1877,#1878,#1879,#1880,#1881,#1882,#1883,#1884,#1885,#1886,
    #1887,#1888,#1889,#1890,#1891),.UNSPECIFIED.,.F.,.F.,(7,5,5,5,5,5,7)
  ,(0.,0.214134976941,0.498454224964,0.599978398021,0.734190957781,
    0.839888023443,1.),.UNSPECIFIED.);
#1860 = CARTESIAN_POINT('',(20.640949544393,-33.6616506162,
    -1.254489696478E-05));
#1861 = CARTESIAN_POINT('',(20.740257831867,-33.68310921015,
    6.245868845219E-02));
#1862 = CARTESIAN_POINT('',(20.840190869103,-33.69724863726,
    0.125939394537));
#1863 = CARTESIAN_POINT('',(20.940294922103,-33.7042255367,
    0.190161896707));
#1864 = CARTESIAN_POINT('',(21.040158870417,-33.70417073919,
    0.254871266438));
#1865 = CARTESIAN_POINT('',(21.139406754066,-33.69717943025,
    0.319822374404));
#1866 = CARTESIAN_POINT('',(21.368187029081,-33.66487454434,
    0.471020832901));
#1867 = CARTESIAN_POINT('',(21.496927805365,-33.63431346977,
    0.557233906361));
#1868 = CARTESIAN_POINT('',(21.623154683646,-33.59174110887,
    0.642894583262));
#1869 = CARTESIAN_POINT('',(21.745977496631,-33.5371065454,
    0.727362120646));
#1870 = CARTESIAN_POINT('',(21.864389950109,-33.47031690442,
    0.809874621254));
#1871 = CARTESIAN_POINT('',(22.017465312413,-33.36278654091,
    0.917920863775));
#1872 = CARTESIAN_POINT('',(22.057021301257,-33.33290992928,
    0.945977016253));
#1873 = CARTESIAN_POINT('',(22.09579759479,-33.3014397682,0.973614782995
    ));
#1874 = CARTESIAN_POINT('',(22.133729103658,-33.2683668122,
    1.000783270625));
#1875 = CARTESIAN_POINT('',(22.170743726578,-33.2336831906,
    1.027425808655));
#1876 = CARTESIAN_POINT('',(22.254378120538,-33.14939362931,
    1.087922908509));
#1877 = CARTESIAN_POINT('',(22.30025031521,-33.0985818494,1.121335384189
    ));
#1878 = CARTESIAN_POINT('',(22.344199349864,-33.04493120864,
    1.153575345742));
#1879 = CARTESIAN_POINT('',(22.38601021332,-32.9884439551,1.184472509675
    ));
#1880 = CARTESIAN_POINT('',(22.425439390002,-32.92915158383,
    1.213833122552));
#1881 = CARTESIAN_POINT('',(22.491189197284,-32.81827865076,
    1.263189857207));
#1882 = CARTESIAN_POINT('',(22.518513409257,-32.76773882539,
    1.283849003867));
#1883 = CARTESIAN_POINT('',(22.544063829411,-32.71554539437,
    1.303317653695));
#1884 = CARTESIAN_POINT('',(22.567697447515,-32.66176051342,
    1.321480947495));
#1885 = CARTESIAN_POINT('',(22.589267341326,-32.60647660145,
    1.338220225939));
#1886 = CARTESIAN_POINT('',(22.637963915798,-32.46400387903,
    1.376443804129));
#1887 = CARTESIAN_POINT('',(22.662245619652,-32.37501047202,
    1.395943110663));
#1888 = CARTESIAN_POINT('',(22.680952464559,-32.28335744876,
    1.411492476552));
#1889 = CARTESIAN_POINT('',(22.693640463632,-32.18971277081,
    1.422722262945));
#1890 = CARTESIAN_POINT('',(22.7,-32.09491669431,1.429367402455));
#1891 = CARTESIAN_POINT('',(22.7,-32.,1.431377210771));
#1892 = PCURVE('',#365,#1893);
#1893 = DEFINITIONAL_REPRESENTATION('',(#1894),#1927);
#1894 = B_SPLINE_CURVE_WITH_KNOTS('',6,(#1895,#1896,#1897,#1898,#1899,
    #1900,#1901,#1902,#1903,#1904,#1905,#1906,#1907,#1908,#1909,#1910,
    #1911,#1912,#1913,#1914,#1915,#1916,#1917,#1918,#1919,#1920,#1921,
    #1922,#1923,#1924,#1925,#1926),.UNSPECIFIED.,.F.,.F.,(7,5,5,5,5,5,7)
  ,(0.,0.214134976941,0.498454224964,0.599978398021,0.734190957781,
    0.839888023443,1.),.UNSPECIFIED.);
#1895 = CARTESIAN_POINT('',(1.015985893815,0.908458734595));
#1896 = CARTESIAN_POINT('',(1.013021137414,0.907922269746));
#1897 = CARTESIAN_POINT('',(1.010025492836,0.907568784068));
#1898 = CARTESIAN_POINT('',(1.00701228251,0.907394361583));
#1899 = CARTESIAN_POINT('',(1.003993716783,0.90739573152));
#1900 = CARTESIAN_POINT('',(1.000981097223,0.907570514244));
#1901 = CARTESIAN_POINT('',(0.994006956835,0.908378136391));
#1902 = CARTESIAN_POINT('',(0.990059759563,0.909142163256));
#1903 = CARTESIAN_POINT('',(0.986166517471,0.910206472278));
#1904 = CARTESIAN_POINT('',(0.982354689776,0.911572336365));
#1905 = CARTESIAN_POINT('',(0.97865589582,0.913242077389));
#1906 = CARTESIAN_POINT('',(0.973841673016,0.915930336477));
#1907 = CARTESIAN_POINT('',(0.972594413624,0.916677251768));
#1908 = CARTESIAN_POINT('',(0.971368470688,0.917464005795));
#1909 = CARTESIAN_POINT('',(0.970165920292,0.918290829695));
#1910 = CARTESIAN_POINT('',(0.968989070179,0.919157920235));
#1911 = CARTESIAN_POINT('',(0.966322023906,0.921265159267));
#1912 = CARTESIAN_POINT('',(0.964853035366,0.922535453765));
#1913 = CARTESIAN_POINT('',(0.963439262092,0.923876719784));
#1914 = CARTESIAN_POINT('',(0.962087634155,0.925288901122));
#1915 = CARTESIAN_POINT('',(0.960806039171,0.926771210404));
#1916 = CARTESIAN_POINT('',(0.9586557752,0.929543033731));
#1917 = CARTESIAN_POINT('',(0.957757280307,0.930806529365));
#1918 = CARTESIAN_POINT('',(0.956911889767,0.932111365141));
#1919 = CARTESIAN_POINT('',(0.956124286007,0.933455987164));
#1920 = CARTESIAN_POINT('',(0.95539931001,0.934838084964));
#1921 = CARTESIAN_POINT('',(0.953745524887,0.938399903024));
#1922 = CARTESIAN_POINT('',(0.952903547556,0.940624738199));
#1923 = CARTESIAN_POINT('',(0.952233175272,0.942916063781));
#1924 = CARTESIAN_POINT('',(0.951749470795,0.94525718073));
#1925 = CARTESIAN_POINT('',(0.951463306677,0.947627082642));
#1926 = CARTESIAN_POINT('',(0.951376760967,0.95));
#1927 = ( GEOMETRIC_REPRESENTATION_CONTEXT(2) 
PARAMETRIC_REPRESENTATION_CONTEXT() REPRESENTATION_CONTEXT('2D SPACE',''
  ) );
#1928 = PCURVE('',#720,#1929);
#1929 = DEFINITIONAL_REPRESENTATION('',(#1930),#1963);
#1930 = B_SPLINE_CURVE_WITH_KNOTS('',6,(#1931,#1932,#1933,#1934,#1935,
    #1936,#1937,#1938,#1939,#1940,#1941,#1942,#1943,#1944,#1945,#1946,
    #1947,#1948,#1949,#1950,#1951,#1952,#1953,#1954,#1955,#1956,#1957,
    #1958,#1959,#1960,#1961,#1962),.UNSPECIFIED.,.F.,.F.,(7,5,5,5,5,5,7)
  ,(0.,0.214134976941,0.498454224964,0.599978398021,0.734190957781,
    0.839888023443,1.),.UNSPECIFIED.);
#1931 = CARTESIAN_POINT('',(-4.499580197576,-0.999987355103));
#1932 = CARTESIAN_POINT('',(-4.55934504014,-1.062458588452));
#1933 = CARTESIAN_POINT('',(-4.618559729087,-1.125939294537));
#1934 = CARTESIAN_POINT('',(-4.677367192831,-1.190161796707));
#1935 = CARTESIAN_POINT('',(-4.735896382881,-1.254871166438));
#1936 = CARTESIAN_POINT('',(-4.794279033464,-1.319822274404));
#1937 = CARTESIAN_POINT('',(-4.93019069301,-1.471020732901));
#1938 = CARTESIAN_POINT('',(-5.007690619725,-1.557233806361));
#1939 = CARTESIAN_POINT('',(-5.085550444291,-1.642894483262));
#1940 = CARTESIAN_POINT('',(-5.164101412656,-1.727362020646));
#1941 = CARTESIAN_POINT('',(-5.243682164032,-1.809874521254));
#1942 = CARTESIAN_POINT('',(-5.353722807075,-1.917920763775));
#1943 = CARTESIAN_POINT('',(-5.38286505807,-1.945976916253));
#1944 = CARTESIAN_POINT('',(-5.412214181474,-1.973614682995));
#1945 = CARTESIAN_POINT('',(-5.441788843068,-2.000783170625));
#1946 = CARTESIAN_POINT('',(-5.471607558955,-2.027425708655));
#1947 = CARTESIAN_POINT('',(-5.54145524791,-2.087922808509));
#1948 = CARTESIAN_POINT('',(-5.581678242428,-2.121335284189));
#1949 = CARTESIAN_POINT('',(-5.622402838724,-2.153575245742));
#1950 = CARTESIAN_POINT('',(-5.663665687182,-2.184472409675));
#1951 = CARTESIAN_POINT('',(-5.705495623754,-2.213833022552));
#1952 = CARTESIAN_POINT('',(-5.781320600797,-2.263189757207));
#1953 = CARTESIAN_POINT('',(-5.815090193499,-2.283848903867));
#1954 = CARTESIAN_POINT('',(-5.849231131735,-2.303317553695));
#1955 = CARTESIAN_POINT('',(-5.883743940026,-2.321480847494));
#1956 = CARTESIAN_POINT('',(-5.918619686123,-2.338220125939));
#1957 = CARTESIAN_POINT('',(-6.007187360087,-2.376443704129));
#1958 = CARTESIAN_POINT('',(-6.061342391379,-2.395943010663));
#1959 = CARTESIAN_POINT('',(-6.116190884442,-2.411492376552));
#1960 = CARTESIAN_POINT('',(-6.171589634598,-2.422722162945));
#1961 = CARTESIAN_POINT('',(-6.227351957585,-2.429367302455));
#1962 = CARTESIAN_POINT('',(-6.28318530718,-2.431377110771));
#1963 = ( GEOMETRIC_REPRESENTATION_CONTEXT(2) 
PARAMETRIC_REPRESENTATION_CONTEXT() REPRESENTATION_CONTEXT('2D SPACE',''
  ) );
#1964 = ORIENTED_EDGE('',*,*,#1965,.T.);
#1965 = EDGE_CURVE('',#1856,#1291,#1966,.T.);
#1966 = SURFACE_CURVE('',#1967,(#2000,#2036),.PCURVE_S1.);
#1967 = B_SPLINE_CURVE_WITH_KNOTS('',6,(#1968,#1969,#1970,#1971,#1972,
    #1973,#1974,#1975,#1976,#1977,#1978,#1979,#1980,#1981,#1982,#1983,
    #1984,#1985,#1986,#1987,#1988,#1989,#1990,#1991,#1992,#1993,#1994,
    #1995,#1996,#1997,#1998,#1999),.UNSPECIFIED.,.F.,.F.,(7,5,5,5,5,5,7)
  ,(0.,0.184605837781,0.287608429196,0.418153134795,0.516876798673,
    0.792318376155,1.),.UNSPECIFIED.);
#1968 = CARTESIAN_POINT('',(22.7,-32.,1.431377210771));
#1969 = CARTESIAN_POINT('',(22.7,-31.88775791668,1.433753874583));
#1970 = CARTESIAN_POINT('',(22.691106852281,-31.77523597649,
    1.429650894312));
#1971 = CARTESIAN_POINT('',(22.67323913656,-31.66422025167,
    1.418960120813));
#1972 = CARTESIAN_POINT('',(22.646901593767,-31.55615339443,
    1.402038609131));
#1973 = CARTESIAN_POINT('',(22.612870441285,-31.45215898744,
    1.379476495042));
#1974 = CARTESIAN_POINT('',(22.549344666674,-31.29778542843,
    1.336667076369));
#1975 = CARTESIAN_POINT('',(22.52448407529,-31.24400197486,
    1.319798208787));
#1976 = CARTESIAN_POINT('',(22.497663857702,-31.19184119042,
    1.301507877791));
#1977 = CARTESIAN_POINT('',(22.469036284777,-31.14138522045,
    1.281914671583));
#1978 = CARTESIAN_POINT('',(22.438747696663,-31.09268630831,
    1.261133376242));
#1979 = CARTESIAN_POINT('',(22.366605568558,-30.98631843201,
    1.211556999503));
#1980 = CARTESIAN_POINT('',(22.323828121785,-30.92973698278,
    1.182106899457));
#1981 = CARTESIAN_POINT('',(22.27886494448,-30.87608327522,1.15112922457
    ));
#1982 = CARTESIAN_POINT('',(22.231958687912,-30.82537213829,
    1.118816564459));
#1983 = CARTESIAN_POINT('',(22.183321759615,-30.77759137215,
    1.085338235951));
#1984 = CARTESIAN_POINT('',(22.095173196238,-30.6987743264,
    1.024743007696));
#1985 = CARTESIAN_POINT('',(22.056328853762,-30.66649716983,
    0.998065899228));
#1986 = CARTESIAN_POINT('',(22.01667474584,-30.63586998505,
    0.970866241162));
#1987 = CARTESIAN_POINT('',(21.976281341528,-30.60688016788,
    0.943200376057));
#1988 = CARTESIAN_POINT('',(21.935212043961,-30.57951424354,
    0.915118921506));
#1989 = CARTESIAN_POINT('',(21.777210209751,-30.48189690843,
    0.807284531397));
#1990 = CARTESIAN_POINT('',(21.656120110431,-30.42259409042,
    0.725047963375));
#1991 = CARTESIAN_POINT('',(21.531403778008,-30.37548484903,
    0.640882638958));
#1992 = CARTESIAN_POINT('',(21.40402838347,-30.34041431986,
    0.555540180485));
#1993 = CARTESIAN_POINT('',(21.274848950564,-30.31728007276,
    0.469653522121));
#1994 = CARTESIAN_POINT('',(21.046393757841,-30.29777719828,
    0.318959788263));
#1995 = CARTESIAN_POINT('',(20.947610622112,-30.29622617922,
    0.254185439914));
#1996 = CARTESIAN_POINT('',(20.848589778543,-30.30153760441,
    0.18965235017));
#1997 = CARTESIAN_POINT('',(20.749699638518,-30.31378589352,
    0.125603984734));
#1998 = CARTESIAN_POINT('',(20.651345256918,-30.33308018626,
    6.229367479682E-02));
#1999 = CARTESIAN_POINT('',(20.553975271204,-30.35955434673,
    -1.254489696478E-05));
#2000 = PCURVE('',#365,#2001);
#2001 = DEFINITIONAL_REPRESENTATION('',(#2002),#2035);
#2002 = B_SPLINE_CURVE_WITH_KNOTS('',6,(#2003,#2004,#2005,#2006,#2007,
    #2008,#2009,#2010,#2011,#2012,#2013,#2014,#2015,#2016,#2017,#2018,
    #2019,#2020,#2021,#2022,#2023,#2024,#2025,#2026,#2027,#2028,#2029,
    #2030,#2031,#2032,#2033,#2034),.UNSPECIFIED.,.F.,.F.,(7,5,5,5,5,5,7)
  ,(0.,0.184605837781,0.287608429196,0.418153134795,0.516876798673,
    0.792318376155,1.),.UNSPECIFIED.);
#2003 = CARTESIAN_POINT('',(0.951376760967,0.95));
#2004 = CARTESIAN_POINT('',(0.951274417844,0.952806052083));
#2005 = CARTESIAN_POINT('',(0.951451118391,0.955619100588));
#2006 = CARTESIAN_POINT('',(0.951911327084,0.958394493708));
#2007 = CARTESIAN_POINT('',(0.952640347061,0.961096165139));
#2008 = CARTESIAN_POINT('',(0.953614211597,0.963696025314));
#2009 = CARTESIAN_POINT('',(0.955466569015,0.967555364289));
#2010 = CARTESIAN_POINT('',(0.956197228249,0.968899950628));
#2011 = CARTESIAN_POINT('',(0.95699042534,0.970203970239));
#2012 = CARTESIAN_POINT('',(0.957841323652,0.971465369489));
#2013 = CARTESIAN_POINT('',(0.958745244862,0.972682842292));
#2014 = CARTESIAN_POINT('',(0.960905370028,0.9753420392));
#2015 = CARTESIAN_POINT('',(0.962191056372,0.97675657543));
#2016 = CARTESIAN_POINT('',(0.963546411903,0.978097918119));
#2017 = CARTESIAN_POINT('',(0.964963597432,0.979365696543));
#2018 = CARTESIAN_POINT('',(0.966435722779,0.980560215696));
#2019 = CARTESIAN_POINT('',(0.969107547574,0.98253064184));
#2020 = CARTESIAN_POINT('',(0.970286129077,0.983337570754));
#2021 = CARTESIAN_POINT('',(0.971490272264,0.984103250374));
#2022 = CARTESIAN_POINT('',(0.972717682733,0.984827995803));
#2023 = CARTESIAN_POINT('',(0.973966295539,0.985512143911));
#2024 = CARTESIAN_POINT('',(0.978771971265,0.987952577289));
#2025 = CARTESIAN_POINT('',(0.982459034206,0.989435147739));
#2026 = CARTESIAN_POINT('',(0.986257804015,0.990612878774));
#2027 = CARTESIAN_POINT('',(0.990137080322,0.991489642004));
#2028 = CARTESIAN_POINT('',(0.994069732606,0.992067998181));
#2029 = CARTESIAN_POINT('',(1.001021108266,0.992555570043));
#2030 = CARTESIAN_POINT('',(1.004025710615,0.992594345519));
#2031 = CARTESIAN_POINT('',(1.007036190232,0.99246155989));
#2032 = CARTESIAN_POINT('',(1.010041320896,0.992155352662));
#2033 = CARTESIAN_POINT('',(1.013028968623,0.991672995343));
#2034 = CARTESIAN_POINT('',(1.015985893815,0.991011141332));
#2035 = ( GEOMETRIC_REPRESENTATION_CONTEXT(2) 
PARAMETRIC_REPRESENTATION_CONTEXT() REPRESENTATION_CONTEXT('2D SPACE',''
  ) );
#2036 = PCURVE('',#720,#2037);
#2037 = DEFINITIONAL_REPRESENTATION('',(#2038),#2071);
#2038 = B_SPLINE_CURVE_WITH_KNOTS('',6,(#2039,#2040,#2041,#2042,#2043,
    #2044,#2045,#2046,#2047,#2048,#2049,#2050,#2051,#2052,#2053,#2054,
    #2055,#2056,#2057,#2058,#2059,#2060,#2061,#2062,#2063,#2064,#2065,
    #2066,#2067,#2068,#2069,#2070),.UNSPECIFIED.,.F.,.F.,(7,5,5,5,5,5,7)
  ,(0.,0.184605837781,0.287608429196,0.418153134795,0.516876798673,
    0.792318376155,1.),.UNSPECIFIED.);
#2039 = CARTESIAN_POINT('',(0.,-2.431377110771));
#2040 = CARTESIAN_POINT('',(-6.602475488899E-02,-2.433753774583));
#2041 = CARTESIAN_POINT('',(-0.132213960182,-2.429650794312));
#2042 = CARTESIAN_POINT('',(-0.198036302893,-2.418960020813));
#2043 = CARTESIAN_POINT('',(-0.26316957755,-2.402038509131));
#2044 = CARTESIAN_POINT('',(-0.327357912363,-2.379476395042));
#2045 = CARTESIAN_POINT('',(-0.425553959051,-2.336666976369));
#2046 = CARTESIAN_POINT('',(-0.460375961613,-2.319798108787));
#2047 = CARTESIAN_POINT('',(-0.494832418811,-2.301507777791));
#2048 = CARTESIAN_POINT('',(-0.528914642081,-2.281914571583));
#2049 = CARTESIAN_POINT('',(-0.562623391773,-2.261133276242));
#2050 = CARTESIAN_POINT('',(-0.638226186788,-2.211556899503));
#2051 = CARTESIAN_POINT('',(-0.679895862714,-2.182106799457));
#2052 = CARTESIAN_POINT('',(-0.72099795182,-2.15112912457));
#2053 = CARTESIAN_POINT('',(-0.761561537762,-2.118816464459));
#2054 = CARTESIAN_POINT('',(-0.801623446909,-2.085338135951));
#2055 = CARTESIAN_POINT('',(-0.871180363752,-2.024742907696));
#2056 = CARTESIAN_POINT('',(-0.900869528105,-1.998065799228));
#2057 = CARTESIAN_POINT('',(-0.930314838672,-1.970866141162));
#2058 = CARTESIAN_POINT('',(-0.959534845963,-1.943200276057));
#2059 = CARTESIAN_POINT('',(-0.988548247163,-1.915118821506));
#2060 = CARTESIAN_POINT('',(-1.097798164978,-1.807284431397));
#2061 = CARTESIAN_POINT('',(-1.176730739937,-1.725047863375));
#2062 = CARTESIAN_POINT('',(-1.254642057206,-1.640882538958));
#2063 = CARTESIAN_POINT('',(-1.331868462651,-1.555540080485));
#2064 = CARTESIAN_POINT('',(-1.40873889416,-1.469653422121));
#2065 = CARTESIAN_POINT('',(-1.543613098264,-1.318959688263));
#2066 = CARTESIAN_POINT('',(-1.60158784172,-1.254185339914));
#2067 = CARTESIAN_POINT('',(-1.659709288715,-1.18965225017));
#2068 = CARTESIAN_POINT('',(-1.71810888625,-1.125603884734));
#2069 = CARTESIAN_POINT('',(-1.776915337455,-1.062293574797));
#2070 = CARTESIAN_POINT('',(-1.836271150627,-0.999987355103));
#2071 = ( GEOMETRIC_REPRESENTATION_CONTEXT(2) 
PARAMETRIC_REPRESENTATION_CONTEXT() REPRESENTATION_CONTEXT('2D SPACE',''
  ) );
#2072 = ORIENTED_EDGE('',*,*,#1318,.T.);
#2073 = ORIENTED_EDGE('',*,*,#1804,.F.);
#2074 = ORIENTED_EDGE('',*,*,#343,.F.);
#2075 = ADVANCED_FACE('',(#2076),#615,.F.);
#2076 = FACE_BOUND('',#2077,.T.);
#2077 = EDGE_LOOP('',(#2078,#2079,#2100,#2101));
#2078 = ORIENTED_EDGE('',*,*,#1527,.T.);
#2079 = ORIENTED_EDGE('',*,*,#2080,.T.);
#2080 = EDGE_CURVE('',#1528,#595,#2081,.T.);
#2081 = SEAM_CURVE('',#2082,(#2086,#2093),.PCURVE_S1.);
#2082 = LINE('',#2083,#2084);
#2083 = CARTESIAN_POINT('',(-19.3,-72.,-0.9999999));
#2084 = VECTOR('',#2085,1.);
#2085 = DIRECTION('',(0.,0.,1.));
#2086 = PCURVE('',#615,#2087);
#2087 = DEFINITIONAL_REPRESENTATION('',(#2088),#2092);
#2088 = LINE('',#2089,#2090);
#2089 = CARTESIAN_POINT('',(-6.28318530718,0.));
#2090 = VECTOR('',#2091,1.);
#2091 = DIRECTION('',(-0.,-1.));
#2092 = ( GEOMETRIC_REPRESENTATION_CONTEXT(2) 
PARAMETRIC_REPRESENTATION_CONTEXT() REPRESENTATION_CONTEXT('2D SPACE',''
  ) );
#2093 = PCURVE('',#615,#2094);
#2094 = DEFINITIONAL_REPRESENTATION('',(#2095),#2099);
#2095 = LINE('',#2096,#2097);
#2096 = CARTESIAN_POINT('',(-0.,0.));
#2097 = VECTOR('',#2098,1.);
#2098 = DIRECTION('',(-0.,-1.));
#2099 = ( GEOMETRIC_REPRESENTATION_CONTEXT(2) 
PARAMETRIC_REPRESENTATION_CONTEXT() REPRESENTATION_CONTEXT('2D SPACE',''
  ) );
#2100 = ORIENTED_EDGE('',*,*,#594,.F.);
#2101 = ORIENTED_EDGE('',*,*,#2080,.F.);
#2102 = ADVANCED_FACE('',(#2103),#650,.F.);
#2103 = FACE_BOUND('',#2104,.T.);
#2104 = EDGE_LOOP('',(#2105,#2106,#2127,#2128));
#2105 = ORIENTED_EDGE('',*,*,#1557,.T.);
#2106 = ORIENTED_EDGE('',*,*,#2107,.T.);
#2107 = EDGE_CURVE('',#1558,#630,#2108,.T.);
#2108 = SEAM_CURVE('',#2109,(#2113,#2120),.PCURVE_S1.);
#2109 = LINE('',#2110,#2111);
#2110 = CARTESIAN_POINT('',(22.7,-72.,-0.9999999));
#2111 = VECTOR('',#2112,1.);
#2112 = DIRECTION('',(0.,0.,1.));
#2113 = PCURVE('',#650,#2114);
#2114 = DEFINITIONAL_REPRESENTATION('',(#2115),#2119);
#2115 = LINE('',#2116,#2117);
#2116 = CARTESIAN_POINT('',(-6.28318530718,0.));
#2117 = VECTOR('',#2118,1.);
#2118 = DIRECTION('',(-0.,-1.));
#2119 = ( GEOMETRIC_REPRESENTATION_CONTEXT(2) 
PARAMETRIC_REPRESENTATION_CONTEXT() REPRESENTATION_CONTEXT('2D SPACE',''
  ) );
#2120 = PCURVE('',#650,#2121);
#2121 = DEFINITIONAL_REPRESENTATION('',(#2122),#2126);
#2122 = LINE('',#2123,#2124);
#2123 = CARTESIAN_POINT('',(-0.,0.));
#2124 = VECTOR('',#2125,1.);
#2125 = DIRECTION('',(-0.,-1.));
#2126 = ( GEOMETRIC_REPRESENTATION_CONTEXT(2) 
PARAMETRIC_REPRESENTATION_CONTEXT() REPRESENTATION_CONTEXT('2D SPACE',''
  ) );
#2127 = ORIENTED_EDGE('',*,*,#629,.F.);
#2128 = ORIENTED_EDGE('',*,*,#2107,.F.);
#2129 = ADVANCED_FACE('',(#2130),#685,.F.);
#2130 = FACE_BOUND('',#2131,.T.);
#2131 = EDGE_LOOP('',(#2132,#2133,#2154,#2155,#2156,#2157));
#2132 = ORIENTED_EDGE('',*,*,#1469,.T.);
#2133 = ORIENTED_EDGE('',*,*,#2134,.T.);
#2134 = EDGE_CURVE('',#1470,#665,#2135,.T.);
#2135 = SEAM_CURVE('',#2136,(#2140,#2147),.PCURVE_S1.);
#2136 = LINE('',#2137,#2138);
#2137 = CARTESIAN_POINT('',(-19.3,-32.,-0.9999999));
#2138 = VECTOR('',#2139,1.);
#2139 = DIRECTION('',(0.,0.,1.));
#2140 = PCURVE('',#685,#2141);
#2141 = DEFINITIONAL_REPRESENTATION('',(#2142),#2146);
#2142 = LINE('',#2143,#2144);
#2143 = CARTESIAN_POINT('',(-6.28318530718,0.));
#2144 = VECTOR('',#2145,1.);
#2145 = DIRECTION('',(-0.,-1.));
#2146 = ( GEOMETRIC_REPRESENTATION_CONTEXT(2) 
PARAMETRIC_REPRESENTATION_CONTEXT() REPRESENTATION_CONTEXT('2D SPACE',''
  ) );
#2147 = PCURVE('',#685,#2148);
#2148 = DEFINITIONAL_REPRESENTATION('',(#2149),#2153);
#2149 = LINE('',#2150,#2151);
#2150 = CARTESIAN_POINT('',(-0.,0.));
#2151 = VECTOR('',#2152,1.);
#2152 = DIRECTION('',(-0.,-1.));
#2153 = ( GEOMETRIC_REPRESENTATION_CONTEXT(2) 
PARAMETRIC_REPRESENTATION_CONTEXT() REPRESENTATION_CONTEXT('2D SPACE',''
  ) );
#2154 = ORIENTED_EDGE('',*,*,#664,.F.);
#2155 = ORIENTED_EDGE('',*,*,#2134,.F.);
#2156 = ORIENTED_EDGE('',*,*,#1497,.T.);
#2157 = ORIENTED_EDGE('',*,*,#843,.F.);
#2158 = ADVANCED_FACE('',(#2159),#720,.F.);
#2159 = FACE_BOUND('',#2160,.T.);
#2160 = EDGE_LOOP('',(#2161,#2162,#2183,#2184,#2185,#2186));
#2161 = ORIENTED_EDGE('',*,*,#1965,.F.);
#2162 = ORIENTED_EDGE('',*,*,#2163,.T.);
#2163 = EDGE_CURVE('',#1856,#700,#2164,.T.);
#2164 = SEAM_CURVE('',#2165,(#2169,#2176),.PCURVE_S1.);
#2165 = LINE('',#2166,#2167);
#2166 = CARTESIAN_POINT('',(22.7,-32.,-0.9999999));
#2167 = VECTOR('',#2168,1.);
#2168 = DIRECTION('',(0.,0.,1.));
#2169 = PCURVE('',#720,#2170);
#2170 = DEFINITIONAL_REPRESENTATION('',(#2171),#2175);
#2171 = LINE('',#2172,#2173);
#2172 = CARTESIAN_POINT('',(-6.28318530718,0.));
#2173 = VECTOR('',#2174,1.);
#2174 = DIRECTION('',(-0.,-1.));
#2175 = ( GEOMETRIC_REPRESENTATION_CONTEXT(2) 
PARAMETRIC_REPRESENTATION_CONTEXT() REPRESENTATION_CONTEXT('2D SPACE',''
  ) );
#2176 = PCURVE('',#720,#2177);
#2177 = DEFINITIONAL_REPRESENTATION('',(#2178),#2182);
#2178 = LINE('',#2179,#2180);
#2179 = CARTESIAN_POINT('',(-0.,0.));
#2180 = VECTOR('',#2181,1.);
#2181 = DIRECTION('',(-0.,-1.));
#2182 = ( GEOMETRIC_REPRESENTATION_CONTEXT(2) 
PARAMETRIC_REPRESENTATION_CONTEXT() REPRESENTATION_CONTEXT('2D SPACE',''
  ) );
#2183 = ORIENTED_EDGE('',*,*,#699,.F.);
#2184 = ORIENTED_EDGE('',*,*,#2163,.F.);
#2185 = ORIENTED_EDGE('',*,*,#1855,.F.);
#2186 = ORIENTED_EDGE('',*,*,#1290,.T.);
#2187 = ADVANCED_FACE('',(#2188),#1230,.T.);
#2188 = FACE_BOUND('',#2189,.T.);
#2189 = EDGE_LOOP('',(#2190,#2191,#2192));
#2190 = ORIENTED_EDGE('',*,*,#1832,.F.);
#2191 = ORIENTED_EDGE('',*,*,#1744,.F.);
#2192 = ORIENTED_EDGE('',*,*,#1208,.T.);
#2193 = ( GEOMETRIC_REPRESENTATION_CONTEXT(3) 
GLOBAL_UNCERTAINTY_ASSIGNED_CONTEXT((#2197)) 
GLOBAL_UNIT_ASSIGNED_CONTEXT((#2194,#2195,#2196)) REPRESENTATION_CONTEXT
('Context #1','3D Context with UNIT and UNCERTAINTY') );
#2194 = ( LENGTH_UNIT() NAMED_UNIT(*) SI_UNIT(.MILLI.,.METRE.) );
#2195 = ( NAMED_UNIT(*) PLANE_ANGLE_UNIT() SI_UNIT($,.RADIAN.) );
#2196 = ( NAMED_UNIT(*) SI_UNIT($,.STERADIAN.) SOLID_ANGLE_UNIT() );
#2197 = UNCERTAINTY_MEASURE_WITH_UNIT(LENGTH_MEASURE(2.E-06),#2194,
  'distance_accuracy_value','confusion accuracy');
#2198 = PRODUCT_RELATED_PRODUCT_CATEGORY('part',$,(#7));
ENDSEC;
END-ISO-10303-21;
